timestamp,year,month,day,hour,day_of_year,day_of_week,personnel_count,temperature,wind_speed,solar_irradiance,solar_generation,wind_generation,historical_load,weather_conditions,battery_soc,battery_power_kw,diesel_output,diesel_fuel_consumption
2025-01-01 00:00:00,2025,1,1,0,1,2,46,-35.5,12.0,17.5,1.15,80.0,59.93,Severe Sub-Zero Cold,84.76,-21.22,0.0,0.0
2025-01-01 01:00:00,2025,1,1,1,1,2,44,-34.6,6.9,43.3,3.0,6.51,59.71,Severe Sub-Zero Cold,57.59,50.0,15.0,4.2
2025-01-01 02:00:00,2025,1,1,2,1,2,46,-34.5,4.6,77.4,5.42,0.45,59.2,Severe Sub-Zero Cold,30.41,50.0,15.0,4.2
2025-01-01 03:00:00,2025,1,1,3,1,2,49,-34.7,17.4,70.8,4.69,80.0,62.9,High Wind Surge,40.44,-21.79,0.0,0.0
2025-01-01 04:00:00,2025,1,1,4,1,2,44,-34.7,8.0,175.4,12.19,13.72,56.71,Severe Sub-Zero Cold,23.7,30.8,0.0,0.0
2025-01-01 05:00:00,2025,1,1,5,1,2,44,-33.6,5.5,256.2,17.86,1.71,64.46,Severe Sub-Zero Cold,19.68,7.4,37.49,10.5
2025-01-01 06:00:00,2025,1,1,6,1,2,49,-32.6,6.8,322.1,22.31,6.02,61.03,Severe Sub-Zero Cold,19.68,0.0,33.34,9.34
2025-01-01 07:00:00,2025,1,1,7,1,2,47,-32.1,5.6,301.2,20.24,1.93,64.97,Severe Sub-Zero Cold,19.68,0.0,43.44,12.16
2025-01-01 08:00:00,2025,1,1,8,1,2,43,-31.8,10.9,371.1,25.03,54.11,65.83,Severe Sub-Zero Cold,25.8,-13.31,0.0,0.0
2025-01-01 09:00:00,2025,1,1,9,1,2,46,-30.0,6.1,398.5,26.63,3.27,65.02,Severe Sub-Zero Cold,19.5,11.6,23.52,6.59
2025-01-01 10:00:00,2025,1,1,10,1,2,43,-30.5,9.7,511.2,34.79,33.01,63.37,Severe Sub-Zero Cold,21.53,-4.43,0.0,0.0
2025-01-01 11:00:00,2025,1,1,11,1,2,43,-29.6,10.0,496.7,33.45,37.64,57.38,Clear Solar Day,27.84,-13.71,0.0,0.0
2025-01-01 12:00:00,2025,1,1,12,1,2,45,-28.3,9.8,572.2,38.92,34.51,62.85,Clear Solar Day,32.71,-10.58,0.0,0.0
2025-01-01 13:00:00,2025,1,1,13,1,2,39,-29.2,8.4,630.3,43.56,17.28,64.06,Clear Solar Day,30.96,3.22,0.0,0.0
2025-01-01 14:00:00,2025,1,1,14,1,2,39,-28.8,10.3,563.3,38.59,42.69,58.73,Clear Solar Day,41.33,-22.55,0.0,0.0
2025-01-01 15:00:00,2025,1,1,15,1,2,43,-28.9,5.3,369.9,24.49,1.34,63.98,Overcast / Moderate,20.6,38.15,0.0,0.0
2025-01-01 16:00:00,2025,1,1,16,1,2,41,-27.8,2.8,441.8,30.05,0.0,62.19,Clear Solar Day,19.95,1.19,30.95,8.67
2025-01-01 17:00:00,2025,1,1,17,1,2,45,-28.4,10.0,288.0,19.09,37.64,62.64,Overcast / Moderate,19.95,0.0,15.0,4.2
2025-01-01 18:00:00,2025,1,1,18,1,2,42,-30.0,6.3,279.7,18.94,3.94,62.49,Severe Sub-Zero Cold,19.95,0.0,39.71,11.12
2025-01-01 19:00:00,2025,1,1,19,1,2,40,-29.1,2.9,231.2,15.74,0.0,62.09,Overcast / Moderate,19.95,0.0,46.45,13.01
2025-01-01 20:00:00,2025,1,1,20,1,2,49,-28.7,2.8,179.4,12.31,0.0,64.55,Overcast / Moderate,19.95,0.0,52.34,14.66
2025-01-01 21:00:00,2025,1,1,21,1,2,44,-30.6,3.3,112.4,7.69,0.0,67.93,Severe Sub-Zero Cold,19.95,0.0,60.34,16.9
2025-01-01 22:00:00,2025,1,1,22,1,2,45,-32.6,8.8,76.9,5.35,21.41,61.47,Severe Sub-Zero Cold,19.95,0.0,34.81,9.75
2025-01-01 23:00:00,2025,1,1,23,1,2,40,-32.9,8.3,32.4,2.17,16.34,59.98,Severe Sub-Zero Cold,19.95,0.0,41.57,11.64
2025-01-02 00:00:00,2025,1,2,0,2,3,43,-32.6,3.7,33.3,2.3,0.04,61.27,Severe Sub-Zero Cold,19.95,0.0,59.03,16.53
2025-01-02 01:00:00,2025,1,2,1,2,3,45,-33.8,10.1,44.2,3.07,39.28,61.72,Severe Sub-Zero Cold,19.95,0.0,19.47,5.45
2025-01-02 02:00:00,2025,1,2,2,2,3,41,-34.4,4.4,51.4,3.45,0.3,54.34,Severe Sub-Zero Cold,19.95,0.0,50.69,14.19
2025-01-02 03:00:00,2025,1,2,3,2,3,46,-34.3,9.3,98.9,6.75,27.44,60.25,Severe Sub-Zero Cold,19.95,0.0,26.16,7.33
2025-01-02 04:00:00,2025,1,2,4,2,3,43,-34.8,6.2,184.8,12.93,3.6,58.72,Severe Sub-Zero Cold,19.95,0.0,42.29,11.84
2025-01-02 05:00:00,2025,1,2,5,2,3,44,-35.0,8.5,223.6,15.41,18.26,61.46,Severe Sub-Zero Cold,19.95,0.0,27.89,7.81
2025-01-02 06:00:00,2025,1,2,6,2,3,43,-35.1,5.3,351.0,24.74,1.34,59.11,Severe Sub-Zero Cold,19.95,0.0,33.13,9.28
2025-01-02 07:00:00,2025,1,2,7,2,3,50,-34.6,5.0,327.2,22.31,0.88,69.76,Severe Sub-Zero Cold,19.95,0.0,46.67,13.07
2025-01-02 08:00:00,2025,1,2,8,2,3,44,-35.2,10.0,427.2,29.51,37.64,65.6,Severe Sub-Zero Cold,20.66,-1.55,0.0,0.0
2025-01-02 09:00:00,2025,1,2,9,2,3,41,-35.3,1.5,257.8,16.89,0.0,69.93,Severe Sub-Zero Cold,19.94,1.32,51.72,14.48
2025-01-02 10:00:00,2025,1,2,10,2,3,47,-33.8,13.9,500.9,34.31,80.0,70.77,Severe Sub-Zero Cold,38.34,-40.0,0.0,0.0
2025-01-02 11:00:00,2025,1,2,11,2,3,41,-32.4,7.7,502.8,34.15,11.39,59.9,Severe Sub-Zero Cold,30.54,14.36,0.0,0.0
2025-01-02 12:00:00,2025,1,2,12,2,3,45,-31.2,5.7,577.2,39.6,2.16,64.81,Severe Sub-Zero Cold,19.08,21.08,15.0,4.2
2025-01-02 13:00:00,2025,1,2,13,2,3,39,-29.9,7.5,483.6,32.51,10.0,59.79,Clear Solar Day,19.08,0.0,19.11,5.35
2025-01-02 14:00:00,2025,1,2,14,2,3,41,-29.5,2.8,514.1,34.92,0.0,61.97,Clear Solar Day,19.08,0.0,28.88,8.09
2025-01-02 15:00:00,2025,1,2,15,2,3,45,-28.9,6.4,381.7,25.34,4.31,63.74,Overcast / Moderate,19.08,0.0,35.92,10.06
2025-01-02 16:00:00,2025,1,2,16,2,3,47,-28.3,14.9,390.6,26.25,80.0,59.32,High Wind Surge,37.48,-40.0,0.0,0.0
2025-01-02 17:00:00,2025,1,2,17,2,3,45,-28.6,4.0,344.3,23.24,0.11,59.62,Overcast / Moderate,18.48,34.97,15.0,4.2
2025-01-02 18:00:00,2025,1,2,18,2,3,44,-29.4,8.4,301.2,20.54,17.28,60.18,Overcast / Moderate,18.48,0.0,25.4,7.11
2025-01-02 19:00:00,2025,1,2,19,2,3,44,-31.7,5.7,261.2,18.18,2.16,62.65,Severe Sub-Zero Cold,18.48,0.0,45.35,12.7
2025-01-02 20:00:00,2025,1,2,20,2,3,40,-32.2,7.7,132.5,8.89,11.39,61.71,Severe Sub-Zero Cold,18.48,0.0,44.47,12.45
2025-01-02 21:00:00,2025,1,2,21,2,3,42,-32.2,3.7,107.7,7.37,0.04,65.7,Severe Sub-Zero Cold,18.48,0.0,61.33,17.17
2025-01-02 22:00:00,2025,1,2,22,2,3,43,-32.8,6.0,61.5,4.18,2.96,59.33,Severe Sub-Zero Cold,18.48,0.0,55.23,15.46
2025-01-02 23:00:00,2025,1,2,23,2,3,48,-33.3,14.4,49.1,3.45,80.0,58.04,High Wind Surge,30.17,-25.41,0.0,0.0
2025-01-03 00:00:00,2025,1,3,0,3,4,46,-33.9,3.6,27.1,1.84,0.02,59.44,Severe Sub-Zero Cold,19.12,20.34,37.24,10.43
2025-01-03 01:00:00,2025,1,3,1,3,4,39,-33.0,7.5,34.8,2.36,10.0,52.15,Severe Sub-Zero Cold,19.12,0.0,41.56,11.64
2025-01-03 02:00:00,2025,1,3,2,3,4,45,-32.7,7.0,57.1,3.86,7.02,64.17,Severe Sub-Zero Cold,19.12,0.0,55.06,15.42
2025-01-03 03:00:00,2025,1,3,3,3,4,43,-32.5,6.9,121.9,8.48,6.51,58.59,Severe Sub-Zero Cold,19.12,0.0,45.37,12.7
2025-01-03 04:00:00,2025,1,3,4,3,4,42,-32.6,7.3,176.6,12.24,8.73,60.89,Severe Sub-Zero Cold,19.12,0.0,41.69,11.67
2025-01-03 05:00:00,2025,1,3,5,3,4,46,-32.8,6.3,211.2,14.39,3.94,61.4,Severe Sub-Zero Cold,19.12,0.0,44.84,12.55
2025-01-03 06:00:00,2025,1,3,6,3,4,48,-32.8,1.1,217.7,14.51,0.0,59.75,Severe Sub-Zero Cold,19.12,0.0,47.01,13.16
2025-01-03 07:00:00,2025,1,3,7,3,4,47,-32.5,11.2,432.3,30.29,60.51,59.71,Severe Sub-Zero Cold,33.42,-31.09,0.0,0.0
2025-01-03 08:00:00,2025,1,3,8,3,4,42,-31.8,14.1,470.1,32.56,80.0,62.02,High Wind Surge,51.82,-40.0,0.0,0.0
2025-01-03 09:00:00,2025,1,3,9,3,4,44,-31.4,11.8,507.1,34.9,74.78,64.69,Severe Sub-Zero Cold,70.22,-40.0,0.0,0.0
2025-01-03 10:00:00,2025,1,3,10,3,4,45,-30.8,17.5,441.8,29.65,80.0,63.85,High Wind Surge,88.62,-40.0,0.0,0.0
2025-01-03 11:00:00,2025,1,3,11,3,4,47,-29.5,23.8,247.0,15.78,80.0,66.02,Blizzard / Extreme Storm,94.49,-12.77,0.0,0.0
2025-01-03 12:00:00,2025,1,3,12,3,4,43,-28.7,31.2,264.2,16.9,0.0,61.43,Blizzard / Extreme Storm,70.29,44.53,0.0,0.0
2025-01-03 13:00:00,2025,1,3,13,3,4,44,-28.7,30.6,212.1,13.42,0.0,66.38,Blizzard / Extreme Storm,43.11,50.0,15.0,4.2
2025-01-03 14:00:00,2025,1,3,14,3,4,41,-28.2,29.0,198.1,12.51,0.0,57.71,Blizzard / Extreme Storm,18.55,45.2,0.0,0.0
2025-01-03 15:00:00,2025,1,3,15,3,4,41,-29.0,20.1,310.0,20.24,80.0,62.26,High Wind Surge,36.02,-37.98,0.0,0.0
2025-01-03 16:00:00,2025,1,3,16,3,4,47,-29.8,26.3,236.8,15.33,0.0,61.07,Blizzard / Extreme Storm,18.61,32.04,15.0,4.2
2025-01-03 17:00:00,2025,1,3,17,3,4,49,-30.6,22.6,128.2,8.12,80.0,67.22,Blizzard / Extreme Storm,28.22,-20.9,0.0,0.0
2025-01-03 18:00:00,2025,1,3,18,3,4,44,-30.7,13.6,276.1,18.72,80.0,61.4,Severe Sub-Zero Cold,45.39,-37.32,0.0,0.0
2025-01-03 19:00:00,2025,1,3,19,3,4,48,-31.5,9.7,220.3,15.03,33.01,60.87,Severe Sub-Zero Cold,38.42,12.83,0.0,0.0
2025-01-03 20:00:00,2025,1,3,20,3,4,46,-32.7,6.0,128.2,8.59,2.96,61.76,Severe Sub-Zero Cold,18.4,36.83,15.0,4.2
2025-01-03 21:00:00,2025,1,3,21,3,4,43,-32.8,7.7,109.3,7.52,11.39,63.33,Severe Sub-Zero Cold,18.4,0.0,47.62,13.33
2025-01-03 22:00:00,2025,1,3,22,3,4,46,-33.1,4.2,69.5,4.8,0.19,63.53,Severe Sub-Zero Cold,18.4,0.0,61.74,17.29
2025-01-03 23:00:00,2025,1,3,23,3,4,49,-33.3,1.2,41.3,2.85,0.0,62.28,Severe Sub-Zero Cold,18.4,0.0,62.63,17.54
2025-01-04 00:00:00,2025,1,4,0,4,5,44,-33.7,3.1,35.1,2.47,0.0,60.78,Severe Sub-Zero Cold,18.4,0.0,61.51,17.22
2025-01-04 01:00:00,2025,1,4,1,4,5,49,-33.4,5.8,34.1,2.32,2.41,60.34,Severe Sub-Zero Cold,18.4,0.0,58.81,16.47
2025-01-04 02:00:00,2025,1,4,2,4,5,37,-33.8,4.4,68.3,4.73,0.3,55.43,Severe Sub-Zero Cold,18.4,0.0,53.6,15.01
2025-01-04 03:00:00,2025,1,4,3,4,5,47,-34.4,8.9,124.6,8.75,22.54,58.49,Severe Sub-Zero Cold,18.4,0.0,30.4,8.51
2025-01-04 04:00:00,2025,1,4,4,4,5,45,-33.3,2.7,156.3,10.71,0.0,58.2,Severe Sub-Zero Cold,18.4,0.0,50.69,14.19
2025-01-04 05:00:00,2025,1,4,5,4,5,44,-33.4,11.6,237.8,16.46,69.8,57.83,Severe Sub-Zero Cold,31.48,-28.43,0.0,0.0
2025-01-04 06:00:00,2025,1,4,6,4,5,45,-33.9,11.1,305.3,21.12,58.32,58.38,Severe Sub-Zero Cold,41.16,-21.06,0.0,0.0
2025-01-04 07:00:00,2025,1,4,7,4,5,39,-33.0,11.4,418.2,29.23,65.04,60.89,Severe Sub-Zero Cold,56.52,-33.38,0.0,0.0
2025-01-04 08:00:00,2025,1,4,8,4,5,44,-32.3,8.6,376.5,25.49,19.27,64.49,Severe Sub-Zero Cold,45.8,19.73,0.0,0.0
2025-01-04 09:00:00,2025,1,4,9,4,5,46,-31.1,2.7,566.4,39.49,0.0,62.39,Severe Sub-Zero Cold,33.35,22.9,0.0,0.0
2025-01-04 10:00:00,2025,1,4,10,4,5,49,-31.1,5.8,349.9,23.04,2.41,68.14,Severe Sub-Zero Cold,18.84,26.7,15.99,4.48
2025-01-04 11:00:00,2025,1,4,11,4,5,43,-31.3,2.9,592.9,40.91,0.0,66.19,Severe Sub-Zero Cold,18.84,0.0,27.6,7.73
2025-01-04 12:00:00,2025,1,4,12,4,5,42,-30.5,15.2,391.8,25.86,80.0,63.94,High Wind Surge,37.24,-40.0,0.0,0.0
2025-01-04 13:00:00,2025,1,4,13,4,5,43,-30.5,4.9,568.7,38.97,0.75,64.0,Severe Sub-Zero Cold,24.04,24.28,0.0,0.0
2025-01-04 14:00:00,2025,1,4,14,4,5,47,-30.4,7.1,499.5,33.92,7.56,60.21,Severe Sub-Zero Cold,19.65,8.09,15.0,4.2
2025-01-04 15:00:00,2025,1,4,15,4,5,45,-29.7,9.1,567.3,39.42,24.91,68.6,Clear Solar Day,19.65,0.0,15.0,4.2
2025-01-04 16:00:00,2025,1,4,16,4,5,43,-28.9,11.7,291.4,19.11,72.26,60.88,Overcast / Moderate,33.67,-30.49,0.0,0.0
2025-01-04 17:00:00,2025,1,4,17,4,5,46,-29.0,8.8,420.7,29.12,21.41,64.68,Clear Solar Day,25.98,14.15,0.0,0.0
2025-01-04 18:00:00,2025,1,4,18,4,5,45,-30.1,7.9,263.4,17.76,12.91,65.26,Severe Sub-Zero Cold,19.48,11.97,22.62,6.33
2025-01-04 19:00:00,2025,1,4,19,4,5,47,-31.8,6.0,161.4,10.71,2.96,62.54,Severe Sub-Zero Cold,19.48,0.0,49.91,13.97
2025-01-04 20:00:00,2025,1,4,20,4,5,42,-32.1,7.2,155.8,10.64,8.13,62.07,Severe Sub-Zero Cold,19.48,0.0,44.34,12.42
2025-01-04 21:00:00,2025,1,4,21,4,5,44,-33.4,2.5,81.3,5.44,0.0,66.3,Severe Sub-Zero Cold,19.48,0.0,61.9,17.33
2025-01-04 22:00:00,2025,1,4,22,4,5,43,-35.0,10.8,42.4,2.82,52.08,56.56,Severe Sub-Zero Cold,19.48,0.0,15.0,4.2
2025-01-04 23:00:00,2025,1,4,23,4,5,40,-35.0,6.7,29.3,1.97,5.56,59.56,Severe Sub-Zero Cold,19.48,0.0,53.07,14.86
2025-01-05 00:00:00,2025,1,5,0,5,6,45,-35.5,1.6,0.0,0.0,0.0,55.24,Severe Sub-Zero Cold,19.48,0.0,56.28,15.76
2025-01-05 01:00:00,2025,1,5,1,5,6,45,-35.8,11.7,35.7,2.46,72.26,61.48,Severe Sub-Zero Cold,25.57,-13.24,0.0,0.0
2025-01-05 02:00:00,2025,1,5,2,5,6,45,-35.9,6.2,69.9,4.9,3.6,64.96,Severe Sub-Zero Cold,19.52,11.14,45.32,12.69
2025-01-05 03:00:00,2025,1,5,3,5,6,44,-35.6,10.5,113.5,7.92,46.3,61.08,Severe Sub-Zero Cold,19.52,0.0,15.0,4.2
2025-01-05 04:00:00,2025,1,5,4,5,6,40,-35.9,10.3,166.4,11.57,42.69,56.8,Severe Sub-Zero Cold,19.52,0.0,15.0,4.2
2025-01-05 05:00:00,2025,1,5,5,5,6,43,-36.8,9.6,194.0,13.26,31.55,60.39,Severe Sub-Zero Cold,19.52,0.0,16.55,4.63
2025-01-05 06:00:00,2025,1,5,6,5,6,43,-35.3,2.0,295.9,20.48,0.0,62.19,Severe Sub-Zero Cold,19.52,0.0,42.68,11.95
2025-01-05 07:00:00,2025,1,5,7,5,6,42,-33.1,4.1,360.2,24.75,0.15,64.8,Severe Sub-Zero Cold,19.52,0.0,40.87,11.44
2025-01-05 08:00:00,2025,1,5,8,5,6,44,-32.6,10.6,489.6,34.17,48.17,65.83,Severe Sub-Zero Cold,27.11,-16.51,0.0,0.0
2025-01-05 09:00:00,2025,1,5,9,5,6,46,-32.6,11.1,503.4,34.74,58.32,64.97,Severe Sub-Zero Cold,40.03,-28.09,0.0,0.0
2025-01-05 10:00:00,2025,1,5,10,5,6,50,-31.8,5.9,522.8,35.82,2.68,64.27,Severe Sub-Zero Cold,26.03,25.77,0.0,0.0
2025-01-05 11:00:00,2025,1,5,11,5,6,45,-31.0,5.8,563.1,38.6,2.41,64.16,Severe Sub-Zero Cold,19.48,12.05,15.0,4.2
2025-01-05 12:00:00,2025,1,5,12,5,6,45,-30.2,3.4,563.8,38.51,0.01,63.42,Severe Sub-Zero Cold,19.48,0.0,25.95,7.27
2025-01-05 13:00:00,2025,1,5,13,5,6,44,-30.4,13.5,631.2,43.8,80.0,65.62,Severe Sub-Zero Cold,37.88,-40.0,0.0,0.0
2025-01-05 14:00:00,2025,1,5,14,5,6,39,-31.3,3.8,436.1,29.29,0.06,60.82,Severe Sub-Zero Cold,20.77,31.47,0.0,0.0
2025-01-05 15:00:00,2025,1,5,15,5,6,44,-30.9,3.6,512.0,35.25,0.02,63.55,Severe Sub-Zero Cold,19.93,1.55,26.73,7.49
2025-01-05 16:00:00,2025,1,5,16,5,6,45,-30.6,7.8,423.9,28.94,12.14,63.19,Severe Sub-Zero Cold,19.93,0.0,22.24,6.23
2025-01-05 17:00:00,2025,1,5,17,5,6,52,-30.2,4.1,402.8,27.83,0.15,71.36,Severe Sub-Zero Cold,19.93,0.0,43.51,12.18
2025-01-05 18:00:00,2025,1,5,18,5,6,44,-31.2,12.2,340.4,23.7,80.0,61.77,Severe Sub-Zero Cold,38.33,-40.0,0.0,0.0
2025-01-05 19:00:00,2025,1,5,19,5,6,45,-32.4,0.9,224.4,15.4,0.0,63.94,Severe Sub-Zero Cold,18.41,36.67,15.0,4.2
2025-01-05 20:00:00,2025,1,5,20,5,6,44,-31.6,0.6,112.5,7.45,0.0,61.56,Severe Sub-Zero Cold,18.41,0.0,57.3,16.04
2025-01-05 21:00:00,2025,1,5,21,5,6,41,-32.3,6.3,111.2,7.68,3.94,66.7,Severe Sub-Zero Cold,18.41,0.0,58.27,16.32
2025-01-05 22:00:00,2025,1,5,22,5,6,48,-34.5,6.2,59.5,4.08,3.6,64.56,Severe Sub-Zero Cold,18.41,0.0,60.07,16.82
2025-01-05 23:00:00,2025,1,5,23,5,6,47,-35.1,3.3,32.8,2.24,0.0,60.81,Severe Sub-Zero Cold,18.41,0.0,61.76,17.29
2025-01-06 00:00:00,2025,1,6,0,6,0,47,-34.9,6.3,0.0,0.0,3.94,64.17,Severe Sub-Zero Cold,18.41,0.0,63.42,17.76
2025-01-06 01:00:00,2025,1,6,1,6,0,42,-34.8,5.5,28.7,1.94,1.71,60.88,Severe Sub-Zero Cold,18.41,0.0,60.42,16.92
2025-01-06 02:00:00,2025,1,6,2,6,0,49,-34.4,10.9,45.1,3.02,54.11,63.01,Severe Sub-Zero Cold,18.41,0.0,15.0,4.2
2025-01-06 03:00:00,2025,1,6,3,6,0,40,-33.9,0.8,104.4,7.2,0.0,56.47,Severe Sub-Zero Cold,18.41,0.0,52.46,14.69
2025-01-06 04:00:00,2025,1,6,4,6,0,46,-32.5,14.1,126.7,8.5,80.0,59.59,High Wind Surge,31.7,-28.91,0.0,0.0
2025-01-06 05:00:00,2025,1,6,5,6,0,51,-32.2,7.4,202.7,13.76,9.35,64.71,Severe Sub-Zero Cold,18.98,23.41,18.19,5.09
2025-01-06 06:00:00,2025,1,6,6,6,0,42,-32.5,3.2,273.2,18.62,0.0,62.03,Severe Sub-Zero Cold,18.98,0.0,45.45,12.72
2025-01-06 07:00:00,2025,1,6,7,6,0,43,-32.0,1.8,323.4,21.91,0.0,65.92,Severe Sub-Zero Cold,18.98,0.0,46.05,12.89
2025-01-06 08:00:00,2025,1,6,8,6,0,45,-32.7,6.6,438.4,30.21,5.12,67.5,Severe Sub-Zero Cold,18.98,0.0,34.21,9.58
2025-01-06 09:00:00,2025,1,6,9,6,0,43,-32.1,4.0,386.0,25.89,0.11,70.06,Severe Sub-Zero Cold,18.98,0.0,46.1,12.91
2025-01-06 10:00:00,2025,1,6,10,6,0,40,-32.2,4.6,522.5,35.84,0.45,64.98,Severe Sub-Zero Cold,18.98,0.0,30.73,8.6
2025-01-06 11:00:00,2025,1,6,11,6,0,45,-32.2,4.1,513.1,34.94,0.15,63.1,Severe Sub-Zero Cold,18.98,0.0,30.05,8.41
2025-01-06 12:00:00,2025,1,6,12,6,0,41,-32.3,7.7,485.8,32.85,11.39,66.47,Severe Sub-Zero Cold,18.98,0.0,24.27,6.79
2025-01-06 13:00:00,2025,1,6,13,6,0,46,-30.5,6.8,597.0,41.17,6.02,63.64,Severe Sub-Zero Cold,18.98,0.0,18.49,5.18
2025-01-06 14:00:00,2025,1,6,14,6,0,42,-29.8,2.3,516.5,35.16,0.0,63.13,Clear Solar Day,18.98,0.0,30.01,8.4
2025-01-06 15:00:00,2025,1,6,15,6,0,49,-29.7,6.5,544.2,37.64,4.71,64.56,Clear Solar Day,18.98,0.0,24.25,6.79
2025-01-06 16:00:00,2025,1,6,16,6,0,42,-29.8,9.3,308.5,20.39,27.44,60.14,Overcast / Moderate,18.98,0.0,15.0,4.2
2025-01-06 17:00:00,2025,1,6,17,6,0,44,-29.0,2.3,424.0,29.41,0.0,62.77,Clear Solar Day,18.98,0.0,35.4,9.91
2025-01-06 18:00:00,2025,1,6,18,6,0,47,-28.7,10.9,325.3,22.39,54.11,65.24,Overcast / Moderate,24.16,-11.26,0.0,0.0
2025-01-06 19:00:00,2025,1,6,19,6,0,41,-30.2,7.0,222.2,15.16,7.02,63.71,Severe Sub-Zero Cold,19.64,8.32,33.21,9.3
2025-01-06 20:00:00,2025,1,6,20,6,0,45,-31.6,12.7,129.7,8.7,80.0,65.5,Severe Sub-Zero Cold,30.31,-23.2,0.0,0.0
2025-01-06 21:00:00,2025,1,6,21,6,0,48,-32.2,3.1,110.0,7.59,0.0,65.29,Severe Sub-Zero Cold,19.1,20.62,37.08,10.38
2025-01-06 22:00:00,2025,1,6,22,6,0,40,-32.4,16.2,62.7,4.31,80.0,53.69,High Wind Surge,33.19,-30.62,0.0,0.0
2025-01-06 23:00:00,2025,1,6,23,6,0,45,-33.8,7.6,40.4,2.83,10.68,59.83,Severe Sub-Zero Cold,18.85,26.38,19.94,5.58
2025-01-07 00:00:00,2025,1,7,0,7,1,45,-33.8,6.9,0.0,0.0,6.51,61.34,Severe Sub-Zero Cold,18.85,0.0,57.12,15.99
2025-01-07 01:00:00,2025,1,7,1,7,1,47,-35.3,6.4,32.0,2.2,4.31,56.1,Severe Sub-Zero Cold,18.85,0.0,51.88,14.53
2025-01-07 02:00:00,2025,1,7,2,7,1,41,-34.7,1.3,45.2,3.03,0.0,59.6,Severe Sub-Zero Cold,18.85,0.0,58.86,16.48
2025-01-07 03:00:00,2025,1,7,3,7,1,41,-34.5,12.3,113.3,7.91,80.0,59.38,Severe Sub-Zero Cold,31.98,-28.53,0.0,0.0
2025-01-07 04:00:00,2025,1,7,4,7,1,46,-34.8,7.6,78.8,5.14,10.68,58.63,Severe Sub-Zero Cold,18.96,23.95,18.86,5.28
2025-01-07 05:00:00,2025,1,7,5,7,1,45,-34.7,2.5,207.3,14.21,0.0,62.53,Severe Sub-Zero Cold,18.96,0.0,50.4,14.11
2025-01-07 06:00:00,2025,1,7,6,7,1,45,-34.9,1.2,306.4,21.29,0.0,63.14,Severe Sub-Zero Cold,18.96,0.0,43.93,12.3
2025-01-07 07:00:00,2025,1,7,7,7,1,46,-33.5,1.8,310.2,21.02,0.0,70.61,Severe Sub-Zero Cold,18.96,0.0,51.67,14.47
2025-01-07 08:00:00,2025,1,7,8,7,1,42,-33.4,7.3,408.2,27.97,8.73,64.54,Severe Sub-Zero Cold,18.96,0.0,29.92,8.38
2025-01-07 09:00:00,2025,1,7,9,7,1,45,-33.0,7.3,426.9,28.99,8.73,68.58,Severe Sub-Zero Cold,18.96,0.0,32.94,9.22
2025-01-07 10:00:00,2025,1,7,10,7,1,45,-30.8,6.3,469.4,31.72,3.94,61.65,Severe Sub-Zero Cold,18.96,0.0,28.07,7.86
2025-01-07 11:00:00,2025,1,7,11,7,1,42,-30.1,4.6,400.6,26.51,0.45,61.21,Severe Sub-Zero Cold,18.96,0.0,36.33,10.17
2025-01-07 12:00:00,2025,1,7,12,7,1,50,-30.4,6.6,537.4,36.55,5.12,66.83,Severe Sub-Zero Cold,18.96,0.0,27.24,7.63
2025-01-07 13:00:00,2025,1,7,13,7,1,46,-29.7,6.4,495.2,33.39,4.31,61.58,Clear Solar Day,18.96,0.0,25.96,7.27
2025-01-07 14:00:00,2025,1,7,14,7,1,41,-28.3,1.2,572.8,39.33,0.0,60.03,Clear Solar Day,18.96,0.0,22.78,6.38
2025-01-07 15:00:00,2025,1,7,15,7,1,46,-28.2,4.4,458.9,31.01,0.3,64.2,Clear Solar Day,18.96,0.0,34.97,9.79
2025-01-07 16:00:00,2025,1,7,16,7,1,42,-29.9,1.9,410.8,27.92,0.0,61.97,Clear Solar Day,18.96,0.0,36.13,10.12
2025-01-07 17:00:00,2025,1,7,17,7,1,47,-29.8,11.2,265.5,17.57,60.51,61.34,Overcast / Moderate,26.66,-16.74,0.0,0.0
2025-01-07 18:00:00,2025,1,7,18,7,1,48,-29.7,8.5,304.2,20.84,18.26,62.44,Overcast / Moderate,19.42,13.32,15.0,4.2
2025-01-07 19:00:00,2025,1,7,19,7,1,42,-30.3,17.0,225.8,15.44,80.0,61.6,High Wind Surge,34.99,-33.84,0.0,0.0
2025-01-07 20:00:00,2025,1,7,20,7,1,47,-32.5,4.6,147.6,10.06,0.45,67.14,Severe Sub-Zero Cold,18.7,29.97,26.66,7.46
2025-01-07 21:00:00,2025,1,7,21,7,1,46,-33.5,10.7,86.6,5.86,50.1,65.26,Severe Sub-Zero Cold,18.7,0.0,15.0,4.2
2025-01-07 22:00:00,2025,1,7,22,7,1,47,-34.1,7.2,55.4,3.79,8.13,54.48,Severe Sub-Zero Cold,18.7,0.0,45.17,12.65
2025-01-07 23:00:00,2025,1,7,23,7,1,50,-34.5,5.9,27.3,1.84,2.68,63.51,Severe Sub-Zero Cold,18.7,0.0,61.6,17.25
2025-01-08 00:00:00,2025,1,8,0,8,2,44,-34.6,3.9,0.0,0.0,0.08,61.95,Severe Sub-Zero Cold,18.7,0.0,64.48,18.05
2025-01-08 01:00:00,2025,1,8,1,8,2,42,-35.3,8.6,28.0,1.91,19.27,57.77,Severe Sub-Zero Cold,18.7,0.0,39.2,10.98
2025-01-08 02:00:00,2025,1,8,2,8,2,42,-34.8,11.3,51.1,3.48,62.75,57.23,Severe Sub-Zero Cold,22.84,-9.0,0.0,0.0
2025-01-08 03:00:00,2025,1,8,3,8,2,42,-35.3,4.0,61.0,4.03,0.11,63.81,Severe Sub-Zero Cold,19.75,5.67,54.0,15.12
2025-01-08 04:00:00,2025,1,8,4,8,2,44,-34.4,3.4,171.6,11.97,0.01,59.59,Severe Sub-Zero Cold,19.75,0.0,48.1,13.47
2025-01-08 05:00:00,2025,1,8,5,8,2,46,-34.3,8.2,174.6,11.76,15.43,62.42,Severe Sub-Zero Cold,19.75,0.0,35.72,10.0
2025-01-08 06:00:00,2025,1,8,6,8,2,45,-34.4,14.1,263.6,18.0,80.0,58.67,High Wind Surge,37.85,-39.33,0.0,0.0
2025-01-08 07:00:00,2025,1,8,7,8,2,47,-32.8,8.8,396.0,27.53,21.41,67.53,Severe Sub-Zero Cold,27.74,18.59,0.0,0.0
2025-01-08 08:00:00,2025,1,8,8,8,2,45,-32.0,4.5,361.4,24.38,0.37,62.29,Severe Sub-Zero Cold,19.33,15.48,22.06,6.18
2025-01-08 09:00:00,2025,1,8,9,8,2,49,-30.9,5.6,437.4,29.62,1.93,66.22,Severe Sub-Zero Cold,19.33,0.0,36.02,10.08
2025-01-08 10:00:00,2025,1,8,10,8,2,44,-29.9,5.3,445.7,29.91,1.34,63.57,Clear Solar Day,19.33,0.0,33.67,9.43
2025-01-08 11:00:00,2025,1,8,11,8,2,53,-28.2,10.2,333.5,21.65,40.96,59.36,Overcast / Moderate,20.82,-3.25,0.0,0.0
2025-01-08 12:00:00,2025,1,8,12,8,2,46,-27.2,9.0,542.0,36.6,23.7,61.66,Clear Solar Day,20.08,1.36,0.0,0.0
2025-01-08 13:00:00,2025,1,8,13,8,2,42,-27.9,7.1,640.6,44.29,7.56,58.69,Clear Solar Day,19.99,0.17,15.0,4.2
2025-01-08 14:00:00,2025,1,8,14,8,2,41,-28.5,4.4,568.0,38.99,0.3,63.32,Clear Solar Day,19.99,0.0,24.04,6.73
2025-01-08 15:00:00,2025,1,8,15,8,2,46,-28.3,12.2,461.8,31.24,80.0,62.76,Clear Solar Day,38.39,-40.0,0.0,0.0
2025-01-08 16:00:00,2025,1,8,16,8,2,44,-29.2,7.7,308.7,20.38,11.39,61.54,Overcast / Moderate,22.21,29.77,0.0,0.0
2025-01-08 17:00:00,2025,1,8,17,8,2,47,-30.4,13.7,289.6,19.35,80.0,67.89,Severe Sub-Zero Cold,36.69,-31.46,0.0,0.0
2025-01-08 18:00:00,2025,1,8,18,8,2,46,-30.4,7.0,223.9,14.9,7.02,58.99,Severe Sub-Zero Cold,18.55,33.37,15.0,4.2
2025-01-08 19:00:00,2025,1,8,19,8,2,44,-30.7,9.7,191.3,12.88,33.01,68.1,Severe Sub-Zero Cold,18.55,0.0,25.11,7.03
2025-01-08 20:00:00,2025,1,8,20,8,2,42,-30.5,9.6,138.3,9.33,31.55,67.12,Severe Sub-Zero Cold,18.55,0.0,29.14,8.16
2025-01-08 21:00:00,2025,1,8,21,8,2,40,-31.7,4.9,106.4,7.34,0.75,61.67,Severe Sub-Zero Cold,18.55,0.0,56.48,15.81
2025-01-08 22:00:00,2025,1,8,22,8,2,43,-32.7,13.3,50.0,3.38,80.0,60.92,Severe Sub-Zero Cold,28.88,-22.46,0.0,0.0
2025-01-08 23:00:00,2025,1,8,23,8,2,47,-33.7,1.2,26.3,1.78,0.0,61.52,Severe Sub-Zero Cold,19.23,17.76,41.98,11.75
2025-01-09 00:00:00,2025,1,9,0,9,3,45,-34.6,9.0,0.0,0.0,23.7,54.34,Severe Sub-Zero Cold,19.23,0.0,32.18,9.01
2025-01-09 01:00:00,2025,1,9,1,9,3,41,-34.7,13.4,25.4,1.73,80.0,59.49,Severe Sub-Zero Cold,29.46,-22.24,0.0,0.0
2025-01-09 02:00:00,2025,1,9,2,9,3,45,-35.8,4.9,47.1,3.2,0.75,58.29,Severe Sub-Zero Cold,19.18,18.92,35.42,9.92
2025-01-09 03:00:00,2025,1,9,3,9,3,46,-35.5,7.7,98.2,6.79,11.39,58.05,Severe Sub-Zero Cold,19.18,0.0,41.51,11.62
2025-01-09 04:00:00,2025,1,9,4,9,3,42,-34.4,6.8,162.7,11.29,6.02,59.04,Severe Sub-Zero Cold,19.18,0.0,43.37,12.14
2025-01-09 05:00:00,2025,1,9,5,9,3,45,-34.1,8.9,213.8,14.7,22.54,59.55,Severe Sub-Zero Cold,19.18,0.0,23.95,6.71
2025-01-09 06:00:00,2025,1,9,6,9,3,45,-33.3,10.5,195.9,13.0,46.3,62.61,Severe Sub-Zero Cold,19.18,0.0,15.0,4.2
2025-01-09 07:00:00,2025,1,9,7,9,3,41,-33.6,7.2,258.5,17.25,8.13,62.53,Severe Sub-Zero Cold,19.18,0.0,38.79,10.86
2025-01-09 08:00:00,2025,1,9,8,9,3,46,-32.3,9.6,371.5,25.15,31.55,64.18,Severe Sub-Zero Cold,19.18,0.0,15.0,4.2
2025-01-09 09:00:00,2025,1,9,9,9,3,46,-31.6,4.7,409.8,27.63,0.54,68.07,Severe Sub-Zero Cold,19.18,0.0,41.54,11.63
2025-01-09 10:00:00,2025,1,9,10,9,3,48,-31.2,3.9,342.3,22.53,0.08,64.58,Severe Sub-Zero Cold,19.18,0.0,43.61,12.21
2025-01-09 11:00:00,2025,1,9,11,9,3,48,-31.4,5.7,438.4,29.35,2.16,63.91,Severe Sub-Zero Cold,19.18,0.0,34.04,9.53
2025-01-09 12:00:00,2025,1,9,12,9,3,40,-31.3,8.0,613.4,42.48,13.72,64.48,Severe Sub-Zero Cold,19.18,0.0,15.0,4.2
2025-01-09 13:00:00,2025,1,9,13,9,3,42,-30.7,3.5,594.0,40.99,0.01,63.91,Severe Sub-Zero Cold,19.18,0.0,24.55,6.88
2025-01-09 14:00:00,2025,1,9,14,9,3,46,-30.2,8.0,418.5,27.94,13.72,63.85,Severe Sub-Zero Cold,19.18,0.0,23.83,6.67
2025-01-09 15:00:00,2025,1,9,15,9,3,46,-29.1,5.4,564.8,39.23,1.52,65.08,Clear Solar Day,19.18,0.0,25.97,7.27
2025-01-09 16:00:00,2025,1,9,16,9,3,46,-29.7,9.3,412.4,28.04,27.44,60.1,Clear Solar Day,19.18,0.0,15.0,4.2
2025-01-09 17:00:00,2025,1,9,17,9,3,56,-28.1,1.6,279.2,18.49,0.0,64.03,Overcast / Moderate,19.18,0.0,47.18,13.21
2025-01-09 18:00:00,2025,1,9,18,9,3,46,-28.5,7.9,324.1,22.33,12.91,67.32,Overcast / Moderate,19.18,0.0,33.72,9.44
2025-01-09 19:00:00,2025,1,9,19,9,3,48,-28.3,7.7,146.9,9.61,11.39,55.28,Overcast / Moderate,19.18,0.0,35.92,10.06
2025-01-09 20:00:00,2025,1,9,20,9,3,47,-28.7,12.3,144.5,9.76,80.0,61.14,Overcast / Moderate,32.34,-28.62,0.0,0.0
2025-01-09 21:00:00,2025,1,9,21,9,3,46,-30.7,8.3,96.3,6.56,16.34,61.01,Severe Sub-Zero Cold,18.93,24.69,15.0,4.2
2025-01-09 22:00:00,2025,1,9,22,9,3,44,-30.8,9.4,53.9,3.67,28.77,57.66,Severe Sub-Zero Cold,18.93,0.0,27.37,7.66
2025-01-09 23:00:00,2025,1,9,23,9,3,47,-32.3,11.3,35.9,2.52,62.75,60.76,Severe Sub-Zero Cold,21.0,-4.51,0.0,0.0
2025-01-10 00:00:00,2025,1,10,0,10,4,42,-32.1,7.9,0.0,0.0,12.91,60.8,Severe Sub-Zero Cold,19.91,2.0,45.89,12.85
2025-01-10 01:00:00,2025,1,10,1,10,4,44,-33.4,4.5,0.0,0.0,0.37,58.41,Severe Sub-Zero Cold,19.91,0.0,58.21,16.3
2025-01-10 02:00:00,2025,1,10,2,10,4,43,-34.4,10.5,62.0,4.34,46.3,57.67,Severe Sub-Zero Cold,19.91,0.0,15.0,4.2
2025-01-10 03:00:00,2025,1,10,3,10,4,45,-33.2,8.7,110.0,7.68,20.32,55.87,Severe Sub-Zero Cold,19.91,0.0,28.04,7.85
2025-01-10 04:00:00,2025,1,10,4,10,4,51,-33.4,5.7,128.0,8.65,2.16,61.05,Severe Sub-Zero Cold,19.91,0.0,50.41,14.12
2025-01-10 05:00:00,2025,1,10,5,10,4,39,-32.8,8.3,194.0,13.17,16.34,63.24,Severe Sub-Zero Cold,19.91,0.0,33.9,9.49
2025-01-10 06:00:00,2025,1,10,6,10,4,47,-33.0,10.5,259.1,17.62,46.3,58.31,Severe Sub-Zero Cold,22.49,-5.61,0.0,0.0
2025-01-10 07:00:00,2025,1,10,7,10,4,40,-31.4,14.0,371.7,25.58,80.0,62.24,High Wind Surge,40.89,-40.0,0.0,0.0
2025-01-10 08:00:00,2025,1,10,8,10,4,43,-31.1,12.7,240.6,15.67,80.0,63.57,Severe Sub-Zero Cold,55.66,-32.1,0.0,0.0
2025-01-10 09:00:00,2025,1,10,9,10,4,48,-31.7,4.8,436.1,29.6,0.64,64.36,Severe Sub-Zero Cold,37.12,34.12,0.0,0.0
2025-01-10 10:00:00,2025,1,10,10,10,4,45,-30.2,5.6,556.5,38.3,1.93,66.81,Severe Sub-Zero Cold,22.67,26.58,0.0,0.0
2025-01-10 11:00:00,2025,1,10,11,10,4,41,-30.4,2.7,582.1,40.06,0.0,65.04,Severe Sub-Zero Cold,19.77,5.34,19.64,5.5
2025-01-10 12:00:00,2025,1,10,12,10,4,42,-28.8,4.1,460.1,30.7,0.15,63.21,Clear Solar Day,19.77,0.0,32.82,9.19
2025-01-10 13:00:00,2025,1,10,13,10,4,47,-28.8,10.8,592.6,40.7,52.08,65.29,Clear Solar Day,32.41,-27.49,0.0,0.0
2025-01-10 14:00:00,2025,1,10,14,10,4,42,-28.2,5.1,454.5,30.44,1.02,59.0,Clear Solar Day,18.92,24.83,15.0,4.2
2025-01-10 15:00:00,2025,1,10,15,10,4,45,-28.8,7.4,541.1,37.37,9.35,59.33,Clear Solar Day,18.92,0.0,15.0,4.2
2025-01-10 16:00:00,2025,1,10,16,10,4,45,-29.7,7.8,456.0,31.38,12.14,61.18,Clear Solar Day,18.92,0.0,19.82,5.55
2025-01-10 17:00:00,2025,1,10,17,10,4,43,-29.5,9.2,351.6,23.93,26.15,62.73,Overcast / Moderate,18.92,0.0,15.0,4.2
2025-01-10 18:00:00,2025,1,10,18,10,4,51,-30.1,3.5,324.4,22.47,0.01,64.44,Severe Sub-Zero Cold,18.92,0.0,44.12,12.35
2025-01-10 19:00:00,2025,1,10,19,10,4,46,-30.1,4.6,247.4,17.15,0.45,64.94,Severe Sub-Zero Cold,18.92,0.0,49.5,13.86
2025-01-10 20:00:00,2025,1,10,20,10,4,38,-30.9,5.9,151.4,10.35,2.68,61.62,Severe Sub-Zero Cold,18.92,0.0,50.75,14.21
2025-01-10 21:00:00,2025,1,10,21,10,4,45,-29.9,5.1,112.5,7.81,1.02,59.68,Overcast / Moderate,18.92,0.0,53.01,14.84
2025-01-10 22:00:00,2025,1,10,22,10,4,43,-30.1,14.6,63.1,4.38,80.0,59.85,High Wind Surge,30.2,-24.53,0.0,0.0
2025-01-10 23:00:00,2025,1,10,23,10,4,47,-30.1,9.9,0.0,0.0,36.05,56.32,Severe Sub-Zero Cold,19.19,20.27,0.0,0.0
2025-01-11 00:00:00,2025,1,11,0,11,5,42,-31.0,6.1,0.0,0.0,3.27,59.18,Severe Sub-Zero Cold,19.19,0.0,57.53,16.11
2025-01-11 01:00:00,2025,1,11,1,11,5,44,-33.5,10.7,0.0,0.0,50.1,57.39,Severe Sub-Zero Cold,19.19,0.0,15.0,4.2
2025-01-11 02:00:00,2025,1,11,2,11,5,46,-33.4,5.0,54.9,3.8,0.88,57.66,Severe Sub-Zero Cold,19.19,0.0,54.6,15.29
2025-01-11 03:00:00,2025,1,11,3,11,5,47,-34.7,9.2,78.8,5.34,26.15,58.73,Severe Sub-Zero Cold,19.19,0.0,28.86,8.08
2025-01-11 04:00:00,2025,1,11,4,11,5,41,-35.3,3.9,130.1,8.86,0.08,56.64,Severe Sub-Zero Cold,19.19,0.0,49.32,13.81
2025-01-11 05:00:00,2025,1,11,5,11,5,43,-35.2,9.0,134.9,8.94,23.7,57.05,Severe Sub-Zero Cold,19.19,0.0,26.03,7.29
2025-01-11 06:00:00,2025,1,11,6,11,5,43,-35.0,5.9,292.4,20.27,2.68,61.37,Severe Sub-Zero Cold,19.19,0.0,40.04,11.21
2025-01-11 07:00:00,2025,1,11,7,11,5,43,-32.8,2.7,284.3,19.11,0.0,62.19,Severe Sub-Zero Cold,19.19,0.0,44.7,12.52
2025-01-11 08:00:00,2025,1,11,8,11,5,50,-32.0,4.4,410.2,28.07,0.3,67.2,Severe Sub-Zero Cold,19.19,0.0,40.45,11.33
2025-01-11 09:00:00,2025,1,11,9,11,5,46,-31.5,5.5,448.5,30.53,1.71,64.83,Severe Sub-Zero Cold,19.19,0.0,34.21,9.58
2025-01-11 10:00:00,2025,1,11,10,11,5,41,-32.3,8.8,528.1,36.33,21.41,65.64,Severe Sub-Zero Cold,19.19,0.0,15.0,4.2
2025-01-11 11:00:00,2025,1,11,11,11,5,47,-32.2,2.2,471.1,31.84,0.0,62.9,Severe Sub-Zero Cold,19.19,0.0,32.68,9.15
2025-01-11 12:00:00,2025,1,11,12,11,5,51,-32.0,7.8,611.0,42.4,12.14,69.33,Severe Sub-Zero Cold,19.19,0.0,16.41,4.6
2025-01-11 13:00:00,2025,1,11,13,11,5,48,-32.8,8.4,384.9,25.58,17.28,63.98,Severe Sub-Zero Cold,19.19,0.0,22.74,6.37
2025-01-11 14:00:00,2025,1,11,14,11,5,40,-33.7,7.7,588.1,41.13,11.39,57.29,Severe Sub-Zero Cold,19.19,0.0,15.0,4.2
2025-01-11 15:00:00,2025,1,11,15,11,5,43,-33.2,8.9,388.2,26.16,22.54,65.28,Severe Sub-Zero Cold,19.19,0.0,18.2,5.1
2025-01-11 16:00:00,2025,1,11,16,11,5,48,-31.9,3.5,367.9,24.88,0.01,63.38,Severe Sub-Zero Cold,19.19,0.0,40.11,11.23
2025-01-11 17:00:00,2025,1,11,17,11,5,42,-31.7,7.1,383.2,26.5,7.56,67.08,Severe Sub-Zero Cold,19.19,0.0,34.64,9.7
2025-01-11 18:00:00,2025,1,11,18,11,5,46,-31.8,12.3,305.0,21.07,80.0,65.55,Severe Sub-Zero Cold,35.53,-35.52,0.0,0.0
2025-01-11 19:00:00,2025,1,11,19,11,5,47,-30.7,7.3,247.0,17.16,8.73,64.11,Severe Sub-Zero Cold,18.65,31.05,15.0,4.2
2025-01-11 20:00:00,2025,1,11,20,11,5,42,-30.8,7.3,140.0,9.5,8.73,63.16,Severe Sub-Zero Cold,18.65,0.0,47.63,13.34
2025-01-11 21:00:00,2025,1,11,21,11,5,44,-30.4,8.6,65.2,4.3,19.27,61.81,Severe Sub-Zero Cold,18.65,0.0,40.94,11.46
2025-01-11 22:00:00,2025,1,11,22,11,5,35,-30.9,4.9,39.2,2.6,0.75,59.85,Severe Sub-Zero Cold,18.65,0.0,59.2,16.58
2025-01-11 23:00:00,2025,1,11,23,11,5,41,-31.4,8.2,0.0,0.0,15.43,55.93,Severe Sub-Zero Cold,18.65,0.0,43.2,12.1
2025-01-12 00:00:00,2025,1,12,0,12,6,44,-32.3,11.6,0.0,0.0,69.8,59.77,Severe Sub-Zero Cold,23.26,-10.03,0.0,0.0
2025-01-12 01:00:00,2025,1,12,1,12,6,41,-33.1,0.9,0.0,0.0,0.0,56.52,Severe Sub-Zero Cold,19.72,6.53,49.99,14.0
2025-01-12 02:00:00,2025,1,12,2,12,6,49,-32.6,10.5,49.6,3.4,46.3,59.91,Severe Sub-Zero Cold,19.72,0.0,15.0,4.2
2025-01-12 03:00:00,2025,1,12,3,12,6,40,-33.6,3.9,108.2,7.59,0.08,55.64,Severe Sub-Zero Cold,19.72,0.0,48.54,13.59
2025-01-12 04:00:00,2025,1,12,4,12,6,43,-33.7,5.9,136.1,9.29,2.68,60.02,Severe Sub-Zero Cold,19.72,0.0,48.62,13.61
2025-01-12 05:00:00,2025,1,12,5,12,6,45,-34.1,10.2,226.5,15.73,40.96,60.34,Severe Sub-Zero Cold,19.72,0.0,15.0,4.2
2025-01-12 06:00:00,2025,1,12,6,12,6,49,-33.2,9.8,191.5,12.7,34.51,61.73,Severe Sub-Zero Cold,19.72,0.0,15.09,4.22
2025-01-12 07:00:00,2025,1,12,7,12,6,40,-34.1,11.0,320.8,21.9,56.19,65.61,Severe Sub-Zero Cold,25.46,-12.48,0.0,0.0
2025-01-12 08:00:00,2025,1,12,8,12,6,48,-33.8,12.3,394.1,26.98,80.0,67.06,Severe Sub-Zero Cold,43.82,-39.92,0.0,0.0
2025-01-12 09:00:00,2025,1,12,9,12,6,45,-32.6,5.8,394.6,26.6,2.41,70.15,Severe Sub-Zero Cold,21.46,41.14,0.0,0.0
2025-01-12 10:00:00,2025,1,12,10,12,6,42,-32.0,7.7,438.6,29.58,11.39,63.51,Severe Sub-Zero Cold,19.87,2.92,19.62,5.49
2025-01-12 11:00:00,2025,1,12,11,12,6,46,-30.5,5.4,558.7,38.3,1.52,63.92,Severe Sub-Zero Cold,19.87,0.0,24.35,6.82
2025-01-12 12:00:00,2025,1,12,12,12,6,45,-29.8,5.0,458.8,30.7,0.88,62.74,Clear Solar Day,19.87,0.0,31.41,8.8
2025-01-12 13:00:00,2025,1,12,13,12,6,43,-28.7,5.7,628.5,43.5,2.16,61.94,Clear Solar Day,19.87,0.0,16.53,4.63
2025-01-12 14:00:00,2025,1,12,14,12,6,45,-28.3,8.7,574.3,39.51,20.32,61.11,Clear Solar Day,19.87,0.0,15.0,4.2
2025-01-12 15:00:00,2025,1,12,15,12,6,43,-28.2,6.3,476.3,32.38,3.94,60.14,Clear Solar Day,19.87,0.0,24.07,6.74
2025-01-12 16:00:00,2025,1,12,16,12,6,45,-28.0,9.6,466.7,32.1,31.55,63.48,Clear Solar Day,19.95,-0.17,0.0,0.0
2025-01-12 17:00:00,2025,1,12,17,12,6,46,-30.0,8.7,362.9,24.84,20.32,63.33,Severe Sub-Zero Cold,19.95,0.0,18.27,5.11
2025-01-12 18:00:00,2025,1,12,18,12,6,49,-30.9,3.7,299.9,20.65,0.04,67.8,Severe Sub-Zero Cold,19.95,0.0,47.21,13.22
2025-01-12 19:00:00,2025,1,12,19,12,6,41,-32.2,12.6,237.6,16.51,80.0,58.63,Severe Sub-Zero Cold,37.38,-37.88,0.0,0.0
2025-01-12 20:00:00,2025,1,12,20,12,6,51,-32.1,13.2,107.9,7.17,80.0,70.56,Severe Sub-Zero Cold,45.02,-16.61,0.0,0.0
2025-01-12 21:00:00,2025,1,12,21,12,6,39,-32.8,15.7,101.9,7.08,80.0,65.36,High Wind Surge,55.01,-21.72,0.0,0.0
2025-01-12 22:00:00,2025,1,12,22,12,6,44,-33.8,21.5,17.6,1.12,80.0,59.61,High Wind Surge,64.9,-21.51,0.0,0.0
2025-01-12 23:00:00,2025,1,12,23,12,6,46,-32.8,20.3,0.0,0.0,80.0,59.22,High Wind Surge,74.46,-20.78,0.0,0.0
2025-01-13 00:00:00,2025,1,13,0,13,0,45,-32.9,26.0,0.0,0.0,0.0,60.88,Blizzard / Extreme Storm,47.29,50.0,15.0,4.2
2025-01-13 01:00:00,2025,1,13,1,13,0,43,-33.1,24.7,0.0,0.0,80.0,56.43,Blizzard / Extreme Storm,58.13,-23.57,0.0,0.0
2025-01-13 02:00:00,2025,1,13,2,13,0,44,-34.2,24.0,26.6,1.74,80.0,60.13,Blizzard / Extreme Storm,68.07,-21.61,0.0,0.0
2025-01-13 03:00:00,2025,1,13,3,13,0,43,-34.5,26.6,54.2,3.57,0.0,60.44,Blizzard / Extreme Storm,40.9,50.0,15.0,4.2
2025-01-13 04:00:00,2025,1,13,4,13,0,43,-35.4,19.6,51.3,3.29,80.0,55.61,High Wind Surge,53.63,-27.68,0.0,0.0
2025-01-13 05:00:00,2025,1,13,5,13,0,47,-36.1,19.2,122.1,8.06,80.0,62.97,High Wind Surge,65.17,-25.09,0.0,0.0
2025-01-13 06:00:00,2025,1,13,6,13,0,46,-36.2,19.6,129.0,8.4,80.0,58.58,High Wind Surge,78.89,-29.82,0.0,0.0
2025-01-13 07:00:00,2025,1,13,7,13,0,42,-35.2,22.1,143.1,9.24,80.0,68.67,Blizzard / Extreme Storm,88.35,-20.57,0.0,0.0
2025-01-13 08:00:00,2025,1,13,8,13,0,47,-35.5,19.2,240.3,15.84,80.0,71.26,High Wind Surge,94.47,-13.3,0.0,0.0
2025-01-13 09:00:00,2025,1,13,9,13,0,45,-34.1,28.4,229.1,14.89,0.0,69.95,Blizzard / Extreme Storm,67.29,50.0,15.0,4.2
2025-01-13 10:00:00,2025,1,13,10,13,0,47,-32.5,18.5,179.9,11.45,80.0,64.86,High Wind Surge,79.53,-26.59,0.0,0.0
2025-01-13 11:00:00,2025,1,13,11,13,0,46,-31.5,17.5,539.8,36.97,80.0,63.73,High Wind Surge,93.76,-30.95,0.0,0.0
2025-01-13 12:00:00,2025,1,13,12,13,0,42,-30.7,11.9,495.4,33.49,77.36,57.64,Severe Sub-Zero Cold,94.9,-2.48,0.0,0.0
2025-01-13 13:00:00,2025,1,13,13,13,0,43,-30.7,9.9,551.6,37.79,36.05,64.63,Severe Sub-Zero Cold,94.99,-0.2,0.0,0.0
2025-01-13 14:00:00,2025,1,13,14,13,0,47,-29.2,7.5,318.8,20.78,10.0,59.42,Overcast / Moderate,79.43,28.64,0.0,0.0
2025-01-13 15:00:00,2025,1,13,15,13,0,46,-30.0,8.2,362.4,24.09,15.43,59.82,Severe Sub-Zero Cold,68.39,20.3,0.0,0.0
2025-01-13 16:00:00,2025,1,13,16,13,0,44,-30.4,6.1,380.7,25.76,3.27,62.29,Severe Sub-Zero Cold,50.32,33.26,0.0,0.0
2025-01-13 17:00:00,2025,1,13,17,13,0,45,-30.3,6.5,393.3,27.22,4.71,60.56,Severe Sub-Zero Cold,34.76,28.63,0.0,0.0
2025-01-13 18:00:00,2025,1,13,18,13,0,48,-29.9,7.1,261.2,17.68,7.56,61.66,Overcast / Moderate,18.72,29.52,15.0,4.2
2025-01-13 19:00:00,2025,1,13,19,13,0,43,-29.5,9.0,154.4,10.2,23.7,62.15,Overcast / Moderate,18.72,0.0,30.82,8.63
2025-01-13 20:00:00,2025,1,13,20,13,0,46,-29.7,2.4,142.7,9.7,0.0,65.43,Overcast / Moderate,18.72,0.0,58.3,16.32
2025-01-13 21:00:00,2025,1,13,21,13,0,44,-30.4,9.1,97.5,6.71,24.91,64.4,Severe Sub-Zero Cold,18.72,0.0,35.35,9.9
2025-01-13 22:00:00,2025,1,13,22,13,0,44,-31.4,6.9,23.9,1.54,6.51,58.41,Severe Sub-Zero Cold,18.72,0.0,52.93,14.82
2025-01-13 23:00:00,2025,1,13,23,13,0,48,-31.4,7.9,0.0,0.0,12.91,61.66,Severe Sub-Zero Cold,18.72,0.0,51.32,14.37
2025-01-14 00:00:00,2025,1,14,0,14,1,47,-31.6,4.8,0.0,0.0,0.64,59.05,Severe Sub-Zero Cold,18.72,0.0,60.98,17.07
2025-01-14 01:00:00,2025,1,14,1,14,1,47,-31.5,5.5,0.0,0.0,1.71,57.34,Severe Sub-Zero Cold,18.72,0.0,58.2,16.3
2025-01-14 02:00:00,2025,1,14,2,14,1,48,-32.5,4.0,49.5,3.43,0.11,57.69,Severe Sub-Zero Cold,18.72,0.0,56.72,15.88
2025-01-14 03:00:00,2025,1,14,3,14,1,45,-33.1,14.3,88.7,6.1,80.0,60.81,High Wind Surge,30.35,-25.29,0.0,0.0
2025-01-14 04:00:00,2025,1,14,4,14,1,47,-32.8,6.3,117.2,7.89,3.94,56.87,Severe Sub-Zero Cold,19.1,20.7,24.34,6.82
2025-01-14 05:00:00,2025,1,14,5,14,1,44,-34.5,16.9,223.4,15.54,80.0,61.13,High Wind Surge,34.93,-34.41,0.0,0.0
2025-01-14 06:00:00,2025,1,14,6,14,1,45,-35.4,6.2,235.1,15.98,3.6,60.08,Severe Sub-Zero Cold,18.7,29.86,15.0,4.2
2025-01-14 07:00:00,2025,1,14,7,14,1,44,-35.0,3.9,329.7,22.65,0.08,64.41,Severe Sub-Zero Cold,18.7,0.0,44.28,12.4
2025-01-14 08:00:00,2025,1,14,8,14,1,45,-34.3,6.4,339.5,22.95,4.31,64.19,Severe Sub-Zero Cold,18.7,0.0,39.53,11.07
2025-01-14 09:00:00,2025,1,14,9,14,1,46,-32.9,1.6,403.0,27.26,0.0,68.04,Severe Sub-Zero Cold,18.7,0.0,43.38,12.15
2025-01-14 10:00:00,2025,1,14,10,14,1,42,-30.9,11.3,559.4,38.66,62.75,60.59,Severe Sub-Zero Cold,37.1,-40.0,0.0,0.0
2025-01-14 11:00:00,2025,1,14,11,14,1,51,-29.6,9.7,637.1,44.31,33.01,64.18,Clear Solar Day,43.15,-13.14,0.0,0.0
2025-01-14 12:00:00,2025,1,14,12,14,1,41,-27.8,8.5,344.4,22.39,18.26,58.89,Overcast / Moderate,33.23,18.24,0.0,0.0
2025-01-14 13:00:00,2025,1,14,13,14,1,41,-27.2,7.3,469.2,31.32,8.73,62.26,Clear Solar Day,21.16,22.21,0.0,0.0
2025-01-14 14:00:00,2025,1,14,14,14,1,48,-26.9,7.0,384.9,25.33,7.02,65.66,Overcast / Moderate,19.9,2.33,30.98,8.68
2025-01-14 15:00:00,2025,1,14,15,14,1,47,-27.3,17.2,328.8,21.53,80.0,64.04,High Wind Surge,37.14,-37.49,0.0,0.0
2025-01-14 16:00:00,2025,1,14,16,14,1,46,-27.7,4.4,432.6,29.5,0.3,60.78,Clear Solar Day,20.31,30.98,0.0,0.0
2025-01-14 17:00:00,2025,1,14,17,14,1,46,-27.8,9.1,321.5,21.62,24.91,62.65,Overcast / Moderate,19.97,0.61,15.51,4.34
2025-01-14 18:00:00,2025,1,14,18,14,1,44,-29.9,7.0,313.0,21.64,7.02,60.4,Overcast / Moderate,19.97,0.0,31.79,8.9
2025-01-14 19:00:00,2025,1,14,19,14,1,42,-30.8,14.0,146.8,9.7,80.0,63.19,High Wind Surge,32.17,-26.51,0.0,0.0
2025-01-14 20:00:00,2025,1,14,20,14,1,45,-30.5,9.8,128.5,8.67,34.51,59.08,Severe Sub-Zero Cold,23.53,15.9,0.0,0.0
2025-01-14 21:00:00,2025,1,14,21,14,1,42,-30.6,18.3,61.7,4.07,80.0,63.1,High Wind Surge,33.17,-20.97,0.0,0.0
2025-01-14 22:00:00,2025,1,14,22,14,1,47,-32.4,7.1,43.4,2.96,7.56,59.19,Severe Sub-Zero Cold,18.85,26.35,22.32,6.25
2025-01-14 23:00:00,2025,1,14,23,14,1,44,-33.4,3.7,0.0,0.0,0.04,60.54,Severe Sub-Zero Cold,18.85,0.0,62.79,17.58
2025-01-15 00:00:00,2025,1,15,0,15,2,42,-33.2,6.3,0.0,0.0,3.94,58.83,Severe Sub-Zero Cold,18.85,0.0,57.18,16.01
2025-01-15 01:00:00,2025,1,15,1,15,2,44,-34.7,8.3,0.0,0.0,16.34,62.5,Severe Sub-Zero Cold,18.85,0.0,48.45,13.57
2025-01-15 02:00:00,2025,1,15,2,15,2,46,-35.9,9.1,42.1,2.91,24.91,59.83,Severe Sub-Zero Cold,18.85,0.0,34.3,9.6
2025-01-15 03:00:00,2025,1,15,3,15,2,43,-35.5,0.2,90.4,6.29,0.0,62.69,Severe Sub-Zero Cold,18.85,0.0,58.69,16.43
2025-01-15 04:00:00,2025,1,15,4,15,2,42,-34.4,6.3,146.6,10.15,3.94,60.94,Severe Sub-Zero Cold,18.85,0.0,49.14,13.76
2025-01-15 05:00:00,2025,1,15,5,15,2,45,-32.7,4.0,214.0,14.76,0.11,61.85,Severe Sub-Zero Cold,18.85,0.0,49.27,13.8
2025-01-15 06:00:00,2025,1,15,6,15,2,45,-33.0,10.6,312.7,21.82,48.17,62.24,Severe Sub-Zero Cold,22.42,-7.75,0.0,0.0
2025-01-15 07:00:00,2025,1,15,7,15,2,43,-32.5,3.2,299.8,20.28,0.0,61.9,Severe Sub-Zero Cold,19.79,4.84,36.78,10.3
2025-01-15 08:00:00,2025,1,15,8,15,2,43,-31.4,7.8,444.8,30.74,12.14,64.75,Severe Sub-Zero Cold,19.79,0.0,22.29,6.24
2025-01-15 09:00:00,2025,1,15,9,15,2,45,-31.1,4.3,534.3,37.15,0.24,61.01,Severe Sub-Zero Cold,19.79,0.0,24.04,6.73
2025-01-15 10:00:00,2025,1,15,10,15,2,40,-30.1,5.1,554.1,38.18,1.02,64.34,Severe Sub-Zero Cold,19.79,0.0,25.56,7.16
2025-01-15 11:00:00,2025,1,15,11,15,2,40,-30.1,12.3,508.3,34.48,80.0,59.31,Severe Sub-Zero Cold,38.19,-40.0,0.0,0.0
2025-01-15 12:00:00,2025,1,15,12,15,2,42,-27.9,4.1,501.8,33.74,0.15,59.53,Clear Solar Day,24.25,25.64,0.0,0.0
2025-01-15 13:00:00,2025,1,15,13,15,2,44,-27.0,2.5,549.9,37.33,0.0,61.05,Clear Solar Day,19.63,8.51,15.21,4.26
2025-01-15 14:00:00,2025,1,15,14,15,2,45,-26.5,2.1,482.8,32.45,0.0,62.32,Clear Solar Day,19.63,0.0,30.61,8.57
2025-01-15 15:00:00,2025,1,15,15,15,2,49,-26.8,6.3,465.7,31.5,3.94,63.01,Clear Solar Day,19.63,0.0,28.31,7.93
2025-01-15 16:00:00,2025,1,15,16,15,2,47,-27.7,7.6,350.6,23.39,10.68,63.98,Overcast / Moderate,19.63,0.0,30.65,8.58
2025-01-15 17:00:00,2025,1,15,17,15,2,44,-27.6,4.8,346.7,23.51,0.64,60.98,Overcast / Moderate,19.63,0.0,37.57,10.52
2025-01-15 18:00:00,2025,1,15,18,15,2,44,-28.0,8.1,236.9,15.82,14.56,61.86,Overcast / Moderate,19.63,0.0,32.22,9.02
2025-01-15 19:00:00,2025,1,15,19,15,2,41,-28.3,2.0,198.4,13.42,0.0,56.02,Overcast / Moderate,19.63,0.0,43.34,12.14
2025-01-15 20:00:00,2025,1,15,20,15,2,44,-29.5,10.3,143.8,9.81,42.69,64.94,Overcast / Moderate,19.63,0.0,15.0,4.2
2025-01-15 21:00:00,2025,1,15,21,15,2,44,-29.0,9.6,81.4,5.51,31.55,61.28,Overcast / Moderate,19.63,0.0,24.96,6.99
2025-01-15 22:00:00,2025,1,15,22,15,2,45,-30.9,14.9,49.5,3.44,80.0,56.7,High Wind Surge,31.93,-26.74,0.0,0.0
2025-01-15 23:00:00,2025,1,15,23,15,2,42,-32.9,12.2,0.0,0.0,80.0,63.48,Severe Sub-Zero Cold,39.53,-16.52,0.0,0.0
2025-01-16 00:00:00,2025,1,16,0,16,3,46,-33.9,5.1,0.0,0.0,1.02,53.47,Severe Sub-Zero Cold,18.3,39.06,15.0,4.2
2025-01-16 01:00:00,2025,1,16,1,16,3,49,-34.7,5.4,0.0,0.0,1.52,61.72,Severe Sub-Zero Cold,18.3,0.0,63.6,17.81
2025-01-16 02:00:00,2025,1,16,2,16,3,44,-34.6,8.7,44.0,3.07,20.32,54.74,Severe Sub-Zero Cold,18.3,0.0,34.75,9.73
2025-01-16 03:00:00,2025,1,16,3,16,3,46,-35.5,3.0,85.2,5.91,0.0,62.29,Severe Sub-Zero Cold,18.3,0.0,59.78,16.74
2025-01-16 04:00:00,2025,1,16,4,16,3,47,-33.9,4.7,127.7,8.72,0.54,58.7,Severe Sub-Zero Cold,18.3,0.0,52.84,14.79
2025-01-16 05:00:00,2025,1,16,5,16,3,43,-33.4,2.8,206.3,14.21,0.0,51.89,Severe Sub-Zero Cold,18.3,0.0,41.08,11.5
2025-01-16 06:00:00,2025,1,16,6,16,3,45,-33.2,5.9,246.6,16.77,2.68,62.22,Severe Sub-Zero Cold,18.3,0.0,46.17,12.93
2025-01-16 07:00:00,2025,1,16,7,16,3,45,-32.2,6.8,350.5,24.1,6.02,61.53,Severe Sub-Zero Cold,18.3,0.0,34.81,9.75
2025-01-16 08:00:00,2025,1,16,8,16,3,45,-31.3,3.8,473.5,32.99,0.06,66.45,Severe Sub-Zero Cold,18.3,0.0,36.8,10.3
2025-01-16 09:00:00,2025,1,16,9,16,3,42,-29.6,1.3,380.0,25.37,0.0,59.32,Overcast / Moderate,18.3,0.0,37.35,10.46
2025-01-16 10:00:00,2025,1,16,10,16,3,45,-29.2,8.4,507.2,34.53,17.28,61.34,Clear Solar Day,18.3,0.0,15.0,4.2
2025-01-16 11:00:00,2025,1,16,11,16,3,46,-28.0,1.2,444.8,29.62,0.0,56.24,Clear Solar Day,18.3,0.0,30.02,8.4
2025-01-16 12:00:00,2025,1,16,12,16,3,49,-28.7,13.9,397.6,26.22,80.0,64.57,Overcast / Moderate,36.7,-40.0,0.0,0.0
2025-01-16 13:00:00,2025,1,16,13,16,3,47,-29.2,3.9,550.1,37.58,0.08,61.76,Clear Solar Day,23.6,24.1,0.0,0.0
2025-01-16 14:00:00,2025,1,16,14,16,3,51,-29.7,7.8,537.4,36.88,12.14,64.04,Clear Solar Day,19.69,7.21,15.0,4.2
2025-01-16 15:00:00,2025,1,16,15,16,3,42,-30.2,5.7,515.3,35.6,2.16,61.97,Severe Sub-Zero Cold,19.69,0.0,24.84,6.95
2025-01-16 16:00:00,2025,1,16,16,16,3,47,-30.7,2.0,416.2,28.5,0.0,60.2,Severe Sub-Zero Cold,19.69,0.0,32.33,9.05
2025-01-16 17:00:00,2025,1,16,17,16,3,45,-30.5,6.1,308.2,20.81,3.27,65.2,Severe Sub-Zero Cold,19.69,0.0,41.75,11.69
2025-01-16 18:00:00,2025,1,16,18,16,3,51,-29.9,6.4,290.0,19.91,4.31,63.7,Overcast / Moderate,19.69,0.0,40.11,11.23
2025-01-16 19:00:00,2025,1,16,19,16,3,42,-30.1,10.3,155.9,10.36,42.69,67.87,Severe Sub-Zero Cold,19.69,0.0,15.45,4.33
2025-01-16 20:00:00,2025,1,16,20,16,3,42,-30.4,8.6,118.3,7.94,19.27,61.16,Severe Sub-Zero Cold,19.69,0.0,34.58,9.68
2025-01-16 21:00:00,2025,1,16,21,16,3,43,-31.8,2.3,74.3,5.03,0.0,62.78,Severe Sub-Zero Cold,19.69,0.0,58.38,16.35
2025-01-16 22:00:00,2025,1,16,22,16,3,38,-32.3,3.8,37.0,2.51,0.06,53.94,Severe Sub-Zero Cold,19.69,0.0,52.0,14.56
2025-01-16 23:00:00,2025,1,16,23,16,3,43,-34.3,4.7,0.0,0.0,0.54,55.86,Severe Sub-Zero Cold,19.69,0.0,55.95,15.67
2025-01-17 00:00:00,2025,1,17,0,17,4,42,-34.9,2.8,0.0,0.0,0.0,62.33,Severe Sub-Zero Cold,19.69,0.0,62.96,17.63
2025-01-17 01:00:00,2025,1,17,1,17,4,45,-35.5,5.9,0.0,0.0,2.68,63.88,Severe Sub-Zero Cold,19.69,0.0,61.83,17.31
2025-01-17 02:00:00,2025,1,17,2,17,4,46,-36.3,14.8,24.1,1.6,80.0,60.62,High Wind Surge,29.34,-20.98,0.0,0.0
2025-01-17 03:00:00,2025,1,17,3,17,4,50,-36.0,6.4,59.1,3.97,4.31,62.97,Severe Sub-Zero Cold,19.19,18.67,36.02,10.08
2025-01-17 04:00:00,2025,1,17,4,17,4,47,-35.3,8.7,112.4,7.62,20.32,64.61,Severe Sub-Zero Cold,19.19,0.0,38.29,10.72
2025-01-17 05:00:00,2025,1,17,5,17,4,43,-34.0,8.0,202.3,13.95,13.72,60.4,Severe Sub-Zero Cold,19.19,0.0,34.35,9.62
2025-01-17 06:00:00,2025,1,17,6,17,4,42,-33.0,10.2,259.9,17.78,40.96,59.92,Severe Sub-Zero Cold,19.19,0.0,15.0,4.2
2025-01-17 07:00:00,2025,1,17,7,17,4,46,-32.0,3.8,343.8,23.59,0.06,65.16,Severe Sub-Zero Cold,19.19,0.0,43.13,12.08
2025-01-17 08:00:00,2025,1,17,8,17,4,41,-31.3,8.8,421.1,28.94,21.41,61.06,Severe Sub-Zero Cold,19.19,0.0,15.0,4.2
2025-01-17 09:00:00,2025,1,17,9,17,4,50,-31.3,10.8,403.8,27.25,52.08,66.77,Severe Sub-Zero Cold,24.97,-12.56,0.0,0.0
2025-01-17 10:00:00,2025,1,17,10,17,4,48,-30.9,3.4,544.0,37.52,0.01,69.48,Severe Sub-Zero Cold,19.57,9.93,22.02,6.17
2025-01-17 11:00:00,2025,1,17,11,17,4,43,-30.1,5.0,607.1,42.08,0.88,61.18,Severe Sub-Zero Cold,19.57,0.0,19.08,5.34
2025-01-17 12:00:00,2025,1,17,12,17,4,39,-29.4,13.6,562.2,38.46,80.0,62.74,Clear Solar Day,37.97,-40.0,0.0,0.0
2025-01-17 13:00:00,2025,1,17,13,17,4,49,-28.6,9.1,484.4,32.6,24.91,63.89,Clear Solar Day,34.5,6.38,0.0,0.0
2025-01-17 14:00:00,2025,1,17,14,17,4,44,-28.5,4.4,407.5,27.09,0.3,60.15,Clear Solar Day,18.74,29.0,15.0,4.2
2025-01-17 15:00:00,2025,1,17,15,17,4,48,-28.1,6.9,373.2,24.79,6.51,64.95,Overcast / Moderate,18.74,0.0,36.17,10.13
2025-01-17 16:00:00,2025,1,17,16,17,4,40,-27.9,5.5,473.9,32.75,1.71,61.74,Clear Solar Day,18.74,0.0,29.8,8.34
2025-01-17 17:00:00,2025,1,17,17,17,4,43,-27.8,6.2,328.4,22.18,3.6,62.21,Overcast / Moderate,18.74,0.0,38.95,10.91
2025-01-17 18:00:00,2025,1,17,18,17,4,45,-28.3,5.1,291.8,19.98,1.02,66.2,Overcast / Moderate,18.74,0.0,47.72,13.36
2025-01-17 19:00:00,2025,1,17,19,17,4,45,-29.5,4.4,188.6,12.76,0.3,67.31,Overcast / Moderate,18.74,0.0,56.77,15.9
2025-01-17 20:00:00,2025,1,17,20,17,4,43,-30.4,7.9,94.2,6.21,12.91,62.84,Severe Sub-Zero Cold,18.74,0.0,46.24,12.95
2025-01-17 21:00:00,2025,1,17,21,17,4,46,-31.5,9.1,59.6,3.96,24.91,64.31,Severe Sub-Zero Cold,18.74,0.0,37.96,10.63
2025-01-17 22:00:00,2025,1,17,22,17,4,41,-32.3,10.6,43.1,3.0,48.17,54.4,Severe Sub-Zero Cold,18.74,0.0,15.0,4.2
2025-01-17 23:00:00,2025,1,17,23,17,4,44,-33.3,3.2,0.0,0.0,0.0,63.19,Severe Sub-Zero Cold,18.74,0.0,65.71,18.4
2025-01-18 00:00:00,2025,1,18,0,18,5,45,-35.0,9.7,0.0,0.0,33.01,60.67,Severe Sub-Zero Cold,18.74,0.0,30.18,8.45
2025-01-18 01:00:00,2025,1,18,1,18,5,46,-35.3,4.2,0.0,0.0,0.19,59.77,Severe Sub-Zero Cold,18.74,0.0,62.1,17.39
2025-01-18 02:00:00,2025,1,18,2,18,5,47,-34.5,5.7,41.2,2.9,2.16,58.57,Severe Sub-Zero Cold,18.74,0.0,56.03,15.69
2025-01-18 03:00:00,2025,1,18,3,18,5,41,-34.8,11.2,73.7,5.06,60.51,57.5,Severe Sub-Zero Cold,22.45,-8.07,0.0,0.0
2025-01-18 04:00:00,2025,1,18,4,18,5,40,-34.3,5.9,120.1,8.19,2.68,63.66,Severe Sub-Zero Cold,19.79,4.9,47.89,13.41
2025-01-18 05:00:00,2025,1,18,5,18,5,48,-34.6,3.6,217.9,15.2,0.02,63.44,Severe Sub-Zero Cold,19.79,0.0,48.65,13.62
2025-01-18 06:00:00,2025,1,18,6,18,5,45,-32.9,3.3,193.4,12.87,0.0,55.56,Severe Sub-Zero Cold,19.79,0.0,43.12,12.07
2025-01-18 07:00:00,2025,1,18,7,18,5,42,-32.8,6.1,288.6,19.5,3.27,60.54,Severe Sub-Zero Cold,19.79,0.0,38.2,10.69
2025-01-18 08:00:00,2025,1,18,8,18,5,49,-33.3,8.9,452.7,31.56,22.54,67.27,Severe Sub-Zero Cold,19.79,0.0,15.0,4.2
2025-01-18 09:00:00,2025,1,18,9,18,5,45,-32.3,17.4,451.8,30.94,80.0,62.28,High Wind Surge,38.19,-40.0,0.0,0.0
2025-01-18 10:00:00,2025,1,18,10,18,5,48,-32.4,9.2,553.5,38.42,26.15,65.31,Severe Sub-Zero Cold,37.78,0.74,0.0,0.0
2025-01-18 11:00:00,2025,1,18,11,18,5,45,-31.8,12.5,498.8,33.96,80.0,68.33,Severe Sub-Zero Cold,56.18,-40.0,0.0,0.0
2025-01-18 12:00:00,2025,1,18,12,18,5,51,-32.2,12.5,619.8,43.23,80.0,69.5,Severe Sub-Zero Cold,74.58,-40.0,0.0,0.0
2025-01-18 13:00:00,2025,1,18,13,18,5,50,-31.3,16.6,591.7,41.03,80.0,61.53,High Wind Surge,92.98,-40.0,0.0,0.0
2025-01-18 14:00:00,2025,1,18,14,18,5,44,-30.5,9.6,522.0,35.81,31.55,60.6,Severe Sub-Zero Cold,94.84,-4.03,0.0,0.0
2025-01-18 15:00:00,2025,1,18,15,18,5,47,-30.1,20.9,274.8,17.91,80.0,64.48,High Wind Surge,94.99,-0.32,0.0,0.0
2025-01-18 16:00:00,2025,1,18,16,18,5,46,-31.0,16.0,446.3,30.88,80.0,67.02,High Wind Surge,95.0,-0.03,0.0,0.0
2025-01-18 17:00:00,2025,1,18,17,18,5,49,-30.7,23.7,190.3,12.37,80.0,62.96,Blizzard / Extreme Storm,95.0,-0.0,0.0,0.0
2025-01-18 18:00:00,2025,1,18,18,18,5,42,-31.0,15.6,236.2,15.93,80.0,63.73,High Wind Surge,95.0,-0.0,0.0,0.0
2025-01-18 19:00:00,2025,1,18,19,18,5,47,-30.6,22.9,79.7,5.08,80.0,63.11,Blizzard / Extreme Storm,95.0,-0.0,0.0,0.0
2025-01-18 20:00:00,2025,1,18,20,18,5,48,-31.6,24.2,78.6,5.13,80.0,69.72,Blizzard / Extreme Storm,95.0,-0.0,0.0,0.0
2025-01-18 21:00:00,2025,1,18,21,18,5,39,-33.2,33.7,36.5,2.36,0.0,64.98,Blizzard / Extreme Storm,67.83,50.0,15.0,4.2
2025-01-18 22:00:00,2025,1,18,22,18,5,41,-32.4,26.1,12.4,0.79,0.0,57.56,Blizzard / Extreme Storm,40.65,50.0,15.0,4.2
2025-01-18 23:00:00,2025,1,18,23,18,5,38,-33.0,22.9,0.0,0.0,80.0,54.12,Blizzard / Extreme Storm,52.56,-25.88,0.0,0.0
2025-01-19 00:00:00,2025,1,19,0,19,6,44,-34.0,24.7,0.0,0.0,80.0,57.23,Blizzard / Extreme Storm,63.03,-22.77,0.0,0.0
2025-01-19 01:00:00,2025,1,19,1,19,6,47,-36.3,23.2,0.0,0.0,80.0,55.94,Blizzard / Extreme Storm,74.1,-24.06,0.0,0.0
2025-01-19 02:00:00,2025,1,19,2,19,6,49,-35.1,21.5,11.5,0.74,80.0,62.46,High Wind Surge,82.51,-18.28,0.0,0.0
2025-01-19 03:00:00,2025,1,19,3,19,6,45,-33.4,21.7,49.6,3.28,80.0,61.32,High Wind Surge,92.61,-21.96,0.0,0.0
2025-01-19 04:00:00,2025,1,19,4,19,6,49,-35.2,21.0,64.7,4.22,80.0,63.64,High Wind Surge,94.81,-4.78,0.0,0.0
2025-01-19 05:00:00,2025,1,19,5,19,6,40,-35.5,23.2,128.3,8.53,80.0,58.62,Blizzard / Extreme Storm,94.98,-0.38,0.0,0.0
2025-01-19 06:00:00,2025,1,19,6,19,6,39,-33.7,26.9,116.5,7.52,0.0,61.8,Blizzard / Extreme Storm,67.81,50.0,15.0,4.2
2025-01-19 07:00:00,2025,1,19,7,19,6,44,-32.6,26.0,159.0,10.27,0.0,68.66,Blizzard / Extreme Storm,40.64,50.0,15.0,4.2
2025-01-19 08:00:00,2025,1,19,8,19,6,46,-33.3,15.3,446.8,31.12,80.0,64.26,High Wind Surge,59.04,-40.0,0.0,0.0
2025-01-19 09:00:00,2025,1,19,9,19,6,44,-33.7,14.3,414.3,28.23,80.0,68.48,High Wind Surge,77.32,-39.75,0.0,0.0
2025-01-19 10:00:00,2025,1,19,10,19,6,38,-32.4,14.7,417.8,28.15,80.0,62.82,High Wind Surge,93.59,-35.36,0.0,0.0
2025-01-19 11:00:00,2025,1,19,11,19,6,44,-32.5,13.2,378.0,25.13,80.0,63.31,Severe Sub-Zero Cold,94.89,-2.83,0.0,0.0
2025-01-19 12:00:00,2025,1,19,12,19,6,41,-32.4,9.8,559.0,38.55,34.51,66.59,Severe Sub-Zero Cold,94.99,-0.23,0.0,0.0
2025-01-19 13:00:00,2025,1,19,13,19,6,47,-32.7,10.9,551.3,38.06,54.11,62.8,Severe Sub-Zero Cold,95.0,-0.02,0.0,0.0
2025-01-19 14:00:00,2025,1,19,14,19,6,46,-32.0,10.8,438.1,29.62,52.08,61.23,Severe Sub-Zero Cold,95.0,-0.0,0.0,0.0
2025-01-19 15:00:00,2025,1,19,15,19,6,42,-31.2,8.9,436.3,29.7,22.54,61.97,Severe Sub-Zero Cold,89.71,9.73,0.0,0.0
2025-01-19 16:00:00,2025,1,19,16,19,6,43,-31.4,6.7,324.6,21.74,5.56,62.89,Severe Sub-Zero Cold,70.37,35.59,0.0,0.0
2025-01-19 17:00:00,2025,1,19,17,19,6,41,-31.1,4.9,321.9,21.91,0.75,58.43,Severe Sub-Zero Cold,50.93,35.77,0.0,0.0
2025-01-19 18:00:00,2025,1,19,18,19,6,44,-31.3,8.3,300.1,20.83,16.34,64.95,Severe Sub-Zero Cold,35.83,27.78,0.0,0.0
2025-01-19 19:00:00,2025,1,19,19,19,6,47,-30.3,9.8,175.4,11.83,34.51,62.07,Severe Sub-Zero Cold,27.28,15.73,0.0,0.0
2025-01-19 20:00:00,2025,1,19,20,19,6,42,-31.3,5.0,100.1,6.67,0.88,59.76,Severe Sub-Zero Cold,19.37,14.57,37.64,10.54
2025-01-19 21:00:00,2025,1,19,21,19,6,46,-31.7,2.4,67.1,4.54,0.0,66.35,Severe Sub-Zero Cold,19.37,0.0,63.08,17.66
2025-01-19 22:00:00,2025,1,19,22,19,6,43,-30.7,4.6,32.1,2.19,0.45,56.12,Severe Sub-Zero Cold,19.37,0.0,54.75,15.33
2025-01-19 23:00:00,2025,1,19,23,19,6,42,-30.6,3.0,0.0,0.0,0.0,59.55,Severe Sub-Zero Cold,19.37,0.0,60.82,17.03
2025-01-20 00:00:00,2025,1,20,0,20,0,44,-32.3,6.0,0.0,0.0,2.96,59.76,Severe Sub-Zero Cold,19.37,0.0,58.07,16.26
2025-01-20 01:00:00,2025,1,20,1,20,0,41,-33.3,3.2,0.0,0.0,0.0,58.23,Severe Sub-Zero Cold,19.37,0.0,59.5,16.66
2025-01-20 02:00:00,2025,1,20,2,20,0,43,-33.1,6.0,26.7,1.82,2.96,61.74,Severe Sub-Zero Cold,19.37,0.0,58.23,16.3
2025-01-20 03:00:00,2025,1,20,3,20,0,41,-34.0,3.9,80.8,5.64,0.08,60.3,Severe Sub-Zero Cold,19.37,0.0,55.85,15.64
2025-01-20 04:00:00,2025,1,20,4,20,0,50,-34.2,8.6,102.5,6.91,19.27,61.27,Severe Sub-Zero Cold,19.37,0.0,36.36,10.18
2025-01-20 05:00:00,2025,1,20,5,20,0,45,-35.1,1.4,221.1,15.52,0.0,62.2,Severe Sub-Zero Cold,19.37,0.0,47.95,13.43
2025-01-20 06:00:00,2025,1,20,6,20,0,42,-35.1,6.8,278.4,19.36,6.02,61.65,Severe Sub-Zero Cold,19.37,0.0,37.54,10.51
2025-01-20 07:00:00,2025,1,20,7,20,0,45,-34.4,3.4,263.7,17.76,0.01,63.66,Severe Sub-Zero Cold,19.37,0.0,47.16,13.2
2025-01-20 08:00:00,2025,1,20,8,20,0,44,-34.3,0.3,434.8,30.29,0.0,71.87,Severe Sub-Zero Cold,19.37,0.0,42.85,12.0
2025-01-20 09:00:00,2025,1,20,9,20,0,44,-34.0,10.5,419.2,28.63,46.3,65.92,Severe Sub-Zero Cold,23.51,-9.01,0.0,0.0
2025-01-20 10:00:00,2025,1,20,10,20,0,46,-35.0,7.9,575.2,40.43,12.91,67.42,Severe Sub-Zero Cold,19.69,7.02,15.0,4.2
2025-01-20 11:00:00,2025,1,20,11,20,0,47,-33.5,2.6,478.3,32.59,0.0,62.03,Severe Sub-Zero Cold,19.69,0.0,30.05,8.41
2025-01-20 12:00:00,2025,1,20,12,20,0,43,-32.2,7.8,563.4,38.88,12.14,64.38,Severe Sub-Zero Cold,19.69,0.0,15.0,4.2
2025-01-20 13:00:00,2025,1,20,13,20,0,43,-31.5,7.3,473.5,32.07,8.73,63.96,Severe Sub-Zero Cold,19.69,0.0,23.77,6.66
2025-01-20 14:00:00,2025,1,20,14,20,0,44,-30.9,6.1,521.8,35.86,3.27,60.55,Severe Sub-Zero Cold,19.69,0.0,22.03,6.17
2025-01-20 15:00:00,2025,1,20,15,20,0,38,-30.4,5.6,433.2,29.42,1.93,58.37,Severe Sub-Zero Cold,19.69,0.0,27.63,7.74
2025-01-20 16:00:00,2025,1,20,16,20,0,40,-28.7,10.9,395.1,26.83,54.11,58.14,Overcast / Moderate,30.18,-22.8,0.0,0.0
2025-01-20 17:00:00,2025,1,20,17,20,0,49,-29.6,4.1,292.9,19.68,0.15,63.45,Overcast / Moderate,19.11,20.37,23.25,6.51
2025-01-20 18:00:00,2025,1,20,18,20,0,49,-29.6,5.4,289.8,19.96,1.52,64.72,Overcast / Moderate,19.11,0.0,45.01,12.6
2025-01-20 19:00:00,2025,1,20,19,20,0,44,-31.4,4.8,186.8,12.74,0.64,63.25,Severe Sub-Zero Cold,19.11,0.0,51.64,14.46
2025-01-20 20:00:00,2025,1,20,20,20,0,46,-32.4,9.0,146.6,10.22,23.7,66.0,Severe Sub-Zero Cold,19.11,0.0,33.85,9.48
2025-01-20 21:00:00,2025,1,20,21,20,0,45,-33.6,11.6,87.1,6.13,69.8,67.49,Severe Sub-Zero Cold,23.0,-8.44,0.0,0.0
2025-01-20 22:00:00,2025,1,20,22,20,0,54,-34.4,10.2,26.2,1.78,40.96,63.68,Severe Sub-Zero Cold,19.74,5.99,15.0,4.2
2025-01-20 23:00:00,2025,1,20,23,20,0,48,-34.2,9.4,0.0,0.0,28.77,61.8,Severe Sub-Zero Cold,19.74,0.0,33.55,9.39
2025-01-21 00:00:00,2025,1,21,0,21,1,44,-35.1,15.1,0.0,0.0,80.0,61.43,High Wind Surge,28.28,-18.57,0.0,0.0
2025-01-21 01:00:00,2025,1,21,1,21,1,42,-35.2,8.2,0.0,0.0,15.43,61.08,Severe Sub-Zero Cold,19.28,16.56,29.09,8.14
2025-01-21 02:00:00,2025,1,21,2,21,1,40,-35.1,8.8,0.0,0.0,21.41,59.49,Severe Sub-Zero Cold,19.28,0.0,39.52,11.07
2025-01-21 03:00:00,2025,1,21,3,21,1,45,-35.0,14.6,52.9,3.56,80.0,59.2,High Wind Surge,30.49,-24.36,0.0,0.0
2025-01-21 04:00:00,2025,1,21,4,21,1,42,-35.3,0.7,119.7,8.23,0.0,60.2,Severe Sub-Zero Cold,19.09,20.97,31.0,8.68
2025-01-21 05:00:00,2025,1,21,5,21,1,40,-35.6,7.5,154.3,10.45,10.0,61.87,Severe Sub-Zero Cold,19.09,0.0,43.24,12.11
2025-01-21 06:00:00,2025,1,21,6,21,1,43,-34.6,8.6,250.9,17.24,19.27,61.74,Severe Sub-Zero Cold,19.09,0.0,27.05,7.57
2025-01-21 07:00:00,2025,1,21,7,21,1,41,-34.5,11.6,353.0,24.54,69.8,66.36,Severe Sub-Zero Cold,31.96,-27.98,0.0,0.0
2025-01-21 08:00:00,2025,1,21,8,21,1,50,-34.3,10.8,374.9,25.7,52.08,66.87,Severe Sub-Zero Cold,36.98,-10.91,0.0,0.0
2025-01-21 09:00:00,2025,1,21,9,21,1,47,-32.3,10.0,363.6,24.4,37.64,64.98,Severe Sub-Zero Cold,35.38,2.94,0.0,0.0
2025-01-21 10:00:00,2025,1,21,10,21,1,44,-32.2,12.5,534.3,36.97,80.0,63.87,Severe Sub-Zero Cold,53.78,-40.0,0.0,0.0
2025-01-21 11:00:00,2025,1,21,11,21,1,49,-31.8,6.6,325.1,21.34,5.12,64.32,Severe Sub-Zero Cold,33.2,37.86,0.0,0.0
2025-01-21 12:00:00,2025,1,21,12,21,1,45,-31.9,0.7,569.2,39.32,0.0,66.76,Severe Sub-Zero Cold,18.85,26.41,15.0,4.2
2025-01-21 13:00:00,2025,1,21,13,21,1,42,-30.8,0.9,466.3,31.49,0.0,58.06,Severe Sub-Zero Cold,18.85,0.0,28.87,8.08
2025-01-21 14:00:00,2025,1,21,14,21,1,49,-30.5,6.7,597.8,41.77,5.56,69.92,Severe Sub-Zero Cold,18.85,0.0,24.89,6.97
2025-01-21 15:00:00,2025,1,21,15,21,1,46,-32.0,5.7,334.3,22.25,2.16,70.13,Severe Sub-Zero Cold,18.85,0.0,48.02,13.44
2025-01-21 16:00:00,2025,1,21,16,21,1,41,-30.1,5.9,436.4,30.11,2.68,61.91,Severe Sub-Zero Cold,18.85,0.0,31.42,8.8
2025-01-21 17:00:00,2025,1,21,17,21,1,44,-29.6,5.5,375.0,25.93,1.71,63.47,Overcast / Moderate,18.85,0.0,38.13,10.68
2025-01-21 18:00:00,2025,1,21,18,21,1,42,-31.2,11.6,267.1,18.32,69.8,65.08,Severe Sub-Zero Cold,29.45,-23.04,0.0,0.0
2025-01-21 19:00:00,2025,1,21,19,21,1,40,-30.5,5.1,209.2,14.44,1.02,59.85,Severe Sub-Zero Cold,19.18,18.9,25.49,7.14
2025-01-21 20:00:00,2025,1,21,20,21,1,47,-30.1,10.3,116.9,7.91,42.69,65.29,Severe Sub-Zero Cold,19.18,0.0,16.33,4.57
2025-01-21 21:00:00,2025,1,21,21,21,1,50,-30.5,11.2,63.6,4.3,60.51,68.51,Severe Sub-Zero Cold,19.18,0.0,15.0,4.2
2025-01-21 22:00:00,2025,1,21,22,21,1,40,-33.2,6.3,0.0,0.0,3.94,53.93,Severe Sub-Zero Cold,19.18,0.0,51.63,14.46
2025-01-21 23:00:00,2025,1,21,23,21,1,46,-33.3,5.8,0.0,0.0,2.41,56.19,Severe Sub-Zero Cold,19.18,0.0,55.42,15.52
2025-01-22 00:00:00,2025,1,22,0,22,2,43,-32.8,8.9,0.0,0.0,22.54,60.65,Severe Sub-Zero Cold,19.18,0.0,39.75,11.13
2025-01-22 01:00:00,2025,1,22,1,22,2,43,-35.2,8.3,0.0,0.0,16.34,59.9,Severe Sub-Zero Cold,19.18,0.0,45.2,12.66
2025-01-22 02:00:00,2025,1,22,2,22,2,43,-34.8,4.8,0.0,0.0,0.64,59.31,Severe Sub-Zero Cold,19.18,0.0,60.31,16.89
2025-01-22 03:00:00,2025,1,22,3,22,2,42,-34.8,2.6,61.7,4.22,0.0,59.24,Severe Sub-Zero Cold,19.18,0.0,56.66,15.87
2025-01-22 04:00:00,2025,1,22,4,22,2,45,-33.3,4.3,101.6,6.85,0.24,56.76,Severe Sub-Zero Cold,19.18,0.0,51.31,14.37
2025-01-22 05:00:00,2025,1,22,5,22,2,42,-32.8,2.9,197.0,13.6,0.0,57.53,Severe Sub-Zero Cold,19.18,0.0,45.57,12.76
2025-01-22 06:00:00,2025,1,22,6,22,2,45,-33.0,4.5,291.2,20.3,0.37,56.05,Severe Sub-Zero Cold,19.18,0.0,37.02,10.37
2025-01-22 07:00:00,2025,1,22,7,22,2,44,-30.8,4.3,336.4,23.05,0.24,66.63,Severe Sub-Zero Cold,19.18,0.0,44.98,12.6
2025-01-22 08:00:00,2025,1,22,8,22,2,44,-31.8,7.6,451.8,31.47,10.68,64.44,Severe Sub-Zero Cold,19.18,0.0,23.93,6.7
2025-01-22 09:00:00,2025,1,22,9,22,2,42,-32.0,12.8,397.6,26.9,80.0,63.83,Severe Sub-Zero Cold,37.58,-40.0,0.0,0.0
2025-01-22 10:00:00,2025,1,22,10,22,2,43,-32.6,8.0,594.7,41.77,13.72,66.02,Severe Sub-Zero Cold,31.86,10.53,0.0,0.0
2025-01-22 11:00:00,2025,1,22,11,22,2,47,-32.5,11.8,545.0,37.61,74.78,72.64,Severe Sub-Zero Cold,50.14,-39.75,0.0,0.0
2025-01-22 12:00:00,2025,1,22,12,22,2,46,-31.7,9.2,434.2,29.15,26.15,62.09,Severe Sub-Zero Cold,46.45,6.79,0.0,0.0
2025-01-22 13:00:00,2025,1,22,13,22,2,42,-32.0,8.5,548.8,37.86,18.26,58.95,Severe Sub-Zero Cold,44.91,2.83,0.0,0.0
2025-01-22 14:00:00,2025,1,22,14,22,2,45,-30.7,5.6,561.2,38.94,1.93,63.55,Severe Sub-Zero Cold,32.59,22.68,0.0,0.0
2025-01-22 15:00:00,2025,1,22,15,22,2,47,-29.4,4.8,377.7,25.26,0.64,58.78,Overcast / Moderate,18.91,25.17,15.0,4.2
2025-01-22 16:00:00,2025,1,22,16,22,2,39,-29.6,10.1,409.4,28.02,39.28,59.87,Clear Solar Day,22.32,-7.43,0.0,0.0
2025-01-22 17:00:00,2025,1,22,17,22,2,46,-29.6,11.3,382.4,26.53,62.75,65.33,Overcast / Moderate,33.34,-23.95,0.0,0.0
2025-01-22 18:00:00,2025,1,22,18,22,2,43,-29.5,5.9,302.4,20.99,2.68,65.85,Overcast / Moderate,18.84,26.68,15.5,4.34
2025-01-22 19:00:00,2025,1,22,19,22,2,46,-31.2,0.8,186.4,12.74,0.0,60.43,Severe Sub-Zero Cold,18.84,0.0,50.01,14.0
2025-01-22 20:00:00,2025,1,22,20,22,2,42,-32.2,9.3,133.6,9.25,27.44,61.35,Severe Sub-Zero Cold,18.84,0.0,26.98,7.55
2025-01-22 21:00:00,2025,1,22,21,22,2,39,-32.6,4.5,41.9,2.76,0.37,63.88,Severe Sub-Zero Cold,18.84,0.0,63.07,17.66
2025-01-22 22:00:00,2025,1,22,22,22,2,40,-32.6,0.8,0.0,0.0,0.0,59.87,Severe Sub-Zero Cold,18.84,0.0,62.19,17.41
2025-01-22 23:00:00,2025,1,22,23,22,2,45,-33.1,9.5,0.0,0.0,30.14,61.45,Severe Sub-Zero Cold,18.84,0.0,33.63,9.42
2025-01-23 00:00:00,2025,1,23,0,23,3,45,-34.1,6.5,0.0,0.0,4.71,63.86,Severe Sub-Zero Cold,18.84,0.0,61.47,17.21
2025-01-23 01:00:00,2025,1,23,1,23,3,42,-32.9,8.0,0.0,0.0,13.72,60.46,Severe Sub-Zero Cold,18.84,0.0,49.06,13.74
2025-01-23 02:00:00,2025,1,23,2,23,3,46,-34.3,11.5,0.0,0.0,67.39,60.24,Severe Sub-Zero Cold,22.13,-7.15,0.0,0.0
2025-01-23 03:00:00,2025,1,23,3,23,3,40,-34.4,6.7,74.7,5.25,5.56,61.99,Severe Sub-Zero Cold,19.81,4.26,46.92,13.14
2025-01-23 04:00:00,2025,1,23,4,23,3,44,-33.3,6.3,144.2,10.14,3.94,59.54,Severe Sub-Zero Cold,19.81,0.0,45.83,12.83
2025-01-23 05:00:00,2025,1,23,5,23,3,41,-34.3,4.5,156.4,10.6,0.37,60.16,Severe Sub-Zero Cold,19.81,0.0,49.56,13.88
2025-01-23 06:00:00,2025,1,23,6,23,3,43,-34.0,4.6,249.7,17.16,0.45,58.44,Severe Sub-Zero Cold,19.81,0.0,41.2,11.54
2025-01-23 07:00:00,2025,1,23,7,23,3,45,-34.2,9.4,195.1,12.85,28.77,66.64,Severe Sub-Zero Cold,19.81,0.0,25.39,7.11
2025-01-23 08:00:00,2025,1,23,8,23,3,42,-32.7,5.9,258.9,17.11,2.68,60.01,Severe Sub-Zero Cold,19.81,0.0,40.59,11.37
2025-01-23 09:00:00,2025,1,23,9,23,3,43,-33.0,3.3,210.3,13.6,0.0,67.24,Severe Sub-Zero Cold,19.81,0.0,54.01,15.12
2025-01-23 10:00:00,2025,1,23,10,23,3,48,-33.3,2.5,510.4,35.27,0.0,64.09,Severe Sub-Zero Cold,19.81,0.0,29.19,8.17
2025-01-23 11:00:00,2025,1,23,11,23,3,43,-31.7,6.1,442.5,29.82,3.27,61.46,Severe Sub-Zero Cold,19.81,0.0,28.74,8.05
2025-01-23 12:00:00,2025,1,23,12,23,3,47,-30.4,6.0,550.1,37.74,2.96,58.28,Severe Sub-Zero Cold,19.81,0.0,17.95,5.03
2025-01-23 13:00:00,2025,1,23,13,23,3,41,-30.6,7.7,339.8,22.32,11.39,60.11,Severe Sub-Zero Cold,19.81,0.0,26.77,7.5
2025-01-23 14:00:00,2025,1,23,14,23,3,46,-29.8,6.1,492.4,33.58,3.27,60.9,Clear Solar Day,19.81,0.0,24.42,6.84
2025-01-23 15:00:00,2025,1,23,15,23,3,49,-28.5,3.1,415.8,28.03,0.0,63.9,Clear Solar Day,19.81,0.0,36.24,10.15
2025-01-23 16:00:00,2025,1,23,16,23,3,37,-28.2,6.4,340.4,22.77,4.31,55.74,Overcast / Moderate,19.81,0.0,29.03,8.13
2025-01-23 17:00:00,2025,1,23,17,23,3,42,-28.7,11.3,346.7,23.74,62.75,59.97,Overcast / Moderate,32.01,-26.52,0.0,0.0
2025-01-23 18:00:00,2025,1,23,18,23,3,46,-29.2,3.3,206.7,13.77,0.0,61.15,Overcast / Moderate,18.96,24.03,23.35,6.54
2025-01-23 19:00:00,2025,1,23,19,23,3,44,-27.9,8.1,167.5,11.24,14.56,56.78,Overcast / Moderate,18.96,0.0,33.07,9.26
2025-01-23 20:00:00,2025,1,23,20,23,3,46,-27.9,7.1,114.9,7.76,7.56,62.47,Overcast / Moderate,18.96,0.0,49.24,13.79
2025-01-23 21:00:00,2025,1,23,21,23,3,43,-29.6,8.7,74.0,5.13,20.32,61.56,Overcast / Moderate,18.96,0.0,38.2,10.7
2025-01-23 22:00:00,2025,1,23,22,23,3,45,-30.0,3.2,0.0,0.0,0.0,57.2,Severe Sub-Zero Cold,18.96,0.0,59.29,16.6
2025-01-23 23:00:00,2025,1,23,23,23,3,44,-30.8,12.3,0.0,0.0,80.0,59.56,Severe Sub-Zero Cold,28.36,-20.44,0.0,0.0
2025-01-24 00:00:00,2025,1,24,0,24,4,48,-31.6,7.4,0.0,0.0,9.35,58.96,Severe Sub-Zero Cold,19.27,16.72,32.89,9.21
2025-01-24 01:00:00,2025,1,24,1,24,4,45,-33.5,10.1,0.0,0.0,39.28,58.89,Severe Sub-Zero Cold,19.27,0.0,21.06,5.9
2025-01-24 02:00:00,2025,1,24,2,24,4,46,-35.0,4.1,0.0,0.0,0.15,63.37,Severe Sub-Zero Cold,19.27,0.0,64.67,18.11
2025-01-24 03:00:00,2025,1,24,3,24,4,43,-35.2,8.6,64.9,4.52,19.27,59.76,Severe Sub-Zero Cold,19.27,0.0,37.42,10.48
2025-01-24 04:00:00,2025,1,24,4,24,4,43,-36.1,9.2,110.1,7.58,26.15,59.99,Severe Sub-Zero Cold,19.27,0.0,27.71,7.76
2025-01-24 05:00:00,2025,1,24,5,24,4,43,-36.5,5.4,163.4,11.2,1.52,63.22,Severe Sub-Zero Cold,19.27,0.0,51.95,14.55
2025-01-24 06:00:00,2025,1,24,6,24,4,46,-36.4,5.3,254.7,17.67,1.34,60.16,Severe Sub-Zero Cold,19.27,0.0,42.6,11.93
2025-01-24 07:00:00,2025,1,24,7,24,4,43,-35.4,7.8,252.6,17.04,12.14,69.37,Severe Sub-Zero Cold,19.27,0.0,41.64,11.66
2025-01-24 08:00:00,2025,1,24,8,24,4,45,-34.6,2.5,381.7,26.29,0.0,66.95,Severe Sub-Zero Cold,19.27,0.0,42.11,11.79
2025-01-24 09:00:00,2025,1,24,9,24,4,51,-34.4,8.6,469.2,32.56,19.27,72.4,Severe Sub-Zero Cold,19.27,0.0,22.02,6.17
2025-01-24 10:00:00,2025,1,24,10,24,4,47,-34.4,1.7,550.3,38.5,0.0,66.94,Severe Sub-Zero Cold,19.27,0.0,29.89,8.37
2025-01-24 11:00:00,2025,1,24,11,24,4,44,-33.0,3.6,483.1,32.97,0.02,67.37,Severe Sub-Zero Cold,19.27,0.0,35.83,10.03
2025-01-24 12:00:00,2025,1,24,12,24,4,48,-32.7,7.8,452.1,30.57,12.14,62.07,Severe Sub-Zero Cold,19.27,0.0,20.81,5.83
2025-01-24 13:00:00,2025,1,24,13,24,4,43,-31.4,2.5,420.4,28.18,0.0,66.66,Severe Sub-Zero Cold,19.27,0.0,39.93,11.18
2025-01-24 14:00:00,2025,1,24,14,24,4,38,-31.0,13.7,512.2,35.22,80.0,63.15,Severe Sub-Zero Cold,37.67,-40.0,0.0,0.0
2025-01-24 15:00:00,2025,1,24,15,24,4,41,-29.6,10.5,424.5,28.78,46.3,59.8,Clear Solar Day,44.7,-15.28,0.0,0.0
2025-01-24 16:00:00,2025,1,24,16,24,4,39,-27.9,7.4,427.2,29.3,9.35,61.61,Clear Solar Day,32.22,22.96,0.0,0.0
2025-01-24 17:00:00,2025,1,24,17,24,4,43,-28.5,9.7,321.7,21.85,33.01,58.11,Overcast / Moderate,30.46,3.25,0.0,0.0
2025-01-24 18:00:00,2025,1,24,18,24,4,45,-28.6,10.9,185.5,12.23,54.11,60.81,Overcast / Moderate,33.0,-5.53,0.0,0.0
2025-01-24 19:00:00,2025,1,24,19,24,4,50,-29.2,4.2,210.4,14.57,0.19,62.11,Overcast / Moderate,18.87,26.0,21.35,5.98
2025-01-24 20:00:00,2025,1,24,20,24,4,45,-29.5,10.2,105.8,7.13,40.96,65.02,Overcast / Moderate,18.87,0.0,19.19,5.37
2025-01-24 21:00:00,2025,1,24,21,24,4,44,-30.5,3.6,58.1,3.95,0.02,66.25,Severe Sub-Zero Cold,18.87,0.0,64.54,18.07
2025-01-24 22:00:00,2025,1,24,22,24,4,47,-31.1,5.6,0.0,0.0,1.93,57.23,Severe Sub-Zero Cold,18.87,0.0,57.56,16.12
2025-01-24 23:00:00,2025,1,24,23,24,4,38,-31.6,6.8,0.0,0.0,6.02,53.63,Severe Sub-Zero Cold,18.87,0.0,49.87,13.96
2025-01-25 00:00:00,2025,1,25,0,25,5,45,-31.8,8.3,0.0,0.0,16.34,56.01,Severe Sub-Zero Cold,18.87,0.0,41.93,11.74
2025-01-25 01:00:00,2025,1,25,1,25,5,47,-32.7,1.4,0.0,0.0,0.0,59.78,Severe Sub-Zero Cold,18.87,0.0,62.04,17.37
2025-01-25 02:00:00,2025,1,25,2,25,5,40,-33.8,4.5,0.0,0.0,0.37,58.96,Severe Sub-Zero Cold,18.87,0.0,60.85,17.04
2025-01-25 03:00:00,2025,1,25,3,25,5,48,-33.8,7.3,44.3,2.97,8.73,59.74,Severe Sub-Zero Cold,18.87,0.0,50.3,14.08
2025-01-25 04:00:00,2025,1,25,4,25,5,46,-33.8,5.1,122.9,8.54,1.02,58.09,Severe Sub-Zero Cold,18.87,0.0,50.79,14.22
2025-01-25 05:00:00,2025,1,25,5,25,5,43,-33.3,9.1,136.3,9.12,24.91,63.22,Severe Sub-Zero Cold,18.87,0.0,31.45,8.81
2025-01-25 06:00:00,2025,1,25,6,25,5,46,-33.0,7.7,272.2,18.9,11.39,58.01,Severe Sub-Zero Cold,18.87,0.0,29.98,8.39
2025-01-25 07:00:00,2025,1,25,7,25,5,51,-32.7,4.0,232.5,15.48,0.11,65.12,Severe Sub-Zero Cold,18.87,0.0,51.79,14.5
2025-01-25 08:00:00,2025,1,25,8,25,5,45,-31.4,3.1,433.6,30.09,0.0,67.02,Severe Sub-Zero Cold,18.87,0.0,39.19,10.97
2025-01-25 09:00:00,2025,1,25,9,25,5,45,-30.5,7.5,385.2,25.93,10.0,62.77,Severe Sub-Zero Cold,18.87,0.0,29.1,8.15
2025-01-25 10:00:00,2025,1,25,10,25,5,43,-30.3,5.9,532.6,36.75,2.68,63.91,Severe Sub-Zero Cold,18.87,0.0,26.74,7.49
2025-01-25 11:00:00,2025,1,25,11,25,5,42,-30.2,3.4,517.1,35.32,0.01,60.02,Severe Sub-Zero Cold,18.87,0.0,26.95,7.55
2025-01-25 12:00:00,2025,1,25,12,25,5,47,-29.5,4.8,450.0,30.18,0.64,64.68,Clear Solar Day,18.87,0.0,36.12,10.11
2025-01-25 13:00:00,2025,1,25,13,25,5,42,-28.7,4.6,595.9,41.24,0.45,62.92,Clear Solar Day,18.87,0.0,23.49,6.58
2025-01-25 14:00:00,2025,1,25,14,25,5,45,-29.2,2.7,542.9,37.44,0.0,59.71,Clear Solar Day,18.87,0.0,24.53,6.87
2025-01-25 15:00:00,2025,1,25,15,25,5,43,-29.4,6.7,445.5,30.36,5.56,60.62,Clear Solar Day,18.87,0.0,26.96,7.55
2025-01-25 16:00:00,2025,1,25,16,25,5,46,-31.0,8.9,278.4,18.44,22.54,61.93,Severe Sub-Zero Cold,18.87,0.0,23.21,6.5
2025-01-25 17:00:00,2025,1,25,17,25,5,46,-30.7,7.0,294.1,19.91,7.02,62.65,Severe Sub-Zero Cold,18.87,0.0,37.98,10.63
2025-01-25 18:00:00,2025,1,25,18,25,5,48,-30.8,9.8,229.5,15.54,34.51,68.74,Severe Sub-Zero Cold,18.87,0.0,20.95,5.87
2025-01-25 19:00:00,2025,1,25,19,25,5,43,-31.1,2.9,161.4,10.92,0.0,63.87,Severe Sub-Zero Cold,18.87,0.0,55.21,15.46
2025-01-25 20:00:00,2025,1,25,20,25,5,44,-31.2,5.7,120.8,8.32,2.16,68.52,Severe Sub-Zero Cold,18.87,0.0,60.3,16.88
2025-01-25 21:00:00,2025,1,25,21,25,5,42,-31.7,7.3,46.1,3.09,8.73,67.04,Severe Sub-Zero Cold,18.87,0.0,57.48,16.09
2025-01-25 22:00:00,2025,1,25,22,25,5,43,-30.2,7.9,0.0,0.0,12.91,59.65,Severe Sub-Zero Cold,18.87,0.0,49.0,13.72
2025-01-25 23:00:00,2025,1,25,23,25,5,46,-30.2,8.1,0.0,0.0,14.56,61.1,Severe Sub-Zero Cold,18.87,0.0,48.8,13.66
2025-01-26 00:00:00,2025,1,26,0,26,6,47,-31.1,8.5,0.0,0.0,18.26,61.25,Severe Sub-Zero Cold,18.87,0.0,45.25,12.67
2025-01-26 01:00:00,2025,1,26,1,26,6,42,-31.9,7.7,0.0,0.0,11.39,62.15,Severe Sub-Zero Cold,18.87,0.0,53.02,14.85
2025-01-26 02:00:00,2025,1,26,2,26,6,47,-31.3,2.5,0.0,0.0,0.0,59.86,Severe Sub-Zero Cold,18.87,0.0,62.12,17.39
2025-01-26 03:00:00,2025,1,26,3,26,6,49,-32.5,8.1,41.1,2.75,14.56,61.54,Severe Sub-Zero Cold,18.87,0.0,46.49,13.02
2025-01-26 04:00:00,2025,1,26,4,26,6,46,-33.5,8.5,122.1,8.5,18.26,61.58,Severe Sub-Zero Cold,18.87,0.0,37.08,10.38
2025-01-26 05:00:00,2025,1,26,5,26,6,50,-33.4,16.2,135.5,9.08,80.0,59.62,High Wind Surge,32.42,-29.46,0.0,0.0
2025-01-26 06:00:00,2025,1,26,6,26,6,42,-32.5,8.1,254.6,17.54,14.56,60.45,Severe Sub-Zero Cold,18.92,24.84,15.0,4.2
2025-01-26 07:00:00,2025,1,26,7,26,6,41,-32.0,8.1,282.6,19.14,14.56,66.36,Severe Sub-Zero Cold,18.92,0.0,34.82,9.75
2025-01-26 08:00:00,2025,1,26,8,26,6,39,-33.0,6.4,241.5,15.91,4.31,61.77,Severe Sub-Zero Cold,18.92,0.0,43.71,12.24
2025-01-26 09:00:00,2025,1,26,9,26,6,49,-31.6,10.5,485.9,33.67,46.3,63.54,Severe Sub-Zero Cold,26.48,-16.43,0.0,0.0
2025-01-26 10:00:00,2025,1,26,10,26,6,46,-31.1,17.3,530.5,36.69,80.0,62.89,High Wind Surge,44.88,-40.0,0.0,0.0
2025-01-26 11:00:00,2025,1,26,11,26,6,44,-31.2,9.1,483.0,32.85,24.91,67.05,Severe Sub-Zero Cold,39.83,9.29,0.0,0.0
2025-01-26 12:00:00,2025,1,26,12,26,6,45,-31.7,7.3,559.5,38.66,8.73,63.78,Severe Sub-Zero Cold,30.92,16.39,0.0,0.0
2025-01-26 13:00:00,2025,1,26,13,26,6,41,-32.1,2.3,486.8,33.21,0.0,60.53,Severe Sub-Zero Cold,19.05,21.84,15.0,4.2
2025-01-26 14:00:00,2025,1,26,14,26,6,52,-32.1,8.5,471.3,32.23,18.26,64.51,Severe Sub-Zero Cold,19.05,0.0,15.92,4.46
2025-01-26 15:00:00,2025,1,26,15,26,6,45,-31.2,8.3,490.0,33.96,16.34,61.74,Severe Sub-Zero Cold,19.05,0.0,15.0,4.2
2025-01-26 16:00:00,2025,1,26,16,26,6,45,-31.1,9.1,248.4,16.32,24.91,62.14,Severe Sub-Zero Cold,19.05,0.0,22.81,6.39
2025-01-26 17:00:00,2025,1,26,17,26,6,47,-31.4,2.9,269.1,18.11,0.0,61.35,Severe Sub-Zero Cold,19.05,0.0,45.14,12.64
2025-01-26 18:00:00,2025,1,26,18,26,6,46,-31.2,7.7,251.0,17.21,11.39,65.86,Severe Sub-Zero Cold,19.05,0.0,39.16,10.96
2025-01-26 19:00:00,2025,1,26,19,26,6,45,-31.6,4.6,201.5,14.02,0.45,63.83,Severe Sub-Zero Cold,19.05,0.0,51.26,14.35
2025-01-26 20:00:00,2025,1,26,20,26,6,42,-31.7,8.9,109.7,7.51,22.54,64.67,Severe Sub-Zero Cold,19.05,0.0,36.52,10.23
2025-01-26 21:00:00,2025,1,26,21,26,6,46,-33.5,4.1,52.9,3.63,0.15,60.33,Severe Sub-Zero Cold,19.05,0.0,58.45,16.37
2025-01-26 22:00:00,2025,1,26,22,26,6,50,-34.3,8.0,0.0,0.0,13.72,64.07,Severe Sub-Zero Cold,19.05,0.0,52.25,14.63
2025-01-26 23:00:00,2025,1,26,23,26,6,49,-34.8,4.5,0.0,0.0,0.37,61.35,Severe Sub-Zero Cold,19.05,0.0,62.88,17.61
2025-01-27 00:00:00,2025,1,27,0,27,0,49,-35.7,0.8,0.0,0.0,0.0,63.48,Severe Sub-Zero Cold,19.05,0.0,65.38,18.31
2025-01-27 01:00:00,2025,1,27,1,27,0,43,-34.5,7.5,0.0,0.0,10.0,63.85,Severe Sub-Zero Cold,19.05,0.0,55.75,15.61
2025-01-27 02:00:00,2025,1,27,2,27,0,42,-33.4,2.7,0.0,0.0,0.0,59.93,Severe Sub-Zero Cold,19.05,0.0,61.83,17.31
2025-01-27 03:00:00,2025,1,27,3,27,0,44,-32.5,7.8,51.7,3.56,12.14,64.04,Severe Sub-Zero Cold,19.05,0.0,50.24,14.07
2025-01-27 04:00:00,2025,1,27,4,27,0,45,-32.2,11.8,108.9,7.48,74.78,54.05,Severe Sub-Zero Cold,32.03,-28.21,0.0,0.0
2025-01-27 05:00:00,2025,1,27,5,27,0,48,-31.3,13.6,179.1,12.3,80.0,57.92,Severe Sub-Zero Cold,47.84,-34.38,0.0,0.0
2025-01-27 06:00:00,2025,1,27,6,27,0,39,-30.7,4.0,249.1,17.06,0.11,51.84,Severe Sub-Zero Cold,29.0,34.67,0.0,0.0
2025-01-27 07:00:00,2025,1,27,7,27,0,49,-31.3,9.5,230.4,15.3,30.14,66.25,Severe Sub-Zero Cold,19.22,18.0,15.0,4.2
2025-01-27 08:00:00,2025,1,27,8,27,0,44,-31.3,5.1,330.8,22.31,1.02,63.92,Severe Sub-Zero Cold,19.22,0.0,42.16,11.8
2025-01-27 09:00:00,2025,1,27,9,27,0,43,-30.8,11.2,389.2,26.28,60.51,60.28,Severe Sub-Zero Cold,31.41,-26.51,0.0,0.0
2025-01-27 10:00:00,2025,1,27,10,27,0,41,-29.8,9.2,443.6,29.98,26.15,67.0,Clear Solar Day,25.5,10.87,0.0,0.0
2025-01-27 11:00:00,2025,1,27,11,27,0,40,-30.4,2.2,482.1,32.73,0.0,60.77,Severe Sub-Zero Cold,19.52,11.01,17.03,4.77
2025-01-27 12:00:00,2025,1,27,12,27,0,47,-30.1,5.5,593.4,41.16,1.71,58.35,Severe Sub-Zero Cold,19.52,0.0,16.44,4.6
2025-01-27 13:00:00,2025,1,27,13,27,0,45,-29.2,4.9,477.9,32.32,0.75,64.2,Clear Solar Day,19.52,0.0,32.09,8.98
2025-01-27 14:00:00,2025,1,27,14,27,0,41,-28.6,9.2,370.2,24.52,26.15,62.4,Overcast / Moderate,19.52,0.0,15.0,4.2
2025-01-27 15:00:00,2025,1,27,15,27,0,41,-29.1,5.5,482.6,33.23,1.71,59.84,Clear Solar Day,19.52,0.0,25.86,7.24
2025-01-27 16:00:00,2025,1,27,16,27,0,43,-30.4,8.0,388.7,26.61,13.72,64.68,Severe Sub-Zero Cold,19.52,0.0,25.31,7.09
2025-01-27 17:00:00,2025,1,27,17,27,0,50,-30.4,7.2,317.2,21.68,8.13,62.76,Severe Sub-Zero Cold,19.52,0.0,33.91,9.49
2025-01-27 18:00:00,2025,1,27,18,27,0,44,-30.0,14.0,190.0,12.64,80.0,61.71,High Wind Surge,33.75,-30.93,0.0,0.0
2025-01-27 19:00:00,2025,1,27,19,27,0,40,-29.8,12.2,167.7,11.39,80.0,62.2,Overcast / Moderate,47.18,-29.19,0.0,0.0
2025-01-27 20:00:00,2025,1,27,20,27,0,44,-31.4,5.7,104.1,7.1,2.16,66.11,Severe Sub-Zero Cold,20.0,50.0,15.0,4.2
2025-01-27 21:00:00,2025,1,27,21,27,0,44,-32.0,8.5,44.0,2.97,18.26,63.69,Severe Sub-Zero Cold,20.0,0.01,42.45,11.89
2025-01-27 22:00:00,2025,1,27,22,27,0,36,-31.9,9.8,0.0,0.0,34.51,55.4,Severe Sub-Zero Cold,20.0,0.0,20.89,5.85
2025-01-27 23:00:00,2025,1,27,23,27,0,44,-31.5,11.1,0.0,0.0,58.32,57.91,Severe Sub-Zero Cold,20.19,-0.41,0.0,0.0
2025-01-28 00:00:00,2025,1,28,0,28,1,44,-32.4,2.1,0.0,0.0,0.0,53.57,Severe Sub-Zero Cold,19.98,0.38,53.19,14.89
2025-01-28 01:00:00,2025,1,28,1,28,1,47,-34.4,4.6,0.0,0.0,0.45,60.13,Severe Sub-Zero Cold,19.98,0.0,59.71,16.72
2025-01-28 02:00:00,2025,1,28,2,28,1,50,-33.7,4.8,0.0,0.0,0.64,55.99,Severe Sub-Zero Cold,19.98,0.0,55.38,15.51
2025-01-28 03:00:00,2025,1,28,3,28,1,48,-33.8,5.7,55.4,3.89,2.16,58.49,Severe Sub-Zero Cold,19.98,0.0,52.47,14.69
2025-01-28 04:00:00,2025,1,28,4,28,1,44,-34.3,3.4,114.4,7.98,0.01,56.56,Severe Sub-Zero Cold,19.98,0.0,48.6,13.61
2025-01-28 05:00:00,2025,1,28,5,28,1,41,-35.4,6.3,176.4,12.25,3.94,61.62,Severe Sub-Zero Cold,19.98,0.0,45.46,12.73
2025-01-28 06:00:00,2025,1,28,6,28,1,52,-34.1,7.8,236.1,16.24,12.14,59.84,Severe Sub-Zero Cold,19.98,0.0,31.49,8.82
2025-01-28 07:00:00,2025,1,28,7,28,1,45,-32.9,6.3,239.7,16.05,3.94,68.37,Severe Sub-Zero Cold,19.98,0.0,48.41,13.56
2025-01-28 08:00:00,2025,1,28,8,28,1,45,-32.7,7.8,378.5,26.01,12.14,60.51,Severe Sub-Zero Cold,19.98,0.0,22.39,6.27
2025-01-28 09:00:00,2025,1,28,9,28,1,44,-32.0,2.1,405.6,27.61,0.0,63.64,Severe Sub-Zero Cold,19.98,0.0,36.06,10.1
2025-01-28 10:00:00,2025,1,28,10,28,1,45,-30.6,10.6,401.9,26.97,48.17,63.76,Severe Sub-Zero Cold,25.22,-11.38,0.0,0.0
2025-01-28 11:00:00,2025,1,28,11,28,1,44,-29.3,12.2,482.3,32.68,80.0,63.45,Clear Solar Day,43.62,-40.0,0.0,0.0
2025-01-28 12:00:00,2025,1,28,12,28,1,43,-29.6,7.4,616.9,42.98,9.35,67.49,Clear Solar Day,35.38,15.16,0.0,0.0
2025-01-28 13:00:00,2025,1,28,13,28,1,43,-29.4,10.8,365.2,24.1,52.08,57.04,Overcast / Moderate,44.18,-19.14,0.0,0.0
2025-01-28 14:00:00,2025,1,28,14,28,1,44,-28.6,2.9,484.6,32.99,0.0,59.81,Clear Solar Day,29.61,26.82,0.0,0.0
2025-01-28 15:00:00,2025,1,28,15,28,1,43,-28.3,9.4,432.5,29.36,28.77,66.12,Clear Solar Day,25.27,7.99,0.0,0.0
2025-01-28 16:00:00,2025,1,28,16,28,1,42,-29.1,2.8,377.6,25.7,0.0,59.08,Overcast / Moderate,19.54,10.53,22.85,6.4
2025-01-28 17:00:00,2025,1,28,17,28,1,45,-29.7,5.5,345.1,23.81,1.71,63.98,Overcast / Moderate,19.54,0.0,39.38,11.03
2025-01-28 18:00:00,2025,1,28,18,28,1,44,-31.4,4.8,224.0,15.22,0.64,61.45,Severe Sub-Zero Cold,19.54,0.0,46.51,13.02
2025-01-28 19:00:00,2025,1,28,19,28,1,49,-30.7,7.1,172.0,11.77,7.56,61.53,Severe Sub-Zero Cold,19.54,0.0,43.12,12.07
2025-01-28 20:00:00,2025,1,28,20,28,1,37,-31.2,4.6,96.4,6.54,0.45,59.19,Severe Sub-Zero Cold,19.54,0.0,53.12,14.87
2025-01-28 21:00:00,2025,1,28,21,28,1,48,-32.2,7.6,42.6,2.89,10.68,70.73,Severe Sub-Zero Cold,19.54,0.0,58.08,16.26
2025-01-28 22:00:00,2025,1,28,22,28,1,48,-32.4,5.2,0.0,0.0,1.17,56.62,Severe Sub-Zero Cold,19.54,0.0,56.37,15.78
2025-01-28 23:00:00,2025,1,28,23,28,1,38,-33.0,10.4,0.0,0.0,44.47,57.11,Severe Sub-Zero Cold,19.54,0.0,15.0,4.2
2025-01-29 00:00:00,2025,1,29,0,29,2,43,-31.4,7.5,0.0,0.0,10.0,57.09,Severe Sub-Zero Cold,19.54,0.0,48.01,13.44
2025-01-29 01:00:00,2025,1,29,1,29,2,43,-33.8,3.8,0.0,0.0,0.06,61.81,Severe Sub-Zero Cold,19.54,0.0,62.67,17.55
2025-01-29 02:00:00,2025,1,29,2,29,2,40,-34.6,4.9,0.0,0.0,0.75,62.31,Severe Sub-Zero Cold,19.54,0.0,62.48,17.49
2025-01-29 03:00:00,2025,1,29,3,29,2,42,-34.3,10.1,36.1,2.44,39.28,59.95,Severe Sub-Zero Cold,19.54,0.0,19.15,5.36
2025-01-29 04:00:00,2025,1,29,4,29,2,41,-33.6,5.3,99.8,6.87,1.34,50.97,Severe Sub-Zero Cold,19.54,0.0,43.68,12.23
2025-01-29 05:00:00,2025,1,29,5,29,2,50,-33.2,6.6,195.1,13.68,5.12,58.34,Severe Sub-Zero Cold,19.54,0.0,40.46,11.33
2025-01-29 06:00:00,2025,1,29,6,29,2,47,-34.8,7.7,245.5,17.02,11.39,58.13,Severe Sub-Zero Cold,19.54,0.0,30.64,8.58
2025-01-29 07:00:00,2025,1,29,7,29,2,48,-33.7,5.0,347.9,24.3,0.88,69.81,Severe Sub-Zero Cold,19.54,0.0,45.55,12.75
2025-01-29 08:00:00,2025,1,29,8,29,2,47,-33.8,4.5,368.3,25.32,0.37,64.34,Severe Sub-Zero Cold,19.54,0.0,39.57,11.08
2025-01-29 09:00:00,2025,1,29,9,29,2,41,-33.2,6.1,376.8,25.55,3.27,68.32,Severe Sub-Zero Cold,19.54,0.0,40.42,11.32
2025-01-29 10:00:00,2025,1,29,10,29,2,43,-32.2,3.8,472.3,32.38,0.06,65.08,Severe Sub-Zero Cold,19.54,0.0,33.56,9.4
2025-01-29 11:00:00,2025,1,29,11,29,2,46,-32.6,4.5,454.8,30.9,0.37,68.23,Severe Sub-Zero Cold,19.54,0.0,37.88,10.61
2025-01-29 12:00:00,2025,1,29,12,29,2,41,-31.5,2.0,570.2,39.55,0.0,68.48,Severe Sub-Zero Cold,19.54,0.0,29.85,8.36
2025-01-29 13:00:00,2025,1,29,13,29,2,47,-31.3,4.6,533.4,36.76,0.45,62.41,Severe Sub-Zero Cold,19.54,0.0,26.12,7.31
2025-01-29 14:00:00,2025,1,29,14,29,2,44,-30.7,4.8,445.0,30.2,0.64,59.23,Severe Sub-Zero Cold,19.54,0.0,29.31,8.21
2025-01-29 15:00:00,2025,1,29,15,29,2,43,-30.1,13.2,432.6,29.53,80.0,62.95,Severe Sub-Zero Cold,37.94,-40.0,0.0,0.0
2025-01-29 16:00:00,2025,1,29,16,29,2,47,-31.1,7.1,346.5,23.5,7.56,67.0,Severe Sub-Zero Cold,18.44,35.88,15.0,4.2
2025-01-29 17:00:00,2025,1,29,17,29,2,46,-29.9,9.2,281.6,19.02,26.15,61.71,Overcast / Moderate,18.44,0.0,19.66,5.5
2025-01-29 18:00:00,2025,1,29,18,29,2,43,-30.1,1.7,197.1,13.19,0.0,62.57,Severe Sub-Zero Cold,18.44,0.0,52.5,14.7
2025-01-29 19:00:00,2025,1,29,19,29,2,48,-30.1,2.7,184.0,12.7,0.0,67.26,Severe Sub-Zero Cold,18.44,0.0,57.68,16.15
2025-01-29 20:00:00,2025,1,29,20,29,2,41,-29.9,9.6,102.1,6.98,31.55,64.43,Overcast / Moderate,18.44,0.0,29.02,8.13
2025-01-29 21:00:00,2025,1,29,21,29,2,46,-31.4,7.4,35.8,2.4,9.35,63.04,Severe Sub-Zero Cold,18.44,0.0,54.41,15.23
2025-01-29 22:00:00,2025,1,29,22,29,2,46,-31.4,3.6,0.0,0.0,0.02,59.04,Severe Sub-Zero Cold,18.44,0.0,62.14,17.4
2025-01-29 23:00:00,2025,1,29,23,29,2,44,-32.2,5.5,0.0,0.0,1.71,56.2,Severe Sub-Zero Cold,18.44,0.0,57.61,16.13
2025-01-30 00:00:00,2025,1,30,0,30,3,45,-31.7,6.6,0.0,0.0,5.12,54.75,Severe Sub-Zero Cold,18.44,0.0,52.75,14.77
2025-01-30 01:00:00,2025,1,30,1,30,3,41,-32.3,10.1,0.0,0.0,39.28,61.37,Severe Sub-Zero Cold,18.44,0.0,25.21,7.06
2025-01-30 02:00:00,2025,1,30,2,30,3,47,-32.9,2.0,0.0,0.0,0.0,54.37,Severe Sub-Zero Cold,18.44,0.0,57.49,16.1
2025-01-30 03:00:00,2025,1,30,3,30,3,44,-32.6,7.2,47.5,3.33,8.13,59.31,Severe Sub-Zero Cold,18.44,0.0,50.97,14.27
2025-01-30 04:00:00,2025,1,30,4,30,3,43,-33.1,8.4,78.8,5.3,17.28,58.07,Severe Sub-Zero Cold,18.44,0.0,38.61,10.81
2025-01-30 05:00:00,2025,1,30,5,30,3,48,-32.8,14.2,172.1,11.9,80.0,61.21,High Wind Surge,32.56,-30.69,0.0,0.0
2025-01-30 06:00:00,2025,1,30,6,30,3,42,-32.8,9.5,203.2,13.75,30.14,56.85,Severe Sub-Zero Cold,25.51,12.96,0.0,0.0
2025-01-30 07:00:00,2025,1,30,7,30,3,40,-33.0,4.4,235.2,15.75,0.3,66.47,Severe Sub-Zero Cold,19.52,11.03,39.39,11.03
2025-01-30 08:00:00,2025,1,30,8,30,3,40,-31.9,8.3,381.7,26.25,16.34,62.24,Severe Sub-Zero Cold,19.52,0.0,20.61,5.77
2025-01-30 09:00:00,2025,1,30,9,30,3,46,-32.4,8.9,461.3,31.94,22.54,68.88,Severe Sub-Zero Cold,19.52,0.0,15.36,4.3
2025-01-30 10:00:00,2025,1,30,10,30,3,41,-32.2,8.5,527.8,36.69,18.26,63.91,Severe Sub-Zero Cold,19.52,0.0,15.0,4.2
2025-01-30 11:00:00,2025,1,30,11,30,3,50,-31.8,9.7,444.6,30.1,33.01,63.56,Severe Sub-Zero Cold,19.52,0.0,15.0,4.2
2025-01-30 12:00:00,2025,1,30,12,30,3,38,-31.4,11.2,472.0,32.05,60.51,63.08,Severe Sub-Zero Cold,33.08,-29.48,0.0,0.0
2025-01-30 13:00:00,2025,1,30,13,30,3,50,-29.3,2.5,542.7,37.31,0.0,65.35,Clear Solar Day,18.86,26.16,15.0,4.2
2025-01-30 14:00:00,2025,1,30,14,30,3,45,-30.9,2.6,376.3,25.15,0.0,63.51,Severe Sub-Zero Cold,18.86,0.0,40.64,11.38
2025-01-30 15:00:00,2025,1,30,15,30,3,44,-30.0,9.4,354.6,23.72,28.77,60.88,Severe Sub-Zero Cold,18.86,0.0,15.0,4.2
2025-01-30 16:00:00,2025,1,30,16,30,3,43,-30.8,4.2,420.4,29.16,0.19,65.16,Severe Sub-Zero Cold,18.86,0.0,38.09,10.66
2025-01-30 17:00:00,2025,1,30,17,30,3,46,-30.9,2.0,302.2,20.64,0.0,61.71,Severe Sub-Zero Cold,18.86,0.0,43.35,12.14
2025-01-30 18:00:00,2025,1,30,18,30,3,44,-31.3,5.5,205.6,13.88,1.71,61.58,Severe Sub-Zero Cold,18.86,0.0,48.27,13.51
2025-01-30 19:00:00,2025,1,30,19,30,3,48,-31.7,9.7,171.0,11.78,33.01,66.73,Severe Sub-Zero Cold,18.86,0.0,24.22,6.78
2025-01-30 20:00:00,2025,1,30,20,30,3,45,-31.0,2.9,109.1,7.57,0.0,63.32,Severe Sub-Zero Cold,18.86,0.0,58.03,16.25
2025-01-30 21:00:00,2025,1,30,21,30,3,45,-30.7,7.9,39.2,2.67,12.91,58.71,Severe Sub-Zero Cold,18.86,0.0,45.41,12.71
2025-01-30 22:00:00,2025,1,30,22,30,3,43,-29.7,0.5,0.0,0.0,0.0,54.04,Overcast / Moderate,18.86,0.0,56.32,15.77
2025-01-30 23:00:00,2025,1,30,23,30,3,44,-30.5,2.7,0.0,0.0,0.0,58.28,Severe Sub-Zero Cold,18.86,0.0,60.56,16.96
2025-01-31 00:00:00,2025,1,31,0,31,4,45,-32.0,5.0,0.0,0.0,0.88,57.93,Severe Sub-Zero Cold,18.86,0.0,59.33,16.61
2025-01-31 01:00:00,2025,1,31,1,31,4,39,-33.2,2.3,0.0,0.0,0.0,57.97,Severe Sub-Zero Cold,18.86,0.0,60.25,16.87
2025-01-31 02:00:00,2025,1,31,2,31,4,40,-34.4,10.1,0.0,0.0,39.28,59.99,Severe Sub-Zero Cold,18.86,0.0,22.99,6.44
2025-01-31 03:00:00,2025,1,31,3,31,4,47,-34.4,10.4,30.5,2.07,44.47,61.97,Severe Sub-Zero Cold,18.86,0.0,17.71,4.96
2025-01-31 04:00:00,2025,1,31,4,31,4,45,-34.8,8.8,69.4,4.66,21.41,60.99,Severe Sub-Zero Cold,18.86,0.0,37.2,10.41
2025-01-31 05:00:00,2025,1,31,5,31,4,44,-33.7,4.1,156.0,10.72,0.15,51.34,Severe Sub-Zero Cold,18.86,0.0,42.75,11.97
2025-01-31 06:00:00,2025,1,31,6,31,4,45,-32.9,6.5,206.6,14.03,4.71,59.14,Severe Sub-Zero Cold,18.86,0.0,42.68,11.95
2025-01-31 07:00:00,2025,1,31,7,31,4,46,-32.5,3.5,293.0,20.05,0.01,64.03,Severe Sub-Zero Cold,18.86,0.0,46.25,12.95
2025-01-31 08:00:00,2025,1,31,8,31,4,43,-31.0,4.4,443.4,31.02,0.3,63.23,Severe Sub-Zero Cold,18.86,0.0,34.19,9.57
2025-01-31 09:00:00,2025,1,31,9,31,4,42,-31.2,6.4,430.7,29.51,4.31,65.63,Severe Sub-Zero Cold,18.86,0.0,34.09,9.54
2025-01-31 10:00:00,2025,1,31,10,31,4,45,-30.8,8.6,456.1,31.08,19.27,61.02,Severe Sub-Zero Cold,18.86,0.0,15.0,4.2
2025-01-31 11:00:00,2025,1,31,11,31,4,42,-30.7,2.5,440.6,29.73,0.0,62.76,Severe Sub-Zero Cold,18.86,0.0,35.31,9.89
2025-01-31 12:00:00,2025,1,31,12,31,4,46,-30.4,4.6,493.4,33.6,0.45,64.94,Severe Sub-Zero Cold,18.86,0.0,33.17,9.29
2025-01-31 13:00:00,2025,1,31,13,31,4,39,-30.9,11.8,400.5,26.79,74.78,60.92,Severe Sub-Zero Cold,37.26,-40.0,0.0,0.0
2025-01-31 14:00:00,2025,1,31,14,31,4,48,-30.0,5.7,473.2,32.31,2.16,60.87,Severe Sub-Zero Cold,22.91,26.4,0.0,0.0
2025-01-31 15:00:00,2025,1,31,15,31,4,46,-29.4,12.2,413.8,28.1,80.0,59.99,Clear Solar Day,41.31,-40.0,0.0,0.0
2025-01-31 16:00:00,2025,1,31,16,31,4,45,-29.1,15.8,234.0,15.28,80.0,62.34,High Wind Surge,56.47,-32.94,0.0,0.0
2025-01-31 17:00:00,2025,1,31,17,31,4,47,-28.5,6.5,269.7,18.11,4.71,61.12,Overcast / Moderate,35.65,38.3,0.0,0.0
2025-01-31 18:00:00,2025,1,31,18,31,4,49,-28.4,4.5,251.8,17.28,0.37,58.47,Overcast / Moderate,18.64,31.3,15.0,4.2
2025-01-31 19:00:00,2025,1,31,19,31,4,48,-27.3,9.3,188.3,13.01,27.44,60.12,Overcast / Moderate,18.64,0.0,22.39,6.27
2025-01-31 20:00:00,2025,1,31,20,31,4,39,-28.5,3.3,89.1,6.02,0.0,56.64,Overcast / Moderate,18.64,0.0,53.34,14.94
2025-01-31 21:00:00,2025,1,31,21,31,4,41,-30.0,4.2,39.3,2.7,0.19,63.58,Severe Sub-Zero Cold,18.64,0.0,63.41,17.76
2025-01-31 22:00:00,2025,1,31,22,31,4,43,-29.6,9.2,0.0,0.0,26.15,52.66,Overcast / Moderate,18.64,0.0,29.23,8.18
2025-01-31 23:00:00,2025,1,31,23,31,4,45,-30.5,5.7,0.0,0.0,2.16,61.03,Severe Sub-Zero Cold,18.64,0.0,61.59,17.25
2025-02-01 00:00:00,2025,2,1,0,32,5,46,-31.0,3.7,0.0,0.0,0.04,63.46,Severe Sub-Zero Cold,18.64,0.0,66.14,18.52
2025-02-01 01:00:00,2025,2,1,1,32,5,42,-31.7,7.7,0.0,0.0,11.39,55.88,Severe Sub-Zero Cold,18.64,0.0,47.21,13.22
2025-02-01 02:00:00,2025,2,1,2,32,5,45,-32.3,8.6,0.0,0.0,19.27,57.29,Severe Sub-Zero Cold,18.64,0.0,40.74,11.41
2025-02-01 03:00:00,2025,2,1,3,32,5,42,-31.4,2.9,33.7,2.32,0.0,59.87,Severe Sub-Zero Cold,18.64,0.0,60.27,16.88
2025-02-01 04:00:00,2025,2,1,4,32,5,43,-33.9,4.4,79.7,5.42,0.3,62.31,Severe Sub-Zero Cold,18.64,0.0,59.31,16.61
2025-02-01 05:00:00,2025,2,1,5,32,5,40,-34.9,3.9,147.6,10.13,0.08,58.48,Severe Sub-Zero Cold,18.64,0.0,50.99,14.28
2025-02-01 06:00:00,2025,2,1,6,32,5,42,-33.9,5.3,228.3,15.74,1.34,58.29,Severe Sub-Zero Cold,18.64,0.0,43.93,12.3
2025-02-01 07:00:00,2025,2,1,7,32,5,40,-34.1,8.9,317.2,22.02,22.54,63.36,Severe Sub-Zero Cold,18.64,0.0,21.52,6.03
2025-02-01 08:00:00,2025,2,1,8,32,5,42,-33.2,8.3,375.8,25.93,16.34,62.33,Severe Sub-Zero Cold,18.64,0.0,22.78,6.38
2025-02-01 09:00:00,2025,2,1,9,32,5,48,-33.9,7.8,446.3,30.95,12.14,69.34,Severe Sub-Zero Cold,18.64,0.0,28.97,8.11
2025-02-01 10:00:00,2025,2,1,10,32,5,42,-30.9,0.7,355.1,23.63,0.0,63.12,Severe Sub-Zero Cold,18.64,0.0,42.21,11.82
2025-02-01 11:00:00,2025,2,1,11,32,5,52,-29.0,3.1,414.0,27.66,0.0,62.96,Clear Solar Day,18.64,0.0,38.02,10.65
2025-02-01 12:00:00,2025,2,1,12,32,5,46,-29.2,3.9,403.8,26.88,0.08,63.01,Clear Solar Day,18.64,0.0,38.77,10.86
2025-02-01 13:00:00,2025,2,1,13,32,5,45,-28.9,4.3,378.4,25.07,0.24,61.33,Overcast / Moderate,18.64,0.0,38.74,10.85
2025-02-01 14:00:00,2025,2,1,14,32,5,42,-28.1,3.1,328.3,21.55,0.0,66.89,Overcast / Moderate,18.64,0.0,48.06,13.46
2025-02-01 15:00:00,2025,2,1,15,32,5,47,-26.0,5.5,398.8,26.76,1.71,60.17,Overcast / Moderate,18.64,0.0,34.42,9.64
2025-02-01 16:00:00,2025,2,1,16,32,5,43,-26.5,2.2,361.6,24.42,0.0,61.63,Overcast / Moderate,18.64,0.0,39.93,11.18
2025-02-01 17:00:00,2025,2,1,17,32,5,45,-26.1,8.8,318.3,21.65,21.41,61.26,Overcast / Moderate,18.64,0.0,20.92,5.86
2025-02-01 18:00:00,2025,2,1,18,32,5,52,-26.8,9.2,237.3,16.13,26.15,62.75,Overcast / Moderate,18.64,0.0,23.19,6.49
2025-02-01 19:00:00,2025,2,1,19,32,5,44,-27.5,7.0,128.4,8.53,7.02,61.98,Overcast / Moderate,18.64,0.0,49.15,13.76
2025-02-01 20:00:00,2025,2,1,20,32,5,48,-29.3,2.4,99.5,6.86,0.0,64.14,Overcast / Moderate,18.64,0.0,60.0,16.8
2025-02-01 21:00:00,2025,2,1,21,32,5,42,-30.7,10.9,35.6,2.46,54.11,68.8,Severe Sub-Zero Cold,18.64,0.0,15.0,4.2
2025-02-01 22:00:00,2025,2,1,22,32,5,44,-31.8,13.4,0.0,0.0,80.0,57.99,Severe Sub-Zero Cold,28.76,-22.01,0.0,0.0
2025-02-01 23:00:00,2025,2,1,23,32,5,50,-33.7,3.7,0.0,0.0,0.04,54.42,Severe Sub-Zero Cold,19.24,17.53,36.85,10.32
2025-02-02 00:00:00,2025,2,2,0,33,6,43,-33.2,8.2,0.0,0.0,15.43,64.55,Severe Sub-Zero Cold,19.24,0.0,50.64,14.18
2025-02-02 01:00:00,2025,2,2,1,33,6,50,-32.4,10.0,0.0,0.0,37.64,58.69,Severe Sub-Zero Cold,19.24,0.0,22.57,6.32
2025-02-02 02:00:00,2025,2,2,2,33,6,47,-32.9,6.6,0.0,0.0,5.12,59.92,Severe Sub-Zero Cold,19.24,0.0,56.32,15.77
2025-02-02 03:00:00,2025,2,2,3,33,6,43,-33.6,4.8,29.4,2.03,0.64,58.01,Severe Sub-Zero Cold,19.24,0.0,56.86,15.92
2025-02-02 04:00:00,2025,2,2,4,33,6,46,-33.2,6.1,85.8,5.9,3.27,58.22,Severe Sub-Zero Cold,19.24,0.0,50.57,14.16
2025-02-02 05:00:00,2025,2,2,5,33,6,47,-33.3,6.4,162.6,11.27,4.31,57.21,Severe Sub-Zero Cold,19.24,0.0,43.15,12.08
2025-02-02 06:00:00,2025,2,2,6,33,6,46,-33.9,5.5,246.8,17.2,1.71,55.23,Severe Sub-Zero Cold,19.24,0.0,37.84,10.6
2025-02-02 07:00:00,2025,2,2,7,33,6,40,-33.6,11.9,323.7,22.53,77.36,62.27,Severe Sub-Zero Cold,36.54,-37.62,0.0,0.0
2025-02-02 08:00:00,2025,2,2,8,33,6,42,-33.0,8.7,347.1,23.75,20.32,65.6,Severe Sub-Zero Cold,24.84,21.53,0.0,0.0
2025-02-02 09:00:00,2025,2,2,9,33,6,44,-32.2,4.1,371.8,25.19,0.15,60.29,Severe Sub-Zero Cold,19.58,9.68,25.27,7.07
2025-02-02 10:00:00,2025,2,2,10,33,6,44,-31.9,7.1,489.0,33.73,7.56,65.44,Severe Sub-Zero Cold,19.58,0.0,24.99,7.0
2025-02-02 11:00:00,2025,2,2,11,33,6,46,-31.4,8.1,584.6,40.89,14.56,70.3,Severe Sub-Zero Cold,19.58,0.0,15.69,4.39
2025-02-02 12:00:00,2025,2,2,12,33,6,45,-30.0,3.0,387.4,25.76,0.0,63.82,Severe Sub-Zero Cold,19.58,0.0,38.9,10.89
2025-02-02 13:00:00,2025,2,2,13,33,6,40,-30.5,5.1,545.3,37.72,1.02,58.27,Severe Sub-Zero Cold,19.58,0.0,20.37,5.7
2025-02-02 14:00:00,2025,2,2,14,33,6,46,-28.6,11.3,460.5,31.28,62.75,63.4,Clear Solar Day,33.67,-30.63,0.0,0.0
2025-02-02 15:00:00,2025,2,2,15,33,6,46,-28.4,6.9,482.1,33.31,6.51,64.64,Clear Solar Day,20.18,24.82,0.0,0.0
2025-02-02 16:00:00,2025,2,2,16,33,6,46,-28.2,3.8,254.6,16.71,0.06,65.36,Overcast / Moderate,19.98,0.36,48.23,13.5
2025-02-02 17:00:00,2025,2,2,17,33,6,48,-27.5,2.8,329.6,22.63,0.0,62.73,Overcast / Moderate,19.98,0.0,40.13,11.24
2025-02-02 18:00:00,2025,2,2,18,33,6,47,-28.7,6.5,193.7,12.97,4.71,64.33,Overcast / Moderate,19.98,0.0,46.68,13.07
2025-02-02 19:00:00,2025,2,2,19,33,6,46,-29.9,6.7,148.0,10.06,5.56,65.5,Overcast / Moderate,19.98,0.0,49.91,13.98
2025-02-02 20:00:00,2025,2,2,20,33,6,44,-31.1,4.9,89.2,6.13,0.75,65.08,Severe Sub-Zero Cold,19.98,0.0,58.23,16.3
2025-02-02 21:00:00,2025,2,2,21,33,6,40,-31.5,7.5,23.7,1.59,10.0,63.29,Severe Sub-Zero Cold,19.98,0.0,51.73,14.48
2025-02-02 22:00:00,2025,2,2,22,33,6,46,-32.2,2.1,0.0,0.0,0.0,57.37,Severe Sub-Zero Cold,19.98,0.0,57.4,16.07
2025-02-02 23:00:00,2025,2,2,23,33,6,45,-33.3,3.1,0.0,0.0,0.0,61.96,Severe Sub-Zero Cold,19.98,0.0,61.99,17.36
2025-02-03 00:00:00,2025,2,3,0,34,0,45,-33.7,6.7,0.0,0.0,5.56,58.54,Severe Sub-Zero Cold,19.98,0.0,53.01,14.84
2025-02-03 01:00:00,2025,2,3,1,34,0,41,-31.7,2.0,0.0,0.0,0.0,64.03,Severe Sub-Zero Cold,19.98,0.0,64.06,17.94
2025-02-03 02:00:00,2025,2,3,2,34,0,41,-33.1,10.7,0.0,0.0,50.1,56.97,Severe Sub-Zero Cold,19.98,0.0,15.0,4.2
2025-02-03 03:00:00,2025,2,3,3,34,0,48,-32.8,3.1,0.0,0.0,0.0,61.85,Severe Sub-Zero Cold,19.98,0.0,61.88,17.33
2025-02-03 04:00:00,2025,2,3,4,34,0,44,-33.5,7.9,86.9,6.02,12.91,56.32,Severe Sub-Zero Cold,19.98,0.0,37.42,10.48
2025-02-03 05:00:00,2025,2,3,5,34,0,47,-33.4,5.4,162.5,11.3,1.52,58.88,Severe Sub-Zero Cold,19.98,0.0,46.09,12.91
2025-02-03 06:00:00,2025,2,3,6,34,0,45,-33.0,5.4,191.2,12.95,1.52,57.88,Severe Sub-Zero Cold,19.98,0.0,43.44,12.16
2025-02-03 07:00:00,2025,2,3,7,34,0,45,-34.2,8.9,248.5,16.85,22.54,62.83,Severe Sub-Zero Cold,19.98,0.0,23.47,6.57
2025-02-03 08:00:00,2025,2,3,8,34,0,47,-32.5,6.3,407.2,28.38,3.94,64.23,Severe Sub-Zero Cold,19.98,0.0,31.94,8.94
2025-02-03 09:00:00,2025,2,3,9,34,0,43,-31.6,8.5,398.2,27.15,18.26,64.51,Severe Sub-Zero Cold,19.98,0.0,19.13,5.36
2025-02-03 10:00:00,2025,2,3,10,34,0,45,-30.4,6.3,469.3,32.12,3.94,62.78,Severe Sub-Zero Cold,19.98,0.0,26.75,7.49
2025-02-03 11:00:00,2025,2,3,11,34,0,43,-29.6,7.1,529.0,36.4,7.56,65.09,Clear Solar Day,19.98,0.0,21.16,5.93
2025-02-03 12:00:00,2025,2,3,12,34,0,43,-29.4,8.9,505.6,34.51,22.54,59.63,Clear Solar Day,19.98,0.0,15.0,4.2
2025-02-03 13:00:00,2025,2,3,13,34,0,44,-28.3,7.3,433.7,29.1,8.73,63.22,Clear Solar Day,19.98,0.0,25.42,7.12
2025-02-03 14:00:00,2025,2,3,14,34,0,45,-27.0,7.3,548.1,37.9,8.73,59.37,Clear Solar Day,19.98,0.0,15.0,4.2
2025-02-03 15:00:00,2025,2,3,15,34,0,43,-27.9,9.3,361.4,24.16,27.44,63.65,Overcast / Moderate,19.98,0.0,15.0,4.2
2025-02-03 16:00:00,2025,2,3,16,34,0,48,-28.4,12.6,397.5,27.33,80.0,64.9,Overcast / Moderate,38.38,-40.0,0.0,0.0
2025-02-03 17:00:00,2025,2,3,17,34,0,42,-29.0,5.2,174.6,11.35,1.17,63.84,Overcast / Moderate,18.4,36.77,15.0,4.2
2025-02-03 18:00:00,2025,2,3,18,34,0,44,-29.0,7.0,198.4,13.35,7.02,61.6,Overcast / Moderate,18.4,0.0,44.43,12.44
2025-02-03 19:00:00,2025,2,3,19,34,0,43,-31.3,2.4,170.3,11.85,0.0,66.71,Severe Sub-Zero Cold,18.4,0.0,58.06,16.26
2025-02-03 20:00:00,2025,2,3,20,34,0,49,-32.8,5.1,84.7,5.84,1.02,62.44,Severe Sub-Zero Cold,18.4,0.0,58.78,16.46
2025-02-03 21:00:00,2025,2,3,21,34,0,45,-33.7,5.5,0.0,0.0,1.71,66.99,Severe Sub-Zero Cold,18.4,0.0,68.48,19.17
2025-02-03 22:00:00,2025,2,3,22,34,0,48,-34.9,9.9,0.0,0.0,36.05,61.76,Severe Sub-Zero Cold,18.4,0.0,28.91,8.09
2025-02-03 23:00:00,2025,2,3,23,34,0,40,-34.7,6.4,0.0,0.0,4.31,61.64,Severe Sub-Zero Cold,18.4,0.0,60.53,16.95
2025-02-04 00:00:00,2025,2,4,0,35,1,45,-35.6,8.5,0.0,0.0,18.26,61.11,Severe Sub-Zero Cold,18.4,0.0,46.05,12.89
2025-02-04 01:00:00,2025,2,4,1,35,1,47,-34.6,1.1,0.0,0.0,0.0,58.52,Severe Sub-Zero Cold,18.4,0.0,61.72,17.28
2025-02-04 02:00:00,2025,2,4,2,35,1,45,-34.2,6.0,0.0,0.0,2.96,57.52,Severe Sub-Zero Cold,18.4,0.0,57.76,16.17
2025-02-04 03:00:00,2025,2,4,3,35,1,48,-34.7,11.2,0.0,0.0,60.51,61.24,Severe Sub-Zero Cold,18.4,0.0,15.0,4.2
2025-02-04 04:00:00,2025,2,4,4,35,1,43,-34.7,3.9,80.5,5.58,0.08,59.55,Severe Sub-Zero Cold,18.4,0.0,57.09,15.98
2025-02-04 05:00:00,2025,2,4,5,35,1,49,-34.8,1.5,149.0,10.32,0.0,63.7,Severe Sub-Zero Cold,18.4,0.0,56.58,15.84
2025-02-04 06:00:00,2025,2,4,6,35,1,51,-33.2,5.7,230.5,15.97,2.16,63.16,Severe Sub-Zero Cold,18.4,0.0,48.23,13.5
2025-02-04 07:00:00,2025,2,4,7,35,1,43,-33.5,8.2,324.7,22.67,15.43,65.15,Severe Sub-Zero Cold,18.4,0.0,30.25,8.47
2025-02-04 08:00:00,2025,2,4,8,35,1,43,-33.6,5.9,250.6,16.69,2.68,65.17,Severe Sub-Zero Cold,18.4,0.0,49.0,13.72
2025-02-04 09:00:00,2025,2,4,9,35,1,49,-31.9,6.0,326.7,21.88,2.96,68.57,Severe Sub-Zero Cold,18.4,0.0,46.93,13.14
2025-02-04 10:00:00,2025,2,4,10,35,1,49,-31.6,7.9,399.2,26.96,12.91,65.07,Severe Sub-Zero Cold,18.4,0.0,28.4,7.95
2025-02-04 11:00:00,2025,2,4,11,35,1,43,-30.7,4.2,474.2,32.33,0.19,62.42,Severe Sub-Zero Cold,18.4,0.0,33.1,9.27
2025-02-04 12:00:00,2025,2,4,12,35,1,43,-30.4,8.8,466.3,31.65,21.41,59.4,Severe Sub-Zero Cold,18.4,0.0,15.0,4.2
2025-02-04 13:00:00,2025,2,4,13,35,1,44,-29.2,3.2,390.5,26.01,0.0,64.35,Overcast / Moderate,18.4,0.0,41.54,11.63
2025-02-04 14:00:00,2025,2,4,14,35,1,40,-28.4,5.4,442.8,29.98,1.52,59.94,Clear Solar Day,18.4,0.0,31.64,8.86
2025-02-04 15:00:00,2025,2,4,15,35,1,42,-28.0,7.7,399.4,27.01,11.39,63.4,Overcast / Moderate,18.4,0.0,28.2,7.9
2025-02-04 16:00:00,2025,2,4,16,35,1,41,-26.7,9.8,394.1,26.99,34.51,56.22,Overcast / Moderate,20.83,-5.28,0.0,0.0
2025-02-04 17:00:00,2025,2,4,17,35,1,42,-27.6,9.3,293.2,19.92,27.44,59.03,Overcast / Moderate,19.93,1.66,15.0,4.2
2025-02-04 18:00:00,2025,2,4,18,35,1,44,-28.9,8.4,160.8,10.62,17.28,64.29,Overcast / Moderate,19.93,0.0,36.53,10.23
2025-02-04 19:00:00,2025,2,4,19,35,1,45,-29.2,5.1,167.7,11.62,1.02,63.32,Overcast / Moderate,19.93,0.0,50.82,14.23
2025-02-04 20:00:00,2025,2,4,20,35,1,49,-30.1,2.8,84.8,5.84,0.0,61.6,Severe Sub-Zero Cold,19.93,0.0,55.9,15.65
2025-02-04 21:00:00,2025,2,4,21,35,1,42,-31.5,3.8,0.0,0.0,0.06,65.49,Severe Sub-Zero Cold,19.93,0.0,65.57,18.36
2025-02-04 22:00:00,2025,2,4,22,35,1,47,-33.5,10.4,0.0,0.0,44.47,56.89,Severe Sub-Zero Cold,19.93,0.0,15.0,4.2
2025-02-04 23:00:00,2025,2,4,23,35,1,44,-33.0,10.3,0.0,0.0,42.69,61.21,Severe Sub-Zero Cold,19.93,0.0,18.66,5.23
2025-02-05 00:00:00,2025,2,5,0,36,2,44,-32.8,12.7,0.0,0.0,80.0,56.54,Severe Sub-Zero Cold,30.72,-23.46,0.0,0.0
2025-02-05 01:00:00,2025,2,5,1,36,2,47,-33.4,2.2,0.0,0.0,0.0,63.11,Severe Sub-Zero Cold,19.07,21.44,41.67,11.67
2025-02-05 02:00:00,2025,2,5,2,36,2,41,-33.5,6.6,0.0,0.0,5.12,59.15,Severe Sub-Zero Cold,19.07,0.0,55.89,15.65
2025-02-05 03:00:00,2025,2,5,3,36,2,46,-32.6,7.7,0.0,0.0,11.39,60.12,Severe Sub-Zero Cold,19.07,0.0,50.59,14.17
2025-02-05 04:00:00,2025,2,5,4,36,2,45,-32.9,8.3,73.2,5.02,16.34,59.07,Severe Sub-Zero Cold,19.07,0.0,39.57,11.08
2025-02-05 05:00:00,2025,2,5,5,36,2,46,-33.3,7.6,155.0,10.78,10.68,60.01,Severe Sub-Zero Cold,19.07,0.0,40.41,11.32
2025-02-05 06:00:00,2025,2,5,6,36,2,45,-33.9,9.0,241.1,16.86,23.7,60.23,Severe Sub-Zero Cold,19.07,0.0,21.53,6.03
2025-02-05 07:00:00,2025,2,5,7,36,2,52,-33.0,5.1,292.5,20.17,1.02,69.54,Severe Sub-Zero Cold,19.07,0.0,50.21,14.06
2025-02-05 08:00:00,2025,2,5,8,36,2,43,-32.9,6.0,360.7,24.86,2.96,64.42,Severe Sub-Zero Cold,19.07,0.0,38.46,10.77
2025-02-05 09:00:00,2025,2,5,9,36,2,43,-32.9,8.8,438.9,30.41,21.41,68.24,Severe Sub-Zero Cold,19.07,0.0,18.28,5.12
2025-02-05 10:00:00,2025,2,5,10,36,2,43,-30.9,8.4,435.1,29.62,17.28,61.24,Severe Sub-Zero Cold,19.07,0.0,16.2,4.54
2025-02-05 11:00:00,2025,2,5,11,36,2,43,-31.7,14.8,483.9,33.18,80.0,65.83,High Wind Surge,37.47,-40.0,0.0,0.0
2025-02-05 12:00:00,2025,2,5,12,36,2,43,-30.6,14.2,483.4,32.98,80.0,64.27,High Wind Surge,55.87,-40.0,0.0,0.0
2025-02-05 13:00:00,2025,2,5,13,36,2,48,-30.3,18.4,231.0,14.85,80.0,67.45,High Wind Surge,68.47,-27.4,0.0,0.0
2025-02-05 14:00:00,2025,2,5,14,36,2,49,-29.5,22.6,158.8,10.03,80.0,64.41,Blizzard / Extreme Storm,80.26,-25.62,0.0,0.0
2025-02-05 15:00:00,2025,2,5,15,36,2,43,-30.4,27.4,294.7,19.5,0.0,63.53,Blizzard / Extreme Storm,56.33,44.03,0.0,0.0
2025-02-05 16:00:00,2025,2,5,16,36,2,42,-29.5,27.3,182.4,11.76,0.0,62.48,Blizzard / Extreme Storm,29.15,50.0,15.0,4.2
2025-02-05 17:00:00,2025,2,5,17,36,2,46,-28.9,22.0,164.5,10.66,80.0,59.58,Blizzard / Extreme Storm,43.45,-31.08,0.0,0.0
2025-02-05 18:00:00,2025,2,5,18,36,2,43,-28.7,21.0,135.4,8.83,80.0,62.42,High Wind Surge,55.6,-26.41,0.0,0.0
2025-02-05 19:00:00,2025,2,5,19,36,2,46,-29.7,21.4,63.1,4.03,80.0,71.4,High Wind Surge,61.41,-12.63,0.0,0.0
2025-02-05 20:00:00,2025,2,5,20,36,2,45,-30.7,31.0,42.2,2.74,0.0,67.65,Blizzard / Extreme Storm,34.24,50.0,15.0,4.2
2025-02-05 21:00:00,2025,2,5,21,36,2,40,-30.0,23.1,0.0,0.0,80.0,59.42,Blizzard / Extreme Storm,43.7,-20.58,0.0,0.0
2025-02-05 22:00:00,2025,2,5,22,36,2,49,-31.9,18.6,0.0,0.0,80.0,54.88,High Wind Surge,55.26,-25.12,0.0,0.0
2025-02-05 23:00:00,2025,2,5,23,36,2,50,-32.5,23.6,0.0,0.0,80.0,60.17,Blizzard / Extreme Storm,64.38,-19.83,0.0,0.0
2025-02-06 00:00:00,2025,2,6,0,37,3,43,-33.1,17.2,0.0,0.0,80.0,61.71,High Wind Surge,72.79,-18.29,0.0,0.0
2025-02-06 01:00:00,2025,2,6,1,37,3,43,-31.8,20.9,0.0,0.0,80.0,57.93,High Wind Surge,82.94,-22.07,0.0,0.0
2025-02-06 02:00:00,2025,2,6,2,37,3,45,-32.7,11.7,0.0,0.0,72.26,63.85,Severe Sub-Zero Cold,86.81,-8.41,0.0,0.0
2025-02-06 03:00:00,2025,2,6,3,37,3,46,-32.2,10.5,0.0,0.0,46.3,57.01,Severe Sub-Zero Cold,80.99,10.71,0.0,0.0
2025-02-06 04:00:00,2025,2,6,4,37,3,46,-30.3,8.9,71.5,4.89,22.54,58.1,Severe Sub-Zero Cold,64.32,30.67,0.0,0.0
2025-02-06 05:00:00,2025,2,6,5,37,3,51,-29.8,11.0,151.6,10.46,56.19,57.96,Overcast / Moderate,68.32,-8.69,0.0,0.0
2025-02-06 06:00:00,2025,2,6,6,37,3,44,-29.8,10.5,200.4,13.6,46.3,58.57,Overcast / Moderate,68.93,-1.33,0.0,0.0
2025-02-06 07:00:00,2025,2,6,7,37,3,42,-31.2,7.0,272.2,18.56,7.02,64.96,Severe Sub-Zero Cold,47.53,39.38,0.0,0.0
2025-02-06 08:00:00,2025,2,6,8,37,3,40,-30.2,3.9,310.8,20.96,0.08,64.49,Severe Sub-Zero Cold,23.92,43.45,0.0,0.0
2025-02-06 09:00:00,2025,2,6,9,37,3,42,-31.6,5.5,482.7,33.77,1.71,62.95,Severe Sub-Zero Cold,19.66,7.83,19.64,5.5
2025-02-06 10:00:00,2025,2,6,10,37,3,44,-32.3,14.0,428.4,29.24,80.0,67.62,High Wind Surge,38.06,-40.0,0.0,0.0
2025-02-06 11:00:00,2025,2,6,11,37,3,50,-30.8,7.3,430.3,29.09,8.73,66.3,Severe Sub-Zero Cold,22.58,28.48,0.0,0.0
2025-02-06 12:00:00,2025,2,6,12,37,3,43,-30.4,9.2,384.9,25.67,26.15,66.11,Severe Sub-Zero Cold,19.78,5.16,15.0,4.2
2025-02-06 13:00:00,2025,2,6,13,37,3,45,-29.7,5.9,405.3,27.16,2.68,66.62,Clear Solar Day,19.78,0.0,37.23,10.42
2025-02-06 14:00:00,2025,2,6,14,37,3,44,-30.4,6.6,307.1,20.23,5.12,63.1,Severe Sub-Zero Cold,19.78,0.0,38.2,10.7
2025-02-06 15:00:00,2025,2,6,15,37,3,48,-29.2,5.7,348.5,23.35,2.16,61.86,Overcast / Moderate,19.78,0.0,36.8,10.3
2025-02-06 16:00:00,2025,2,6,16,37,3,52,-29.0,8.2,316.4,21.31,15.43,65.29,Overcast / Moderate,19.78,0.0,29.0,8.12
2025-02-06 17:00:00,2025,2,6,17,37,3,43,-30.0,10.2,278.8,19.0,40.96,64.88,Severe Sub-Zero Cold,19.78,0.0,15.0,4.2
2025-02-06 18:00:00,2025,2,6,18,37,3,43,-30.1,6.4,227.1,15.65,4.31,58.72,Severe Sub-Zero Cold,19.78,0.0,39.21,10.98
2025-02-06 19:00:00,2025,2,6,19,37,3,48,-30.5,6.1,149.1,10.28,3.27,63.28,Severe Sub-Zero Cold,19.78,0.0,50.18,14.05
2025-02-06 20:00:00,2025,2,6,20,37,3,47,-29.7,4.9,74.7,5.13,0.75,65.27,Overcast / Moderate,19.78,0.0,59.84,16.75
2025-02-06 21:00:00,2025,2,6,21,37,3,50,-30.5,3.4,0.0,0.0,0.01,58.74,Severe Sub-Zero Cold,19.78,0.0,59.18,16.57
2025-02-06 22:00:00,2025,2,6,22,37,3,46,-31.1,12.2,0.0,0.0,80.0,55.55,Severe Sub-Zero Cold,31.02,-24.45,0.0,0.0
2025-02-06 23:00:00,2025,2,6,23,37,3,43,-31.6,7.4,0.0,0.0,9.35,56.34,Severe Sub-Zero Cold,19.04,22.05,24.94,6.98
2025-02-07 00:00:00,2025,2,7,0,38,4,46,-31.3,14.7,0.0,0.0,80.0,58.08,High Wind Surge,29.12,-21.92,0.0,0.0
2025-02-07 01:00:00,2025,2,7,1,38,4,48,-31.1,16.2,0.0,0.0,80.0,57.76,High Wind Surge,39.36,-22.24,0.0,0.0
2025-02-07 02:00:00,2025,2,7,2,38,4,47,-31.6,19.4,0.0,0.0,80.0,57.97,High Wind Surge,49.49,-22.03,0.0,0.0
2025-02-07 03:00:00,2025,2,7,3,38,4,46,-30.8,24.4,0.0,0.0,80.0,54.59,Blizzard / Extreme Storm,61.18,-25.41,0.0,0.0
2025-02-07 04:00:00,2025,2,7,4,38,4,48,-30.7,21.5,24.6,1.56,80.0,62.69,High Wind Surge,69.86,-18.87,0.0,0.0
2025-02-07 05:00:00,2025,2,7,5,38,4,48,-29.9,26.7,80.8,5.27,0.0,56.15,Blizzard / Extreme Storm,42.68,50.0,15.0,4.2
2025-02-07 06:00:00,2025,2,7,6,38,4,49,-30.0,20.1,98.4,6.32,80.0,53.2,High Wind Surge,57.92,-33.12,0.0,0.0
2025-02-07 07:00:00,2025,2,7,7,38,4,46,-31.0,25.0,190.5,12.57,80.0,67.03,Blizzard / Extreme Storm,69.67,-25.54,0.0,0.0
2025-02-07 08:00:00,2025,2,7,8,38,4,44,-29.8,27.0,191.5,12.41,0.0,60.67,Blizzard / Extreme Storm,43.44,48.26,0.0,0.0
2025-02-07 09:00:00,2025,2,7,9,38,4,45,-30.1,22.3,229.4,14.9,80.0,60.14,Blizzard / Extreme Storm,59.43,-34.76,0.0,0.0
2025-02-07 10:00:00,2025,2,7,10,38,4,48,-29.8,26.2,255.2,16.57,0.0,65.69,Blizzard / Extreme Storm,32.73,49.12,0.0,0.0
2025-02-07 11:00:00,2025,2,7,11,38,4,42,-29.8,25.9,166.1,10.5,0.0,60.61,Blizzard / Extreme Storm,18.89,25.47,24.64,6.9
2025-02-07 12:00:00,2025,2,7,12,38,4,46,-29.8,25.5,263.7,17.07,0.0,63.72,Blizzard / Extreme Storm,18.89,0.0,48.86,13.68
2025-02-07 13:00:00,2025,2,7,13,38,4,43,-28.2,18.8,166.1,10.46,80.0,59.47,High Wind Surge,33.15,-30.99,0.0,0.0
2025-02-07 14:00:00,2025,2,7,14,38,4,45,-29.0,20.2,158.8,10.03,80.0,61.19,High Wind Surge,46.41,-28.84,0.0,0.0
2025-02-07 15:00:00,2025,2,7,15,38,4,48,-28.2,14.8,367.9,24.75,80.0,60.31,High Wind Surge,64.81,-40.0,0.0,0.0
2025-02-07 16:00:00,2025,2,7,16,38,4,45,-28.3,16.4,294.5,19.68,80.0,58.79,High Wind Surge,83.21,-40.0,0.0,0.0
2025-02-07 17:00:00,2025,2,7,17,38,4,45,-28.8,11.3,225.6,15.02,62.75,70.88,Overcast / Moderate,86.38,-6.89,0.0,0.0
2025-02-07 18:00:00,2025,2,7,18,38,4,40,-29.4,9.9,142.9,9.4,36.05,58.85,Overcast / Moderate,79.1,13.4,0.0,0.0
2025-02-07 19:00:00,2025,2,7,19,38,4,47,-29.8,5.6,144.1,9.91,1.93,59.99,Overcast / Moderate,52.93,48.15,0.0,0.0
2025-02-07 20:00:00,2025,2,7,20,38,4,46,-29.9,3.3,74.7,5.17,0.0,66.2,Overcast / Moderate,25.76,50.0,15.0,4.2
2025-02-07 21:00:00,2025,2,7,21,38,4,51,-31.0,3.5,0.0,0.0,0.01,66.6,Severe Sub-Zero Cold,19.5,11.52,55.07,15.42
2025-02-07 22:00:00,2025,2,7,22,38,4,44,-32.1,2.3,0.0,0.0,0.0,58.51,Severe Sub-Zero Cold,19.5,0.0,59.51,16.66
2025-02-07 23:00:00,2025,2,7,23,38,4,45,-33.3,7.4,0.0,0.0,9.35,58.36,Severe Sub-Zero Cold,19.5,0.0,50.01,14.0
2025-02-08 00:00:00,2025,2,8,0,39,5,45,-32.9,10.2,0.0,0.0,40.96,58.26,Severe Sub-Zero Cold,19.5,0.0,18.3,5.12
2025-02-08 01:00:00,2025,2,8,1,39,5,49,-32.6,1.2,0.0,0.0,0.0,59.16,Severe Sub-Zero Cold,19.5,0.0,60.16,16.85
2025-02-08 02:00:00,2025,2,8,2,39,5,44,-33.6,2.1,0.0,0.0,0.0,62.43,Severe Sub-Zero Cold,19.5,0.0,63.43,17.76
2025-02-08 03:00:00,2025,2,8,3,39,5,45,-33.0,5.9,0.0,0.0,2.68,58.73,Severe Sub-Zero Cold,19.5,0.0,57.05,15.97
2025-02-08 04:00:00,2025,2,8,4,39,5,46,-32.3,8.6,70.4,4.9,19.27,61.9,Severe Sub-Zero Cold,19.5,0.0,38.73,10.84
2025-02-08 05:00:00,2025,2,8,5,39,5,45,-31.2,3.2,150.7,10.5,0.0,57.87,Severe Sub-Zero Cold,19.5,0.0,48.37,13.54
2025-02-08 06:00:00,2025,2,8,6,39,5,43,-31.5,4.3,172.4,11.62,0.24,57.29,Severe Sub-Zero Cold,19.5,0.0,46.43,13.0
2025-02-08 07:00:00,2025,2,8,7,39,5,45,-32.7,4.0,207.4,13.86,0.11,62.57,Severe Sub-Zero Cold,19.5,0.0,49.6,13.89
2025-02-08 08:00:00,2025,2,8,8,39,5,48,-31.1,5.4,319.7,21.72,1.52,70.33,Severe Sub-Zero Cold,19.5,0.0,48.09,13.47
2025-02-08 09:00:00,2025,2,8,9,39,5,41,-31.9,3.9,397.0,27.21,0.08,63.18,Severe Sub-Zero Cold,19.5,0.0,36.89,10.33
2025-02-08 10:00:00,2025,2,8,10,39,5,45,-31.9,5.0,454.0,31.22,0.88,64.52,Severe Sub-Zero Cold,19.5,0.0,33.42,9.36
2025-02-08 11:00:00,2025,2,8,11,39,5,42,-30.8,8.5,513.6,35.47,18.26,67.31,Severe Sub-Zero Cold,19.5,0.0,15.0,4.2
2025-02-08 12:00:00,2025,2,8,12,39,5,48,-31.1,7.3,534.1,37.0,8.73,66.01,Severe Sub-Zero Cold,19.5,0.0,21.28,5.96
2025-02-08 13:00:00,2025,2,8,13,39,5,40,-30.8,2.3,520.1,35.98,0.0,63.28,Severe Sub-Zero Cold,19.5,0.0,28.3,7.92
2025-02-08 14:00:00,2025,2,8,14,39,5,43,-31.1,7.6,369.5,24.81,10.68,63.38,Severe Sub-Zero Cold,19.5,0.0,28.89,8.09
2025-02-08 15:00:00,2025,2,8,15,39,5,46,-30.3,6.1,286.2,18.92,3.27,61.74,Severe Sub-Zero Cold,19.5,0.0,40.55,11.35
2025-02-08 16:00:00,2025,2,8,16,39,5,49,-29.5,12.1,360.4,24.72,80.0,67.15,Overcast / Moderate,36.78,-37.57,0.0,0.0
2025-02-08 17:00:00,2025,2,8,17,39,5,44,-30.5,4.5,258.6,17.56,0.37,59.59,Severe Sub-Zero Cold,18.54,33.56,15.0,4.2
2025-02-08 18:00:00,2025,2,8,18,39,5,43,-28.2,8.5,214.5,14.67,18.26,58.61,Overcast / Moderate,18.54,0.0,28.6,8.01
2025-02-08 19:00:00,2025,2,8,19,39,5,50,-27.8,8.5,119.2,8.02,18.26,61.24,Overcast / Moderate,18.54,0.0,37.88,10.61
2025-02-08 20:00:00,2025,2,8,20,39,5,40,-28.5,3.9,63.9,4.36,0.08,60.87,Overcast / Moderate,18.54,0.0,59.35,16.62
2025-02-08 21:00:00,2025,2,8,21,39,5,38,-29.7,11.2,0.0,0.0,60.51,60.41,Overcast / Moderate,18.59,-0.1,0.0,0.0
2025-02-08 22:00:00,2025,2,8,22,39,5,46,-30.5,6.2,0.0,0.0,3.6,53.03,Severe Sub-Zero Cold,18.59,0.0,52.26,14.63
2025-02-08 23:00:00,2025,2,8,23,39,5,43,-30.5,8.0,0.0,0.0,13.72,62.84,Severe Sub-Zero Cold,18.59,0.0,51.95,14.55
2025-02-09 00:00:00,2025,2,9,0,40,6,41,-31.7,3.1,0.0,0.0,0.0,59.42,Severe Sub-Zero Cold,18.59,0.0,62.25,17.43
2025-02-09 01:00:00,2025,2,9,1,40,6,47,-32.9,4.2,0.0,0.0,0.19,58.47,Severe Sub-Zero Cold,18.59,0.0,61.11,17.11
2025-02-09 02:00:00,2025,2,9,2,40,6,45,-33.2,7.1,0.0,0.0,7.56,60.58,Severe Sub-Zero Cold,18.59,0.0,55.85,15.64
2025-02-09 03:00:00,2025,2,9,3,40,6,43,-32.6,4.8,0.0,0.0,0.64,59.74,Severe Sub-Zero Cold,18.59,0.0,61.93,17.34
2025-02-09 04:00:00,2025,2,9,4,40,6,41,-32.3,6.3,51.5,3.49,3.94,57.15,Severe Sub-Zero Cold,18.59,0.0,52.55,14.71
2025-02-09 05:00:00,2025,2,9,5,40,6,47,-32.5,5.2,124.9,8.57,1.17,60.39,Severe Sub-Zero Cold,18.59,0.0,53.48,14.97
2025-02-09 06:00:00,2025,2,9,6,40,6,46,-32.6,7.6,198.8,13.66,10.68,60.28,Severe Sub-Zero Cold,18.59,0.0,38.77,10.85
2025-02-09 07:00:00,2025,2,9,7,40,6,44,-31.8,6.2,304.6,21.18,3.6,66.83,Severe Sub-Zero Cold,18.59,0.0,44.88,12.57
2025-02-09 08:00:00,2025,2,9,8,40,6,50,-30.2,0.6,395.4,27.52,0.0,65.16,Severe Sub-Zero Cold,18.59,0.0,40.47,11.33
2025-02-09 09:00:00,2025,2,9,9,40,6,41,-29.3,7.7,467.8,32.52,11.39,61.99,Clear Solar Day,18.59,0.0,20.91,5.85
2025-02-09 10:00:00,2025,2,9,10,40,6,40,-29.9,5.6,401.4,27.12,1.93,60.77,Clear Solar Day,18.59,0.0,34.55,9.67
2025-02-09 11:00:00,2025,2,9,11,40,6,42,-29.9,5.0,301.4,19.74,0.88,60.9,Overcast / Moderate,18.59,0.0,43.11,12.07
2025-02-09 12:00:00,2025,2,9,12,40,6,44,-30.4,2.5,337.9,22.33,0.0,61.13,Severe Sub-Zero Cold,18.59,0.0,41.63,11.66
2025-02-09 13:00:00,2025,2,9,13,40,6,45,-29.1,3.9,406.5,27.27,0.08,60.41,Clear Solar Day,18.59,0.0,35.89,10.05
2025-02-09 14:00:00,2025,2,9,14,40,6,44,-30.4,3.9,436.7,29.81,0.08,61.89,Severe Sub-Zero Cold,18.59,0.0,34.83,9.75
2025-02-09 15:00:00,2025,2,9,15,40,6,46,-31.1,12.1,277.9,18.38,80.0,63.68,Severe Sub-Zero Cold,34.55,-34.7,0.0,0.0
2025-02-09 16:00:00,2025,2,9,16,40,6,41,-30.0,5.7,353.1,24.22,2.16,64.23,Severe Sub-Zero Cold,18.73,29.1,15.0,4.2
2025-02-09 17:00:00,2025,2,9,17,40,6,49,-29.6,1.7,281.6,19.29,0.0,63.24,Overcast / Moderate,18.73,0.0,46.48,13.01
2025-02-09 18:00:00,2025,2,9,18,40,6,44,-29.1,3.0,225.7,15.61,0.0,61.25,Overcast / Moderate,18.73,0.0,48.17,13.49
2025-02-09 19:00:00,2025,2,9,19,40,6,48,-30.5,2.3,129.9,8.91,0.0,63.78,Severe Sub-Zero Cold,18.73,0.0,57.4,16.07
2025-02-09 20:00:00,2025,2,9,20,40,6,46,-29.9,7.1,57.2,3.9,7.56,63.25,Overcast / Moderate,18.73,0.0,54.32,15.21
2025-02-09 21:00:00,2025,2,9,21,40,6,46,-30.7,3.5,0.0,0.0,0.01,68.22,Severe Sub-Zero Cold,18.73,0.0,70.74,19.81
2025-02-09 22:00:00,2025,2,9,22,40,6,46,-31.7,6.3,0.0,0.0,3.94,57.64,Severe Sub-Zero Cold,18.73,0.0,56.23,15.74
2025-02-09 23:00:00,2025,2,9,23,40,6,46,-32.1,5.2,0.0,0.0,1.17,60.29,Severe Sub-Zero Cold,18.73,0.0,61.65,17.26
2025-02-10 00:00:00,2025,2,10,0,41,0,46,-32.7,9.5,0.0,0.0,30.14,60.21,Severe Sub-Zero Cold,18.73,0.0,32.6,9.13
2025-02-10 01:00:00,2025,2,10,1,41,0,48,-32.4,4.8,0.0,0.0,0.64,59.7,Severe Sub-Zero Cold,18.73,0.0,61.59,17.25
2025-02-10 02:00:00,2025,2,10,2,41,0,45,-33.5,5.9,0.0,0.0,2.68,57.33,Severe Sub-Zero Cold,18.73,0.0,57.18,16.01
2025-02-10 03:00:00,2025,2,10,3,41,0,47,-33.4,8.4,0.0,0.0,17.28,61.39,Severe Sub-Zero Cold,18.73,0.0,46.64,13.06
2025-02-10 04:00:00,2025,2,10,4,41,0,44,-33.3,5.7,59.7,4.16,2.16,54.55,Severe Sub-Zero Cold,18.73,0.0,50.76,14.21
2025-02-10 05:00:00,2025,2,10,5,41,0,49,-34.0,9.3,104.4,7.08,27.44,58.4,Severe Sub-Zero Cold,18.73,0.0,26.41,7.39
2025-02-10 06:00:00,2025,2,10,6,41,0,42,-34.1,7.8,109.5,7.18,12.14,58.18,Severe Sub-Zero Cold,18.73,0.0,41.39,11.59
2025-02-10 07:00:00,2025,2,10,7,41,0,50,-33.5,5.5,284.8,19.76,1.71,66.9,Severe Sub-Zero Cold,18.73,0.0,47.96,13.43
2025-02-10 08:00:00,2025,2,10,8,41,0,44,-33.2,6.3,366.8,25.52,3.94,65.36,Severe Sub-Zero Cold,18.73,0.0,38.43,10.76
2025-02-10 09:00:00,2025,2,10,9,41,0,40,-31.8,13.5,406.6,27.99,80.0,66.19,Severe Sub-Zero Cold,37.13,-40.0,0.0,0.0
2025-02-10 10:00:00,2025,2,10,10,41,0,45,-30.5,7.8,423.6,28.85,12.14,65.05,Severe Sub-Zero Cold,24.06,24.06,0.0,0.0
2025-02-10 11:00:00,2025,2,10,11,41,0,42,-29.9,11.3,516.5,35.68,62.75,62.41,Clear Solar Day,40.63,-36.02,0.0,0.0
2025-02-10 12:00:00,2025,2,10,12,41,0,47,-28.3,3.5,368.8,24.43,0.01,61.68,Overcast / Moderate,20.39,37.24,0.0,0.0
2025-02-10 13:00:00,2025,2,10,13,41,0,43,-28.2,6.2,463.7,31.49,3.6,60.24,Clear Solar Day,19.97,0.78,24.37,6.82
2025-02-10 14:00:00,2025,2,10,14,41,0,43,-26.9,11.4,412.9,27.78,65.04,57.25,Clear Solar Day,36.33,-35.57,0.0,0.0
2025-02-10 15:00:00,2025,2,10,15,41,0,39,-27.7,4.8,418.6,28.62,0.64,54.03,Clear Solar Day,22.87,24.77,0.0,0.0
2025-02-10 16:00:00,2025,2,10,16,41,0,43,-27.9,13.5,374.2,25.74,80.0,57.64,Overcast / Moderate,41.27,-40.0,0.0,0.0
2025-02-10 17:00:00,2025,2,10,17,41,0,37,-27.1,2.5,286.6,19.58,0.0,61.08,Overcast / Moderate,18.71,41.5,0.0,0.0
2025-02-10 18:00:00,2025,2,10,18,41,0,40,-28.7,11.2,180.4,12.17,60.51,58.61,Overcast / Moderate,25.18,-14.07,0.0,0.0
2025-02-10 19:00:00,2025,2,10,19,41,0,47,-29.7,5.8,128.4,8.81,2.41,62.26,Overcast / Moderate,19.55,10.37,40.67,11.39
2025-02-10 20:00:00,2025,2,10,20,41,0,47,-31.3,2.2,58.5,4.04,0.0,67.32,Severe Sub-Zero Cold,19.55,0.0,64.18,17.97
2025-02-10 21:00:00,2025,2,10,21,41,0,46,-31.4,10.7,0.0,0.0,50.1,57.89,Severe Sub-Zero Cold,19.55,0.0,15.0,4.2
2025-02-10 22:00:00,2025,2,10,22,41,0,42,-32.2,4.2,0.0,0.0,0.19,56.64,Severe Sub-Zero Cold,19.55,0.0,57.35,16.06
2025-02-10 23:00:00,2025,2,10,23,41,0,44,-32.6,1.2,0.0,0.0,0.0,56.09,Severe Sub-Zero Cold,19.55,0.0,56.99,15.96
2025-02-11 00:00:00,2025,2,11,0,42,1,44,-32.7,3.0,0.0,0.0,0.0,59.65,Severe Sub-Zero Cold,19.55,0.0,60.55,16.95
2025-02-11 01:00:00,2025,2,11,1,42,1,41,-33.1,7.8,0.0,0.0,12.14,59.96,Severe Sub-Zero Cold,19.55,0.0,48.72,13.64
2025-02-11 02:00:00,2025,2,11,2,42,1,49,-32.9,14.2,0.0,0.0,80.0,61.56,High Wind Surge,28.03,-18.44,0.0,0.0
2025-02-11 03:00:00,2025,2,11,3,42,1,47,-32.5,2.7,0.0,0.0,0.0,63.17,Severe Sub-Zero Cold,19.3,16.06,47.11,13.19
2025-02-11 04:00:00,2025,2,11,4,42,1,44,-33.1,6.0,52.9,3.67,2.96,60.6,Severe Sub-Zero Cold,19.3,0.0,55.37,15.5
2025-02-11 05:00:00,2025,2,11,5,42,1,45,-33.3,3.5,138.7,9.74,0.01,60.2,Severe Sub-Zero Cold,19.3,0.0,51.85,14.52
2025-02-11 06:00:00,2025,2,11,6,42,1,45,-33.5,13.0,200.7,13.91,80.0,65.81,Severe Sub-Zero Cold,32.23,-28.1,0.0,0.0
2025-02-11 07:00:00,2025,2,11,7,42,1,38,-32.2,11.2,216.5,14.57,60.51,57.0,Severe Sub-Zero Cold,40.54,-18.08,0.0,0.0
2025-02-11 08:00:00,2025,2,11,8,42,1,44,-31.6,16.0,357.5,24.73,80.0,69.46,High Wind Surge,56.77,-35.27,0.0,0.0
2025-02-11 09:00:00,2025,2,11,9,42,1,42,-31.1,18.5,135.6,8.6,80.0,67.24,High Wind Surge,66.59,-21.36,0.0,0.0
2025-02-11 10:00:00,2025,2,11,10,42,1,41,-29.8,23.6,156.5,9.91,80.0,61.19,Blizzard / Extreme Storm,79.81,-28.72,0.0,0.0
2025-02-11 11:00:00,2025,2,11,11,42,1,44,-29.6,28.5,256.5,16.62,0.0,60.69,Blizzard / Extreme Storm,55.85,44.07,0.0,0.0
2025-02-11 12:00:00,2025,2,11,12,42,1,50,-28.5,24.3,192.2,12.2,80.0,62.06,Blizzard / Extreme Storm,69.72,-30.14,0.0,0.0
2025-02-11 13:00:00,2025,2,11,13,42,1,46,-28.6,18.8,177.5,11.24,80.0,61.68,High Wind Surge,83.32,-29.56,0.0,0.0
2025-02-11 14:00:00,2025,2,11,14,42,1,43,-28.9,21.7,188.8,12.03,80.0,64.57,High Wind Surge,94.07,-23.37,0.0,0.0
2025-02-11 15:00:00,2025,2,11,15,42,1,46,-29.8,21.3,135.6,8.57,80.0,57.13,High Wind Surge,94.93,-1.87,0.0,0.0
2025-02-11 16:00:00,2025,2,11,16,42,1,49,-30.2,11.3,317.1,21.56,62.75,69.66,Severe Sub-Zero Cold,94.99,-0.15,0.0,0.0
2025-02-11 17:00:00,2025,2,11,17,42,1,47,-29.8,6.5,203.8,13.55,4.71,63.64,Overcast / Moderate,70.33,45.38,0.0,0.0
2025-02-11 18:00:00,2025,2,11,18,42,1,45,-30.0,3.6,214.2,14.83,0.02,66.04,Severe Sub-Zero Cold,43.16,50.0,15.0,4.2
2025-02-11 19:00:00,2025,2,11,19,42,1,43,-30.3,8.7,119.2,8.16,20.32,59.56,Severe Sub-Zero Cold,26.27,31.08,0.0,0.0
2025-02-11 20:00:00,2025,2,11,20,42,1,47,-29.4,7.1,53.7,3.69,7.56,65.15,Overcast / Moderate,19.46,12.53,41.37,11.58
2025-02-11 21:00:00,2025,2,11,21,42,1,46,-29.4,6.7,0.0,0.0,5.56,63.96,Overcast / Moderate,19.46,0.0,59.49,16.66
2025-02-11 22:00:00,2025,2,11,22,42,1,47,-29.7,4.1,0.0,0.0,0.15,58.71,Overcast / Moderate,19.46,0.0,59.65,16.7
2025-02-11 23:00:00,2025,2,11,23,42,1,46,-31.5,4.9,0.0,0.0,0.75,56.71,Severe Sub-Zero Cold,19.46,0.0,57.05,15.97
2025-02-12 00:00:00,2025,2,12,0,43,2,48,-34.3,13.4,0.0,0.0,80.0,60.01,Severe Sub-Zero Cold,28.65,-19.99,0.0,0.0
2025-02-12 01:00:00,2025,2,12,1,43,2,43,-34.4,4.1,0.0,0.0,0.15,56.89,Severe Sub-Zero Cold,19.25,17.3,39.44,11.04
2025-02-12 02:00:00,2025,2,12,2,43,2,48,-36.0,11.2,0.0,0.0,60.51,64.15,Severe Sub-Zero Cold,19.25,0.0,15.0,4.2
2025-02-12 03:00:00,2025,2,12,3,43,2,45,-36.3,7.0,0.0,0.0,7.02,65.18,Severe Sub-Zero Cold,19.25,0.0,59.66,16.71
2025-02-12 04:00:00,2025,2,12,4,43,2,51,-36.9,2.9,51.6,3.64,0.0,64.26,Severe Sub-Zero Cold,19.25,0.0,62.12,17.39
2025-02-12 05:00:00,2025,2,12,5,43,2,42,-34.8,6.0,67.6,4.46,2.96,53.36,Severe Sub-Zero Cold,19.25,0.0,47.44,13.28
2025-02-12 06:00:00,2025,2,12,6,43,2,50,-32.0,12.6,150.9,10.13,80.0,63.06,Severe Sub-Zero Cold,31.7,-27.07,0.0,0.0
2025-02-12 07:00:00,2025,2,12,7,43,2,45,-31.7,5.6,267.7,18.42,1.93,64.67,Severe Sub-Zero Cold,18.98,23.4,20.92,5.86
2025-02-12 08:00:00,2025,2,12,8,43,2,43,-29.8,10.4,354.7,24.43,44.47,55.62,Overcast / Moderate,25.09,-13.28,0.0,0.0
2025-02-12 09:00:00,2025,2,12,9,43,2,43,-28.9,4.2,353.1,23.81,0.19,57.32,Overcast / Moderate,19.56,10.18,23.14,6.48
2025-02-12 10:00:00,2025,2,12,10,43,2,44,-28.4,6.9,319.6,21.1,6.51,58.92,Overcast / Moderate,19.56,0.0,32.2,9.01
2025-02-12 11:00:00,2025,2,12,11,43,2,46,-28.1,10.1,386.8,25.82,39.28,62.02,Overcast / Moderate,20.97,-3.08,0.0,0.0
2025-02-12 12:00:00,2025,2,12,12,43,2,46,-28.5,11.7,479.5,32.7,72.26,59.77,Clear Solar Day,39.37,-40.0,0.0,0.0
2025-02-12 13:00:00,2025,2,12,13,43,2,43,-28.0,6.2,514.7,35.44,3.6,58.68,Clear Solar Day,28.7,19.64,0.0,0.0
2025-02-12 14:00:00,2025,2,12,14,43,2,44,-29.1,7.6,375.2,25.19,10.68,64.36,Overcast / Moderate,19.24,17.4,15.0,4.2
2025-02-12 15:00:00,2025,2,12,15,43,2,51,-29.1,0.5,265.3,17.44,0.0,67.47,Overcast / Moderate,19.24,0.0,51.54,14.43
2025-02-12 16:00:00,2025,2,12,16,43,2,50,-28.7,4.2,285.8,19.17,0.19,66.23,Overcast / Moderate,19.24,0.0,48.38,13.55
2025-02-12 17:00:00,2025,2,12,17,43,2,46,-28.5,4.4,297.3,20.55,0.3,58.23,Overcast / Moderate,19.24,0.0,38.89,10.89
2025-02-12 18:00:00,2025,2,12,18,43,2,45,-29.0,2.5,158.9,10.64,0.0,64.71,Overcast / Moderate,19.24,0.0,55.58,15.56
2025-02-12 19:00:00,2025,2,12,19,43,2,45,-30.0,4.4,123.3,8.5,0.3,61.9,Severe Sub-Zero Cold,19.24,0.0,54.61,15.29
2025-02-12 20:00:00,2025,2,12,20,43,2,46,-29.1,4.8,48.0,3.29,0.64,67.68,Overcast / Moderate,19.24,0.0,65.26,18.27
2025-02-12 21:00:00,2025,2,12,21,43,2,41,-29.6,13.6,0.0,0.0,80.0,62.06,Overcast / Moderate,27.5,-17.94,0.0,0.0
2025-02-12 22:00:00,2025,2,12,22,43,2,44,-30.2,7.9,0.0,0.0,12.91,60.08,Severe Sub-Zero Cold,19.35,14.99,32.18,9.01
2025-02-12 23:00:00,2025,2,12,23,43,2,39,-32.3,5.7,0.0,0.0,2.16,58.94,Severe Sub-Zero Cold,19.35,0.0,58.08,16.26
2025-02-13 00:00:00,2025,2,13,0,44,3,46,-32.2,15.2,0.0,0.0,80.0,60.05,High Wind Surge,28.53,-19.95,0.0,0.0
2025-02-13 01:00:00,2025,2,13,1,44,3,46,-31.5,3.2,0.0,0.0,0.0,57.52,Severe Sub-Zero Cold,19.26,17.05,40.47,11.33
2025-02-13 02:00:00,2025,2,13,2,44,3,43,-32.3,6.1,0.0,0.0,3.27,61.42,Severe Sub-Zero Cold,19.26,0.0,59.63,16.7
2025-02-13 03:00:00,2025,2,13,3,44,3,49,-32.4,7.6,0.0,0.0,10.68,62.08,Severe Sub-Zero Cold,19.26,0.0,52.88,14.81
2025-02-13 04:00:00,2025,2,13,4,44,3,41,-32.6,1.9,36.2,2.46,0.0,57.37,Severe Sub-Zero Cold,19.26,0.0,56.39,15.79
2025-02-13 05:00:00,2025,2,13,5,44,3,40,-32.6,8.4,107.8,7.4,17.28,56.88,Severe Sub-Zero Cold,19.26,0.0,33.68,9.43
2025-02-13 06:00:00,2025,2,13,6,44,3,45,-31.4,2.6,165.6,11.23,0.0,56.37,Severe Sub-Zero Cold,19.26,0.0,46.62,13.05
2025-02-13 07:00:00,2025,2,13,7,44,3,48,-31.4,3.1,241.9,16.48,0.0,67.23,Severe Sub-Zero Cold,19.26,0.0,52.23,14.63
2025-02-13 08:00:00,2025,2,13,8,44,3,50,-29.5,3.3,325.0,22.17,0.0,65.05,Overcast / Moderate,19.26,0.0,44.36,12.42
2025-02-13 09:00:00,2025,2,13,9,44,3,43,-29.8,11.9,416.5,28.72,77.36,62.98,Clear Solar Day,37.66,-40.0,0.0,0.0
2025-02-13 10:00:00,2025,2,13,10,44,3,48,-28.6,8.0,399.6,26.99,13.72,62.19,Overcast / Moderate,25.98,21.48,0.0,0.0
2025-02-13 11:00:00,2025,2,13,11,44,3,44,-28.1,7.7,416.9,28.06,11.39,64.97,Clear Solar Day,19.48,11.97,15.0,4.2
2025-02-13 12:00:00,2025,2,13,12,44,3,44,-28.1,6.8,532.7,36.79,6.02,57.61,Clear Solar Day,19.48,0.0,15.84,4.44
2025-02-13 13:00:00,2025,2,13,13,44,3,47,-27.4,4.5,370.6,24.61,0.37,63.8,Overcast / Moderate,19.48,0.0,39.86,11.16
2025-02-13 14:00:00,2025,2,13,14,44,3,46,-29.6,7.4,398.5,26.98,9.35,65.6,Overcast / Moderate,19.48,0.0,30.31,8.49
2025-02-13 15:00:00,2025,2,13,15,44,3,40,-29.0,5.5,293.6,19.47,1.71,59.82,Overcast / Moderate,19.48,0.0,39.68,11.11
2025-02-13 16:00:00,2025,2,13,16,44,3,49,-29.8,3.1,350.6,24.15,0.0,60.71,Overcast / Moderate,19.48,0.0,37.6,10.53
2025-02-13 17:00:00,2025,2,13,17,44,3,49,-29.6,8.1,248.7,16.91,14.56,65.14,Overcast / Moderate,19.48,0.0,34.71,9.72
2025-02-13 18:00:00,2025,2,13,18,44,3,43,-29.8,2.9,166.6,11.26,0.0,65.25,Overcast / Moderate,19.48,0.0,55.03,15.41
2025-02-13 19:00:00,2025,2,13,19,44,3,46,-30.1,3.6,94.3,6.34,0.02,67.95,Severe Sub-Zero Cold,19.48,0.0,62.63,17.54
2025-02-13 20:00:00,2025,2,13,20,44,3,46,-29.5,9.7,37.5,2.53,33.01,64.71,Overcast / Moderate,19.48,0.0,30.21,8.46
2025-02-13 21:00:00,2025,2,13,21,44,3,45,-29.8,7.8,0.0,0.0,12.14,61.42,Overcast / Moderate,19.48,0.0,50.32,14.09
2025-02-13 22:00:00,2025,2,13,22,44,3,43,-30.0,7.5,0.0,0.0,10.0,58.41,Severe Sub-Zero Cold,19.48,0.0,49.45,13.85
2025-02-13 23:00:00,2025,2,13,23,44,3,42,-30.1,5.6,0.0,0.0,1.93,57.79,Severe Sub-Zero Cold,19.48,0.0,56.9,15.93
2025-02-14 00:00:00,2025,2,14,0,45,4,44,-31.5,5.4,0.0,0.0,1.52,58.82,Severe Sub-Zero Cold,19.48,0.0,58.34,16.34
2025-02-14 01:00:00,2025,2,14,1,45,4,48,-31.9,8.1,0.0,0.0,14.56,56.95,Severe Sub-Zero Cold,19.48,0.0,43.43,12.16
2025-02-14 02:00:00,2025,2,14,2,45,4,46,-31.9,8.6,0.0,0.0,19.27,60.23,Severe Sub-Zero Cold,19.48,0.0,42.0,11.76
2025-02-14 03:00:00,2025,2,14,3,45,4,43,-31.9,6.4,0.0,0.0,4.31,59.27,Severe Sub-Zero Cold,19.48,0.0,56.0,15.68
2025-02-14 04:00:00,2025,2,14,4,45,4,47,-32.5,13.6,37.9,2.62,80.0,65.47,Severe Sub-Zero Cold,27.37,-17.15,0.0,0.0
2025-02-14 05:00:00,2025,2,14,5,45,4,36,-32.6,12.9,109.3,7.55,80.0,57.35,Severe Sub-Zero Cold,41.26,-30.2,0.0,0.0
2025-02-14 06:00:00,2025,2,14,6,45,4,48,-31.8,5.6,129.0,8.58,1.93,63.33,Severe Sub-Zero Cold,18.15,42.52,15.0,4.2
2025-02-14 07:00:00,2025,2,14,7,45,4,39,-32.9,9.7,254.7,17.55,33.01,66.67,Severe Sub-Zero Cold,18.15,0.0,19.81,5.55
2025-02-14 08:00:00,2025,2,14,8,45,4,43,-33.5,6.7,378.0,26.58,5.56,65.16,Severe Sub-Zero Cold,18.15,0.0,36.72,10.28
2025-02-14 09:00:00,2025,2,14,9,45,4,41,-33.5,6.4,422.2,29.47,4.31,67.43,Severe Sub-Zero Cold,18.15,0.0,37.35,10.46
2025-02-14 10:00:00,2025,2,14,10,45,4,41,-32.2,1.9,335.5,22.5,0.0,61.4,Severe Sub-Zero Cold,18.15,0.0,42.6,11.93
2025-02-14 11:00:00,2025,2,14,11,45,4,48,-31.7,7.0,480.7,33.21,7.02,64.93,Severe Sub-Zero Cold,18.15,0.0,28.4,7.95
2025-02-14 12:00:00,2025,2,14,12,45,4,43,-31.7,11.2,533.5,37.24,60.51,62.34,Severe Sub-Zero Cold,34.44,-35.41,0.0,0.0
2025-02-14 13:00:00,2025,2,14,13,45,4,46,-30.9,9.1,394.2,26.6,24.91,63.73,Severe Sub-Zero Cold,27.8,12.22,0.0,0.0
2025-02-14 14:00:00,2025,2,14,14,45,4,44,-29.9,9.2,445.9,30.63,26.15,57.67,Clear Solar Day,27.31,0.89,0.0,0.0
2025-02-14 15:00:00,2025,2,14,15,45,4,46,-29.6,3.3,338.4,22.81,0.0,67.65,Overcast / Moderate,19.36,14.63,30.21,8.46
2025-02-14 16:00:00,2025,2,14,16,45,4,45,-28.6,5.1,302.4,20.45,1.02,61.29,Overcast / Moderate,19.36,0.0,41.09,11.51
2025-02-14 17:00:00,2025,2,14,17,45,4,41,-27.8,4.0,268.7,18.39,0.11,62.03,Overcast / Moderate,19.36,0.0,44.8,12.54
2025-02-14 18:00:00,2025,2,14,18,45,4,47,-26.9,4.7,206.0,14.2,0.54,62.08,Overcast / Moderate,19.36,0.0,48.61,13.61
2025-02-14 19:00:00,2025,2,14,19,45,4,43,-26.1,7.0,122.9,8.47,7.02,58.8,Overcast / Moderate,19.36,0.0,44.58,12.48
2025-02-14 20:00:00,2025,2,14,20,45,4,40,-26.9,5.1,33.9,2.28,1.02,55.85,Overcast / Moderate,19.36,0.0,53.82,15.07
2025-02-14 21:00:00,2025,2,14,21,45,4,43,-28.0,6.8,0.0,0.0,6.02,58.62,Overcast / Moderate,19.36,0.0,53.87,15.08
2025-02-14 22:00:00,2025,2,14,22,45,4,49,-30.5,5.8,0.0,0.0,2.41,57.74,Severe Sub-Zero Cold,19.36,0.0,56.6,15.85
2025-02-14 23:00:00,2025,2,14,23,45,4,47,-30.9,4.5,0.0,0.0,0.37,57.02,Severe Sub-Zero Cold,19.36,0.0,57.92,16.22
2025-02-15 00:00:00,2025,2,15,0,46,5,43,-32.3,2.5,0.0,0.0,0.0,55.96,Severe Sub-Zero Cold,19.36,0.0,57.23,16.03
2025-02-15 01:00:00,2025,2,15,1,46,5,43,-34.1,11.0,0.0,0.0,56.19,58.03,Severe Sub-Zero Cold,19.36,0.0,15.0,4.2
2025-02-15 02:00:00,2025,2,15,2,46,5,44,-34.0,0.9,0.0,0.0,0.0,61.04,Severe Sub-Zero Cold,19.36,0.0,62.31,17.45
2025-02-15 03:00:00,2025,2,15,3,46,5,51,-33.6,0.4,0.0,0.0,0.0,63.27,Severe Sub-Zero Cold,19.36,0.0,64.54,18.07
2025-02-15 04:00:00,2025,2,15,4,46,5,46,-32.8,9.8,35.9,2.51,34.51,56.5,Severe Sub-Zero Cold,19.36,0.0,20.75,5.81
2025-02-15 05:00:00,2025,2,15,5,46,5,46,-33.3,17.2,114.2,7.99,80.0,57.59,High Wind Surge,33.35,-30.4,0.0,0.0
2025-02-15 06:00:00,2025,2,15,6,46,5,48,-33.1,8.5,168.7,11.58,18.26,60.6,Severe Sub-Zero Cold,18.84,26.7,15.0,4.2
2025-02-15 07:00:00,2025,2,15,7,46,5,45,-31.6,1.0,244.0,16.71,0.0,63.89,Severe Sub-Zero Cold,18.84,0.0,49.5,13.86
2025-02-15 08:00:00,2025,2,15,8,46,5,44,-31.2,3.9,355.5,24.7,0.08,62.74,Severe Sub-Zero Cold,18.84,0.0,40.28,11.28
2025-02-15 09:00:00,2025,2,15,9,46,5,44,-30.6,13.7,187.6,12.11,80.0,65.51,Severe Sub-Zero Cold,31.08,-26.6,0.0,0.0
2025-02-15 10:00:00,2025,2,15,10,46,5,44,-29.8,9.5,432.9,29.66,30.14,63.07,Clear Solar Day,29.3,3.27,0.0,0.0
2025-02-15 11:00:00,2025,2,15,11,46,5,44,-29.7,6.9,443.6,30.24,6.51,58.47,Clear Solar Day,19.19,18.6,15.0,4.2
2025-02-15 12:00:00,2025,2,15,12,46,5,47,-29.0,4.0,431.0,29.17,0.11,61.04,Clear Solar Day,19.19,0.0,33.38,9.35
2025-02-15 13:00:00,2025,2,15,13,46,5,45,-28.7,1.0,454.8,31.01,0.0,57.97,Clear Solar Day,19.19,0.0,28.58,8.0
2025-02-15 14:00:00,2025,2,15,14,46,5,47,-28.5,1.2,465.5,32.06,0.0,62.22,Clear Solar Day,19.19,0.0,31.78,8.9
2025-02-15 15:00:00,2025,2,15,15,46,5,44,-28.5,7.3,328.1,22.01,8.73,58.31,Overcast / Moderate,19.19,0.0,29.19,8.17
2025-02-15 16:00:00,2025,2,15,16,46,5,45,-28.6,1.2,341.0,23.42,0.0,57.65,Overcast / Moderate,19.19,0.0,35.85,10.04
2025-02-15 17:00:00,2025,2,15,17,46,5,39,-27.2,16.2,216.9,14.5,80.0,53.78,High Wind Surge,37.59,-40.0,0.0,0.0
2025-02-15 18:00:00,2025,2,15,18,46,5,47,-26.8,3.5,173.1,11.72,0.01,66.35,Overcast / Moderate,18.47,35.18,19.44,5.44
2025-02-15 19:00:00,2025,2,15,19,46,5,46,-27.3,8.3,94.5,6.37,16.34,58.01,Overcast / Moderate,18.47,0.0,38.36,10.74
2025-02-15 20:00:00,2025,2,15,20,46,5,47,-27.0,3.2,24.9,1.65,0.0,60.75,Overcast / Moderate,18.47,0.0,62.16,17.4
2025-02-15 21:00:00,2025,2,15,21,46,5,36,-27.9,6.6,0.0,0.0,5.12,58.55,Overcast / Moderate,18.47,0.0,56.49,15.82
2025-02-15 22:00:00,2025,2,15,22,46,5,51,-28.7,2.3,0.0,0.0,0.0,57.7,Overcast / Moderate,18.47,0.0,60.76,17.01
2025-02-15 23:00:00,2025,2,15,23,46,5,44,-30.5,9.0,0.0,0.0,23.7,58.81,Severe Sub-Zero Cold,18.47,0.0,38.17,10.69
2025-02-16 00:00:00,2025,2,16,0,47,6,48,-31.2,7.1,0.0,0.0,7.56,58.51,Severe Sub-Zero Cold,18.47,0.0,54.01,15.12
2025-02-16 01:00:00,2025,2,16,1,47,6,41,-31.8,2.4,0.0,0.0,0.0,56.46,Severe Sub-Zero Cold,18.47,0.0,59.52,16.67
2025-02-16 02:00:00,2025,2,16,2,47,6,46,-32.1,10.1,0.0,0.0,39.28,59.44,Severe Sub-Zero Cold,18.47,0.0,23.22,6.5
2025-02-16 03:00:00,2025,2,16,3,47,6,41,-31.8,6.7,0.0,0.0,5.56,58.12,Severe Sub-Zero Cold,18.47,0.0,55.62,15.57
2025-02-16 04:00:00,2025,2,16,4,47,6,43,-31.9,11.7,0.0,0.0,72.26,58.23,Severe Sub-Zero Cold,24.92,-14.03,0.0,0.0
2025-02-16 05:00:00,2025,2,16,5,47,6,50,-32.4,11.6,97.2,6.69,69.8,61.57,Severe Sub-Zero Cold,31.79,-14.92,0.0,0.0
2025-02-16 06:00:00,2025,2,16,6,47,6,44,-32.5,11.7,194.8,13.62,72.26,57.2,Severe Sub-Zero Cold,44.98,-28.68,0.0,0.0
2025-02-16 07:00:00,2025,2,16,7,47,6,45,-31.3,2.3,266.4,18.45,0.0,63.57,Severe Sub-Zero Cold,20.46,45.12,0.0,0.0
2025-02-16 08:00:00,2025,2,16,8,47,6,47,-30.8,2.8,267.6,18.02,0.0,61.08,Severe Sub-Zero Cold,19.96,0.92,42.14,11.8
2025-02-16 09:00:00,2025,2,16,9,47,6,46,-30.1,15.2,383.2,26.28,80.0,62.91,High Wind Surge,38.36,-40.0,0.0,0.0
2025-02-16 10:00:00,2025,2,16,10,47,6,45,-28.4,6.2,346.0,23.09,3.6,60.3,Overcast / Moderate,20.09,33.61,0.0,0.0
2025-02-16 11:00:00,2025,2,16,11,47,6,46,-28.0,4.0,505.8,34.91,0.11,64.59,Clear Solar Day,19.99,0.19,29.38,8.23
2025-02-16 12:00:00,2025,2,16,12,47,6,52,-27.9,9.0,399.9,26.8,23.7,60.3,Overcast / Moderate,19.99,0.0,15.0,4.2
2025-02-16 13:00:00,2025,2,16,13,47,6,44,-27.3,4.3,396.2,26.55,0.24,59.54,Overcast / Moderate,19.99,0.0,32.77,9.17
2025-02-16 14:00:00,2025,2,16,14,47,6,45,-27.2,8.5,454.4,31.14,18.26,59.69,Clear Solar Day,19.99,0.0,15.0,4.2
2025-02-16 15:00:00,2025,2,16,15,47,6,48,-27.1,10.0,419.9,28.89,37.64,63.64,Clear Solar Day,21.32,-2.89,0.0,0.0
2025-02-16 16:00:00,2025,2,16,16,47,6,48,-28.9,9.2,304.6,20.69,26.15,60.12,Overcast / Moderate,19.89,2.64,15.0,4.2
2025-02-16 17:00:00,2025,2,16,17,47,6,48,-28.0,4.4,185.1,12.24,0.3,62.65,Overcast / Moderate,19.89,0.0,50.34,14.1
2025-02-16 18:00:00,2025,2,16,18,47,6,46,-27.4,5.5,177.8,12.13,1.71,61.69,Overcast / Moderate,19.89,0.0,48.08,13.46
2025-02-16 19:00:00,2025,2,16,19,47,6,41,-29.4,5.6,64.9,4.26,1.93,63.57,Overcast / Moderate,19.89,0.0,57.61,16.13
2025-02-16 20:00:00,2025,2,16,20,47,6,49,-30.0,6.2,0.0,0.0,3.6,62.35,Severe Sub-Zero Cold,19.89,0.0,58.98,16.51
2025-02-16 21:00:00,2025,2,16,21,47,6,41,-30.7,3.3,0.0,0.0,0.0,58.97,Severe Sub-Zero Cold,19.89,0.0,59.2,16.58
2025-02-16 22:00:00,2025,2,16,22,47,6,45,-30.4,5.9,0.0,0.0,2.68,58.59,Severe Sub-Zero Cold,19.89,0.0,56.14,15.72
2025-02-16 23:00:00,2025,2,16,23,47,6,42,-31.9,6.4,0.0,0.0,4.31,54.4,Severe Sub-Zero Cold,19.89,0.0,50.32,14.09
2025-02-17 00:00:00,2025,2,17,0,48,0,44,-31.9,6.6,0.0,0.0,5.12,57.0,Severe Sub-Zero Cold,19.89,0.0,52.11,14.59
2025-02-17 01:00:00,2025,2,17,1,48,0,45,-31.2,9.7,0.0,0.0,33.01,57.4,Severe Sub-Zero Cold,19.89,0.0,24.62,6.89
2025-02-17 02:00:00,2025,2,17,2,48,0,45,-31.6,6.4,0.0,0.0,4.31,59.84,Severe Sub-Zero Cold,19.89,0.0,55.76,15.61
2025-02-17 03:00:00,2025,2,17,3,48,0,46,-31.6,4.0,0.0,0.0,0.11,54.66,Severe Sub-Zero Cold,19.89,0.0,54.78,15.34
2025-02-17 04:00:00,2025,2,17,4,48,0,49,-31.8,7.8,0.0,0.0,12.14,58.56,Severe Sub-Zero Cold,19.89,0.0,46.65,13.06
2025-02-17 05:00:00,2025,2,17,5,48,0,46,-31.5,9.4,64.4,4.27,28.77,58.5,Severe Sub-Zero Cold,19.89,0.0,25.69,7.19
2025-02-17 06:00:00,2025,2,17,6,48,0,44,-32.2,4.8,181.5,12.61,0.64,56.38,Severe Sub-Zero Cold,19.89,0.0,43.36,12.14
2025-02-17 07:00:00,2025,2,17,7,48,0,47,-32.5,7.6,237.3,16.3,10.68,64.77,Severe Sub-Zero Cold,19.89,0.0,38.02,10.65
2025-02-17 08:00:00,2025,2,17,8,48,0,48,-30.8,3.1,354.9,24.72,0.0,66.96,Severe Sub-Zero Cold,19.89,0.0,42.47,11.89
2025-02-17 09:00:00,2025,2,17,9,48,0,41,-29.6,5.0,368.7,25.18,0.88,60.15,Overcast / Moderate,19.89,0.0,34.32,9.61
2025-02-17 10:00:00,2025,2,17,10,48,0,46,-28.3,11.4,374.5,25.21,65.04,61.26,Overcast / Moderate,33.22,-28.99,0.0,0.0
2025-02-17 11:00:00,2025,2,17,11,48,0,47,-27.1,11.4,403.8,27.12,65.04,63.83,Clear Solar Day,46.25,-28.33,0.0,0.0
2025-02-17 12:00:00,2025,2,17,12,48,0,44,-27.0,7.0,404.6,27.11,7.02,59.96,Clear Solar Day,32.21,25.83,0.0,0.0
2025-02-17 13:00:00,2025,2,17,13,48,0,49,-26.4,8.2,294.9,19.21,15.43,65.13,Overcast / Moderate,18.94,24.43,15.0,4.2
2025-02-17 14:00:00,2025,2,17,14,48,0,44,-26.5,10.2,348.2,23.16,40.96,56.03,Overcast / Moderate,22.66,-8.09,0.0,0.0
2025-02-17 15:00:00,2025,2,17,15,48,0,45,-27.6,13.0,393.9,26.97,80.0,60.62,Overcast / Moderate,41.06,-40.0,0.0,0.0
2025-02-17 16:00:00,2025,2,17,16,48,0,44,-27.8,6.2,277.6,18.65,3.6,63.04,Overcast / Moderate,18.89,40.79,0.0,0.0
2025-02-17 17:00:00,2025,2,17,17,48,0,45,-26.8,6.8,267.0,18.33,6.02,58.9,Overcast / Moderate,18.89,0.0,36.77,10.3
2025-02-17 18:00:00,2025,2,17,18,48,0,41,-25.9,5.6,170.3,11.55,1.93,58.05,Overcast / Moderate,18.89,0.0,46.79,13.1
2025-02-17 19:00:00,2025,2,17,19,48,0,40,-25.4,2.2,96.7,6.57,0.0,61.07,Overcast / Moderate,18.89,0.0,56.72,15.88
2025-02-17 20:00:00,2025,2,17,20,48,0,49,-26.4,5.6,0.0,0.0,1.93,59.85,Overcast / Moderate,18.89,0.0,60.14,16.84
2025-02-17 21:00:00,2025,2,17,21,48,0,42,-25.6,9.3,0.0,0.0,27.44,59.97,Overcast / Moderate,18.89,0.0,34.75,9.73
2025-02-17 22:00:00,2025,2,17,22,48,0,42,-27.0,9.5,0.0,0.0,30.14,56.08,Overcast / Moderate,18.89,0.0,28.16,7.88
2025-02-17 23:00:00,2025,2,17,23,48,0,38,-28.4,11.0,0.0,0.0,56.19,54.6,Overcast / Moderate,19.62,-1.59,0.0,0.0
2025-02-18 00:00:00,2025,2,18,0,49,1,43,-29.2,1.8,0.0,0.0,0.0,56.17,Overcast / Moderate,19.62,0.0,56.93,15.94
2025-02-18 01:00:00,2025,2,18,1,49,1,41,-30.2,6.5,0.0,0.0,4.71,53.83,Severe Sub-Zero Cold,19.62,0.0,49.88,13.97
2025-02-18 02:00:00,2025,2,18,2,49,1,49,-29.8,2.7,0.0,0.0,0.0,59.63,Overcast / Moderate,19.62,0.0,60.39,16.91
2025-02-18 03:00:00,2025,2,18,3,49,1,48,-30.9,3.7,0.0,0.0,0.04,55.28,Severe Sub-Zero Cold,19.62,0.0,56.0,15.68
2025-02-18 04:00:00,2025,2,18,4,49,1,42,-30.5,11.2,0.0,0.0,60.51,57.81,Severe Sub-Zero Cold,20.86,-2.7,0.0,0.0
2025-02-18 05:00:00,2025,2,18,5,49,1,51,-30.8,6.3,85.1,5.81,3.94,57.68,Severe Sub-Zero Cold,19.92,1.73,46.2,12.94
2025-02-18 06:00:00,2025,2,18,6,49,1,47,-31.5,8.9,169.8,11.72,22.54,57.66,Severe Sub-Zero Cold,19.92,0.0,23.55,6.59
2025-02-18 07:00:00,2025,2,18,7,49,1,44,-31.1,2.1,214.3,14.54,0.0,63.08,Severe Sub-Zero Cold,19.92,0.0,48.69,13.63
2025-02-18 08:00:00,2025,2,18,8,49,1,37,-32.4,5.6,349.4,24.43,1.93,63.38,Severe Sub-Zero Cold,19.92,0.0,37.17,10.41
2025-02-18 09:00:00,2025,2,18,9,49,1,51,-30.9,7.9,365.1,25.02,12.91,69.76,Severe Sub-Zero Cold,19.92,0.0,31.98,8.95
2025-02-18 10:00:00,2025,2,18,10,49,1,40,-30.2,3.0,387.8,26.36,0.0,61.8,Severe Sub-Zero Cold,19.92,0.0,35.59,9.97
2025-02-18 11:00:00,2025,2,18,11,49,1,40,-29.9,4.8,444.2,30.4,0.64,59.49,Clear Solar Day,19.92,0.0,28.6,8.01
2025-02-18 12:00:00,2025,2,18,12,49,1,48,-29.3,2.1,286.1,18.72,0.0,60.02,Overcast / Moderate,19.92,0.0,41.45,11.61
2025-02-18 13:00:00,2025,2,18,13,49,1,52,-29.2,7.7,396.0,26.71,11.39,67.83,Overcast / Moderate,19.92,0.0,29.88,8.37
2025-02-18 14:00:00,2025,2,18,14,49,1,49,-27.5,13.7,450.0,30.9,80.0,63.05,Clear Solar Day,38.32,-40.0,0.0,0.0
2025-02-18 15:00:00,2025,2,18,15,49,1,46,-27.6,9.8,351.4,23.77,34.51,61.07,Overcast / Moderate,36.81,2.79,0.0,0.0
2025-02-18 16:00:00,2025,2,18,16,49,1,46,-28.0,13.9,237.1,15.71,80.0,62.09,Overcast / Moderate,52.27,-33.62,0.0,0.0
2025-02-18 17:00:00,2025,2,18,17,49,1,47,-28.4,10.1,187.6,12.47,39.28,64.51,Overcast / Moderate,45.34,12.76,0.0,0.0
2025-02-18 18:00:00,2025,2,18,18,49,1,47,-27.8,10.3,181.5,12.51,42.69,61.12,Overcast / Moderate,42.12,5.92,0.0,0.0
2025-02-18 19:00:00,2025,2,18,19,49,1,45,-28.5,7.0,77.2,5.19,7.02,60.31,Overcast / Moderate,18.08,44.24,15.0,4.2
2025-02-18 20:00:00,2025,2,18,20,49,1,45,-29.4,6.5,0.0,0.0,4.71,59.38,Overcast / Moderate,18.08,0.0,58.52,16.38
2025-02-18 21:00:00,2025,2,18,21,49,1,44,-30.2,5.5,0.0,0.0,1.71,60.21,Severe Sub-Zero Cold,18.08,0.0,62.35,17.46
2025-02-18 22:00:00,2025,2,18,22,49,1,42,-30.2,9.7,0.0,0.0,33.01,55.75,Severe Sub-Zero Cold,18.08,0.0,26.59,7.44
2025-02-18 23:00:00,2025,2,18,23,49,1,44,-29.7,3.5,0.0,0.0,0.01,59.35,Overcast / Moderate,18.08,0.0,63.19,17.69
2025-02-19 00:00:00,2025,2,19,0,50,2,39,-31.3,1.9,0.0,0.0,0.0,55.52,Severe Sub-Zero Cold,18.08,0.0,59.37,16.62
2025-02-19 01:00:00,2025,2,19,1,50,2,44,-32.4,12.6,0.0,0.0,80.0,59.34,Severe Sub-Zero Cold,27.58,-20.66,0.0,0.0
2025-02-19 02:00:00,2025,2,19,2,50,2,42,-33.1,0.5,0.0,0.0,0.0,61.6,Severe Sub-Zero Cold,19.34,15.16,46.44,13.0
2025-02-19 03:00:00,2025,2,19,3,50,2,41,-32.2,14.1,0.0,0.0,80.0,58.85,High Wind Surge,29.07,-21.15,0.0,0.0
2025-02-19 04:00:00,2025,2,19,4,50,2,45,-31.2,8.5,0.0,0.0,18.26,62.93,Severe Sub-Zero Cold,19.21,18.14,26.53,7.43
2025-02-19 05:00:00,2025,2,19,5,50,2,49,-30.5,4.8,44.4,2.88,0.64,58.5,Severe Sub-Zero Cold,19.21,0.0,56.56,15.84
2025-02-19 06:00:00,2025,2,19,6,50,2,47,-29.6,8.2,104.6,6.87,15.43,56.83,Overcast / Moderate,19.21,0.0,36.11,10.11
2025-02-19 07:00:00,2025,2,19,7,50,2,40,-29.1,9.7,236.9,16.2,33.01,59.74,Overcast / Moderate,19.21,0.0,15.0,4.2
2025-02-19 08:00:00,2025,2,19,8,50,2,42,-29.6,4.1,279.0,18.9,0.15,66.74,Overcast / Moderate,19.21,0.0,49.27,13.79
2025-02-19 09:00:00,2025,2,19,9,50,2,47,-30.5,9.0,319.8,21.61,23.7,67.22,Severe Sub-Zero Cold,19.21,0.0,23.49,6.58
2025-02-19 10:00:00,2025,2,19,10,50,2,42,-31.2,9.5,328.4,22.03,30.14,59.31,Severe Sub-Zero Cold,19.21,0.0,15.0,4.2
2025-02-19 11:00:00,2025,2,19,11,50,2,44,-30.9,4.1,457.3,31.52,0.15,68.7,Severe Sub-Zero Cold,19.21,0.0,38.61,10.81
2025-02-19 12:00:00,2025,2,19,12,50,2,46,-29.8,1.7,483.0,33.33,0.0,64.54,Clear Solar Day,19.21,0.0,32.79,9.18
2025-02-19 13:00:00,2025,2,19,13,50,2,42,-28.2,3.7,398.8,26.88,0.04,61.03,Overcast / Moderate,19.21,0.0,35.69,9.99
2025-02-19 14:00:00,2025,2,19,14,50,2,45,-27.0,3.7,406.8,27.6,0.04,62.15,Clear Solar Day,19.21,0.0,36.09,10.1
2025-02-19 15:00:00,2025,2,19,15,50,2,40,-27.1,2.1,390.7,26.76,0.0,56.79,Overcast / Moderate,19.21,0.0,31.61,8.85
2025-02-19 16:00:00,2025,2,19,16,50,2,43,-26.8,8.5,346.8,23.92,18.26,60.5,Overcast / Moderate,19.21,0.0,19.9,5.57
2025-02-19 17:00:00,2025,2,19,17,50,2,45,-27.3,5.3,201.9,13.51,1.34,60.3,Overcast / Moderate,19.21,0.0,47.03,13.17
2025-02-19 18:00:00,2025,2,19,18,50,2,40,-27.9,10.8,136.2,9.12,52.08,58.89,Overcast / Moderate,20.27,-2.31,0.0,0.0
2025-02-19 19:00:00,2025,2,19,19,50,2,46,-29.1,4.2,55.0,3.61,0.19,65.17,Overcast / Moderate,19.98,0.55,60.82,17.03
2025-02-19 20:00:00,2025,2,19,20,50,2,44,-28.7,5.9,0.0,0.0,2.68,61.12,Overcast / Moderate,19.98,0.0,58.49,16.38
2025-02-19 21:00:00,2025,2,19,21,50,2,46,-28.4,7.6,0.0,0.0,10.68,62.5,Overcast / Moderate,19.98,0.0,51.87,14.52
2025-02-19 22:00:00,2025,2,19,22,50,2,45,-29.8,10.7,0.0,0.0,50.1,57.77,Overcast / Moderate,19.98,0.0,15.0,4.2
2025-02-19 23:00:00,2025,2,19,23,50,2,49,-31.2,6.5,0.0,0.0,4.71,61.21,Severe Sub-Zero Cold,19.98,0.0,56.55,15.83
2025-02-20 00:00:00,2025,2,20,0,51,3,45,-31.5,5.2,0.0,0.0,1.17,61.4,Severe Sub-Zero Cold,19.98,0.0,60.28,16.88
2025-02-20 01:00:00,2025,2,20,1,51,3,43,-31.4,10.5,0.0,0.0,46.3,57.76,Severe Sub-Zero Cold,19.98,0.0,15.0,4.2
2025-02-20 02:00:00,2025,2,20,2,51,3,45,-31.1,4.7,0.0,0.0,0.54,56.98,Severe Sub-Zero Cold,19.98,0.0,56.49,15.82
2025-02-20 03:00:00,2025,2,20,3,51,3,46,-31.2,2.3,0.0,0.0,0.0,62.97,Severe Sub-Zero Cold,19.98,0.0,63.02,17.64
2025-02-20 04:00:00,2025,2,20,4,51,3,45,-30.9,5.8,0.0,0.0,2.41,51.32,Severe Sub-Zero Cold,19.98,0.0,48.96,13.71
2025-02-20 05:00:00,2025,2,20,5,51,3,45,-30.3,9.2,64.5,4.33,26.15,59.49,Severe Sub-Zero Cold,19.98,0.0,29.06,8.14
2025-02-20 06:00:00,2025,2,20,6,51,3,42,-30.4,1.4,140.9,9.56,0.0,56.4,Severe Sub-Zero Cold,19.98,0.0,46.89,13.13
2025-02-20 07:00:00,2025,2,20,7,51,3,43,-30.2,7.1,202.7,13.7,7.56,63.98,Severe Sub-Zero Cold,19.98,0.0,42.77,11.97
2025-02-20 08:00:00,2025,2,20,8,51,3,40,-31.2,7.1,284.4,19.41,7.56,62.37,Severe Sub-Zero Cold,19.98,0.0,35.45,9.93
2025-02-20 09:00:00,2025,2,20,9,51,3,50,-30.5,11.9,415.1,28.95,77.36,68.41,Severe Sub-Zero Cold,37.41,-37.9,0.0,0.0
2025-02-20 10:00:00,2025,2,20,10,51,3,41,-29.1,4.5,359.2,24.2,0.37,62.09,Overcast / Moderate,18.49,34.82,15.0,4.2
2025-02-20 11:00:00,2025,2,20,11,51,3,42,-28.2,4.4,454.4,31.11,0.3,57.16,Clear Solar Day,18.49,0.0,28.78,8.06
2025-02-20 12:00:00,2025,2,20,12,51,3,42,-26.8,5.8,501.2,34.52,2.41,56.0,Clear Solar Day,18.49,0.0,22.1,6.19
2025-02-20 13:00:00,2025,2,20,13,51,3,47,-26.3,5.1,464.0,31.7,1.02,60.48,Clear Solar Day,18.49,0.0,30.79,8.62
2025-02-20 14:00:00,2025,2,20,14,51,3,44,-24.5,8.6,327.0,21.57,19.27,60.15,Overcast / Moderate,18.49,0.0,22.34,6.25
2025-02-20 15:00:00,2025,2,20,15,51,3,48,-25.3,7.6,291.2,19.26,10.68,63.88,Overcast / Moderate,18.49,0.0,36.97,10.35
2025-02-20 16:00:00,2025,2,20,16,51,3,42,-26.4,8.9,322.0,22.02,22.54,57.69,Overcast / Moderate,18.49,0.0,16.16,4.52
2025-02-20 17:00:00,2025,2,20,17,51,3,45,-27.9,9.7,257.2,17.75,33.01,56.0,Overcast / Moderate,18.49,0.0,15.0,4.2
2025-02-20 18:00:00,2025,2,20,18,51,3,42,-29.3,11.7,147.1,10.0,72.26,62.61,Overcast / Moderate,27.53,-19.65,0.0,0.0
2025-02-20 19:00:00,2025,2,20,19,51,3,51,-29.7,5.7,57.4,3.81,2.16,65.06,Overcast / Moderate,19.35,15.05,44.04,12.33
2025-02-20 20:00:00,2025,2,20,20,51,3,41,-30.9,14.8,0.0,0.0,80.0,62.75,High Wind Surge,27.28,-17.25,0.0,0.0
2025-02-20 21:00:00,2025,2,20,21,51,3,45,-30.8,3.8,0.0,0.0,0.06,60.95,Severe Sub-Zero Cold,19.37,14.56,46.33,12.97
2025-02-20 22:00:00,2025,2,20,22,51,3,46,-31.5,8.4,0.0,0.0,17.28,61.42,Severe Sub-Zero Cold,19.37,0.0,45.41,12.71
2025-02-20 23:00:00,2025,2,20,23,51,3,46,-31.2,6.6,0.0,0.0,5.12,56.17,Severe Sub-Zero Cold,19.37,0.0,52.32,14.65
2025-02-21 00:00:00,2025,2,21,0,52,4,44,-31.7,9.6,0.0,0.0,31.55,58.93,Severe Sub-Zero Cold,19.37,0.0,28.65,8.02
2025-02-21 01:00:00,2025,2,21,1,52,4,44,-32.8,6.1,0.0,0.0,3.27,59.68,Severe Sub-Zero Cold,19.37,0.0,57.68,16.15
2025-02-21 02:00:00,2025,2,21,2,52,4,45,-34.0,9.2,0.0,0.0,26.15,61.47,Severe Sub-Zero Cold,19.37,0.0,36.59,10.24
2025-02-21 03:00:00,2025,2,21,3,52,4,44,-34.7,12.0,0.0,0.0,80.0,58.55,Severe Sub-Zero Cold,29.23,-21.45,0.0,0.0
2025-02-21 04:00:00,2025,2,21,4,52,4,47,-33.2,8.6,0.0,0.0,19.27,57.62,Severe Sub-Zero Cold,19.2,18.47,19.88,5.57
2025-02-21 05:00:00,2025,2,21,5,52,4,51,-32.7,9.1,51.2,3.41,24.91,62.54,Severe Sub-Zero Cold,19.2,0.0,35.83,10.03
2025-02-21 06:00:00,2025,2,21,6,52,4,43,-31.8,2.1,146.4,10.05,0.0,59.4,Severe Sub-Zero Cold,19.2,0.0,50.96,14.27
2025-02-21 07:00:00,2025,2,21,7,52,4,40,-31.2,3.7,238.0,16.45,0.04,63.1,Severe Sub-Zero Cold,19.2,0.0,48.22,13.5
2025-02-21 08:00:00,2025,2,21,8,52,4,44,-29.4,13.9,308.2,21.17,80.0,65.12,Overcast / Moderate,35.78,-36.05,0.0,0.0
2025-02-21 09:00:00,2025,2,21,9,52,4,52,-27.6,8.1,320.1,21.53,14.56,64.58,Overcast / Moderate,20.3,28.49,0.0,0.0
2025-02-21 10:00:00,2025,2,21,10,52,4,42,-29.0,6.8,416.3,28.54,6.02,60.38,Clear Solar Day,19.97,0.59,25.23,7.06
2025-02-21 11:00:00,2025,2,21,11,52,4,49,-29.0,5.2,380.1,25.6,1.17,65.03,Overcast / Moderate,19.97,0.0,38.31,10.73
2025-02-21 12:00:00,2025,2,21,12,52,4,50,-28.6,1.7,471.0,32.38,0.0,64.91,Clear Solar Day,19.97,0.0,32.58,9.12
2025-02-21 13:00:00,2025,2,21,13,52,4,43,-26.9,5.2,377.0,25.23,1.17,61.27,Overcast / Moderate,19.97,0.0,34.92,9.78
2025-02-21 14:00:00,2025,2,21,14,52,4,46,-27.7,6.3,428.4,29.37,3.94,59.51,Clear Solar Day,19.97,0.0,26.25,7.35
2025-02-21 15:00:00,2025,2,21,15,52,4,49,-28.5,3.8,234.6,15.37,0.06,60.91,Overcast / Moderate,19.97,0.0,45.53,12.75
2025-02-21 16:00:00,2025,2,21,16,52,4,43,-27.7,3.4,287.7,19.52,0.01,62.88,Overcast / Moderate,19.97,0.0,43.4,12.15
2025-02-21 17:00:00,2025,2,21,17,52,4,44,-27.4,6.4,240.2,16.46,4.31,60.43,Overcast / Moderate,19.97,0.0,39.71,11.12
2025-02-21 18:00:00,2025,2,21,18,52,4,43,-27.2,7.1,158.3,10.83,7.56,55.45,Overcast / Moderate,19.97,0.0,37.11,10.39
2025-02-21 19:00:00,2025,2,21,19,52,4,41,-28.5,4.1,50.7,3.33,0.15,57.16,Overcast / Moderate,19.97,0.0,53.73,15.04
2025-02-21 20:00:00,2025,2,21,20,52,4,43,-28.0,7.1,0.0,0.0,7.56,57.61,Overcast / Moderate,19.97,0.0,50.1,14.03
2025-02-21 21:00:00,2025,2,21,21,52,4,41,-28.9,11.2,0.0,0.0,60.51,63.56,Overcast / Moderate,19.97,0.0,15.0,4.2
2025-02-21 22:00:00,2025,2,21,22,52,4,45,-29.6,6.1,0.0,0.0,3.27,56.68,Overcast / Moderate,19.97,0.0,53.46,14.97
2025-02-21 23:00:00,2025,2,21,23,52,4,42,-29.7,10.3,0.0,0.0,42.69,56.32,Overcast / Moderate,19.97,0.0,15.0,4.2
2025-02-22 00:00:00,2025,2,22,0,53,5,45,-30.4,11.9,0.0,0.0,77.36,56.52,Severe Sub-Zero Cold,29.56,-20.84,0.0,0.0
2025-02-22 01:00:00,2025,2,22,1,53,5,40,-29.8,2.5,0.0,0.0,0.0,53.24,Overcast / Moderate,19.17,19.12,34.12,9.55
2025-02-22 02:00:00,2025,2,22,2,53,5,45,-31.4,2.5,0.0,0.0,0.0,60.05,Severe Sub-Zero Cold,19.17,0.0,61.71,17.28
2025-02-22 03:00:00,2025,2,22,3,53,5,47,-31.4,6.1,0.0,0.0,3.27,60.21,Severe Sub-Zero Cold,19.17,0.0,58.6,16.41
2025-02-22 04:00:00,2025,2,22,4,53,5,39,-30.4,7.1,0.0,0.0,7.56,54.36,Severe Sub-Zero Cold,19.17,0.0,48.46,13.57
2025-02-22 05:00:00,2025,2,22,5,53,5,46,-30.7,5.7,53.3,3.56,2.16,61.34,Severe Sub-Zero Cold,19.17,0.0,57.28,16.04
2025-02-22 06:00:00,2025,2,22,6,53,5,48,-31.6,4.8,146.4,10.08,0.64,60.8,Severe Sub-Zero Cold,19.17,0.0,51.74,14.49
2025-02-22 07:00:00,2025,2,22,7,53,5,41,-31.4,7.6,211.4,14.46,10.68,60.63,Severe Sub-Zero Cold,19.17,0.0,37.15,10.4
2025-02-22 08:00:00,2025,2,22,8,53,5,50,-30.5,0.4,284.2,19.43,0.0,64.49,Severe Sub-Zero Cold,19.17,0.0,46.72,13.08
2025-02-22 09:00:00,2025,2,22,9,53,5,46,-28.6,13.5,316.7,21.36,80.0,61.48,Overcast / Moderate,37.51,-39.88,0.0,0.0
2025-02-22 10:00:00,2025,2,22,10,53,5,42,-27.6,4.0,423.5,29.03,0.11,61.04,Clear Solar Day,20.18,31.9,0.0,0.0
2025-02-22 11:00:00,2025,2,22,11,53,5,44,-26.7,11.6,479.8,33.03,69.8,56.71,Clear Solar Day,38.58,-40.0,0.0,0.0
2025-02-22 12:00:00,2025,2,22,12,53,5,46,-24.8,2.7,367.0,24.33,0.0,57.78,Overcast / Moderate,20.4,33.45,0.0,0.0
2025-02-22 13:00:00,2025,2,22,13,53,5,45,-24.6,4.0,446.1,30.27,0.11,61.04,Clear Solar Day,19.97,0.79,29.87,8.36
2025-02-22 14:00:00,2025,2,22,14,53,5,46,-23.4,4.0,340.8,22.56,0.11,54.53,Overcast / Moderate,19.97,0.0,31.93,8.94
2025-02-22 15:00:00,2025,2,22,15,53,5,42,-23.5,17.0,301.9,19.99,80.0,56.69,High Wind Surge,38.37,-40.0,0.0,0.0
2025-02-22 16:00:00,2025,2,22,16,53,5,45,-24.2,0.6,255.0,16.95,0.0,55.68,Overcast / Moderate,18.4,36.73,15.0,4.2
2025-02-22 17:00:00,2025,2,22,17,53,5,40,-24.9,7.6,168.2,11.06,10.68,59.82,Overcast / Moderate,18.4,0.0,41.27,11.56
2025-02-22 18:00:00,2025,2,22,18,53,5,44,-27.0,10.5,152.5,10.43,46.3,61.36,Overcast / Moderate,18.4,0.0,15.0,4.2
2025-02-22 19:00:00,2025,2,22,19,53,5,42,-27.5,7.9,60.6,4.07,12.91,56.52,Overcast / Moderate,18.4,0.0,42.73,11.97
2025-02-22 20:00:00,2025,2,22,20,53,5,42,-28.0,5.1,0.0,0.0,1.02,57.95,Overcast / Moderate,18.4,0.0,60.12,16.83
2025-02-22 21:00:00,2025,2,22,21,53,5,48,-28.8,13.0,0.0,0.0,80.0,63.27,Overcast / Moderate,26.1,-16.73,0.0,0.0
2025-02-22 22:00:00,2025,2,22,22,53,5,48,-29.2,11.0,0.0,0.0,56.19,51.37,Overcast / Moderate,28.32,-4.82,0.0,0.0
2025-02-22 23:00:00,2025,2,22,23,53,5,46,-30.0,5.7,0.0,0.0,2.16,54.56,Severe Sub-Zero Cold,19.28,16.63,35.77,10.02
2025-02-23 00:00:00,2025,2,23,0,54,6,41,-30.6,6.9,0.0,0.0,6.51,54.64,Severe Sub-Zero Cold,19.28,0.0,49.58,13.88
2025-02-23 01:00:00,2025,2,23,1,54,6,44,-31.2,13.5,0.0,0.0,80.0,61.0,Severe Sub-Zero Cold,28.02,-19.0,0.0,0.0
2025-02-23 02:00:00,2025,2,23,2,54,6,48,-32.2,14.6,0.0,0.0,80.0,57.95,High Wind Surge,38.16,-22.05,0.0,0.0
2025-02-23 03:00:00,2025,2,23,3,54,6,45,-33.0,5.9,0.0,0.0,2.68,61.0,Severe Sub-Zero Cold,18.42,36.32,22.0,6.16
2025-02-23 04:00:00,2025,2,23,4,54,6,51,-33.0,10.1,0.0,0.0,39.28,59.45,Severe Sub-Zero Cold,18.42,0.0,23.33,6.53
2025-02-23 05:00:00,2025,2,23,5,54,6,46,-31.3,4.6,63.4,4.35,0.45,60.15,Severe Sub-Zero Cold,18.42,0.0,58.51,16.38
2025-02-23 06:00:00,2025,2,23,6,54,6,45,-29.8,5.2,118.5,7.97,1.17,53.07,Overcast / Moderate,18.42,0.0,47.09,13.18
2025-02-23 07:00:00,2025,2,23,7,54,6,44,-29.2,3.3,175.4,11.73,0.0,60.35,Overcast / Moderate,18.42,0.0,51.78,14.5
2025-02-23 08:00:00,2025,2,23,8,54,6,45,-28.7,3.8,258.4,17.44,0.06,61.85,Overcast / Moderate,18.42,0.0,47.51,13.3
2025-02-23 09:00:00,2025,2,23,9,54,6,44,-27.9,7.7,331.7,22.47,11.39,61.62,Overcast / Moderate,18.42,0.0,30.92,8.66
2025-02-23 10:00:00,2025,2,23,10,54,6,47,-28.1,6.4,439.6,30.36,4.31,63.18,Clear Solar Day,18.42,0.0,31.67,8.87
2025-02-23 11:00:00,2025,2,23,11,54,6,47,-28.6,4.0,346.2,23.13,0.11,63.23,Overcast / Moderate,18.42,0.0,43.15,12.08
2025-02-23 12:00:00,2025,2,23,12,54,6,42,-27.9,5.5,411.2,27.84,1.71,61.75,Clear Solar Day,18.42,0.0,35.36,9.9
2025-02-23 13:00:00,2025,2,23,13,54,6,41,-27.3,5.2,382.9,25.75,1.17,59.66,Overcast / Moderate,18.42,0.0,35.9,10.05
2025-02-23 14:00:00,2025,2,23,14,54,6,39,-26.6,15.1,411.3,28.06,80.0,58.91,High Wind Surge,36.82,-40.0,0.0,0.0
2025-02-23 15:00:00,2025,2,23,15,54,6,46,-26.2,10.2,366.0,24.97,40.96,58.06,Overcast / Moderate,40.44,-7.87,0.0,0.0
2025-02-23 16:00:00,2025,2,23,16,54,6,41,-26.8,5.3,210.7,13.87,1.34,55.27,Overcast / Moderate,18.67,40.06,0.0,0.0
2025-02-23 17:00:00,2025,2,23,17,54,6,38,-26.6,11.5,158.4,10.42,67.39,55.33,Overcast / Moderate,29.01,-22.48,0.0,0.0
2025-02-23 18:00:00,2025,2,23,18,54,6,46,-27.6,5.0,113.6,7.56,0.88,57.43,Overcast / Moderate,19.22,18.02,30.97,8.67
2025-02-23 19:00:00,2025,2,23,19,54,6,52,-28.8,7.9,50.4,3.36,12.91,65.19,Overcast / Moderate,19.22,0.0,50.49,14.14
2025-02-23 20:00:00,2025,2,23,20,54,6,44,-30.2,13.4,0.0,0.0,80.0,65.25,Severe Sub-Zero Cold,26.0,-14.75,0.0,0.0
2025-02-23 21:00:00,2025,2,23,21,54,6,47,-30.8,5.4,0.0,0.0,1.52,62.02,Severe Sub-Zero Cold,19.48,12.0,48.5,13.58
2025-02-23 22:00:00,2025,2,23,22,54,6,45,-30.4,8.0,0.0,0.0,13.72,59.92,Severe Sub-Zero Cold,19.48,0.0,47.24,13.23
2025-02-23 23:00:00,2025,2,23,23,54,6,44,-32.3,4.6,0.0,0.0,0.45,59.74,Severe Sub-Zero Cold,19.48,0.0,60.33,16.89
2025-02-24 00:00:00,2025,2,24,0,55,0,47,-32.1,4.3,0.0,0.0,0.24,57.72,Severe Sub-Zero Cold,19.48,0.0,58.52,16.39
2025-02-24 01:00:00,2025,2,24,1,55,0,44,-32.7,7.0,0.0,0.0,7.02,58.04,Severe Sub-Zero Cold,19.48,0.0,52.06,14.58
2025-02-24 02:00:00,2025,2,24,2,55,0,45,-32.3,14.3,0.0,0.0,80.0,61.61,High Wind Surge,27.94,-18.39,0.0,0.0
2025-02-24 03:00:00,2025,2,24,3,55,0,45,-32.5,5.9,0.0,0.0,2.68,53.17,Severe Sub-Zero Cold,19.31,15.88,34.61,9.69
2025-02-24 04:00:00,2025,2,24,4,55,0,42,-31.9,12.2,0.0,0.0,80.0,60.66,Severe Sub-Zero Cold,28.21,-19.34,0.0,0.0
2025-02-24 05:00:00,2025,2,24,5,55,0,47,-29.7,11.5,53.8,3.65,67.39,59.54,Overcast / Moderate,33.5,-11.5,0.0,0.0
2025-02-24 06:00:00,2025,2,24,6,55,0,44,-30.5,4.2,108.8,7.29,0.19,55.79,Severe Sub-Zero Cold,18.83,26.99,21.32,5.97
2025-02-24 07:00:00,2025,2,24,7,55,0,42,-29.2,5.5,209.9,14.34,1.71,61.23,Overcast / Moderate,18.83,0.0,47.53,13.31
2025-02-24 08:00:00,2025,2,24,8,55,0,46,-29.0,7.6,325.8,22.65,10.68,66.76,Overcast / Moderate,18.83,0.0,35.78,10.02
2025-02-24 09:00:00,2025,2,24,9,55,0,42,-28.3,6.5,307.4,20.71,4.71,57.51,Overcast / Moderate,18.83,0.0,34.44,9.64
2025-02-24 10:00:00,2025,2,24,10,55,0,45,-28.1,2.5,394.9,26.95,0.0,61.22,Overcast / Moderate,18.83,0.0,36.62,10.25
2025-02-24 11:00:00,2025,2,24,11,55,0,44,-28.8,16.2,356.8,23.94,80.0,63.47,High Wind Surge,37.23,-40.0,0.0,0.0
2025-02-24 12:00:00,2025,2,24,12,55,0,48,-27.7,8.8,405.4,27.42,21.41,62.94,Clear Solar Day,29.56,14.11,0.0,0.0
2025-02-24 13:00:00,2025,2,24,13,55,0,46,-27.9,5.8,266.5,17.39,2.41,62.0,Overcast / Moderate,19.17,19.12,23.08,6.46
2025-02-24 14:00:00,2025,2,24,14,55,0,44,-26.9,7.4,453.4,31.39,9.35,64.97,Clear Solar Day,19.17,0.0,25.89,7.25
2025-02-24 15:00:00,2025,2,24,15,55,0,47,-26.7,2.4,310.1,20.82,0.0,58.55,Overcast / Moderate,19.17,0.0,39.39,11.03
2025-02-24 16:00:00,2025,2,24,16,55,0,49,-26.3,6.3,200.8,13.17,3.94,59.05,Overcast / Moderate,19.17,0.0,43.6,12.21
2025-02-24 17:00:00,2025,2,24,17,55,0,46,-26.4,12.0,212.4,14.42,80.0,54.46,Overcast / Moderate,37.55,-39.96,0.0,0.0
2025-02-24 18:00:00,2025,2,24,18,55,0,45,-26.9,11.1,141.0,9.63,58.32,58.08,Overcast / Moderate,42.09,-9.87,0.0,0.0
2025-02-24 19:00:00,2025,2,24,19,55,0,41,-27.2,4.9,59.1,4.02,0.75,57.95,Overcast / Moderate,18.08,44.18,15.0,4.2
2025-02-24 20:00:00,2025,2,24,20,55,0,41,-28.1,6.6,0.0,0.0,5.12,61.09,Overcast / Moderate,18.08,0.0,59.81,16.75
2025-02-24 21:00:00,2025,2,24,21,55,0,44,-29.6,8.2,0.0,0.0,15.43,64.85,Overcast / Moderate,18.08,0.0,53.26,14.91
2025-02-24 22:00:00,2025,2,24,22,55,0,43,-29.6,4.9,0.0,0.0,0.75,53.96,Overcast / Moderate,18.08,0.0,57.05,15.97
2025-02-24 23:00:00,2025,2,24,23,55,0,44,-30.7,2.1,0.0,0.0,0.0,57.05,Severe Sub-Zero Cold,18.08,0.0,60.89,17.05
2025-02-25 00:00:00,2025,2,25,0,56,1,45,-30.7,6.3,0.0,0.0,3.94,61.11,Severe Sub-Zero Cold,18.08,0.0,61.01,17.08
2025-02-25 01:00:00,2025,2,25,1,56,1,46,-29.5,7.2,0.0,0.0,8.13,56.47,Overcast / Moderate,18.08,0.0,52.18,14.61
2025-02-25 02:00:00,2025,2,25,2,56,1,44,-29.6,0.6,0.0,0.0,0.0,57.88,Overcast / Moderate,18.08,0.0,61.72,17.28
2025-02-25 03:00:00,2025,2,25,3,56,1,46,-29.1,2.5,0.0,0.0,0.0,59.44,Overcast / Moderate,18.08,0.0,63.28,17.72
2025-02-25 04:00:00,2025,2,25,4,56,1,45,-30.7,3.7,0.0,0.0,0.04,55.3,Severe Sub-Zero Cold,18.08,0.0,59.1,16.55
2025-02-25 05:00:00,2025,2,25,5,56,1,39,-30.6,5.0,55.7,3.84,0.88,53.44,Severe Sub-Zero Cold,18.08,0.0,52.56,14.72
2025-02-25 06:00:00,2025,2,25,6,56,1,42,-30.0,6.7,138.2,9.53,5.56,60.51,Severe Sub-Zero Cold,18.08,0.0,49.26,13.79
2025-02-25 07:00:00,2025,2,25,7,56,1,44,-29.6,4.5,207.9,14.24,0.37,63.9,Overcast / Moderate,18.08,0.0,53.13,14.88
2025-02-25 08:00:00,2025,2,25,8,56,1,41,-29.7,4.4,258.2,17.53,0.3,58.17,Overcast / Moderate,18.08,0.0,44.18,12.37
2025-02-25 09:00:00,2025,2,25,9,56,1,46,-29.9,10.5,334.3,22.86,46.3,60.73,Overcast / Moderate,21.96,-8.43,0.0,0.0
2025-02-25 10:00:00,2025,2,25,10,56,1,49,-30.2,3.1,415.2,28.71,0.0,64.14,Severe Sub-Zero Cold,19.83,3.91,31.52,8.82
2025-02-25 11:00:00,2025,2,25,11,56,1,48,-29.4,6.3,466.2,32.34,3.94,67.17,Clear Solar Day,19.83,0.0,31.23,8.74
2025-02-25 12:00:00,2025,2,25,12,56,1,44,-29.4,12.8,437.2,30.0,80.0,64.76,Clear Solar Day,38.23,-40.0,0.0,0.0
2025-02-25 13:00:00,2025,2,25,13,56,1,49,-28.9,7.4,398.2,27.07,9.35,66.33,Overcast / Moderate,21.97,29.91,0.0,0.0
2025-02-25 14:00:00,2025,2,25,14,56,1,45,-28.0,8.4,407.6,27.96,17.28,60.51,Clear Solar Day,19.83,3.95,15.0,4.2
2025-02-25 15:00:00,2025,2,25,15,56,1,43,-27.0,5.7,292.9,19.6,2.16,60.14,Overcast / Moderate,19.83,0.0,38.72,10.84
2025-02-25 16:00:00,2025,2,25,16,56,1,43,-25.8,1.2,303.1,20.76,0.0,57.26,Overcast / Moderate,19.83,0.0,36.84,10.32
2025-02-25 17:00:00,2025,2,25,17,56,1,44,-25.7,7.6,177.1,11.8,10.68,58.49,Overcast / Moderate,19.83,0.0,36.35,10.18
2025-02-25 18:00:00,2025,2,25,18,56,1,43,-25.1,7.5,127.1,8.57,10.0,55.92,Overcast / Moderate,19.83,0.0,37.69,10.55
2025-02-25 19:00:00,2025,2,25,19,56,1,45,-26.3,2.7,60.6,4.17,0.0,58.15,Overcast / Moderate,19.83,0.0,54.32,15.21
2025-02-25 20:00:00,2025,2,25,20,56,1,45,-28.5,6.0,0.0,0.0,2.96,60.16,Overcast / Moderate,19.83,0.0,57.54,16.11
2025-02-25 21:00:00,2025,2,25,21,56,1,45,-29.6,11.5,0.0,0.0,67.39,62.44,Overcast / Moderate,22.11,-4.95,0.0,0.0
2025-02-25 22:00:00,2025,2,25,22,56,1,46,-30.4,3.7,0.0,0.0,0.04,58.67,Severe Sub-Zero Cold,19.82,4.21,54.42,15.24
2025-02-25 23:00:00,2025,2,25,23,56,1,48,-31.0,6.0,0.0,0.0,2.96,62.66,Severe Sub-Zero Cold,19.82,0.0,60.07,16.82
2025-02-26 00:00:00,2025,2,26,0,57,2,47,-31.9,6.0,0.0,0.0,2.96,58.04,Severe Sub-Zero Cold,19.82,0.0,55.45,15.52
2025-02-26 01:00:00,2025,2,26,1,57,2,40,-32.5,9.6,0.0,0.0,31.55,59.38,Severe Sub-Zero Cold,19.82,0.0,28.2,7.89
2025-02-26 02:00:00,2025,2,26,2,57,2,37,-31.6,9.8,0.0,0.0,34.51,56.15,Severe Sub-Zero Cold,19.82,0.0,22.01,6.16
2025-02-26 03:00:00,2025,2,26,3,57,2,47,-30.6,8.9,0.0,0.0,22.54,60.38,Severe Sub-Zero Cold,19.82,0.0,38.21,10.7
2025-02-26 04:00:00,2025,2,26,4,57,2,40,-30.5,5.2,0.0,0.0,1.17,53.27,Severe Sub-Zero Cold,19.82,0.0,52.47,14.69
2025-02-26 05:00:00,2025,2,26,5,57,2,44,-28.9,2.2,30.4,1.99,0.0,54.72,Overcast / Moderate,19.82,0.0,53.1,14.87
2025-02-26 06:00:00,2025,2,26,6,57,2,41,-29.3,5.0,111.6,7.54,0.88,57.38,Overcast / Moderate,19.82,0.0,49.33,13.81
2025-02-26 07:00:00,2025,2,26,7,57,2,39,-28.8,8.0,180.7,12.19,13.72,61.57,Overcast / Moderate,19.82,0.0,36.03,10.09
2025-02-26 08:00:00,2025,2,26,8,57,2,46,-28.4,8.2,282.7,19.37,15.43,63.75,Overcast / Moderate,19.82,0.0,29.32,8.21
2025-02-26 09:00:00,2025,2,26,9,57,2,47,-28.5,13.3,318.2,21.6,80.0,66.19,Overcast / Moderate,36.11,-35.41,0.0,0.0
2025-02-26 10:00:00,2025,2,26,10,57,2,43,-27.3,5.9,408.4,28.01,2.68,56.05,Clear Solar Day,22.32,25.36,0.0,0.0
2025-02-26 11:00:00,2025,2,26,11,57,2,37,-27.6,7.5,386.4,26.13,10.0,55.39,Overcast / Moderate,19.8,4.65,15.0,4.2
2025-02-26 12:00:00,2025,2,26,12,57,2,43,-27.1,6.6,380.6,25.59,5.12,61.63,Overcast / Moderate,19.8,0.0,31.32,8.77
2025-02-26 13:00:00,2025,2,26,13,57,2,46,-27.4,3.2,343.0,22.9,0.0,63.53,Overcast / Moderate,19.8,0.0,41.03,11.49
2025-02-26 14:00:00,2025,2,26,14,57,2,40,-25.5,6.0,295.7,19.5,2.96,59.63,Overcast / Moderate,19.8,0.0,37.57,10.52
2025-02-26 15:00:00,2025,2,26,15,57,2,45,-25.7,6.7,295.5,19.75,5.56,66.65,Overcast / Moderate,19.8,0.0,41.74,11.69
2025-02-26 16:00:00,2025,2,26,16,57,2,44,-25.5,12.7,314.7,21.69,80.0,57.09,Overcast / Moderate,38.2,-40.0,0.0,0.0
2025-02-26 17:00:00,2025,2,26,17,57,2,46,-26.9,5.2,188.8,12.74,1.17,62.04,Overcast / Moderate,18.42,36.4,15.0,4.2
2025-02-26 18:00:00,2025,2,26,18,57,2,45,-26.9,14.4,135.2,9.27,80.0,60.6,High Wind Surge,31.61,-28.67,0.0,0.0
2025-02-26 19:00:00,2025,2,26,19,57,2,42,-26.7,6.7,51.2,3.5,5.56,61.14,Overcast / Moderate,18.99,23.21,28.87,8.08
2025-02-26 20:00:00,2025,2,26,20,57,2,48,-28.4,4.1,0.0,0.0,0.15,63.88,Overcast / Moderate,18.99,0.0,65.75,18.41
2025-02-26 21:00:00,2025,2,26,21,57,2,44,-30.3,3.6,0.0,0.0,0.02,61.68,Severe Sub-Zero Cold,18.99,0.0,63.68,17.83
2025-02-26 22:00:00,2025,2,26,22,57,2,44,-31.2,3.1,0.0,0.0,0.0,58.76,Severe Sub-Zero Cold,18.99,0.0,60.78,17.02
2025-02-26 23:00:00,2025,2,26,23,57,2,42,-31.4,5.9,0.0,0.0,2.68,57.72,Severe Sub-Zero Cold,18.99,0.0,57.06,15.98
2025-02-27 00:00:00,2025,2,27,0,58,3,43,-31.6,1.2,0.0,0.0,0.0,58.19,Severe Sub-Zero Cold,18.99,0.0,60.21,16.86
2025-02-27 01:00:00,2025,2,27,1,58,3,42,-32.5,5.8,0.0,0.0,2.41,61.17,Severe Sub-Zero Cold,18.99,0.0,60.78,17.02
2025-02-27 02:00:00,2025,2,27,2,58,3,44,-33.5,15.3,0.0,0.0,80.0,65.71,High Wind Surge,25.56,-14.29,0.0,0.0
2025-02-27 03:00:00,2025,2,27,3,58,3,50,-32.2,7.9,0.0,0.0,12.91,55.03,Severe Sub-Zero Cold,19.52,11.13,30.99,8.68
2025-02-27 04:00:00,2025,2,27,4,58,3,40,-32.9,8.9,0.0,0.0,22.54,61.43,Severe Sub-Zero Cold,19.52,0.0,39.86,11.16
2025-02-27 05:00:00,2025,2,27,5,58,3,40,-32.4,2.8,41.6,2.85,0.0,59.44,Severe Sub-Zero Cold,19.52,0.0,57.56,16.12
2025-02-27 06:00:00,2025,2,27,6,58,3,49,-33.0,6.1,90.1,6.04,3.27,58.35,Severe Sub-Zero Cold,19.52,0.0,50.01,14.0
2025-02-27 07:00:00,2025,2,27,7,58,3,44,-33.0,4.5,128.1,8.49,0.37,64.1,Severe Sub-Zero Cold,19.52,0.0,56.21,15.74
2025-02-27 08:00:00,2025,2,27,8,58,3,42,-31.4,11.0,240.0,16.3,56.19,65.32,Severe Sub-Zero Cold,22.81,-7.17,0.0,0.0
2025-02-27 09:00:00,2025,2,27,9,58,3,48,-31.5,3.5,369.0,25.73,0.01,65.39,Severe Sub-Zero Cold,19.76,5.63,34.02,9.53
2025-02-27 10:00:00,2025,2,27,10,58,3,43,-30.4,5.9,396.3,27.35,2.68,62.58,Severe Sub-Zero Cold,19.76,0.0,33.04,9.25
2025-02-27 11:00:00,2025,2,27,11,58,3,50,-29.1,7.1,429.1,29.52,7.56,62.44,Clear Solar Day,19.76,0.0,25.85,7.24
2025-02-27 12:00:00,2025,2,27,12,58,3,47,-28.2,6.4,413.5,28.18,4.31,60.55,Clear Solar Day,19.76,0.0,28.55,7.99
2025-02-27 13:00:00,2025,2,27,13,58,3,43,-27.2,9.9,403.9,27.46,36.05,57.89,Clear Solar Day,22.34,-5.62,0.0,0.0
2025-02-27 14:00:00,2025,2,27,14,58,3,51,-27.4,4.0,346.3,23.35,0.11,61.96,Overcast / Moderate,19.8,4.68,33.82,9.47
2025-02-27 15:00:00,2025,2,27,15,58,3,43,-25.8,5.3,336.8,22.88,1.34,58.94,Overcast / Moderate,19.8,0.0,35.13,9.84
2025-02-27 16:00:00,2025,2,27,16,58,3,47,-26.4,9.3,256.6,17.33,27.44,61.98,Overcast / Moderate,19.8,0.0,17.62,4.93
2025-02-27 17:00:00,2025,2,27,17,58,3,45,-27.1,6.5,188.2,12.73,4.71,58.87,Overcast / Moderate,19.8,0.0,41.84,11.71
2025-02-27 18:00:00,2025,2,27,18,58,3,48,-28.0,5.5,116.3,7.9,1.71,64.53,Overcast / Moderate,19.8,0.0,55.33,15.49
2025-02-27 19:00:00,2025,2,27,19,58,3,49,-28.2,1.4,25.3,1.64,0.0,60.87,Overcast / Moderate,19.8,0.0,59.64,16.7
2025-02-27 20:00:00,2025,2,27,20,58,3,45,-28.8,8.8,0.0,0.0,21.41,64.12,Overcast / Moderate,19.8,0.0,43.12,12.07
2025-02-27 21:00:00,2025,2,27,21,58,3,42,-30.5,13.8,0.0,0.0,80.0,60.27,Severe Sub-Zero Cold,28.87,-19.73,0.0,0.0
2025-02-27 22:00:00,2025,2,27,22,58,3,46,-30.7,7.4,0.0,0.0,9.35,62.88,Severe Sub-Zero Cold,19.23,17.74,35.79,10.02
2025-02-27 23:00:00,2025,2,27,23,58,3,42,-32.0,10.3,0.0,0.0,42.69,59.58,Severe Sub-Zero Cold,19.23,0.0,18.43,5.16
2025-02-28 00:00:00,2025,2,28,0,59,4,51,-31.4,6.4,0.0,0.0,4.31,61.53,Severe Sub-Zero Cold,19.23,0.0,58.76,16.45
2025-02-28 01:00:00,2025,2,28,1,59,4,45,-30.9,4.0,0.0,0.0,0.11,57.34,Severe Sub-Zero Cold,19.23,0.0,58.77,16.46
2025-02-28 02:00:00,2025,2,28,2,59,4,43,-31.9,1.0,0.0,0.0,0.0,59.62,Severe Sub-Zero Cold,19.23,0.0,61.16,17.13
2025-02-28 03:00:00,2025,2,28,3,59,4,45,-31.8,7.7,0.0,0.0,11.39,55.32,Severe Sub-Zero Cold,19.23,0.0,45.47,12.73
2025-02-28 04:00:00,2025,2,28,4,59,4,40,-31.3,6.2,0.0,0.0,3.6,54.57,Severe Sub-Zero Cold,19.23,0.0,52.51,14.7
2025-02-28 05:00:00,2025,2,28,5,59,4,42,-29.6,9.2,20.4,1.32,26.15,55.39,Overcast / Moderate,19.23,0.0,29.46,8.25
2025-02-28 06:00:00,2025,2,28,6,59,4,48,-30.2,8.1,118.9,8.18,14.56,61.68,Severe Sub-Zero Cold,19.23,0.0,40.48,11.34
2025-02-28 07:00:00,2025,2,28,7,59,4,43,-30.5,15.2,151.5,10.14,80.0,65.3,High Wind Surge,30.65,-24.84,0.0,0.0
2025-02-28 08:00:00,2025,2,28,8,59,4,41,-29.2,6.4,288.2,19.92,4.31,55.52,Overcast / Moderate,19.07,21.31,15.0,4.2
2025-02-28 09:00:00,2025,2,28,9,59,4,46,-28.3,5.7,354.5,24.44,2.16,59.71,Overcast / Moderate,19.07,0.0,34.96,9.79
2025-02-28 10:00:00,2025,2,28,10,59,4,48,-29.5,4.5,343.4,23.29,0.37,63.55,Overcast / Moderate,19.07,0.0,41.74,11.69
2025-02-28 11:00:00,2025,2,28,11,59,4,47,-29.3,6.1,221.0,14.33,3.27,66.41,Overcast / Moderate,19.07,0.0,50.66,14.19
2025-02-28 12:00:00,2025,2,28,12,59,4,47,-27.1,10.6,388.6,26.26,48.17,62.23,Overcast / Moderate,24.69,-12.2,0.0,0.0
2025-02-28 13:00:00,2025,2,28,13,59,4,42,-26.5,1.7,387.4,26.2,0.0,53.09,Overcast / Moderate,19.59,9.37,17.52,4.91
2025-02-28 14:00:00,2025,2,28,14,59,4,40,-26.9,14.2,378.4,25.77,80.0,56.11,High Wind Surge,37.99,-40.0,0.0,0.0
2025-02-28 15:00:00,2025,2,28,15,59,4,49,-27.0,16.2,271.3,18.09,80.0,64.04,High Wind Surge,53.66,-34.05,0.0,0.0
2025-02-28 16:00:00,2025,2,28,16,59,4,44,-24.6,7.2,200.6,13.18,8.13,59.21,Overcast / Moderate,33.06,37.9,0.0,0.0
2025-02-28 17:00:00,2025,2,28,17,59,4,44,-24.5,4.9,185.8,12.51,0.75,58.97,Overcast / Moderate,18.86,26.12,19.59,5.49
2025-02-28 18:00:00,2025,2,28,18,59,4,48,-25.3,3.9,107.6,7.23,0.08,63.39,Overcast / Moderate,18.86,0.0,58.35,16.34
2025-02-28 19:00:00,2025,2,28,19,59,4,46,-25.6,4.4,36.1,2.43,0.3,59.28,Overcast / Moderate,18.86,0.0,58.82,16.47
2025-02-28 20:00:00,2025,2,28,20,59,4,46,-25.8,1.8,0.0,0.0,0.0,62.04,Overcast / Moderate,18.86,0.0,64.31,18.01
2025-02-28 21:00:00,2025,2,28,21,59,4,51,-26.2,6.1,0.0,0.0,3.27,66.43,Overcast / Moderate,18.86,0.0,65.43,18.32
2025-02-28 22:00:00,2025,2,28,22,59,4,43,-27.9,1.9,0.0,0.0,0.0,55.66,Overcast / Moderate,18.86,0.0,57.93,16.22
2025-02-28 23:00:00,2025,2,28,23,59,4,47,-28.6,8.4,0.0,0.0,17.28,54.24,Overcast / Moderate,18.86,0.0,39.23,10.98
2025-03-01 00:00:00,2025,3,1,0,60,5,32,-28.6,5.2,0.0,0.0,1.17,52.21,Overcast / Moderate,18.86,0.0,53.31,14.93
2025-03-01 01:00:00,2025,3,1,1,60,5,32,-28.5,3.7,0.0,0.0,0.04,50.94,Overcast / Moderate,18.86,0.0,53.17,14.89
2025-03-01 02:00:00,2025,3,1,2,60,5,35,-29.3,6.7,0.0,0.0,5.56,48.84,Overcast / Moderate,18.86,0.0,45.55,12.75
2025-03-01 03:00:00,2025,3,1,3,60,5,33,-29.1,13.9,0.0,0.0,80.0,51.89,Overcast / Moderate,31.8,-28.11,0.0,0.0
2025-03-01 04:00:00,2025,3,1,4,60,5,33,-28.7,8.1,0.0,0.0,14.56,55.15,Overcast / Moderate,18.97,23.59,17.0,4.76
2025-03-01 05:00:00,2025,3,1,5,60,5,34,-28.5,6.2,34.0,2.33,3.6,53.65,Overcast / Moderate,18.97,0.0,49.77,13.94
2025-03-01 06:00:00,2025,3,1,6,60,5,31,-29.4,9.1,95.1,6.4,24.91,57.06,Overcast / Moderate,18.97,0.0,27.8,7.78
2025-03-01 07:00:00,2025,3,1,7,60,5,30,-28.0,8.6,122.3,8.0,19.27,56.76,Overcast / Moderate,18.97,0.0,31.54,8.83
2025-03-01 08:00:00,2025,3,1,8,60,5,29,-27.4,11.0,243.7,16.48,56.19,57.81,Overcast / Moderate,25.81,-14.86,0.0,0.0
2025-03-01 09:00:00,2025,3,1,9,60,5,28,-27.6,3.7,258.4,17.2,0.04,51.01,Overcast / Moderate,19.49,11.62,22.15,6.2
2025-03-01 10:00:00,2025,3,1,10,60,5,36,-27.3,10.3,320.0,21.45,42.69,56.86,Overcast / Moderate,22.84,-7.28,0.0,0.0
2025-03-01 11:00:00,2025,3,1,11,60,5,29,-25.8,4.6,424.4,29.0,0.45,53.73,Clear Solar Day,19.75,5.69,18.59,5.21
2025-03-01 12:00:00,2025,3,1,12,60,5,31,-25.4,12.3,392.0,26.43,80.0,52.73,Overcast / Moderate,38.15,-40.0,0.0,0.0
2025-03-01 13:00:00,2025,3,1,13,60,5,31,-26.9,4.4,419.7,28.72,0.3,59.74,Clear Solar Day,21.46,30.72,0.0,0.0
2025-03-01 14:00:00,2025,3,1,14,60,5,32,-25.2,11.9,312.0,20.75,77.36,50.17,Overcast / Moderate,39.86,-40.0,0.0,0.0
2025-03-01 15:00:00,2025,3,1,15,60,5,33,-24.4,13.3,239.5,15.7,80.0,54.46,Overcast / Moderate,58.26,-40.0,0.0,0.0
2025-03-01 16:00:00,2025,3,1,16,60,5,33,-24.8,3.1,222.6,14.81,0.0,57.87,Overcast / Moderate,34.85,43.06,0.0,0.0
2025-03-01 17:00:00,2025,3,1,17,60,5,30,-25.8,13.9,163.3,10.91,80.0,56.66,Overcast / Moderate,50.61,-34.25,0.0,0.0
2025-03-01 18:00:00,2025,3,1,18,60,5,31,-25.5,2.4,90.9,6.03,0.0,53.92,Overcast / Moderate,24.58,47.89,0.0,0.0
2025-03-01 19:00:00,2025,3,1,19,60,5,32,-25.1,3.9,26.1,1.72,0.08,52.67,Overcast / Moderate,19.6,9.17,41.7,11.68
2025-03-01 20:00:00,2025,3,1,20,60,5,31,-25.5,5.8,0.0,0.0,2.41,57.6,Overcast / Moderate,19.6,0.0,55.99,15.68
2025-03-01 21:00:00,2025,3,1,21,60,5,35,-25.9,16.2,0.0,0.0,80.0,55.26,High Wind Surge,30.98,-24.74,0.0,0.0
2025-03-01 22:00:00,2025,3,1,22,60,5,32,-26.1,6.2,0.0,0.0,3.6,49.33,Overcast / Moderate,19.05,21.96,23.77,6.65
2025-03-01 23:00:00,2025,3,1,23,60,5,33,-26.8,6.7,0.0,0.0,5.56,54.64,Overcast / Moderate,19.05,0.0,50.99,14.28
2025-03-02 00:00:00,2025,3,2,0,61,6,33,-27.2,8.1,0.0,0.0,14.56,53.21,Overcast / Moderate,19.05,0.0,40.56,11.36
2025-03-02 01:00:00,2025,3,2,1,61,6,34,-28.1,13.5,0.0,0.0,80.0,52.45,Overcast / Moderate,31.72,-27.55,0.0,0.0
2025-03-02 02:00:00,2025,3,2,2,61,6,32,-29.2,9.2,0.0,0.0,26.15,54.54,Overcast / Moderate,18.98,23.44,15.0,4.2
2025-03-02 03:00:00,2025,3,2,3,61,6,29,-28.8,3.9,0.0,0.0,0.08,53.9,Overcast / Moderate,18.98,0.0,55.86,15.64
2025-03-02 04:00:00,2025,3,2,4,61,6,32,-28.0,4.6,0.0,0.0,0.45,52.69,Overcast / Moderate,18.98,0.0,54.28,15.2
2025-03-02 05:00:00,2025,3,2,5,61,6,30,-28.9,2.5,0.0,0.0,0.0,53.46,Overcast / Moderate,18.98,0.0,55.5,15.54
2025-03-02 06:00:00,2025,3,2,6,61,6,30,-28.9,7.6,62.6,4.08,10.68,47.67,Overcast / Moderate,18.98,0.0,34.95,9.79
2025-03-02 07:00:00,2025,3,2,7,61,6,33,-28.9,3.5,154.2,10.35,0.01,57.85,Overcast / Moderate,18.98,0.0,49.53,13.87
2025-03-02 08:00:00,2025,3,2,8,61,6,34,-28.6,4.2,289.2,20.07,0.19,56.64,Overcast / Moderate,18.98,0.0,38.42,10.76
2025-03-02 09:00:00,2025,3,2,9,61,6,32,-28.5,10.9,318.4,21.76,54.11,55.47,Overcast / Moderate,28.37,-20.4,0.0,0.0
2025-03-02 10:00:00,2025,3,2,10,61,6,32,-28.4,4.8,338.7,22.94,0.64,55.68,Overcast / Moderate,19.27,16.73,15.37,4.3
2025-03-02 11:00:00,2025,3,2,11,61,6,35,-27.0,6.9,329.9,22.02,6.51,56.14,Overcast / Moderate,19.27,0.0,29.06,8.14
2025-03-02 12:00:00,2025,3,2,12,61,6,32,-27.6,5.4,454.9,31.45,1.52,56.05,Clear Solar Day,19.27,0.0,24.53,6.87
2025-03-02 13:00:00,2025,3,2,13,61,6,37,-27.3,2.2,387.8,26.36,0.0,58.72,Overcast / Moderate,19.27,0.0,33.81,9.47
2025-03-02 14:00:00,2025,3,2,14,61,6,33,-26.3,5.1,248.1,16.22,1.02,54.33,Overcast / Moderate,19.27,0.0,38.54,10.79
2025-03-02 15:00:00,2025,3,2,15,61,6,28,-28.0,5.5,337.4,23.19,1.71,57.0,Overcast / Moderate,19.27,0.0,33.55,9.4
2025-03-02 16:00:00,2025,3,2,16,61,6,33,-27.7,11.1,220.1,14.77,58.32,59.05,Overcast / Moderate,25.73,-14.04,0.0,0.0
2025-03-02 17:00:00,2025,3,2,17,61,6,32,-27.5,4.8,197.6,13.59,0.64,58.53,Overcast / Moderate,19.5,11.46,32.84,9.19
2025-03-02 18:00:00,2025,3,2,18,61,6,34,-25.9,5.3,115.7,7.94,1.34,58.55,Overcast / Moderate,19.5,0.0,50.27,14.07
2025-03-02 19:00:00,2025,3,2,19,61,6,33,-25.9,9.2,0.0,0.0,26.15,54.44,Overcast / Moderate,19.5,0.0,29.29,8.2
2025-03-02 20:00:00,2025,3,2,20,61,6,31,-28.1,8.9,0.0,0.0,22.54,56.14,Overcast / Moderate,19.5,0.0,34.6,9.69
2025-03-02 21:00:00,2025,3,2,21,61,6,29,-26.8,9.4,0.0,0.0,28.77,55.77,Overcast / Moderate,19.5,0.0,28.0,7.84
2025-03-02 22:00:00,2025,3,2,22,61,6,31,-27.4,12.8,0.0,0.0,80.0,51.1,Overcast / Moderate,32.8,-28.9,0.0,0.0
2025-03-02 23:00:00,2025,3,2,23,61,6,30,-27.7,9.3,0.0,0.0,27.44,49.28,Overcast / Moderate,20.93,21.84,0.0,0.0
2025-03-03 00:00:00,2025,3,3,0,62,0,30,-29.3,5.5,0.0,0.0,1.71,52.12,Overcast / Moderate,19.92,1.85,48.56,13.6
2025-03-03 01:00:00,2025,3,3,1,62,0,33,-29.5,9.7,0.0,0.0,33.01,58.25,Overcast / Moderate,19.92,0.0,25.4,7.11
2025-03-03 02:00:00,2025,3,3,2,62,0,35,-28.9,6.4,0.0,0.0,4.31,52.28,Overcast / Moderate,19.92,0.0,48.13,13.48
2025-03-03 03:00:00,2025,3,3,3,62,0,32,-29.7,4.4,0.0,0.0,0.3,52.12,Overcast / Moderate,19.92,0.0,51.98,14.55
2025-03-03 04:00:00,2025,3,3,4,62,0,29,-29.9,4.6,0.0,0.0,0.45,52.24,Overcast / Moderate,19.92,0.0,51.95,14.55
2025-03-03 05:00:00,2025,3,3,5,62,0,32,-31.0,3.9,0.0,0.0,0.08,56.47,Severe Sub-Zero Cold,19.92,0.0,56.55,15.83
2025-03-03 06:00:00,2025,3,3,6,62,0,34,-30.9,3.1,80.3,5.39,0.0,56.3,Severe Sub-Zero Cold,19.92,0.0,51.07,14.3
2025-03-03 07:00:00,2025,3,3,7,62,0,30,-31.1,3.5,190.8,13.24,0.01,60.49,Severe Sub-Zero Cold,19.92,0.0,47.4,13.27
2025-03-03 08:00:00,2025,3,3,8,62,0,31,-31.2,2.0,233.5,15.94,0.0,65.48,Severe Sub-Zero Cold,19.92,0.0,49.7,13.92
2025-03-03 09:00:00,2025,3,3,9,62,0,32,-30.0,10.9,295.2,20.12,54.11,60.65,Severe Sub-Zero Cold,26.17,-13.58,0.0,0.0
2025-03-03 10:00:00,2025,3,3,10,62,0,30,-29.3,12.0,369.3,25.36,80.0,59.62,Overcast / Moderate,44.57,-40.0,0.0,0.0
2025-03-03 11:00:00,2025,3,3,11,62,0,33,-28.2,7.1,449.6,31.24,7.56,64.74,Clear Solar Day,30.47,25.94,0.0,0.0
2025-03-03 12:00:00,2025,3,3,12,62,0,31,-28.0,10.0,443.8,30.67,37.64,57.97,Clear Solar Day,35.22,-10.34,0.0,0.0
2025-03-03 13:00:00,2025,3,3,13,62,0,32,-26.5,3.5,381.8,25.89,0.01,54.99,Overcast / Moderate,19.42,29.09,0.0,0.0
2025-03-03 14:00:00,2025,3,3,14,62,0,30,-24.3,11.2,279.9,18.43,60.51,52.87,Overcast / Moderate,31.41,-26.07,0.0,0.0
2025-03-03 15:00:00,2025,3,3,15,62,0,31,-24.6,6.4,262.8,17.45,4.31,56.84,Overcast / Moderate,19.01,22.81,15.0,4.2
2025-03-03 16:00:00,2025,3,3,16,62,0,33,-25.6,2.1,187.0,12.31,0.0,52.51,Overcast / Moderate,19.01,0.0,42.18,11.81
2025-03-03 17:00:00,2025,3,3,17,62,0,31,-25.3,3.1,133.4,8.78,0.0,49.86,Overcast / Moderate,19.01,0.0,43.06,12.06
2025-03-03 18:00:00,2025,3,3,18,62,0,35,-23.8,4.7,92.4,6.18,0.54,52.93,Overcast / Moderate,19.01,0.0,48.19,13.49
2025-03-03 19:00:00,2025,3,3,19,62,0,31,-25.0,1.7,0.0,0.0,0.0,56.55,Overcast / Moderate,19.01,0.0,58.53,16.39
2025-03-03 20:00:00,2025,3,3,20,62,0,32,-27.3,4.7,0.0,0.0,0.54,58.05,Overcast / Moderate,19.01,0.0,59.49,16.66
2025-03-03 21:00:00,2025,3,3,21,62,0,33,-27.1,2.0,0.0,0.0,0.0,56.37,Overcast / Moderate,19.01,0.0,58.35,16.34
2025-03-03 22:00:00,2025,3,3,22,62,0,29,-26.9,4.0,0.0,0.0,0.11,54.03,Overcast / Moderate,19.01,0.0,55.9,15.65
2025-03-03 23:00:00,2025,3,3,23,62,0,28,-27.8,4.3,0.0,0.0,0.24,53.34,Overcast / Moderate,19.01,0.0,55.08,15.42
2025-03-04 00:00:00,2025,3,4,0,63,1,28,-29.5,16.4,0.0,0.0,80.0,53.96,High Wind Surge,30.99,-26.04,0.0,0.0
2025-03-04 01:00:00,2025,3,4,1,63,1,34,-29.0,4.0,0.0,0.0,0.11,53.96,Overcast / Moderate,19.04,21.97,31.88,8.93
2025-03-04 02:00:00,2025,3,4,2,63,1,30,-28.2,4.0,0.0,0.0,0.11,54.79,Overcast / Moderate,19.04,0.0,56.59,15.85
2025-03-04 03:00:00,2025,3,4,3,63,1,37,-29.1,10.9,0.0,0.0,54.11,56.61,Overcast / Moderate,19.04,0.0,15.0,4.2
2025-03-04 04:00:00,2025,3,4,4,63,1,30,-29.6,15.9,0.0,0.0,80.0,52.92,High Wind Surge,31.5,-27.08,0.0,0.0
2025-03-04 05:00:00,2025,3,4,5,63,1,32,-30.2,13.5,0.0,0.0,80.0,56.51,Severe Sub-Zero Cold,42.31,-23.49,0.0,0.0
2025-03-04 06:00:00,2025,3,4,6,63,1,35,-29.2,21.2,39.9,2.55,80.0,52.73,High Wind Surge,56.02,-29.82,0.0,0.0
2025-03-04 07:00:00,2025,3,4,7,63,1,36,-29.5,17.7,161.0,10.94,80.0,60.19,High Wind Surge,70.17,-30.75,0.0,0.0
2025-03-04 08:00:00,2025,3,4,8,63,1,36,-29.6,18.2,146.9,9.59,80.0,60.68,High Wind Surge,83.47,-28.91,0.0,0.0
2025-03-04 09:00:00,2025,3,4,9,63,1,34,-28.6,20.9,102.7,6.47,80.0,57.4,High Wind Surge,94.08,-23.06,0.0,0.0
2025-03-04 10:00:00,2025,3,4,10,63,1,34,-28.0,24.4,210.3,13.67,80.0,58.12,Blizzard / Extreme Storm,94.93,-1.85,0.0,0.0
2025-03-04 11:00:00,2025,3,4,11,63,1,33,-26.1,22.9,244.7,15.91,80.0,57.54,Blizzard / Extreme Storm,94.99,-0.15,0.0,0.0
2025-03-04 12:00:00,2025,3,4,12,63,1,33,-25.6,25.9,204.2,13.07,0.0,52.93,Blizzard / Extreme Storm,73.33,39.86,0.0,0.0
2025-03-04 13:00:00,2025,3,4,13,63,1,30,-25.2,21.8,128.7,8.04,80.0,54.76,High Wind Surge,88.64,-33.28,0.0,0.0
2025-03-04 14:00:00,2025,3,4,14,63,1,30,-24.2,25.3,118.7,7.4,0.0,59.09,Blizzard / Extreme Storm,61.47,50.0,15.0,4.2
2025-03-04 15:00:00,2025,3,4,15,63,1,31,-23.8,21.0,102.7,6.39,80.0,51.53,High Wind Surge,77.5,-34.86,0.0,0.0
2025-03-04 16:00:00,2025,3,4,16,63,1,31,-24.0,20.5,93.0,5.83,80.0,56.32,High Wind Surge,91.08,-29.51,0.0,0.0
2025-03-04 17:00:00,2025,3,4,17,63,1,31,-24.8,19.5,72.6,4.58,80.0,54.11,High Wind Surge,94.69,-7.85,0.0,0.0
2025-03-04 18:00:00,2025,3,4,18,63,1,33,-25.5,18.6,37.3,2.35,80.0,58.52,High Wind Surge,94.97,-0.63,0.0,0.0
2025-03-04 19:00:00,2025,3,4,19,63,1,33,-25.5,12.2,0.0,0.0,80.0,53.76,Overcast / Moderate,95.0,-0.05,0.0,0.0
2025-03-04 20:00:00,2025,3,4,20,63,1,32,-26.7,15.5,0.0,0.0,80.0,56.13,High Wind Surge,95.0,-0.0,0.0,0.0
2025-03-04 21:00:00,2025,3,4,21,63,1,34,-27.7,11.3,0.0,0.0,62.75,63.09,Overcast / Moderate,94.82,0.34,0.0,0.0
2025-03-04 22:00:00,2025,3,4,22,63,1,29,-26.9,4.0,0.0,0.0,0.11,50.93,Overcast / Moderate,67.64,50.0,15.0,4.2
2025-03-04 23:00:00,2025,3,4,23,63,1,31,-26.8,14.0,0.0,0.0,80.0,53.3,High Wind Surge,79.92,-26.7,0.0,0.0
2025-03-05 00:00:00,2025,3,5,0,64,2,30,-27.7,7.8,0.0,0.0,12.14,53.66,Overcast / Moderate,57.36,41.52,0.0,0.0
2025-03-05 01:00:00,2025,3,5,1,64,2,28,-28.0,5.9,0.0,0.0,2.68,46.9,Overcast / Moderate,33.33,44.22,0.0,0.0
2025-03-05 02:00:00,2025,3,5,2,64,2,31,-28.0,3.2,0.0,0.0,0.0,53.73,Overcast / Moderate,18.84,26.65,27.08,7.58
2025-03-05 03:00:00,2025,3,5,3,64,2,31,-27.7,6.6,0.0,0.0,5.12,49.29,Overcast / Moderate,18.84,0.0,46.49,13.02
2025-03-05 04:00:00,2025,3,5,4,64,2,35,-28.7,3.3,0.0,0.0,0.0,55.57,Overcast / Moderate,18.84,0.0,57.89,16.21
2025-03-05 05:00:00,2025,3,5,5,64,2,33,-28.4,5.7,0.0,0.0,2.16,53.63,Overcast / Moderate,18.84,0.0,53.79,15.06
2025-03-05 06:00:00,2025,3,5,6,64,2,29,-27.5,5.5,87.5,5.95,1.71,49.02,Overcast / Moderate,18.84,0.0,43.68,12.23
2025-03-05 07:00:00,2025,3,5,7,64,2,35,-27.4,8.4,168.8,11.51,17.28,54.71,Overcast / Moderate,18.84,0.0,28.24,7.91
2025-03-05 08:00:00,2025,3,5,8,64,2,34,-26.4,3.6,206.4,13.8,0.02,56.4,Overcast / Moderate,18.84,0.0,44.9,12.57
2025-03-05 09:00:00,2025,3,5,9,64,2,33,-25.9,9.7,242.2,16.06,33.01,62.07,Overcast / Moderate,18.84,0.0,15.32,4.29
2025-03-05 10:00:00,2025,3,5,10,64,2,31,-25.3,4.8,381.5,26.13,0.64,58.78,Overcast / Moderate,18.84,0.0,34.33,9.61
2025-03-05 11:00:00,2025,3,5,11,64,2,30,-25.3,5.8,324.4,21.61,2.41,55.27,Overcast / Moderate,18.84,0.0,33.57,9.4
2025-03-05 12:00:00,2025,3,5,12,64,2,31,-25.0,9.0,281.7,18.45,23.7,55.78,Overcast / Moderate,18.84,0.0,15.95,4.47
2025-03-05 13:00:00,2025,3,5,13,64,2,34,-24.6,7.4,409.0,27.91,9.35,56.74,Clear Solar Day,18.84,0.0,21.8,6.1
2025-03-05 14:00:00,2025,3,5,14,64,2,35,-25.2,4.7,288.7,19.16,0.54,54.7,Overcast / Moderate,18.84,0.0,37.32,10.45
2025-03-05 15:00:00,2025,3,5,15,64,2,35,-25.6,5.3,225.2,14.82,1.34,54.6,Overcast / Moderate,18.84,0.0,40.76,11.41
2025-03-05 16:00:00,2025,3,5,16,64,2,31,-26.3,4.6,183.7,12.14,0.45,57.6,Overcast / Moderate,18.84,0.0,47.33,13.25
2025-03-05 17:00:00,2025,3,5,17,64,2,29,-27.4,7.1,169.7,11.58,7.56,54.1,Overcast / Moderate,18.84,0.0,37.28,10.44
2025-03-05 18:00:00,2025,3,5,18,64,2,32,-28.2,4.9,85.5,5.81,0.75,60.84,Overcast / Moderate,18.84,0.0,56.6,15.85
2025-03-05 19:00:00,2025,3,5,19,64,2,28,-28.7,8.5,0.0,0.0,18.26,52.85,Overcast / Moderate,18.84,0.0,36.91,10.33
2025-03-05 20:00:00,2025,3,5,20,64,2,32,-28.8,7.0,0.0,0.0,7.02,55.44,Overcast / Moderate,18.84,0.0,50.74,14.21
2025-03-05 21:00:00,2025,3,5,21,64,2,31,-29.1,3.1,0.0,0.0,0.0,61.11,Overcast / Moderate,18.84,0.0,63.43,17.76
2025-03-05 22:00:00,2025,3,5,22,64,2,31,-30.5,4.7,0.0,0.0,0.54,53.77,Severe Sub-Zero Cold,18.84,0.0,55.55,15.55
2025-03-05 23:00:00,2025,3,5,23,64,2,28,-29.3,3.9,0.0,0.0,0.08,52.64,Overcast / Moderate,18.84,0.0,54.88,15.37
2025-03-06 00:00:00,2025,3,6,0,65,3,33,-28.6,5.4,0.0,0.0,1.52,55.1,Overcast / Moderate,18.84,0.0,55.9,15.65
2025-03-06 01:00:00,2025,3,6,1,65,3,30,-28.6,6.4,0.0,0.0,4.31,55.75,Overcast / Moderate,18.84,0.0,53.76,15.05
2025-03-06 02:00:00,2025,3,6,2,65,3,29,-27.8,6.4,0.0,0.0,4.31,53.56,Overcast / Moderate,18.84,0.0,51.57,14.44
2025-03-06 03:00:00,2025,3,6,3,65,3,26,-28.4,8.8,0.0,0.0,21.41,52.56,Overcast / Moderate,18.84,0.0,33.47,9.37
2025-03-06 04:00:00,2025,3,6,4,65,3,31,-25.9,3.6,0.0,0.0,0.02,53.04,Overcast / Moderate,18.84,0.0,55.34,15.49
2025-03-06 05:00:00,2025,3,6,5,65,3,35,-27.2,12.5,0.0,0.0,80.0,53.89,Overcast / Moderate,30.85,-26.11,0.0,0.0
2025-03-06 06:00:00,2025,3,6,6,65,3,35,-27.4,5.0,70.6,4.72,0.88,55.73,Overcast / Moderate,19.06,21.7,28.43,7.96
2025-03-06 07:00:00,2025,3,6,7,65,3,31,-28.0,4.6,167.6,11.48,0.45,63.89,Overcast / Moderate,19.06,0.0,53.85,15.08
2025-03-06 08:00:00,2025,3,6,8,65,3,30,-28.6,8.0,230.2,15.7,13.72,58.11,Overcast / Moderate,19.06,0.0,30.58,8.56
2025-03-06 09:00:00,2025,3,6,9,65,3,32,-27.3,9.5,314.8,21.6,30.14,54.42,Overcast / Moderate,19.06,0.0,15.0,4.2
2025-03-06 10:00:00,2025,3,6,10,65,3,30,-27.9,5.3,368.2,25.32,1.34,58.92,Overcast / Moderate,19.06,0.0,34.15,9.56
2025-03-06 11:00:00,2025,3,6,11,65,3,32,-26.3,8.7,337.8,22.69,20.32,55.45,Overcast / Moderate,19.06,0.0,15.0,4.2
2025-03-06 12:00:00,2025,3,6,12,65,3,33,-25.9,10.8,411.7,28.17,52.08,56.71,Clear Solar Day,29.88,-23.54,0.0,0.0
2025-03-06 13:00:00,2025,3,6,13,65,3,34,-25.0,9.0,328.8,21.95,23.7,56.45,Overcast / Moderate,24.02,10.8,0.0,0.0
2025-03-06 14:00:00,2025,3,6,14,65,3,31,-25.1,1.5,349.0,23.67,0.0,53.12,Overcast / Moderate,19.65,8.03,21.42,6.0
2025-03-06 15:00:00,2025,3,6,15,65,3,31,-24.7,9.8,216.2,14.16,34.51,53.34,Overcast / Moderate,19.65,0.0,15.0,4.2
2025-03-06 16:00:00,2025,3,6,16,65,3,30,-25.0,9.1,219.2,14.73,24.91,48.38,Overcast / Moderate,19.65,0.0,15.0,4.2
2025-03-06 17:00:00,2025,3,6,17,65,3,30,-25.0,7.9,145.8,9.76,12.91,53.9,Overcast / Moderate,19.65,0.0,31.93,8.94
2025-03-06 18:00:00,2025,3,6,18,65,3,31,-24.6,8.9,82.3,5.55,22.54,55.6,Overcast / Moderate,19.65,0.0,28.21,7.9
2025-03-06 19:00:00,2025,3,6,19,65,3,32,-25.7,14.3,0.0,0.0,80.0,55.4,High Wind Surge,30.97,-24.6,0.0,0.0
2025-03-06 20:00:00,2025,3,6,20,65,3,33,-25.2,5.7,0.0,0.0,2.16,54.19,Overcast / Moderate,19.05,21.93,30.1,8.43
2025-03-06 21:00:00,2025,3,6,21,65,3,30,-25.1,2.1,0.0,0.0,0.0,55.17,Overcast / Moderate,19.05,0.0,57.08,15.98
2025-03-06 22:00:00,2025,3,6,22,65,3,34,-25.1,6.0,0.0,0.0,2.96,48.72,Overcast / Moderate,19.05,0.0,47.67,13.35
2025-03-06 23:00:00,2025,3,6,23,65,3,31,-25.8,1.8,0.0,0.0,0.0,48.32,Overcast / Moderate,19.05,0.0,50.23,14.06
2025-03-07 00:00:00,2025,3,7,0,66,4,31,-26.4,4.5,0.0,0.0,0.37,52.73,Overcast / Moderate,19.05,0.0,54.27,15.19
2025-03-07 01:00:00,2025,3,7,1,66,4,30,-26.0,7.1,0.0,0.0,7.56,52.35,Overcast / Moderate,19.05,0.0,46.7,13.08
2025-03-07 02:00:00,2025,3,7,2,66,4,27,-26.8,4.7,0.0,0.0,0.54,52.14,Overcast / Moderate,19.05,0.0,53.51,14.98
2025-03-07 03:00:00,2025,3,7,3,66,4,33,-28.9,8.0,0.0,0.0,13.72,52.96,Overcast / Moderate,19.05,0.0,41.15,11.52
2025-03-07 04:00:00,2025,3,7,4,66,4,33,-29.0,9.7,0.0,0.0,33.01,56.52,Overcast / Moderate,19.05,0.0,25.42,7.12
2025-03-07 05:00:00,2025,3,7,5,66,4,31,-28.9,5.6,0.0,0.0,1.93,50.48,Overcast / Moderate,19.05,0.0,50.46,14.13
2025-03-07 06:00:00,2025,3,7,6,66,4,32,-28.9,11.2,43.5,2.82,60.51,52.76,Overcast / Moderate,23.91,-10.57,0.0,0.0
2025-03-07 07:00:00,2025,3,7,7,66,4,33,-27.7,2.3,146.6,9.92,0.0,59.08,Overcast / Moderate,19.66,7.82,41.34,11.58
2025-03-07 08:00:00,2025,3,7,8,66,4,28,-27.7,10.0,230.6,15.74,37.64,57.63,Overcast / Moderate,19.66,0.0,15.0,4.2
2025-03-07 09:00:00,2025,3,7,9,66,4,30,-26.7,9.8,280.7,19.01,34.51,53.49,Overcast / Moderate,19.67,-0.03,0.0,0.0
2025-03-07 10:00:00,2025,3,7,10,66,4,33,-25.1,4.8,319.8,21.51,0.64,60.62,Overcast / Moderate,19.67,0.0,39.12,10.95
2025-03-07 11:00:00,2025,3,7,11,66,4,29,-24.9,4.6,383.2,26.05,0.45,53.4,Overcast / Moderate,19.67,0.0,27.55,7.71
2025-03-07 12:00:00,2025,3,7,12,66,4,32,-24.6,4.6,368.8,24.86,0.45,54.76,Overcast / Moderate,19.67,0.0,30.1,8.43
2025-03-07 13:00:00,2025,3,7,13,66,4,29,-24.8,9.6,319.2,21.26,31.55,56.1,Overcast / Moderate,19.67,0.0,15.0,4.2
2025-03-07 14:00:00,2025,3,7,14,66,4,32,-24.6,9.9,279.2,18.49,36.05,58.42,Overcast / Moderate,19.67,0.0,15.0,4.2
2025-03-07 15:00:00,2025,3,7,15,66,4,31,-23.1,4.8,277.0,18.56,0.64,53.23,Overcast / Moderate,19.67,0.0,34.68,9.71
2025-03-07 16:00:00,2025,3,7,16,66,4,28,-24.6,7.1,195.9,13.03,7.56,56.09,Overcast / Moderate,19.67,0.0,36.15,10.12
2025-03-07 17:00:00,2025,3,7,17,66,4,34,-25.3,3.0,106.4,6.94,0.0,54.62,Overcast / Moderate,19.67,0.0,48.33,13.53
2025-03-07 18:00:00,2025,3,7,18,66,4,30,-26.0,6.0,87.1,5.99,2.96,59.07,Overcast / Moderate,19.67,0.0,50.77,14.22
2025-03-07 19:00:00,2025,3,7,19,66,4,30,-27.5,18.6,0.0,0.0,80.0,56.12,High Wind Surge,30.66,-23.88,0.0,0.0
2025-03-07 20:00:00,2025,3,7,20,66,4,32,-27.9,3.3,0.0,0.0,0.0,57.8,Overcast / Moderate,19.07,21.32,36.48,10.22
2025-03-07 21:00:00,2025,3,7,21,66,4,34,-30.0,12.6,0.0,0.0,80.0,58.42,Severe Sub-Zero Cold,29.0,-21.58,0.0,0.0
2025-03-07 22:00:00,2025,3,7,22,66,4,29,-29.9,9.8,0.0,0.0,34.51,54.15,Overcast / Moderate,19.22,18.0,15.0,4.2
2025-03-07 23:00:00,2025,3,7,23,66,4,32,-30.2,13.8,0.0,0.0,80.0,52.65,Severe Sub-Zero Cold,31.8,-27.35,0.0,0.0
2025-03-08 00:00:00,2025,3,8,0,67,5,32,-29.9,3.5,0.0,0.0,0.01,54.1,Overcast / Moderate,18.97,23.6,30.49,8.54
2025-03-08 01:00:00,2025,3,8,1,67,5,33,-28.3,3.8,0.0,0.0,0.06,53.31,Overcast / Moderate,18.97,0.0,55.3,15.48
2025-03-08 02:00:00,2025,3,8,2,67,5,32,-27.7,1.1,0.0,0.0,0.0,49.96,Overcast / Moderate,18.97,0.0,52.01,14.56
2025-03-08 03:00:00,2025,3,8,3,67,5,31,-27.4,8.5,0.0,0.0,18.26,50.74,Overcast / Moderate,18.97,0.0,34.53,9.67
2025-03-08 04:00:00,2025,3,8,4,67,5,30,-27.6,7.6,0.0,0.0,10.68,46.85,Overcast / Moderate,18.97,0.0,38.22,10.7
2025-03-08 05:00:00,2025,3,8,5,67,5,32,-28.0,3.5,0.0,0.0,0.01,49.72,Overcast / Moderate,18.97,0.0,51.76,14.49
2025-03-08 06:00:00,2025,3,8,6,67,5,29,-28.3,9.3,70.8,4.82,27.44,52.38,Overcast / Moderate,18.97,0.0,22.17,6.21
2025-03-08 07:00:00,2025,3,8,7,67,5,26,-29.2,4.6,142.1,9.66,0.45,58.31,Overcast / Moderate,18.97,0.0,50.25,14.07
2025-03-08 08:00:00,2025,3,8,8,67,5,32,-28.7,3.0,167.3,11.1,0.0,56.73,Overcast / Moderate,18.97,0.0,47.68,13.35
2025-03-08 09:00:00,2025,3,8,9,67,5,33,-26.5,5.6,208.8,13.75,1.93,56.24,Overcast / Moderate,18.97,0.0,42.61,11.93
2025-03-08 10:00:00,2025,3,8,10,67,5,27,-25.7,2.4,222.1,14.48,0.0,56.54,Overcast / Moderate,18.97,0.0,44.11,12.35
2025-03-08 11:00:00,2025,3,8,11,67,5,29,-25.4,4.3,242.5,15.8,0.24,56.19,Overcast / Moderate,18.97,0.0,42.2,11.82
2025-03-08 12:00:00,2025,3,8,12,67,5,33,-25.1,5.2,374.1,25.34,1.17,57.31,Overcast / Moderate,18.97,0.0,32.85,9.2
2025-03-08 13:00:00,2025,3,8,13,67,5,36,-24.1,10.2,297.1,19.64,40.96,55.85,Overcast / Moderate,21.16,-4.75,0.0,0.0
2025-03-08 14:00:00,2025,3,8,14,67,5,32,-24.1,9.3,296.6,19.77,27.44,52.94,Overcast / Moderate,19.9,2.32,15.0,4.2
2025-03-08 15:00:00,2025,3,8,15,67,5,30,-25.9,5.8,194.8,12.73,2.41,55.81,Overcast / Moderate,19.9,0.0,40.87,11.44
2025-03-08 16:00:00,2025,3,8,16,67,5,31,-26.1,8.5,168.3,11.1,18.26,58.53,Overcast / Moderate,19.9,0.0,29.37,8.22
2025-03-08 17:00:00,2025,3,8,17,67,5,34,-25.8,6.9,148.9,10.09,6.51,60.66,Overcast / Moderate,19.9,0.0,44.26,12.39
2025-03-08 18:00:00,2025,3,8,18,67,5,30,-26.4,4.9,50.9,3.34,0.75,61.21,Overcast / Moderate,19.9,0.0,57.32,16.05
2025-03-08 19:00:00,2025,3,8,19,67,5,30,-26.5,8.5,0.0,0.0,18.26,59.1,Overcast / Moderate,19.9,0.0,41.04,11.49
2025-03-08 20:00:00,2025,3,8,20,67,5,31,-27.7,8.0,0.0,0.0,13.72,56.63,Overcast / Moderate,19.9,0.0,43.11,12.07
2025-03-08 21:00:00,2025,3,8,21,67,5,30,-27.5,7.4,0.0,0.0,9.35,53.02,Overcast / Moderate,19.9,0.0,43.87,12.28
2025-03-08 22:00:00,2025,3,8,22,67,5,32,-29.0,7.4,0.0,0.0,9.35,55.08,Overcast / Moderate,19.9,0.0,45.93,12.86
2025-03-08 23:00:00,2025,3,8,23,67,5,35,-27.8,8.0,0.0,0.0,13.72,56.06,Overcast / Moderate,19.9,0.0,42.54,11.91
2025-03-09 00:00:00,2025,3,9,0,68,6,32,-28.2,5.3,0.0,0.0,1.34,46.59,Overcast / Moderate,19.9,0.0,45.45,12.73
2025-03-09 01:00:00,2025,3,9,1,68,6,31,-29.1,10.5,0.0,0.0,46.3,49.74,Overcast / Moderate,19.9,0.0,15.0,4.2
2025-03-09 02:00:00,2025,3,9,2,68,6,31,-28.5,3.3,0.0,0.0,0.0,51.85,Overcast / Moderate,19.9,0.0,52.05,14.57
2025-03-09 03:00:00,2025,3,9,3,68,6,28,-29.3,10.8,0.0,0.0,52.08,51.03,Overcast / Moderate,20.38,-1.05,0.0,0.0
2025-03-09 04:00:00,2025,3,9,4,68,6,33,-28.4,5.0,0.0,0.0,0.88,49.32,Overcast / Moderate,19.97,0.76,47.68,13.35
2025-03-09 05:00:00,2025,3,9,5,68,6,31,-29.0,2.9,0.0,0.0,0.0,54.31,Overcast / Moderate,19.97,0.0,54.38,15.23
2025-03-09 06:00:00,2025,3,9,6,68,6,31,-27.6,7.2,59.3,3.98,8.13,55.42,Overcast / Moderate,19.97,0.0,43.38,12.15
2025-03-09 07:00:00,2025,3,9,7,68,6,38,-26.6,5.2,134.2,9.04,1.17,57.65,Overcast / Moderate,19.97,0.0,47.51,13.3
2025-03-09 08:00:00,2025,3,9,8,68,6,32,-26.4,9.6,199.3,13.41,31.55,51.74,Overcast / Moderate,19.97,0.0,15.0,4.2
2025-03-09 09:00:00,2025,3,9,9,68,6,30,-25.6,5.7,310.1,21.29,2.16,55.12,Overcast / Moderate,19.97,0.0,31.74,8.89
2025-03-09 10:00:00,2025,3,9,10,68,6,31,-23.7,7.9,337.2,22.82,12.91,50.75,Overcast / Moderate,19.97,0.0,15.09,4.22
2025-03-09 11:00:00,2025,3,9,11,68,6,34,-22.9,4.7,399.6,27.27,0.54,51.44,Overcast / Moderate,19.97,0.0,23.7,6.64
2025-03-09 12:00:00,2025,3,9,12,68,6,32,-23.5,3.8,355.0,23.84,0.06,56.12,Overcast / Moderate,19.97,0.0,32.29,9.04
2025-03-09 13:00:00,2025,3,9,13,68,6,29,-23.5,5.3,407.7,27.94,1.34,55.68,Clear Solar Day,19.97,0.0,26.47,7.41
2025-03-09 14:00:00,2025,3,9,14,68,6,33,-23.3,7.3,289.7,19.26,8.73,53.19,Overcast / Moderate,19.97,0.0,25.27,7.07
2025-03-09 15:00:00,2025,3,9,15,68,6,30,-23.2,7.7,283.0,19.09,11.39,54.63,Overcast / Moderate,19.97,0.0,24.22,6.78
2025-03-09 16:00:00,2025,3,9,16,68,6,35,-25.2,7.0,206.1,13.87,7.02,53.35,Overcast / Moderate,19.97,0.0,32.53,9.11
2025-03-09 17:00:00,2025,3,9,17,68,6,34,-26.2,15.2,130.7,8.77,80.0,57.76,High Wind Surge,34.23,-31.01,0.0,0.0
2025-03-09 18:00:00,2025,3,9,18,68,6,31,-24.9,8.1,56.4,3.74,14.56,53.46,Overcast / Moderate,18.76,28.46,15.0,4.2
2025-03-09 19:00:00,2025,3,9,19,68,6,34,-25.0,12.0,0.0,0.0,80.0,52.22,Overcast / Moderate,31.54,-27.78,0.0,0.0
2025-03-09 20:00:00,2025,3,9,20,68,6,32,-26.8,2.8,0.0,0.0,0.0,53.93,Overcast / Moderate,19.0,23.08,30.85,8.64
2025-03-09 21:00:00,2025,3,9,21,68,6,33,-26.6,2.0,0.0,0.0,0.0,57.42,Overcast / Moderate,19.0,0.0,59.43,16.64
2025-03-09 22:00:00,2025,3,9,22,68,6,32,-25.8,4.7,0.0,0.0,0.54,47.48,Overcast / Moderate,19.0,0.0,48.95,13.71
2025-03-09 23:00:00,2025,3,9,23,68,6,30,-26.3,3.0,0.0,0.0,0.0,50.42,Overcast / Moderate,19.0,0.0,52.43,14.68
2025-03-10 00:00:00,2025,3,10,0,69,0,30,-27.4,6.5,0.0,0.0,4.71,54.62,Overcast / Moderate,19.0,0.0,51.92,14.54
2025-03-10 01:00:00,2025,3,10,1,69,0,34,-28.6,6.5,0.0,0.0,4.71,52.47,Overcast / Moderate,19.0,0.0,49.77,13.93
2025-03-10 02:00:00,2025,3,10,2,69,0,31,-27.7,7.0,0.0,0.0,7.02,48.54,Overcast / Moderate,19.0,0.0,43.53,12.19
2025-03-10 03:00:00,2025,3,10,3,69,0,31,-27.7,8.7,0.0,0.0,20.32,51.7,Overcast / Moderate,19.0,0.0,33.39,9.35
2025-03-10 04:00:00,2025,3,10,4,69,0,30,-28.5,13.7,0.0,0.0,80.0,54.47,Overcast / Moderate,30.74,-25.53,0.0,0.0
2025-03-10 05:00:00,2025,3,10,5,69,0,32,-29.2,10.7,0.0,0.0,50.1,50.48,Overcast / Moderate,30.53,0.38,0.0,0.0
2025-03-10 06:00:00,2025,3,10,6,69,0,36,-29.4,2.8,46.7,3.11,0.0,57.7,Overcast / Moderate,19.08,21.07,33.52,9.39
2025-03-10 07:00:00,2025,3,10,7,69,0,29,-28.5,4.9,127.3,8.61,0.75,58.34,Overcast / Moderate,19.08,0.0,50.81,14.23
2025-03-10 08:00:00,2025,3,10,8,69,0,32,-27.0,4.2,206.7,14.02,0.19,57.22,Overcast / Moderate,19.08,0.0,44.84,12.56
2025-03-10 09:00:00,2025,3,10,9,69,0,34,-27.3,3.4,255.1,17.23,0.01,58.71,Overcast / Moderate,19.08,0.0,43.3,12.12
2025-03-10 10:00:00,2025,3,10,10,69,0,31,-26.8,6.7,250.7,16.61,5.56,56.16,Overcast / Moderate,19.08,0.0,35.82,10.03
2025-03-10 11:00:00,2025,3,10,11,69,0,32,-24.5,6.8,374.0,25.46,6.02,55.3,Overcast / Moderate,19.08,0.0,25.65,7.18
2025-03-10 12:00:00,2025,3,10,12,69,0,29,-23.9,3.9,313.7,20.84,0.08,53.16,Overcast / Moderate,19.08,0.0,34.07,9.54
2025-03-10 13:00:00,2025,3,10,13,69,0,32,-23.9,8.3,408.2,28.06,16.34,56.23,Clear Solar Day,19.08,0.0,15.0,4.2
2025-03-10 14:00:00,2025,3,10,14,69,0,31,-23.6,8.6,308.5,20.7,19.27,56.68,Overcast / Moderate,19.08,0.0,18.54,5.19
2025-03-10 15:00:00,2025,3,10,15,69,0,33,-23.4,1.2,275.1,18.55,0.0,51.94,Overcast / Moderate,19.08,0.0,35.22,9.86
2025-03-10 16:00:00,2025,3,10,16,69,0,34,-23.1,5.4,155.0,10.11,1.52,52.36,Overcast / Moderate,19.08,0.0,42.56,11.92
2025-03-10 17:00:00,2025,3,10,17,69,0,37,-23.8,10.9,140.5,9.49,54.11,54.7,Overcast / Moderate,23.18,-8.9,0.0,0.0
2025-03-10 18:00:00,2025,3,10,18,69,0,33,-24.8,6.5,59.1,3.98,4.71,53.52,Overcast / Moderate,19.72,6.36,38.47,10.77
2025-03-10 19:00:00,2025,3,10,19,69,0,32,-25.0,5.0,0.0,0.0,0.88,57.68,Overcast / Moderate,19.72,0.0,57.35,16.06
2025-03-10 20:00:00,2025,3,10,20,69,0,32,-26.2,4.2,0.0,0.0,0.19,51.99,Overcast / Moderate,19.72,0.0,52.35,14.66
2025-03-10 21:00:00,2025,3,10,21,69,0,31,-27.0,4.1,0.0,0.0,0.15,57.35,Overcast / Moderate,19.72,0.0,57.75,16.17
2025-03-10 22:00:00,2025,3,10,22,69,0,32,-26.8,2.6,0.0,0.0,0.0,55.39,Overcast / Moderate,19.72,0.0,55.94,15.66
2025-03-10 23:00:00,2025,3,10,23,69,0,31,-27.3,9.7,0.0,0.0,33.01,50.64,Overcast / Moderate,19.72,0.0,18.18,5.09
2025-03-11 00:00:00,2025,3,11,0,70,1,32,-26.7,2.4,0.0,0.0,0.0,55.53,Overcast / Moderate,19.72,0.0,56.08,15.7
2025-03-11 01:00:00,2025,3,11,1,70,1,34,-26.8,4.5,0.0,0.0,0.37,55.25,Overcast / Moderate,19.72,0.0,55.43,15.52
2025-03-11 02:00:00,2025,3,11,2,70,1,29,-26.4,1.7,0.0,0.0,0.0,50.11,Overcast / Moderate,19.72,0.0,50.66,14.19
2025-03-11 03:00:00,2025,3,11,3,70,1,34,-26.2,9.2,0.0,0.0,26.15,53.95,Overcast / Moderate,19.72,0.0,28.35,7.94
2025-03-11 04:00:00,2025,3,11,4,70,1,34,-26.9,1.6,0.0,0.0,0.0,50.36,Overcast / Moderate,19.72,0.0,50.91,14.26
2025-03-11 05:00:00,2025,3,11,5,70,1,31,-26.9,4.7,0.0,0.0,0.54,49.03,Overcast / Moderate,19.72,0.0,49.04,13.73
2025-03-11 06:00:00,2025,3,11,6,70,1,27,-27.7,6.9,54.5,3.7,6.51,50.38,Overcast / Moderate,19.72,0.0,40.72,11.4
2025-03-11 07:00:00,2025,3,11,7,70,1,30,-27.0,5.5,114.5,7.66,1.71,59.03,Overcast / Moderate,19.72,0.0,50.21,14.06
2025-03-11 08:00:00,2025,3,11,8,70,1,34,-27.1,4.4,209.0,14.24,0.3,55.97,Overcast / Moderate,19.72,0.0,41.98,11.76
2025-03-11 09:00:00,2025,3,11,9,70,1,31,-27.1,4.4,228.1,15.25,0.3,56.18,Overcast / Moderate,19.72,0.0,41.18,11.53
2025-03-11 10:00:00,2025,3,11,10,70,1,30,-25.8,9.4,281.0,18.81,28.77,52.24,Overcast / Moderate,19.72,0.0,15.0,4.2
2025-03-11 11:00:00,2025,3,11,11,70,1,30,-26.0,13.9,300.0,20.04,80.0,57.07,Overcast / Moderate,38.12,-40.0,0.0,0.0
2025-03-11 12:00:00,2025,3,11,12,70,1,33,-25.2,5.0,391.6,26.82,0.88,57.42,Overcast / Moderate,21.97,29.72,0.0,0.0
2025-03-11 13:00:00,2025,3,11,13,70,1,33,-24.4,1.6,338.2,22.79,0.0,52.98,Overcast / Moderate,19.83,3.94,26.25,7.35
2025-03-11 14:00:00,2025,3,11,14,70,1,31,-23.9,1.6,291.1,19.46,0.0,47.88,Overcast / Moderate,19.83,0.0,28.76,8.05
2025-03-11 15:00:00,2025,3,11,15,70,1,31,-23.5,8.9,136.4,8.67,22.54,52.47,Overcast / Moderate,19.83,0.0,21.6,6.05
2025-03-11 16:00:00,2025,3,11,16,70,1,31,-24.0,6.8,214.9,14.58,6.02,54.85,Overcast / Moderate,19.83,0.0,34.59,9.69
2025-03-11 17:00:00,2025,3,11,17,70,1,30,-23.3,9.2,142.1,9.64,26.15,52.84,Overcast / Moderate,19.83,0.0,17.39,4.87
2025-03-11 18:00:00,2025,3,11,18,70,1,35,-24.3,8.2,50.2,3.35,15.43,55.56,Overcast / Moderate,19.83,0.0,37.12,10.39
2025-03-11 19:00:00,2025,3,11,19,70,1,31,-25.5,11.3,0.0,0.0,62.75,55.75,Overcast / Moderate,23.05,-7.0,0.0,0.0
2025-03-11 20:00:00,2025,3,11,20,70,1,34,-25.2,10.8,0.0,0.0,52.08,54.41,Overcast / Moderate,21.78,2.33,0.0,0.0
2025-03-11 21:00:00,2025,3,11,21,70,1,35,-26.2,9.2,0.0,0.0,26.15,53.65,Overcast / Moderate,19.85,3.56,23.94,6.7
2025-03-11 22:00:00,2025,3,11,22,70,1,33,-27.1,6.1,0.0,0.0,3.27,54.21,Overcast / Moderate,19.85,0.0,51.25,14.35
2025-03-11 23:00:00,2025,3,11,23,70,1,31,-28.0,4.7,0.0,0.0,0.54,50.4,Overcast / Moderate,19.85,0.0,50.17,14.05
2025-03-12 00:00:00,2025,3,12,0,71,2,32,-27.7,6.4,0.0,0.0,4.31,49.6,Overcast / Moderate,19.85,0.0,45.6,12.77
2025-03-12 01:00:00,2025,3,12,1,71,2,31,-28.2,6.3,0.0,0.0,3.94,54.01,Overcast / Moderate,19.85,0.0,50.38,14.11
2025-03-12 02:00:00,2025,3,12,2,71,2,30,-29.1,7.3,0.0,0.0,8.73,50.46,Overcast / Moderate,19.85,0.0,42.04,11.77
2025-03-12 03:00:00,2025,3,12,3,71,2,32,-28.7,3.5,0.0,0.0,0.01,51.31,Overcast / Moderate,19.85,0.0,51.61,14.45
2025-03-12 04:00:00,2025,3,12,4,71,2,29,-28.1,7.7,0.0,0.0,11.39,56.21,Overcast / Moderate,19.85,0.0,45.13,12.64
2025-03-12 05:00:00,2025,3,12,5,71,2,34,-28.2,5.9,0.0,0.0,2.68,57.37,Overcast / Moderate,19.85,0.0,55.0,15.4
2025-03-12 06:00:00,2025,3,12,6,71,2,31,-28.1,7.4,47.0,3.18,9.35,55.67,Overcast / Moderate,19.85,0.0,43.45,12.17
2025-03-12 07:00:00,2025,3,12,7,71,2,32,-27.5,4.0,118.5,8.0,0.11,58.62,Overcast / Moderate,19.85,0.0,50.82,14.23
2025-03-12 08:00:00,2025,3,12,8,71,2,32,-27.0,5.7,207.4,14.16,2.16,59.23,Overcast / Moderate,19.85,0.0,43.22,12.1
2025-03-12 09:00:00,2025,3,12,9,71,2,31,-27.0,3.8,214.5,14.28,0.06,60.9,Overcast / Moderate,19.85,0.0,46.87,13.12
2025-03-12 10:00:00,2025,3,12,10,71,2,33,-26.3,10.6,305.1,20.67,48.17,58.9,Overcast / Moderate,24.42,-9.94,0.0,0.0
2025-03-12 11:00:00,2025,3,12,11,71,2,31,-24.4,6.2,227.8,14.8,3.6,54.67,Overcast / Moderate,19.62,8.83,27.44,7.68
2025-03-12 12:00:00,2025,3,12,12,71,2,33,-24.3,3.9,322.4,21.57,0.08,56.85,Overcast / Moderate,19.62,0.0,35.97,10.07
2025-03-12 13:00:00,2025,3,12,13,71,2,29,-24.0,1.7,222.8,14.43,0.0,51.89,Overcast / Moderate,19.62,0.0,38.23,10.7
2025-03-12 14:00:00,2025,3,12,14,71,2,32,-24.3,7.9,328.9,22.37,12.91,54.68,Overcast / Moderate,19.62,0.0,20.17,5.65
2025-03-12 15:00:00,2025,3,12,15,71,2,35,-22.2,3.8,243.0,16.18,0.06,54.26,Overcast / Moderate,19.62,0.0,38.79,10.86
2025-03-12 16:00:00,2025,3,12,16,71,2,29,-22.9,15.5,218.1,14.83,80.0,51.88,High Wind Surge,38.02,-40.0,0.0,0.0
2025-03-12 17:00:00,2025,3,12,17,71,2,30,-22.8,6.6,122.3,8.18,5.12,51.71,Overcast / Moderate,18.43,36.03,15.0,4.2
2025-03-12 18:00:00,2025,3,12,18,71,2,33,-23.3,4.5,44.3,2.94,0.37,57.13,Overcast / Moderate,18.43,0.0,56.95,15.95
2025-03-12 19:00:00,2025,3,12,19,71,2,32,-24.0,7.8,0.0,0.0,12.14,51.71,Overcast / Moderate,18.43,0.0,42.7,11.96
2025-03-12 20:00:00,2025,3,12,20,71,2,32,-24.6,4.4,0.0,0.0,0.3,54.91,Overcast / Moderate,18.43,0.0,57.74,16.17
2025-03-12 21:00:00,2025,3,12,21,71,2,32,-27.2,9.7,0.0,0.0,33.01,53.27,Overcast / Moderate,18.43,0.0,23.39,6.55
2025-03-12 22:00:00,2025,3,12,22,71,2,33,-27.6,4.7,0.0,0.0,0.54,47.72,Overcast / Moderate,18.43,0.0,50.31,14.09
2025-03-12 23:00:00,2025,3,12,23,71,2,34,-29.6,15.3,0.0,0.0,80.0,57.44,High Wind Surge,28.81,-22.56,0.0,0.0
2025-03-13 00:00:00,2025,3,13,0,72,3,32,-29.8,7.2,0.0,0.0,8.13,57.39,Overcast / Moderate,19.23,17.62,31.64,8.86
2025-03-13 01:00:00,2025,3,13,1,72,3,31,-28.9,10.1,0.0,0.0,39.28,52.07,Overcast / Moderate,19.23,0.0,15.0,4.2
2025-03-13 02:00:00,2025,3,13,2,72,3,33,-28.1,2.2,0.0,0.0,0.0,53.24,Overcast / Moderate,19.23,0.0,54.77,15.34
2025-03-13 03:00:00,2025,3,13,3,72,3,35,-27.1,5.0,0.0,0.0,0.88,52.07,Overcast / Moderate,19.23,0.0,52.72,14.76
2025-03-13 04:00:00,2025,3,13,4,72,3,31,-26.7,8.6,0.0,0.0,19.27,50.92,Overcast / Moderate,19.23,0.0,33.18,9.29
2025-03-13 05:00:00,2025,3,13,5,72,3,30,-26.0,7.7,0.0,0.0,11.39,49.68,Overcast / Moderate,19.23,0.0,39.82,11.15
2025-03-13 06:00:00,2025,3,13,6,72,3,34,-25.6,3.6,40.1,2.68,0.02,52.6,Overcast / Moderate,19.23,0.0,51.43,14.4
2025-03-13 07:00:00,2025,3,13,7,72,3,31,-26.4,5.1,132.4,9.07,1.02,54.59,Overcast / Moderate,19.23,0.0,46.03,12.89
2025-03-13 08:00:00,2025,3,13,8,72,3,27,-26.4,4.3,200.9,13.69,0.24,55.2,Overcast / Moderate,19.23,0.0,42.8,11.98
2025-03-13 09:00:00,2025,3,13,9,72,3,33,-27.0,7.3,251.5,17.06,8.73,60.86,Overcast / Moderate,19.23,0.0,36.6,10.25
2025-03-13 10:00:00,2025,3,13,10,72,3,30,-27.3,5.0,300.8,20.44,0.88,56.85,Overcast / Moderate,19.23,0.0,37.06,10.38
2025-03-13 11:00:00,2025,3,13,11,72,3,31,-26.1,4.7,340.1,23.12,0.54,55.63,Overcast / Moderate,19.23,0.0,33.5,9.38
2025-03-13 12:00:00,2025,3,13,12,72,3,32,-24.2,3.7,350.1,23.68,0.04,52.81,Overcast / Moderate,19.23,0.0,30.62,8.57
2025-03-13 13:00:00,2025,3,13,13,72,3,32,-23.0,5.5,336.3,22.65,1.71,53.31,Overcast / Moderate,19.23,0.0,30.48,8.54
2025-03-13 14:00:00,2025,3,13,14,72,3,33,-22.3,3.6,274.8,18.25,0.02,48.99,Overcast / Moderate,19.23,0.0,32.25,9.03
2025-03-13 15:00:00,2025,3,13,15,72,3,31,-21.6,13.2,248.7,16.61,80.0,55.8,Overcast / Moderate,37.63,-40.0,0.0,0.0
2025-03-13 16:00:00,2025,3,13,16,72,3,33,-21.8,3.2,214.6,14.57,0.0,50.39,Overcast / Moderate,18.47,35.27,15.0,4.2
2025-03-13 17:00:00,2025,3,13,17,72,3,31,-22.3,11.5,120.3,8.06,67.39,47.68,Overcast / Moderate,31.24,-27.77,0.0,0.0
2025-03-13 18:00:00,2025,3,13,18,72,3,33,-23.4,5.7,48.0,3.26,2.16,53.73,Overcast / Moderate,19.02,22.48,25.83,7.23
2025-03-13 19:00:00,2025,3,13,19,72,3,33,-24.0,5.3,0.0,0.0,1.34,55.33,Overcast / Moderate,19.02,0.0,55.94,15.66
2025-03-13 20:00:00,2025,3,13,20,72,3,30,-25.3,4.0,0.0,0.0,0.11,57.69,Overcast / Moderate,19.02,0.0,59.53,16.67
2025-03-13 21:00:00,2025,3,13,21,72,3,34,-25.1,7.5,0.0,0.0,10.0,56.22,Overcast / Moderate,19.02,0.0,48.17,13.49
2025-03-13 22:00:00,2025,3,13,22,72,3,30,-25.5,8.0,0.0,0.0,13.72,52.84,Overcast / Moderate,19.02,0.0,41.07,11.5
2025-03-13 23:00:00,2025,3,13,23,72,3,33,-26.8,6.0,0.0,0.0,2.96,54.46,Overcast / Moderate,19.02,0.0,53.45,14.97
2025-03-14 00:00:00,2025,3,14,0,73,4,32,-28.2,1.9,0.0,0.0,0.0,55.06,Overcast / Moderate,19.02,0.0,57.01,15.96
2025-03-14 01:00:00,2025,3,14,1,73,4,35,-28.6,11.6,0.0,0.0,69.8,51.08,Overcast / Moderate,27.63,-18.72,0.0,0.0
2025-03-14 02:00:00,2025,3,14,2,73,4,31,-29.3,14.4,0.0,0.0,80.0,54.87,High Wind Surge,39.19,-25.13,0.0,0.0
2025-03-14 03:00:00,2025,3,14,3,73,4,31,-30.4,5.7,0.0,0.0,2.16,50.95,Severe Sub-Zero Cold,18.33,38.39,15.0,4.2
2025-03-14 04:00:00,2025,3,14,4,73,4,31,-30.3,7.3,0.0,0.0,8.73,59.32,Severe Sub-Zero Cold,18.33,0.0,53.93,15.1
2025-03-14 05:00:00,2025,3,14,5,73,4,31,-29.8,5.9,0.0,0.0,2.68,55.71,Overcast / Moderate,18.33,0.0,56.37,15.78
2025-03-14 06:00:00,2025,3,14,6,73,4,33,-29.8,4.8,37.6,2.56,0.64,52.83,Overcast / Moderate,18.33,0.0,52.97,14.83
2025-03-14 07:00:00,2025,3,14,7,73,4,28,-29.4,2.3,98.0,6.58,0.0,57.7,Overcast / Moderate,18.33,0.0,54.46,15.25
2025-03-14 08:00:00,2025,3,14,8,73,4,29,-27.5,5.9,149.7,9.95,2.68,53.15,Overcast / Moderate,18.33,0.0,43.86,12.28
2025-03-14 09:00:00,2025,3,14,9,73,4,29,-26.5,9.7,179.1,11.76,33.01,51.04,Overcast / Moderate,18.33,0.0,15.0,4.2
2025-03-14 10:00:00,2025,3,14,10,73,4,33,-24.6,1.1,289.8,19.51,0.0,57.08,Overcast / Moderate,18.33,0.0,40.91,11.45
2025-03-14 11:00:00,2025,3,14,11,73,4,35,-23.1,7.0,340.5,23.01,7.02,52.01,Overcast / Moderate,18.33,0.0,25.32,7.09
2025-03-14 12:00:00,2025,3,14,12,73,4,31,-21.2,10.7,266.2,17.38,50.1,51.19,Overcast / Moderate,25.82,-16.29,0.0,0.0
2025-03-14 13:00:00,2025,3,14,13,73,4,31,-20.8,3.8,316.8,21.11,0.06,51.86,Overcast / Moderate,19.49,11.65,19.04,5.33
2025-03-14 14:00:00,2025,3,14,14,73,4,32,-21.2,3.5,314.1,21.16,0.01,51.54,Overcast / Moderate,19.49,0.0,31.38,8.79
2025-03-14 15:00:00,2025,3,14,15,73,4,34,-20.7,9.0,215.3,14.16,23.7,49.74,Overcast / Moderate,19.49,0.0,15.0,4.2
2025-03-14 16:00:00,2025,3,14,16,73,4,30,-21.8,4.2,200.8,13.57,0.19,51.9,Overcast / Moderate,19.49,0.0,39.15,10.96
2025-03-14 17:00:00,2025,3,14,17,73,4,32,-23.9,3.6,119.0,8.04,0.02,54.39,Overcast / Moderate,19.49,0.0,47.34,13.26
2025-03-14 18:00:00,2025,3,14,18,73,4,33,-24.3,5.3,33.9,2.25,1.34,56.84,Overcast / Moderate,19.49,0.0,54.26,15.19
2025-03-14 19:00:00,2025,3,14,19,73,4,33,-25.4,5.4,0.0,0.0,1.52,61.6,Overcast / Moderate,19.49,0.0,61.09,17.11
2025-03-14 20:00:00,2025,3,14,20,73,4,32,-26.5,10.6,0.0,0.0,48.17,51.03,Overcast / Moderate,19.49,0.0,15.0,4.2
2025-03-14 21:00:00,2025,3,14,21,73,4,34,-27.5,7.4,0.0,0.0,9.35,55.42,Overcast / Moderate,19.49,0.0,47.08,13.18
2025-03-14 22:00:00,2025,3,14,22,73,4,26,-27.9,5.5,0.0,0.0,1.71,52.03,Overcast / Moderate,19.49,0.0,51.33,14.37
2025-03-14 23:00:00,2025,3,14,23,73,4,33,-28.2,6.6,0.0,0.0,5.12,55.72,Overcast / Moderate,19.49,0.0,51.61,14.45
2025-03-15 00:00:00,2025,3,15,0,74,5,30,-28.9,12.8,0.0,0.0,80.0,53.94,Overcast / Moderate,31.48,-26.06,0.0,0.0
2025-03-15 01:00:00,2025,3,15,1,74,5,28,-28.0,2.7,0.0,0.0,0.0,54.78,Overcast / Moderate,19.0,22.96,31.82,8.91
2025-03-15 02:00:00,2025,3,15,2,74,5,33,-28.4,3.7,0.0,0.0,0.04,49.64,Overcast / Moderate,19.0,0.0,51.6,14.45
2025-03-15 03:00:00,2025,3,15,3,74,5,34,-27.8,13.2,0.0,0.0,80.0,52.31,Overcast / Moderate,31.74,-27.69,0.0,0.0
2025-03-15 04:00:00,2025,3,15,4,74,5,31,-28.6,13.0,0.0,0.0,80.0,56.72,Overcast / Moderate,42.45,-23.28,0.0,0.0
2025-03-15 05:00:00,2025,3,15,5,74,5,33,-26.4,3.4,0.0,0.0,0.01,49.69,Overcast / Moderate,18.05,44.9,15.0,4.2
2025-03-15 06:00:00,2025,3,15,6,74,5,35,-26.4,3.1,31.5,2.12,0.0,45.02,Overcast / Moderate,18.05,0.0,46.8,13.11
2025-03-15 07:00:00,2025,3,15,7,74,5,34,-26.5,5.6,70.6,4.59,1.93,54.62,Overcast / Moderate,18.05,0.0,52.0,14.56
2025-03-15 08:00:00,2025,3,15,8,74,5,35,-26.4,1.8,166.4,11.17,0.0,58.03,Overcast / Moderate,18.05,0.0,50.76,14.21
2025-03-15 09:00:00,2025,3,15,9,74,5,33,-26.6,7.7,177.8,11.69,11.39,56.21,Overcast / Moderate,18.05,0.0,37.03,10.37
2025-03-15 10:00:00,2025,3,15,10,74,5,32,-25.0,2.3,302.5,20.54,0.0,51.63,Overcast / Moderate,18.05,0.0,34.99,9.8
2025-03-15 11:00:00,2025,3,15,11,74,5,28,-25.7,2.0,314.3,21.23,0.0,52.18,Overcast / Moderate,18.05,0.0,34.85,9.76
2025-03-15 12:00:00,2025,3,15,12,74,5,31,-25.3,6.2,364.1,24.91,3.6,51.4,Overcast / Moderate,18.05,0.0,26.79,7.5
2025-03-15 13:00:00,2025,3,15,13,74,5,30,-25.5,13.0,338.7,23.07,80.0,51.49,Overcast / Moderate,36.45,-40.0,0.0,0.0
2025-03-15 14:00:00,2025,3,15,14,74,5,36,-23.5,5.7,293.3,19.76,2.16,52.91,Overcast / Moderate,19.61,30.99,0.0,0.0
2025-03-15 15:00:00,2025,3,15,15,74,5,31,-23.3,5.1,251.1,16.95,1.02,53.49,Overcast / Moderate,19.61,0.0,36.31,10.17
2025-03-15 16:00:00,2025,3,15,16,74,5,32,-22.5,17.9,211.7,14.48,80.0,47.0,High Wind Surge,38.01,-40.0,0.0,0.0
2025-03-15 17:00:00,2025,3,15,17,74,5,33,-22.9,6.6,117.5,7.96,5.12,57.03,Overcast / Moderate,18.43,36.01,15.0,4.2
2025-03-15 18:00:00,2025,3,15,18,74,5,32,-23.1,5.2,28.1,1.86,1.17,53.16,Overcast / Moderate,18.43,0.0,53.26,14.91
2025-03-15 19:00:00,2025,3,15,19,74,5,35,-22.5,5.3,0.0,0.0,1.34,51.24,Overcast / Moderate,18.43,0.0,53.03,14.85
2025-03-15 20:00:00,2025,3,15,20,74,5,30,-24.6,3.6,0.0,0.0,0.02,51.42,Overcast / Moderate,18.43,0.0,54.53,15.27
2025-03-15 21:00:00,2025,3,15,21,74,5,32,-25.9,6.4,0.0,0.0,4.31,53.93,Overcast / Moderate,18.43,0.0,52.75,14.77
2025-03-15 22:00:00,2025,3,15,22,74,5,30,-26.7,5.8,0.0,0.0,2.41,51.44,Overcast / Moderate,18.43,0.0,52.16,14.61
2025-03-15 23:00:00,2025,3,15,23,74,5,29,-27.7,4.3,0.0,0.0,0.24,52.34,Overcast / Moderate,18.43,0.0,55.23,15.46
2025-03-16 00:00:00,2025,3,16,0,75,6,30,-28.9,3.3,0.0,0.0,0.0,52.59,Overcast / Moderate,18.43,0.0,55.72,15.6
2025-03-16 01:00:00,2025,3,16,1,75,6,31,-28.7,4.7,0.0,0.0,0.54,51.25,Overcast / Moderate,18.43,0.0,53.84,15.08
2025-03-16 02:00:00,2025,3,16,2,75,6,31,-28.8,6.4,0.0,0.0,4.31,53.19,Overcast / Moderate,18.43,0.0,52.01,14.56
2025-03-16 03:00:00,2025,3,16,3,75,6,30,-28.1,2.0,0.0,0.0,0.0,47.29,Overcast / Moderate,18.43,0.0,50.42,14.12
2025-03-16 04:00:00,2025,3,16,4,75,6,29,-28.7,3.2,0.0,0.0,0.0,49.67,Overcast / Moderate,18.43,0.0,52.8,14.78
2025-03-16 05:00:00,2025,3,16,5,75,6,31,-29.5,12.6,0.0,0.0,80.0,52.05,Overcast / Moderate,31.29,-27.95,0.0,0.0
2025-03-16 06:00:00,2025,3,16,6,75,6,28,-28.3,6.7,0.0,0.0,5.56,48.84,Overcast / Moderate,19.02,22.58,20.7,5.8
2025-03-16 07:00:00,2025,3,16,7,75,6,33,-28.7,2.0,99.5,6.75,0.0,57.42,Overcast / Moderate,19.02,0.0,52.63,14.74
2025-03-16 08:00:00,2025,3,16,8,75,6,32,-27.2,8.1,178.4,12.14,14.56,53.15,Overcast / Moderate,19.02,0.0,28.41,7.96
2025-03-16 09:00:00,2025,3,16,9,75,6,29,-26.2,2.0,179.9,11.85,0.0,58.99,Overcast / Moderate,19.02,0.0,49.1,13.75
2025-03-16 10:00:00,2025,3,16,10,75,6,31,-25.9,8.6,305.9,20.89,19.27,51.53,Overcast / Moderate,19.02,0.0,15.0,4.2
2025-03-16 11:00:00,2025,3,16,11,75,6,30,-23.3,8.8,300.8,20.13,21.41,56.65,Overcast / Moderate,19.02,0.0,17.07,4.78
2025-03-16 12:00:00,2025,3,16,12,75,6,32,-23.0,7.7,158.8,10.05,11.39,48.33,Overcast / Moderate,19.02,0.0,28.85,8.08
2025-03-16 13:00:00,2025,3,16,13,75,6,34,-23.7,8.6,278.1,18.48,19.27,59.57,Overcast / Moderate,19.02,0.0,23.78,6.66
2025-03-16 14:00:00,2025,3,16,14,75,6,28,-24.4,2.4,301.5,20.48,0.0,54.47,Overcast / Moderate,19.02,0.0,35.95,10.07
2025-03-16 15:00:00,2025,3,16,15,75,6,32,-25.6,8.5,158.6,10.32,18.26,57.27,Overcast / Moderate,19.02,0.0,30.65,8.58
2025-03-16 16:00:00,2025,3,16,16,75,6,31,-24.8,3.0,196.0,13.41,0.0,50.93,Overcast / Moderate,19.02,0.0,39.48,11.06
2025-03-16 17:00:00,2025,3,16,17,75,6,33,-26.2,4.9,118.9,8.19,0.75,55.28,Overcast / Moderate,19.02,0.0,48.3,13.53
2025-03-16 18:00:00,2025,3,16,18,75,6,32,-25.9,12.4,0.0,0.0,80.0,54.87,Overcast / Moderate,30.58,-25.13,0.0,0.0
2025-03-16 19:00:00,2025,3,16,19,75,6,30,-25.7,6.3,0.0,0.0,3.94,54.42,Overcast / Moderate,19.08,21.16,29.32,8.21
2025-03-16 20:00:00,2025,3,16,20,75,6,31,-25.5,13.5,0.0,0.0,80.0,58.05,Overcast / Moderate,29.18,-21.95,0.0,0.0
2025-03-16 21:00:00,2025,3,16,21,75,6,30,-24.4,2.4,0.0,0.0,0.0,55.43,Overcast / Moderate,19.2,18.35,37.08,10.38
2025-03-16 22:00:00,2025,3,16,22,75,6,34,-25.8,6.1,0.0,0.0,3.27,51.19,Overcast / Moderate,19.2,0.0,49.52,13.86
2025-03-16 23:00:00,2025,3,16,23,75,6,32,-25.1,2.0,0.0,0.0,0.0,53.15,Overcast / Moderate,19.2,0.0,54.75,15.33
2025-03-17 00:00:00,2025,3,17,0,76,0,35,-25.7,7.5,0.0,0.0,10.0,54.7,Overcast / Moderate,19.2,0.0,46.3,12.96
2025-03-17 01:00:00,2025,3,17,1,76,0,31,-26.1,2.3,0.0,0.0,0.0,49.77,Overcast / Moderate,19.2,0.0,51.37,14.38
2025-03-17 02:00:00,2025,3,17,2,76,0,30,-24.9,3.4,0.0,0.0,0.01,48.58,Overcast / Moderate,19.2,0.0,50.17,14.05
2025-03-17 03:00:00,2025,3,17,3,76,0,28,-26.7,4.2,0.0,0.0,0.19,56.4,Overcast / Moderate,19.2,0.0,57.81,16.19
2025-03-17 04:00:00,2025,3,17,4,76,0,28,-25.7,8.7,0.0,0.0,20.32,49.65,Overcast / Moderate,19.2,0.0,30.93,8.66
2025-03-17 05:00:00,2025,3,17,5,76,0,28,-25.5,3.3,0.0,0.0,0.0,48.49,Overcast / Moderate,19.2,0.0,50.09,14.02
2025-03-17 06:00:00,2025,3,17,6,76,0,32,-25.5,10.1,0.0,0.0,39.28,50.57,Overcast / Moderate,19.2,0.0,15.0,4.2
2025-03-17 07:00:00,2025,3,17,7,76,0,33,-24.0,3.0,108.4,7.38,0.0,57.13,Overcast / Moderate,19.2,0.0,51.35,14.38
2025-03-17 08:00:00,2025,3,17,8,76,0,28,-25.9,3.4,176.2,11.98,0.01,55.93,Overcast / Moderate,19.2,0.0,45.54,12.75
2025-03-17 09:00:00,2025,3,17,9,76,0,33,-24.8,9.0,203.6,13.55,23.7,54.73,Overcast / Moderate,19.2,0.0,19.08,5.34
2025-03-17 10:00:00,2025,3,17,10,76,0,31,-25.7,19.7,121.7,7.7,80.0,56.55,High Wind Surge,33.53,-31.15,0.0,0.0
2025-03-17 11:00:00,2025,3,17,11,76,0,32,-25.3,9.8,291.7,19.6,34.51,55.69,Overcast / Moderate,32.67,1.58,0.0,0.0
2025-03-17 12:00:00,2025,3,17,12,76,0,35,-25.1,11.3,313.8,21.17,62.75,55.6,Overcast / Moderate,45.7,-28.32,0.0,0.0
2025-03-17 13:00:00,2025,3,17,13,76,0,33,-25.4,19.1,201.3,13.07,80.0,54.74,High Wind Surge,63.33,-38.33,0.0,0.0
2025-03-17 14:00:00,2025,3,17,14,76,0,31,-24.2,16.4,306.3,20.88,80.0,54.27,High Wind Surge,81.73,-40.0,0.0,0.0
2025-03-17 15:00:00,2025,3,17,15,76,0,30,-24.0,21.4,131.0,8.39,80.0,52.36,High Wind Surge,93.94,-26.54,0.0,0.0
2025-03-17 16:00:00,2025,3,17,16,76,0,27,-23.0,17.9,180.0,12.17,80.0,51.79,High Wind Surge,94.92,-2.12,0.0,0.0
2025-03-17 17:00:00,2025,3,17,17,76,0,30,-23.6,21.2,56.4,3.61,80.0,52.98,High Wind Surge,94.99,-0.17,0.0,0.0
2025-03-17 18:00:00,2025,3,17,18,76,0,31,-23.9,20.4,0.0,0.0,80.0,50.05,High Wind Surge,95.0,-0.01,0.0,0.0
2025-03-17 19:00:00,2025,3,17,19,76,0,30,-22.9,22.8,0.0,0.0,80.0,51.25,Blizzard / Extreme Storm,95.0,-0.0,0.0,0.0
2025-03-17 20:00:00,2025,3,17,20,76,0,31,-23.6,26.4,0.0,0.0,0.0,52.8,Blizzard / Extreme Storm,67.83,50.0,15.0,4.2
2025-03-17 21:00:00,2025,3,17,21,76,0,32,-25.2,26.7,0.0,0.0,0.0,59.64,Blizzard / Extreme Storm,40.65,50.0,15.0,4.2
2025-03-17 22:00:00,2025,3,17,22,76,0,31,-26.5,24.4,0.0,0.0,80.0,51.09,Blizzard / Extreme Storm,53.95,-28.91,0.0,0.0
2025-03-17 23:00:00,2025,3,17,23,76,0,30,-27.6,29.9,0.0,0.0,0.0,52.78,Blizzard / Extreme Storm,26.78,50.0,15.0,4.2
2025-03-18 00:00:00,2025,3,18,0,77,1,32,-26.9,22.1,0.0,0.0,80.0,57.38,Blizzard / Extreme Storm,37.18,-22.62,0.0,0.0
2025-03-18 01:00:00,2025,3,18,1,77,1,32,-28.8,21.5,0.0,0.0,80.0,49.48,High Wind Surge,51.22,-30.52,0.0,0.0
2025-03-18 02:00:00,2025,3,18,2,77,1,29,-28.5,24.2,0.0,0.0,80.0,48.73,Blizzard / Extreme Storm,65.61,-31.27,0.0,0.0
2025-03-18 03:00:00,2025,3,18,3,77,1,34,-27.5,23.6,0.0,0.0,80.0,50.93,Blizzard / Extreme Storm,78.98,-29.07,0.0,0.0
2025-03-18 04:00:00,2025,3,18,4,77,1,31,-27.2,17.0,0.0,0.0,80.0,51.18,High Wind Surge,92.23,-28.82,0.0,0.0
2025-03-18 05:00:00,2025,3,18,5,77,1,32,-26.5,21.5,0.0,0.0,80.0,51.12,High Wind Surge,94.78,-5.53,0.0,0.0
2025-03-18 06:00:00,2025,3,18,6,77,1,33,-26.8,18.3,0.0,0.0,80.0,50.86,High Wind Surge,94.98,-0.44,0.0,0.0
2025-03-18 07:00:00,2025,3,18,7,77,1,32,-26.1,20.5,41.3,2.62,80.0,52.58,High Wind Surge,95.0,-0.04,0.0,0.0
2025-03-18 08:00:00,2025,3,18,8,77,1,33,-25.6,19.8,97.2,6.27,80.0,58.07,High Wind Surge,95.0,-0.0,0.0,0.0
2025-03-18 09:00:00,2025,3,18,9,77,1,32,-24.5,15.5,151.2,9.81,80.0,53.33,High Wind Surge,95.0,-0.0,0.0,0.0
2025-03-18 10:00:00,2025,3,18,10,77,1,30,-23.5,7.5,196.2,12.77,10.0,55.99,Overcast / Moderate,76.95,33.22,0.0,0.0
2025-03-18 11:00:00,2025,3,18,11,77,1,32,-22.2,12.9,334.1,22.67,80.0,50.2,Overcast / Moderate,93.56,-36.11,0.0,0.0
2025-03-18 12:00:00,2025,3,18,12,77,1,29,-21.4,12.4,277.7,18.34,80.0,56.0,Overcast / Moderate,94.88,-2.89,0.0,0.0
2025-03-18 13:00:00,2025,3,18,13,77,1,32,-21.3,6.0,287.2,19.1,2.96,47.9,Overcast / Moderate,80.84,25.84,0.0,0.0
2025-03-18 14:00:00,2025,3,18,14,77,1,31,-20.5,6.0,242.0,15.94,2.96,51.09,Overcast / Moderate,63.35,32.19,0.0,0.0
2025-03-18 15:00:00,2025,3,18,15,77,1,31,-21.0,15.1,216.7,14.42,80.0,49.0,High Wind Surge,81.75,-40.0,0.0,0.0
2025-03-18 16:00:00,2025,3,18,16,77,1,31,-21.8,8.0,175.5,11.84,13.72,52.19,Overcast / Moderate,67.27,26.63,0.0,0.0
2025-03-18 17:00:00,2025,3,18,17,77,1,28,-23.2,9.0,91.2,6.12,23.7,49.66,Overcast / Moderate,56.49,19.84,0.0,0.0
2025-03-18 18:00:00,2025,3,18,18,77,1,30,-23.5,10.5,0.0,0.0,46.3,47.66,Overcast / Moderate,55.75,1.36,0.0,0.0
2025-03-18 19:00:00,2025,3,18,19,77,1,32,-25.2,15.1,0.0,0.0,80.0,53.04,High Wind Surge,68.15,-26.96,0.0,0.0
2025-03-18 20:00:00,2025,3,18,20,77,1,32,-26.2,22.4,0.0,0.0,80.0,59.73,Blizzard / Extreme Storm,77.48,-20.27,0.0,0.0
2025-03-18 21:00:00,2025,3,18,21,77,1,29,-26.4,18.4,0.0,0.0,80.0,52.35,High Wind Surge,90.2,-27.65,0.0,0.0
2025-03-18 22:00:00,2025,3,18,22,77,1,34,-25.8,17.0,0.0,0.0,80.0,52.87,High Wind Surge,94.62,-9.61,0.0,0.0
2025-03-18 23:00:00,2025,3,18,23,77,1,30,-26.0,21.2,0.0,0.0,80.0,50.91,High Wind Surge,94.97,-0.77,0.0,0.0
2025-03-19 00:00:00,2025,3,19,0,78,2,33,-26.7,22.1,0.0,0.0,80.0,50.93,Blizzard / Extreme Storm,95.0,-0.06,0.0,0.0
2025-03-19 01:00:00,2025,3,19,1,78,2,32,-25.4,22.8,0.0,0.0,80.0,55.99,Blizzard / Extreme Storm,95.0,-0.0,0.0,0.0
2025-03-19 02:00:00,2025,3,19,2,78,2,30,-25.1,19.6,0.0,0.0,80.0,49.44,High Wind Surge,95.0,-0.0,0.0,0.0
2025-03-19 03:00:00,2025,3,19,3,78,2,35,-25.6,24.5,0.0,0.0,80.0,52.09,Blizzard / Extreme Storm,95.0,-0.0,0.0,0.0
2025-03-19 04:00:00,2025,3,19,4,78,2,29,-26.1,23.2,0.0,0.0,80.0,50.98,Blizzard / Extreme Storm,95.0,-0.0,0.0,0.0
2025-03-19 05:00:00,2025,3,19,5,78,2,33,-25.4,18.9,0.0,0.0,80.0,55.03,High Wind Surge,95.0,-0.0,0.0,0.0
2025-03-19 06:00:00,2025,3,19,6,78,2,34,-24.8,24.6,0.0,0.0,80.0,47.11,Blizzard / Extreme Storm,95.0,-0.0,0.0,0.0
2025-03-19 07:00:00,2025,3,19,7,78,2,30,-25.2,33.4,56.0,3.63,0.0,59.91,Blizzard / Extreme Storm,67.83,50.0,15.0,4.2
2025-03-19 08:00:00,2025,3,19,8,78,2,34,-24.7,22.8,89.0,5.7,80.0,59.11,Blizzard / Extreme Storm,80.06,-26.59,0.0,0.0
2025-03-19 09:00:00,2025,3,19,9,78,2,31,-24.8,30.9,75.3,4.7,0.0,55.34,Blizzard / Extreme Storm,52.88,50.0,15.0,4.2
2025-03-19 10:00:00,2025,3,19,10,78,2,32,-24.6,19.5,114.0,7.19,80.0,56.09,High Wind Surge,67.19,-31.1,0.0,0.0
2025-03-19 11:00:00,2025,3,19,11,78,2,32,-24.0,24.9,127.1,8.0,80.0,53.52,Blizzard / Extreme Storm,83.05,-34.48,0.0,0.0
2025-03-19 12:00:00,2025,3,19,12,78,2,31,-23.4,18.3,104.9,6.52,80.0,53.67,High Wind Surge,94.04,-23.9,0.0,0.0
2025-03-19 13:00:00,2025,3,19,13,78,2,33,-22.0,19.0,114.0,7.1,80.0,53.99,High Wind Surge,94.92,-1.91,0.0,0.0
2025-03-19 14:00:00,2025,3,19,14,78,2,33,-21.8,20.5,183.4,11.84,80.0,50.52,High Wind Surge,94.99,-0.15,0.0,0.0
2025-03-19 15:00:00,2025,3,19,15,78,2,28,-20.7,19.5,126.2,8.02,80.0,54.03,High Wind Surge,95.0,-0.01,0.0,0.0
2025-03-19 16:00:00,2025,3,19,16,78,2,34,-19.7,20.2,67.1,4.17,80.0,52.12,High Wind Surge,95.0,-0.0,0.0,0.0
2025-03-19 17:00:00,2025,3,19,17,78,2,28,-20.5,17.1,88.5,5.91,80.0,50.44,High Wind Surge,95.0,-0.0,0.0,0.0
2025-03-19 18:00:00,2025,3,19,18,78,2,34,-20.5,15.4,0.0,0.0,80.0,49.99,High Wind Surge,95.0,-0.0,0.0,0.0
2025-03-19 19:00:00,2025,3,19,19,78,2,34,-20.7,18.1,0.0,0.0,80.0,55.24,High Wind Surge,95.0,-0.0,0.0,0.0
2025-03-19 20:00:00,2025,3,19,20,78,2,29,-21.2,11.0,0.0,0.0,56.19,50.84,Overcast / Moderate,95.0,-0.0,0.0,0.0
2025-03-19 21:00:00,2025,3,19,21,78,2,31,-21.5,7.3,0.0,0.0,8.73,50.56,Overcast / Moderate,72.27,41.83,0.0,0.0
2025-03-19 22:00:00,2025,3,19,22,78,2,29,-23.0,5.0,0.0,0.0,0.88,45.72,Overcast / Moderate,47.9,44.84,0.0,0.0
2025-03-19 23:00:00,2025,3,19,23,78,2,31,-24.1,5.4,0.0,0.0,1.52,49.28,Overcast / Moderate,21.94,47.76,0.0,0.0
2025-03-20 00:00:00,2025,3,20,0,79,3,31,-24.9,8.3,0.0,0.0,16.34,47.36,Overcast / Moderate,19.83,3.88,27.14,7.6
2025-03-20 01:00:00,2025,3,20,1,79,3,33,-27.0,1.7,0.0,0.0,0.0,53.15,Overcast / Moderate,19.83,0.0,53.49,14.98
2025-03-20 02:00:00,2025,3,20,2,79,3,34,-28.4,2.9,0.0,0.0,0.0,55.49,Overcast / Moderate,19.83,0.0,55.83,15.63
2025-03-20 03:00:00,2025,3,20,3,79,3,34,-29.3,2.6,0.0,0.0,0.0,53.25,Overcast / Moderate,19.83,0.0,53.59,15.0
2025-03-20 04:00:00,2025,3,20,4,79,3,30,-29.4,7.1,0.0,0.0,7.56,54.04,Overcast / Moderate,19.83,0.0,46.82,13.11
2025-03-20 05:00:00,2025,3,20,5,79,3,31,-28.3,4.1,0.0,0.0,0.15,55.89,Overcast / Moderate,19.83,0.0,56.08,15.7
2025-03-20 06:00:00,2025,3,20,6,79,3,28,-28.1,3.3,0.0,0.0,0.0,51.62,Overcast / Moderate,19.83,0.0,51.96,14.55
2025-03-20 07:00:00,2025,3,20,7,79,3,30,-27.3,7.1,62.9,4.16,7.56,55.61,Overcast / Moderate,19.83,0.0,44.23,12.38
2025-03-20 08:00:00,2025,3,20,8,79,3,33,-25.7,8.9,151.3,10.22,22.54,55.73,Overcast / Moderate,19.83,0.0,23.31,6.53
2025-03-20 09:00:00,2025,3,20,9,79,3,35,-24.6,4.9,114.9,7.34,0.75,54.48,Overcast / Moderate,19.83,0.0,46.73,13.08
2025-03-20 10:00:00,2025,3,20,10,79,3,29,-24.2,7.0,182.4,11.87,7.02,52.32,Overcast / Moderate,19.83,0.0,33.77,9.45
2025-03-20 11:00:00,2025,3,20,11,79,3,30,-23.5,2.5,300.5,20.29,0.0,51.1,Overcast / Moderate,19.83,0.0,31.15,8.72
2025-03-20 12:00:00,2025,3,20,12,79,3,31,-22.0,12.1,229.6,14.96,80.0,53.32,Overcast / Moderate,38.23,-40.0,0.0,0.0
2025-03-20 13:00:00,2025,3,20,13,79,3,32,-21.0,4.9,289.7,19.35,0.75,51.66,Overcast / Moderate,21.08,31.56,0.0,0.0
2025-03-20 14:00:00,2025,3,20,14,79,3,30,-21.6,17.6,287.7,19.48,80.0,53.1,High Wind Surge,39.48,-40.0,0.0,0.0
2025-03-20 15:00:00,2025,3,20,15,79,3,32,-22.2,14.2,209.7,14.02,80.0,55.3,High Wind Surge,57.29,-38.72,0.0,0.0
2025-03-20 16:00:00,2025,3,20,16,79,3,31,-21.8,9.1,117.2,7.64,24.91,49.47,Overcast / Moderate,48.09,16.92,0.0,0.0
2025-03-20 17:00:00,2025,3,20,17,79,3,31,-22.0,1.2,85.1,5.73,0.0,50.15,Overcast / Moderate,23.95,44.42,0.0,0.0
2025-03-20 18:00:00,2025,3,20,18,79,3,33,-23.7,6.7,0.0,0.0,5.56,55.94,Overcast / Moderate,19.66,7.91,42.47,11.89
2025-03-20 19:00:00,2025,3,20,19,79,3,32,-25.2,2.4,0.0,0.0,0.0,54.36,Overcast / Moderate,19.66,0.0,55.05,15.41
2025-03-20 20:00:00,2025,3,20,20,79,3,31,-26.0,11.0,0.0,0.0,56.19,55.45,Overcast / Moderate,20.0,-0.74,0.0,0.0
2025-03-20 21:00:00,2025,3,20,21,79,3,31,-24.9,9.3,0.0,0.0,27.44,54.63,Overcast / Moderate,20.0,0.0,27.2,7.62
2025-03-20 22:00:00,2025,3,20,22,79,3,31,-24.5,13.8,0.0,0.0,80.0,47.62,Overcast / Moderate,34.89,-32.38,0.0,0.0
2025-03-20 23:00:00,2025,3,20,23,79,3,31,-25.6,7.3,0.0,0.0,8.73,52.08,Overcast / Moderate,18.71,29.78,15.0,4.2
2025-03-21 00:00:00,2025,3,21,0,80,4,31,-25.5,6.5,0.0,0.0,4.71,51.36,Overcast / Moderate,18.71,0.0,49.24,13.79
2025-03-21 01:00:00,2025,3,21,1,80,4,35,-25.6,6.5,0.0,0.0,4.71,49.15,Overcast / Moderate,18.71,0.0,47.03,13.17
2025-03-21 02:00:00,2025,3,21,2,80,4,33,-24.5,5.3,0.0,0.0,1.34,50.0,Overcast / Moderate,18.71,0.0,51.25,14.35
2025-03-21 03:00:00,2025,3,21,3,80,4,31,-25.4,6.0,0.0,0.0,2.96,50.39,Overcast / Moderate,18.71,0.0,50.02,14.01
2025-03-21 04:00:00,2025,3,21,4,80,4,33,-25.6,7.5,0.0,0.0,10.0,53.11,Overcast / Moderate,18.71,0.0,45.7,12.8
2025-03-21 05:00:00,2025,3,21,5,80,4,31,-26.0,12.0,0.0,0.0,80.0,54.05,Overcast / Moderate,30.64,-25.95,0.0,0.0
2025-03-21 06:00:00,2025,3,21,6,80,4,34,-25.7,7.2,0.0,0.0,8.13,51.51,Overcast / Moderate,19.07,21.28,22.1,6.19
2025-03-21 07:00:00,2025,3,21,7,80,4,32,-24.6,10.3,73.6,4.94,42.69,50.34,Overcast / Moderate,19.07,0.0,15.0,4.2
2025-03-21 08:00:00,2025,3,21,8,80,4,31,-24.4,10.4,108.9,7.12,44.47,55.86,Overcast / Moderate,19.07,0.0,15.0,4.2
2025-03-21 09:00:00,2025,3,21,9,80,4,32,-23.4,6.5,224.5,15.23,4.71,59.14,Overcast / Moderate,19.07,0.0,41.05,11.49
2025-03-21 10:00:00,2025,3,21,10,80,4,28,-23.4,5.0,252.7,16.97,0.88,54.05,Overcast / Moderate,19.07,0.0,38.05,10.65
2025-03-21 11:00:00,2025,3,21,11,80,4,29,-22.1,7.6,256.1,16.96,10.68,50.95,Overcast / Moderate,19.07,0.0,25.16,7.05
2025-03-21 12:00:00,2025,3,21,12,80,4,29,-21.6,5.8,295.1,19.75,2.41,52.26,Overcast / Moderate,19.07,0.0,31.95,8.95
2025-03-21 13:00:00,2025,3,21,13,80,4,32,-21.2,2.3,327.2,22.24,0.0,53.99,Overcast / Moderate,19.07,0.0,33.6,9.41
2025-03-21 14:00:00,2025,3,21,14,80,4,35,-21.9,5.3,266.8,17.96,1.34,53.84,Overcast / Moderate,19.07,0.0,36.39,10.19
2025-03-21 15:00:00,2025,3,21,15,80,4,36,-22.8,16.3,214.8,14.47,80.0,57.87,High Wind Surge,35.91,-36.6,0.0,0.0
2025-03-21 16:00:00,2025,3,21,16,80,4,33,-23.7,1.8,139.9,9.36,0.0,51.38,Overcast / Moderate,18.62,31.82,15.0,4.2
2025-03-21 17:00:00,2025,3,21,17,80,4,33,-23.8,8.2,74.6,5.01,15.43,53.28,Overcast / Moderate,18.62,0.0,35.61,9.97
2025-03-21 18:00:00,2025,3,21,18,80,4,28,-23.9,10.0,0.0,0.0,37.64,53.78,Overcast / Moderate,18.62,0.0,18.91,5.29
2025-03-21 19:00:00,2025,3,21,19,80,4,30,-24.2,7.7,0.0,0.0,11.39,55.3,Overcast / Moderate,18.62,0.0,46.68,13.07
2025-03-21 20:00:00,2025,3,21,20,80,4,30,-24.5,6.9,0.0,0.0,6.51,52.41,Overcast / Moderate,18.62,0.0,48.67,13.63
2025-03-21 21:00:00,2025,3,21,21,80,4,30,-24.1,8.3,0.0,0.0,16.34,52.34,Overcast / Moderate,18.62,0.0,38.77,10.85
2025-03-21 22:00:00,2025,3,21,22,80,4,31,-24.2,5.7,0.0,0.0,2.16,48.1,Overcast / Moderate,18.62,0.0,48.71,13.64
2025-03-21 23:00:00,2025,3,21,23,80,4,31,-24.4,2.5,0.0,0.0,0.0,48.05,Overcast / Moderate,18.62,0.0,50.82,14.23
2025-03-22 00:00:00,2025,3,22,0,81,5,28,-25.6,13.2,0.0,0.0,80.0,51.47,Overcast / Moderate,31.74,-28.53,0.0,0.0
2025-03-22 01:00:00,2025,3,22,1,81,5,33,-25.7,5.7,0.0,0.0,2.16,51.22,Overcast / Moderate,18.98,23.48,25.58,7.16
2025-03-22 02:00:00,2025,3,22,2,81,5,29,-26.5,7.8,0.0,0.0,12.14,54.3,Overcast / Moderate,18.98,0.0,44.2,12.38
2025-03-22 03:00:00,2025,3,22,3,81,5,32,-27.6,6.6,0.0,0.0,5.12,49.79,Overcast / Moderate,18.98,0.0,46.71,13.08
2025-03-22 04:00:00,2025,3,22,4,81,5,36,-28.1,1.9,0.0,0.0,0.0,53.36,Overcast / Moderate,18.98,0.0,55.4,15.51
2025-03-22 05:00:00,2025,3,22,5,81,5,30,-28.2,12.8,0.0,0.0,80.0,54.39,Overcast / Moderate,30.76,-25.61,0.0,0.0
2025-03-22 06:00:00,2025,3,22,6,81,5,26,-27.0,9.3,0.0,0.0,27.44,51.66,Overcast / Moderate,19.06,21.52,15.0,4.2
2025-03-22 07:00:00,2025,3,22,7,81,5,31,-27.4,3.1,58.9,3.92,0.0,53.55,Overcast / Moderate,19.06,0.0,51.5,14.42
2025-03-22 08:00:00,2025,3,22,8,81,5,34,-26.2,14.5,142.6,9.66,80.0,59.32,High Wind Surge,33.02,-30.34,0.0,0.0
2025-03-22 09:00:00,2025,3,22,9,81,5,35,-24.7,8.6,178.8,11.9,19.27,55.9,Overcast / Moderate,19.58,24.73,0.0,0.0
2025-03-22 10:00:00,2025,3,22,10,81,5,29,-22.5,6.1,251.0,16.84,3.27,56.72,Overcast / Moderate,19.58,0.0,37.45,10.49
2025-03-22 11:00:00,2025,3,22,11,81,5,32,-21.8,7.3,283.1,18.98,8.73,52.11,Overcast / Moderate,19.58,0.0,25.24,7.07
2025-03-22 12:00:00,2025,3,22,12,81,5,31,-21.6,2.7,224.8,14.66,0.0,54.84,Overcast / Moderate,19.58,0.0,41.02,11.49
2025-03-22 13:00:00,2025,3,22,13,81,5,31,-21.6,6.8,326.0,22.23,6.02,51.05,Overcast / Moderate,19.58,0.0,23.64,6.62
2025-03-22 14:00:00,2025,3,22,14,81,5,37,-20.2,2.2,285.0,19.3,0.0,52.39,Overcast / Moderate,19.58,0.0,33.93,9.5
2025-03-22 15:00:00,2025,3,22,15,81,5,28,-19.3,6.7,226.5,15.26,5.56,50.42,Overcast / Moderate,19.58,0.0,30.44,8.52
2025-03-22 16:00:00,2025,3,22,16,81,5,32,-19.6,6.8,99.3,6.38,6.02,46.54,Overcast / Moderate,19.58,0.0,34.98,9.79
2025-03-22 17:00:00,2025,3,22,17,81,5,32,-20.9,10.6,76.0,5.12,48.17,46.72,Overcast / Moderate,22.6,-6.57,0.0,0.0
2025-03-22 18:00:00,2025,3,22,18,81,5,34,-21.9,8.5,0.0,0.0,18.26,51.52,Overcast / Moderate,19.77,5.21,28.05,7.86
2025-03-22 19:00:00,2025,3,22,19,81,5,32,-21.3,4.1,0.0,0.0,0.15,48.82,Overcast / Moderate,19.77,0.0,49.12,13.75
2025-03-22 20:00:00,2025,3,22,20,81,5,32,-22.9,10.9,0.0,0.0,54.11,47.63,Overcast / Moderate,22.75,-6.48,0.0,0.0
2025-03-22 21:00:00,2025,3,22,21,81,5,31,-24.0,6.9,0.0,0.0,6.51,55.6,Overcast / Moderate,19.76,5.51,43.58,12.2
2025-03-22 22:00:00,2025,3,22,22,81,5,32,-24.5,7.3,0.0,0.0,8.73,48.22,Overcast / Moderate,19.76,0.0,39.97,11.19
2025-03-22 23:00:00,2025,3,22,23,81,5,31,-24.2,3.4,0.0,0.0,0.01,48.9,Overcast / Moderate,19.76,0.0,49.37,13.82
2025-03-23 00:00:00,2025,3,23,0,82,6,33,-24.4,10.3,0.0,0.0,42.69,50.69,Overcast / Moderate,19.76,0.0,15.0,4.2
2025-03-23 01:00:00,2025,3,23,1,82,6,31,-25.6,12.0,0.0,0.0,80.0,52.07,Overcast / Moderate,32.61,-27.93,0.0,0.0
2025-03-23 02:00:00,2025,3,23,2,82,6,32,-25.7,9.1,0.0,0.0,24.91,51.81,Overcast / Moderate,18.9,25.22,15.0,4.2
2025-03-23 03:00:00,2025,3,23,3,82,6,31,-26.9,12.3,0.0,0.0,80.0,52.29,Overcast / Moderate,31.65,-27.71,0.0,0.0
2025-03-23 04:00:00,2025,3,23,4,82,6,34,-26.6,4.6,0.0,0.0,0.45,53.38,Overcast / Moderate,18.99,23.3,29.63,8.3
2025-03-23 05:00:00,2025,3,23,5,82,6,31,-24.8,10.4,0.0,0.0,44.47,48.96,Overcast / Moderate,18.99,0.0,15.0,4.2
2025-03-23 06:00:00,2025,3,23,6,82,6,28,-25.3,6.2,0.0,0.0,3.6,48.17,Overcast / Moderate,18.99,0.0,46.6,13.05
2025-03-23 07:00:00,2025,3,23,7,82,6,34,-25.5,3.3,54.1,3.59,0.0,50.12,Overcast / Moderate,18.99,0.0,48.56,13.6
2025-03-23 08:00:00,2025,3,23,8,82,6,30,-25.0,7.9,138.6,9.37,12.91,55.75,Overcast / Moderate,18.99,0.0,35.5,9.94
2025-03-23 09:00:00,2025,3,23,9,82,6,30,-25.0,8.0,170.8,11.35,13.72,52.44,Overcast / Moderate,18.99,0.0,29.4,8.23
2025-03-23 10:00:00,2025,3,23,10,82,6,30,-25.1,4.5,236.8,15.93,0.37,59.18,Overcast / Moderate,18.99,0.0,44.91,12.57
2025-03-23 11:00:00,2025,3,23,11,82,6,34,-25.3,1.4,214.5,14.13,0.0,57.61,Overcast / Moderate,18.99,0.0,45.51,12.74
2025-03-23 12:00:00,2025,3,23,12,82,6,27,-23.1,3.7,255.0,16.93,0.04,54.06,Overcast / Moderate,18.99,0.0,39.12,10.95
2025-03-23 13:00:00,2025,3,23,13,82,6,38,-21.5,5.4,230.5,15.14,1.52,56.06,Overcast / Moderate,18.99,0.0,41.43,11.6
2025-03-23 14:00:00,2025,3,23,14,82,6,34,-21.1,3.3,238.2,15.87,0.0,53.94,Overcast / Moderate,18.99,0.0,40.1,11.23
2025-03-23 15:00:00,2025,3,23,15,82,6,32,-21.3,3.6,146.3,9.49,0.02,53.26,Overcast / Moderate,18.99,0.0,45.78,12.82
2025-03-23 16:00:00,2025,3,23,16,82,6,31,-21.3,5.4,143.2,9.63,1.52,53.14,Overcast / Moderate,18.99,0.0,44.02,12.32
2025-03-23 17:00:00,2025,3,23,17,82,6,32,-21.8,13.2,54.2,3.56,80.0,52.88,Overcast / Moderate,33.1,-30.68,0.0,0.0
2025-03-23 18:00:00,2025,3,23,18,82,6,33,-22.6,8.9,0.0,0.0,22.54,51.85,Overcast / Moderate,18.86,26.2,15.0,4.2
2025-03-23 19:00:00,2025,3,23,19,82,6,33,-23.6,4.8,0.0,0.0,0.64,51.19,Overcast / Moderate,18.86,0.0,52.83,14.79
2025-03-23 20:00:00,2025,3,23,20,82,6,33,-24.2,12.7,0.0,0.0,80.0,55.65,Overcast / Moderate,30.06,-24.35,0.0,0.0
2025-03-23 21:00:00,2025,3,23,21,82,6,32,-24.5,7.6,0.0,0.0,10.68,57.7,Overcast / Moderate,19.13,20.12,26.9,7.53
2025-03-23 22:00:00,2025,3,23,22,82,6,31,-26.4,5.9,0.0,0.0,2.68,51.1,Overcast / Moderate,19.13,0.0,50.17,14.05
2025-03-23 23:00:00,2025,3,23,23,82,6,31,-27.6,6.0,0.0,0.0,2.96,52.69,Overcast / Moderate,19.13,0.0,51.48,14.41
2025-03-24 00:00:00,2025,3,24,0,83,0,31,-29.4,5.5,0.0,0.0,1.71,50.37,Overcast / Moderate,19.13,0.0,50.41,14.11
2025-03-24 01:00:00,2025,3,24,1,83,0,34,-29.1,4.0,0.0,0.0,0.11,52.94,Overcast / Moderate,19.13,0.0,54.58,15.28
2025-03-24 02:00:00,2025,3,24,2,83,0,33,-29.4,5.3,0.0,0.0,1.34,51.02,Overcast / Moderate,19.13,0.0,51.43,14.4
2025-03-24 03:00:00,2025,3,24,3,83,0,26,-29.0,6.5,0.0,0.0,4.71,49.4,Overcast / Moderate,19.13,0.0,46.44,13.0
2025-03-24 04:00:00,2025,3,24,4,83,0,33,-28.2,6.5,0.0,0.0,4.71,53.44,Overcast / Moderate,19.13,0.0,50.48,14.13
2025-03-24 05:00:00,2025,3,24,5,83,0,32,-29.3,8.9,0.0,0.0,22.54,53.66,Overcast / Moderate,19.13,0.0,32.87,9.2
2025-03-24 06:00:00,2025,3,24,6,83,0,31,-27.2,5.1,0.0,0.0,1.02,53.98,Overcast / Moderate,19.13,0.0,54.71,15.32
2025-03-24 07:00:00,2025,3,24,7,83,0,31,-27.6,8.4,64.9,4.45,17.28,58.36,Overcast / Moderate,19.13,0.0,38.38,10.75
2025-03-24 08:00:00,2025,3,24,8,83,0,34,-27.0,7.0,135.4,9.23,7.02,54.85,Overcast / Moderate,19.13,0.0,40.35,11.3
2025-03-24 09:00:00,2025,3,24,9,83,0,33,-27.0,13.2,184.7,12.48,80.0,51.85,Overcast / Moderate,37.53,-40.0,0.0,0.0
2025-03-24 10:00:00,2025,3,24,10,83,0,30,-25.3,5.3,253.2,17.23,1.34,52.0,Overcast / Moderate,19.36,33.43,0.0,0.0
2025-03-24 11:00:00,2025,3,24,11,83,0,32,-22.7,11.2,280.1,18.89,60.51,51.34,Overcast / Moderate,32.26,-28.06,0.0,0.0
2025-03-24 12:00:00,2025,3,24,12,83,0,30,-23.6,9.7,262.2,17.52,33.01,54.48,Overcast / Moderate,30.12,3.95,0.0,0.0
2025-03-24 13:00:00,2025,3,24,13,83,0,29,-22.8,7.6,195.8,12.74,10.68,53.68,Overcast / Moderate,19.12,20.23,15.0,4.2
2025-03-24 14:00:00,2025,3,24,14,83,0,30,-21.3,7.7,184.5,12.02,11.39,51.26,Overcast / Moderate,19.12,0.0,29.61,8.29
2025-03-24 15:00:00,2025,3,24,15,83,0,33,-20.3,2.4,159.7,10.45,0.0,53.52,Overcast / Moderate,19.12,0.0,44.83,12.55
2025-03-24 16:00:00,2025,3,24,16,83,0,33,-21.0,12.7,142.5,9.62,80.0,58.6,Overcast / Moderate,33.39,-31.02,0.0,0.0
2025-03-24 17:00:00,2025,3,24,17,83,0,33,-21.8,2.7,61.7,4.15,0.0,52.49,Overcast / Moderate,18.84,26.78,21.56,6.04
2025-03-24 18:00:00,2025,3,24,18,83,0,33,-22.7,6.9,0.0,0.0,6.51,52.88,Overcast / Moderate,18.84,0.0,48.7,13.64
2025-03-24 19:00:00,2025,3,24,19,83,0,33,-23.0,4.9,0.0,0.0,0.75,51.59,Overcast / Moderate,18.84,0.0,53.17,14.89
2025-03-24 20:00:00,2025,3,24,20,83,0,30,-24.3,5.7,0.0,0.0,2.16,54.42,Overcast / Moderate,18.84,0.0,54.59,15.28
2025-03-24 21:00:00,2025,3,24,21,83,0,32,-24.2,7.3,0.0,0.0,8.73,57.09,Overcast / Moderate,18.84,0.0,50.69,14.19
2025-03-24 22:00:00,2025,3,24,22,83,0,33,-25.9,11.4,0.0,0.0,65.04,50.22,Overcast / Moderate,25.65,-14.82,0.0,0.0
2025-03-24 23:00:00,2025,3,24,23,83,0,33,-26.6,5.9,0.0,0.0,2.68,51.01,Overcast / Moderate,19.51,11.31,37.02,10.37
2025-03-25 00:00:00,2025,3,25,0,84,1,34,-26.3,15.2,0.0,0.0,80.0,50.67,High Wind Surge,33.0,-29.33,0.0,0.0
2025-03-25 01:00:00,2025,3,25,1,84,1,33,-26.6,7.1,0.0,0.0,7.56,49.11,Overcast / Moderate,18.87,26.0,15.55,4.35
2025-03-25 02:00:00,2025,3,25,2,84,1,32,-27.1,3.3,0.0,0.0,0.0,52.49,Overcast / Moderate,18.87,0.0,54.75,15.33
2025-03-25 03:00:00,2025,3,25,3,84,1,34,-27.9,3.6,0.0,0.0,0.02,53.6,Overcast / Moderate,18.87,0.0,55.84,15.64
2025-03-25 04:00:00,2025,3,25,4,84,1,31,-26.4,8.4,0.0,0.0,17.28,51.31,Overcast / Moderate,18.87,0.0,36.29,10.16
2025-03-25 05:00:00,2025,3,25,5,84,1,30,-26.1,1.8,0.0,0.0,0.0,55.57,Overcast / Moderate,18.87,0.0,57.83,16.19
2025-03-25 06:00:00,2025,3,25,6,84,1,31,-24.9,6.1,0.0,0.0,3.27,51.29,Overcast / Moderate,18.87,0.0,50.28,14.08
2025-03-25 07:00:00,2025,3,25,7,84,1,30,-24.3,3.1,43.1,2.84,0.0,50.83,Overcast / Moderate,18.87,0.0,50.25,14.07
2025-03-25 08:00:00,2025,3,25,8,84,1,30,-23.8,5.7,130.9,8.85,2.16,54.83,Overcast / Moderate,18.87,0.0,46.08,12.9
2025-03-25 09:00:00,2025,3,25,9,84,1,31,-22.3,8.8,179.0,11.95,21.41,51.62,Overcast / Moderate,18.87,0.0,20.52,5.75
2025-03-25 10:00:00,2025,3,25,10,84,1,30,-21.0,5.9,224.1,14.9,2.68,50.33,Overcast / Moderate,18.87,0.0,35.01,9.8
2025-03-25 11:00:00,2025,3,25,11,84,1,31,-19.4,3.3,201.0,13.01,0.0,49.86,Overcast / Moderate,18.87,0.0,39.11,10.95
2025-03-25 12:00:00,2025,3,25,12,84,1,28,-21.2,4.2,263.7,17.56,0.19,49.89,Overcast / Moderate,18.87,0.0,34.4,9.63
2025-03-25 13:00:00,2025,3,25,13,84,1,32,-20.1,5.2,266.7,17.81,1.17,51.84,Overcast / Moderate,18.87,0.0,35.12,9.83
2025-03-25 14:00:00,2025,3,25,14,84,1,32,-19.1,2.1,178.8,11.57,0.0,55.71,Overcast / Moderate,18.87,0.0,46.4,12.99
2025-03-25 15:00:00,2025,3,25,15,84,1,30,-18.7,7.0,119.8,7.63,7.02,48.5,Overcast / Moderate,18.87,0.0,36.11,10.11
2025-03-25 16:00:00,2025,3,25,16,84,1,33,-18.9,7.3,86.0,5.51,8.73,50.84,Overcast / Moderate,18.87,0.0,38.86,10.88
2025-03-25 17:00:00,2025,3,25,17,84,1,33,-18.7,2.0,61.0,4.11,0.0,51.05,Overcast / Moderate,18.87,0.0,49.2,13.78
2025-03-25 18:00:00,2025,3,25,18,84,1,28,-16.7,5.5,0.0,0.0,1.71,45.95,Overcast / Moderate,18.87,0.0,46.5,13.02
2025-03-25 19:00:00,2025,3,25,19,84,1,30,-17.3,5.6,0.0,0.0,1.93,47.37,Overcast / Moderate,18.87,0.0,47.7,13.36
2025-03-25 20:00:00,2025,3,25,20,84,1,30,-17.1,4.9,0.0,0.0,0.75,50.71,Overcast / Moderate,18.87,0.0,52.22,14.62
2025-03-25 21:00:00,2025,3,25,21,84,1,30,-18.7,6.8,0.0,0.0,6.02,48.15,Overcast / Moderate,18.87,0.0,44.39,12.43
2025-03-25 22:00:00,2025,3,25,22,84,1,33,-20.9,5.0,0.0,0.0,0.88,45.49,Overcast / Moderate,18.87,0.0,46.87,13.12
2025-03-25 23:00:00,2025,3,25,23,84,1,31,-22.5,5.6,0.0,0.0,1.93,52.95,Overcast / Moderate,18.87,0.0,53.28,14.92
2025-03-26 00:00:00,2025,3,26,0,85,2,31,-23.3,9.4,0.0,0.0,28.77,46.08,Overcast / Moderate,18.87,0.0,19.57,5.48
2025-03-26 01:00:00,2025,3,26,1,85,2,27,-24.4,3.3,0.0,0.0,0.0,51.27,Overcast / Moderate,18.87,0.0,53.53,14.99
2025-03-26 02:00:00,2025,3,26,2,85,2,33,-26.6,7.4,0.0,0.0,9.35,51.49,Overcast / Moderate,18.87,0.0,44.4,12.43
2025-03-26 03:00:00,2025,3,26,3,85,2,29,-27.7,6.3,0.0,0.0,3.94,48.92,Overcast / Moderate,18.87,0.0,47.24,13.23
2025-03-26 04:00:00,2025,3,26,4,85,2,32,-27.3,4.6,0.0,0.0,0.45,51.36,Overcast / Moderate,18.87,0.0,53.17,14.89
2025-03-26 05:00:00,2025,3,26,5,85,2,32,-26.5,8.5,0.0,0.0,18.26,51.14,Overcast / Moderate,18.87,0.0,35.14,9.84
2025-03-26 06:00:00,2025,3,26,6,85,2,34,-25.5,6.7,0.0,0.0,5.56,47.3,Overcast / Moderate,18.87,0.0,44.0,12.32
2025-03-26 07:00:00,2025,3,26,7,85,2,29,-24.6,6.1,49.4,3.34,3.27,54.57,Overcast / Moderate,18.87,0.0,50.22,14.06
2025-03-26 08:00:00,2025,3,26,8,85,2,25,-22.7,7.9,135.0,9.19,12.91,51.51,Overcast / Moderate,18.87,0.0,31.67,8.87
2025-03-26 09:00:00,2025,3,26,9,85,2,32,-21.2,9.4,197.0,13.3,28.77,51.12,Overcast / Moderate,18.87,0.0,15.0,4.2
2025-03-26 10:00:00,2025,3,26,10,85,2,35,-21.2,13.8,173.3,11.27,80.0,54.22,Overcast / Moderate,35.91,-37.05,0.0,0.0
2025-03-26 11:00:00,2025,3,26,11,85,2,34,-21.4,7.5,135.1,8.55,10.0,53.35,Overcast / Moderate,18.62,31.83,15.0,4.2
2025-03-26 12:00:00,2025,3,26,12,85,2,32,-22.0,10.6,274.3,18.43,48.17,55.83,Overcast / Moderate,23.57,-10.77,0.0,0.0
2025-03-26 13:00:00,2025,3,26,13,85,2,31,-22.4,0.3,177.9,11.51,0.0,49.85,Overcast / Moderate,19.69,7.14,31.2,8.74
2025-03-26 14:00:00,2025,3,26,14,85,2,33,-22.7,6.6,200.1,13.24,5.12,52.73,Overcast / Moderate,19.69,0.0,34.99,9.8
2025-03-26 15:00:00,2025,3,26,15,85,2,30,-22.2,3.8,166.9,11.09,0.06,54.55,Overcast / Moderate,19.69,0.0,44.02,12.33
2025-03-26 16:00:00,2025,3,26,16,85,2,32,-20.7,2.5,104.6,6.88,0.0,52.97,Overcast / Moderate,19.69,0.0,46.71,13.08
2025-03-26 17:00:00,2025,3,26,17,85,2,33,-20.7,6.6,43.0,2.83,5.12,46.21,Overcast / Moderate,19.69,0.0,38.88,10.89
2025-03-26 18:00:00,2025,3,26,18,85,2,34,-22.0,8.7,0.0,0.0,20.32,49.11,Overcast / Moderate,19.69,0.0,29.41,8.24
2025-03-26 19:00:00,2025,3,26,19,85,2,37,-22.4,5.6,0.0,0.0,1.93,54.63,Overcast / Moderate,19.69,0.0,53.32,14.93
2025-03-26 20:00:00,2025,3,26,20,85,2,32,-22.9,7.9,0.0,0.0,12.91,57.37,Overcast / Moderate,19.69,0.0,45.08,12.62
2025-03-26 21:00:00,2025,3,26,21,85,2,30,-23.0,6.2,0.0,0.0,3.6,51.57,Overcast / Moderate,19.69,0.0,48.59,13.61
2025-03-26 22:00:00,2025,3,26,22,85,2,31,-24.4,5.8,0.0,0.0,2.41,51.54,Overcast / Moderate,19.69,0.0,49.75,13.93
2025-03-26 23:00:00,2025,3,26,23,85,2,28,-24.5,4.5,0.0,0.0,0.37,49.55,Overcast / Moderate,19.69,0.0,49.8,13.94
2025-03-27 00:00:00,2025,3,27,0,86,3,30,-23.7,5.3,0.0,0.0,1.34,50.62,Overcast / Moderate,19.69,0.0,49.9,13.97
2025-03-27 01:00:00,2025,3,27,1,86,3,31,-23.7,5.0,0.0,0.0,0.88,52.07,Overcast / Moderate,19.69,0.0,51.81,14.51
2025-03-27 02:00:00,2025,3,27,2,86,3,30,-23.5,7.6,0.0,0.0,10.68,51.39,Overcast / Moderate,19.69,0.0,41.33,11.57
2025-03-27 03:00:00,2025,3,27,3,86,3,32,-24.7,2.8,0.0,0.0,0.0,52.62,Overcast / Moderate,19.69,0.0,53.24,14.91
2025-03-27 04:00:00,2025,3,27,4,86,3,30,-24.7,2.5,0.0,0.0,0.0,48.39,Overcast / Moderate,19.69,0.0,49.01,13.72
2025-03-27 05:00:00,2025,3,27,5,86,3,34,-24.9,7.8,0.0,0.0,12.14,50.55,Overcast / Moderate,19.69,0.0,39.03,10.93
2025-03-27 06:00:00,2025,3,27,6,86,3,32,-25.1,6.7,0.0,0.0,5.56,51.95,Overcast / Moderate,19.69,0.0,47.01,13.16
2025-03-27 07:00:00,2025,3,27,7,86,3,31,-24.4,5.7,47.6,3.25,2.16,55.25,Overcast / Moderate,19.69,0.0,50.46,14.13
2025-03-27 08:00:00,2025,3,27,8,86,3,31,-24.9,3.2,62.0,3.97,0.0,55.91,Overcast / Moderate,19.69,0.0,52.56,14.72
2025-03-27 09:00:00,2025,3,27,9,86,3,32,-23.8,5.5,203.3,13.93,1.71,49.52,Overcast / Moderate,19.69,0.0,34.5,9.66
2025-03-27 10:00:00,2025,3,27,10,86,3,33,-22.9,9.3,202.0,13.42,27.44,56.61,Overcast / Moderate,19.69,0.0,16.37,4.58
2025-03-27 11:00:00,2025,3,27,11,86,3,30,-22.2,10.9,292.0,19.93,54.11,47.79,Overcast / Moderate,31.76,-26.25,0.0,0.0
2025-03-27 12:00:00,2025,3,27,12,86,3,30,-21.6,8.2,286.8,19.4,15.43,49.72,Overcast / Moderate,23.67,14.89,0.0,0.0
2025-03-27 13:00:00,2025,3,27,13,86,3,31,-21.7,2.0,168.2,10.83,0.0,52.51,Overcast / Moderate,19.68,7.34,34.34,9.61
2025-03-27 14:00:00,2025,3,27,14,86,3,29,-20.9,7.9,207.3,13.74,12.91,50.65,Overcast / Moderate,19.68,0.0,24.64,6.9
2025-03-27 15:00:00,2025,3,27,15,86,3,30,-20.8,4.1,202.1,13.73,0.15,54.55,Overcast / Moderate,19.68,0.0,41.31,11.57
2025-03-27 16:00:00,2025,3,27,16,86,3,31,-20.7,4.7,121.7,8.18,0.54,48.34,Overcast / Moderate,19.68,0.0,40.26,11.27
2025-03-27 17:00:00,2025,3,27,17,86,3,33,-20.0,3.6,47.9,3.23,0.02,50.53,Overcast / Moderate,19.68,0.0,47.92,13.42
2025-03-27 18:00:00,2025,3,27,18,86,3,32,-20.6,9.1,0.0,0.0,24.91,46.62,Overcast / Moderate,19.68,0.0,22.35,6.26
2025-03-27 19:00:00,2025,3,27,19,86,3,32,-20.9,7.7,0.0,0.0,11.39,52.1,Overcast / Moderate,19.68,0.0,41.35,11.58
2025-03-27 20:00:00,2025,3,27,20,86,3,33,-22.3,7.3,0.0,0.0,8.73,52.64,Overcast / Moderate,19.68,0.0,44.55,12.47
2025-03-27 21:00:00,2025,3,27,21,86,3,31,-22.8,7.9,0.0,0.0,12.91,49.75,Overcast / Moderate,19.68,0.0,37.48,10.49
2025-03-27 22:00:00,2025,3,27,22,86,3,32,-24.0,4.0,0.0,0.0,0.11,53.1,Overcast / Moderate,19.68,0.0,53.63,15.02
2025-03-27 23:00:00,2025,3,27,23,86,3,31,-25.7,5.8,0.0,0.0,2.41,53.59,Overcast / Moderate,19.68,0.0,51.82,14.51
2025-03-28 00:00:00,2025,3,28,0,87,4,32,-25.8,7.5,0.0,0.0,10.0,51.36,Overcast / Moderate,19.68,0.0,42.0,11.76
2025-03-28 01:00:00,2025,3,28,1,87,4,30,-26.0,7.5,0.0,0.0,10.0,53.75,Overcast / Moderate,19.68,0.0,44.39,12.43
2025-03-28 02:00:00,2025,3,28,2,87,4,27,-25.6,9.3,0.0,0.0,27.44,49.73,Overcast / Moderate,19.68,0.0,22.93,6.42
2025-03-28 03:00:00,2025,3,28,3,87,4,31,-26.3,4.5,0.0,0.0,0.37,53.12,Overcast / Moderate,19.68,0.0,53.39,14.95
2025-03-28 04:00:00,2025,3,28,4,87,4,34,-24.8,9.0,0.0,0.0,23.7,53.01,Overcast / Moderate,19.68,0.0,29.95,8.39
2025-03-28 05:00:00,2025,3,28,5,87,4,33,-24.4,5.8,0.0,0.0,2.41,47.67,Overcast / Moderate,19.68,0.0,45.9,12.85
2025-03-28 06:00:00,2025,3,28,6,87,4,33,-24.2,7.9,0.0,0.0,12.91,51.27,Overcast / Moderate,19.68,0.0,39.0,10.92
2025-03-28 07:00:00,2025,3,28,7,87,4,34,-24.1,5.9,34.7,2.32,2.68,55.28,Overcast / Moderate,19.68,0.0,50.92,14.26
2025-03-28 08:00:00,2025,3,28,8,87,4,32,-22.3,12.6,116.3,7.86,80.0,50.26,Overcast / Moderate,36.98,-37.6,0.0,0.0
2025-03-28 09:00:00,2025,3,28,9,87,4,32,-21.5,3.5,148.3,9.78,0.01,49.02,Overcast / Moderate,18.52,33.95,15.0,4.2
2025-03-28 10:00:00,2025,3,28,10,87,4,30,-22.1,7.9,253.5,17.32,12.91,53.22,Overcast / Moderate,18.52,0.0,25.94,7.26
2025-03-28 11:00:00,2025,3,28,11,87,4,31,-22.1,7.0,186.3,12.14,7.02,51.62,Overcast / Moderate,18.52,0.0,35.41,9.92
2025-03-28 12:00:00,2025,3,28,12,87,4,33,-21.6,3.4,216.6,14.24,0.01,48.98,Overcast / Moderate,18.52,0.0,37.68,10.55
2025-03-28 13:00:00,2025,3,28,13,87,4,34,-21.4,2.1,244.9,16.37,0.0,54.29,Overcast / Moderate,18.52,0.0,40.87,11.44
2025-03-28 14:00:00,2025,3,28,14,87,4,31,-22.8,9.4,188.9,12.5,28.77,55.18,Overcast / Moderate,18.52,0.0,16.86,4.72
2025-03-28 15:00:00,2025,3,28,15,87,4,31,-23.2,3.2,176.3,11.9,0.0,50.22,Overcast / Moderate,18.52,0.0,41.27,11.56
2025-03-28 16:00:00,2025,3,28,16,87,4,32,-23.3,3.5,112.3,7.58,0.01,53.56,Overcast / Moderate,18.52,0.0,48.92,13.7
2025-03-28 17:00:00,2025,3,28,17,87,4,33,-22.7,14.2,30.4,2.0,80.0,57.26,High Wind Surge,29.9,-24.74,0.0,0.0
2025-03-28 18:00:00,2025,3,28,18,87,4,29,-22.9,8.4,0.0,0.0,17.28,49.95,Overcast / Moderate,19.14,19.81,15.0,4.2
2025-03-28 19:00:00,2025,3,28,19,87,4,27,-23.1,4.1,0.0,0.0,0.15,55.95,Overcast / Moderate,19.14,0.0,57.52,16.11
2025-03-28 20:00:00,2025,3,28,20,87,4,30,-22.1,7.1,0.0,0.0,7.56,51.17,Overcast / Moderate,19.14,0.0,45.33,12.69
2025-03-28 21:00:00,2025,3,28,21,87,4,29,-21.2,6.6,0.0,0.0,5.12,50.78,Overcast / Moderate,19.14,0.0,47.38,13.27
2025-03-28 22:00:00,2025,3,28,22,87,4,30,-21.5,10.1,0.0,0.0,39.28,44.04,Overcast / Moderate,19.14,0.0,15.0,4.2
2025-03-28 23:00:00,2025,3,28,23,87,4,31,-22.7,8.5,0.0,0.0,18.26,45.24,Overcast / Moderate,19.14,0.0,28.7,8.04
2025-03-29 00:00:00,2025,3,29,0,88,5,31,-23.5,9.9,0.0,0.0,36.05,47.6,Overcast / Moderate,19.14,0.0,15.0,4.2
2025-03-29 01:00:00,2025,3,29,1,88,5,34,-23.3,3.8,0.0,0.0,0.06,51.94,Overcast / Moderate,19.14,0.0,53.6,15.01
2025-03-29 02:00:00,2025,3,29,2,88,5,32,-24.4,7.6,0.0,0.0,10.68,55.98,Overcast / Moderate,19.14,0.0,47.02,13.17
2025-03-29 03:00:00,2025,3,29,3,88,5,32,-25.5,1.6,0.0,0.0,0.0,57.47,Overcast / Moderate,19.14,0.0,59.19,16.57
2025-03-29 04:00:00,2025,3,29,4,88,5,33,-25.9,2.1,0.0,0.0,0.0,51.16,Overcast / Moderate,19.14,0.0,52.88,14.81
2025-03-29 05:00:00,2025,3,29,5,88,5,29,-25.8,8.3,0.0,0.0,16.34,49.65,Overcast / Moderate,19.14,0.0,35.03,9.81
2025-03-29 06:00:00,2025,3,29,6,88,5,34,-24.8,1.3,0.0,0.0,0.0,48.39,Overcast / Moderate,19.14,0.0,50.11,14.03
2025-03-29 07:00:00,2025,3,29,7,88,5,31,-25.5,7.0,26.6,1.76,7.02,57.66,Overcast / Moderate,19.14,0.0,50.6,14.17
2025-03-29 08:00:00,2025,3,29,8,88,5,33,-24.3,10.0,107.2,7.26,37.64,52.85,Overcast / Moderate,19.14,0.0,15.0,4.2
2025-03-29 09:00:00,2025,3,29,9,88,5,29,-23.9,5.3,172.7,11.69,1.34,52.39,Overcast / Moderate,19.14,0.0,41.08,11.5
2025-03-29 10:00:00,2025,3,29,10,88,5,28,-22.9,1.7,197.1,13.13,0.0,53.12,Overcast / Moderate,19.14,0.0,41.71,11.68
2025-03-29 11:00:00,2025,3,29,11,88,5,33,-22.6,8.3,255.4,17.26,16.34,54.52,Overcast / Moderate,19.14,0.0,22.64,6.34
2025-03-29 12:00:00,2025,3,29,12,88,5,32,-22.3,11.9,281.7,19.15,77.36,51.29,Overcast / Moderate,37.54,-40.0,0.0,0.0
2025-03-29 13:00:00,2025,3,29,13,88,5,30,-21.3,8.4,266.0,18.0,17.28,51.14,Overcast / Moderate,28.92,15.86,0.0,0.0
2025-03-29 14:00:00,2025,3,29,14,88,5,30,-21.6,7.0,234.8,15.91,7.02,50.14,Overcast / Moderate,19.22,17.84,15.0,4.2
2025-03-29 15:00:00,2025,3,29,15,88,5,34,-20.3,4.0,123.4,8.0,0.11,49.93,Overcast / Moderate,19.22,0.0,43.37,12.14
2025-03-29 16:00:00,2025,3,29,16,88,5,29,-20.1,1.0,95.7,6.33,0.0,47.57,Overcast / Moderate,19.22,0.0,42.79,11.98
2025-03-29 17:00:00,2025,3,29,17,88,5,35,-20.0,8.1,23.4,1.51,14.56,48.45,Overcast / Moderate,19.22,0.0,33.93,9.5
2025-03-29 18:00:00,2025,3,29,18,88,5,30,-20.7,4.0,0.0,0.0,0.11,51.83,Overcast / Moderate,19.22,0.0,53.27,14.92
2025-03-29 19:00:00,2025,3,29,19,88,5,33,-20.6,10.3,0.0,0.0,42.69,51.29,Overcast / Moderate,19.22,0.0,15.0,4.2
2025-03-29 20:00:00,2025,3,29,20,88,5,31,-20.3,6.0,0.0,0.0,2.96,48.13,Overcast / Moderate,19.22,0.0,46.72,13.08
2025-03-29 21:00:00,2025,3,29,21,88,5,33,-21.5,6.6,0.0,0.0,5.12,49.5,Overcast / Moderate,19.22,0.0,45.93,12.86
2025-03-29 22:00:00,2025,3,29,22,88,5,30,-21.8,8.8,0.0,0.0,21.41,44.64,Overcast / Moderate,19.22,0.0,24.78,6.94
2025-03-29 23:00:00,2025,3,29,23,88,5,31,-21.5,9.1,0.0,0.0,24.91,46.21,Overcast / Moderate,19.22,0.0,22.85,6.4
2025-03-30 00:00:00,2025,3,30,0,89,6,32,-20.7,7.6,0.0,0.0,10.68,50.17,Overcast / Moderate,19.22,0.0,41.04,11.49
2025-03-30 01:00:00,2025,3,30,1,89,6,29,-22.6,12.2,0.0,0.0,80.0,46.43,Overcast / Moderate,34.67,-33.57,0.0,0.0
2025-03-30 02:00:00,2025,3,30,2,89,6,33,-23.2,14.6,0.0,0.0,80.0,50.83,High Wind Surge,48.08,-29.17,0.0,0.0
2025-03-30 03:00:00,2025,3,30,3,89,6,30,-22.9,12.5,0.0,0.0,80.0,52.48,Overcast / Moderate,60.74,-27.52,0.0,0.0
2025-03-30 04:00:00,2025,3,30,4,89,6,31,-24.1,9.8,0.0,0.0,34.51,50.11,Overcast / Moderate,52.27,15.6,0.0,0.0
2025-03-30 05:00:00,2025,3,30,5,89,6,30,-24.8,8.3,0.0,0.0,16.34,48.09,Overcast / Moderate,35.01,31.75,0.0,0.0
2025-03-30 06:00:00,2025,3,30,6,89,6,26,-25.9,7.8,0.0,0.0,12.14,49.75,Overcast / Moderate,18.69,30.02,15.0,4.2
2025-03-30 07:00:00,2025,3,30,7,89,6,31,-24.7,2.6,0.0,0.0,0.0,54.16,Overcast / Moderate,18.69,0.0,56.77,15.9
2025-03-30 08:00:00,2025,3,30,8,89,6,36,-24.9,4.3,74.6,4.9,0.24,60.47,Overcast / Moderate,18.69,0.0,57.94,16.22
2025-03-30 09:00:00,2025,3,30,9,89,6,33,-24.7,2.7,121.1,7.95,0.0,50.63,Overcast / Moderate,18.69,0.0,45.29,12.68
2025-03-30 10:00:00,2025,3,30,10,89,6,31,-22.9,7.0,168.4,11.07,7.02,55.71,Overcast / Moderate,18.69,0.0,40.23,11.26
2025-03-30 11:00:00,2025,3,30,11,89,6,31,-21.2,11.7,254.2,17.15,72.26,47.29,Overcast / Moderate,37.09,-40.0,0.0,0.0
2025-03-30 12:00:00,2025,3,30,12,89,6,32,-20.6,10.9,199.3,13.02,54.11,53.57,Overcast / Moderate,43.33,-13.56,0.0,0.0
2025-03-30 13:00:00,2025,3,30,13,89,6,33,-20.3,20.8,156.8,10.06,80.0,50.64,High Wind Surge,61.47,-39.42,0.0,0.0
2025-03-30 14:00:00,2025,3,30,14,89,6,29,-18.9,20.7,141.9,9.09,80.0,53.79,High Wind Surge,77.7,-35.3,0.0,0.0
2025-03-30 15:00:00,2025,3,30,15,89,6,34,-18.6,14.9,150.3,9.92,80.0,52.42,High Wind Surge,93.62,-34.59,0.0,0.0
2025-03-30 16:00:00,2025,3,30,16,89,6,33,-19.0,18.2,41.2,2.56,80.0,52.12,High Wind Surge,94.89,-2.77,0.0,0.0
2025-03-30 17:00:00,2025,3,30,17,89,6,33,-19.5,24.9,0.0,0.0,80.0,48.71,Blizzard / Extreme Storm,94.99,-0.22,0.0,0.0
2025-03-30 18:00:00,2025,3,30,18,89,6,32,-19.3,25.7,0.0,0.0,0.0,55.08,Blizzard / Extreme Storm,67.82,50.0,15.0,4.2
2025-03-30 19:00:00,2025,3,30,19,89,6,32,-19.0,29.5,0.0,0.0,0.0,57.38,Blizzard / Extreme Storm,40.64,50.0,15.0,4.2
2025-03-30 20:00:00,2025,3,30,20,89,6,33,-20.4,35.2,0.0,0.0,0.0,56.77,Blizzard / Extreme Storm,18.2,41.29,15.48,4.34
2025-03-30 21:00:00,2025,3,30,21,89,6,33,-21.2,31.9,0.0,0.0,0.0,49.83,Blizzard / Extreme Storm,18.2,0.0,53.42,14.96
2025-03-30 22:00:00,2025,3,30,22,89,6,31,-22.7,23.5,0.0,0.0,80.0,48.16,Blizzard / Extreme Storm,32.85,-31.84,0.0,0.0
2025-03-30 23:00:00,2025,3,30,23,89,6,30,-23.9,22.0,0.0,0.0,80.0,46.35,Blizzard / Extreme Storm,48.33,-33.65,0.0,0.0
2025-03-31 00:00:00,2025,3,31,0,90,0,32,-24.8,26.4,0.0,0.0,0.0,48.9,Blizzard / Extreme Storm,21.75,48.9,0.0,0.0
2025-03-31 01:00:00,2025,3,31,1,90,0,35,-25.7,21.6,0.0,0.0,80.0,52.45,High Wind Surge,34.43,-27.55,0.0,0.0
2025-03-31 02:00:00,2025,3,31,2,90,0,29,-26.3,25.7,0.0,0.0,0.0,52.74,Blizzard / Extreme Storm,18.75,28.85,23.89,6.69
2025-03-31 03:00:00,2025,3,31,3,90,0,29,-26.9,21.8,0.0,0.0,80.0,52.69,High Wind Surge,31.31,-27.31,0.0,0.0
2025-03-31 04:00:00,2025,3,31,4,90,0,32,-26.9,23.4,0.0,0.0,80.0,47.7,Blizzard / Extreme Storm,46.17,-32.3,0.0,0.0
2025-03-31 05:00:00,2025,3,31,5,90,0,32,-26.0,17.1,0.0,0.0,80.0,51.24,High Wind Surge,59.4,-28.76,0.0,0.0
2025-03-31 06:00:00,2025,3,31,6,90,0,32,-25.3,17.6,0.0,0.0,80.0,52.1,High Wind Surge,72.23,-27.9,0.0,0.0
2025-03-31 07:00:00,2025,3,31,7,90,0,32,-25.7,16.4,0.0,0.0,80.0,57.74,High Wind Surge,82.47,-22.26,0.0,0.0
2025-03-31 08:00:00,2025,3,31,8,90,0,31,-25.1,20.2,38.0,2.39,80.0,55.64,High Wind Surge,94.0,-25.06,0.0,0.0
2025-03-31 09:00:00,2025,3,31,9,90,0,34,-24.1,10.2,117.9,7.73,40.96,56.08,Overcast / Moderate,89.98,7.39,0.0,0.0
2025-03-31 10:00:00,2025,3,31,10,90,0,28,-22.9,16.2,160.8,10.56,80.0,51.29,High Wind Surge,94.6,-10.04,0.0,0.0
2025-03-31 11:00:00,2025,3,31,11,90,0,30,-23.1,11.5,239.7,16.19,67.39,53.4,Overcast / Moderate,94.97,-0.8,0.0,0.0
2025-03-31 12:00:00,2025,3,31,12,90,0,31,-22.5,8.5,249.1,16.79,18.26,59.08,Overcast / Moderate,81.91,24.03,0.0,0.0
2025-03-31 13:00:00,2025,3,31,13,90,0,28,-20.9,9.2,259.5,17.59,26.15,53.4,Overcast / Moderate,76.66,9.66,0.0,0.0
2025-03-31 14:00:00,2025,3,31,14,90,0,31,-21.0,7.2,221.1,14.95,8.13,52.41,Overcast / Moderate,60.72,29.33,0.0,0.0
2025-03-31 15:00:00,2025,3,31,15,90,0,35,-20.7,4.1,131.6,8.64,0.15,54.48,Overcast / Moderate,35.89,45.69,0.0,0.0
2025-03-31 16:00:00,2025,3,31,16,90,0,32,-20.9,3.6,91.9,6.14,0.02,51.96,Overcast / Moderate,18.62,31.77,15.0,4.2
2025-03-31 17:00:00,2025,3,31,17,90,0,32,-20.6,10.5,0.0,0.0,46.3,51.72,Overcast / Moderate,18.62,0.0,15.0,4.2
2025-03-31 18:00:00,2025,3,31,18,90,0,29,-20.9,8.5,0.0,0.0,18.26,53.1,Overcast / Moderate,18.62,0.0,37.6,10.53
2025-03-31 19:00:00,2025,3,31,19,90,0,30,-21.8,3.8,0.0,0.0,0.06,50.25,Overcast / Moderate,18.62,0.0,52.95,14.83
2025-03-31 20:00:00,2025,3,31,20,90,0,31,-22.1,7.3,0.0,0.0,8.73,52.0,Overcast / Moderate,18.62,0.0,46.03,12.89
2025-03-31 21:00:00,2025,3,31,21,90,0,31,-23.1,5.8,0.0,0.0,2.41,49.65,Overcast / Moderate,18.62,0.0,50.0,14.0
2025-03-31 22:00:00,2025,3,31,22,90,0,34,-22.3,3.3,0.0,0.0,0.0,50.92,Overcast / Moderate,18.62,0.0,53.68,15.03
2025-03-31 23:00:00,2025,3,31,23,90,0,33,-23.6,6.6,0.0,0.0,5.12,52.41,Overcast / Moderate,18.62,0.0,50.05,14.01
2025-04-01 00:00:00,2025,4,1,0,91,1,23,-23.1,4.4,0.0,0.0,0.3,48.74,Overcast / Moderate,18.62,0.0,51.2,14.34
2025-04-01 01:00:00,2025,4,1,1,91,1,25,-23.3,2.5,0.0,0.0,0.0,47.22,Overcast / Moderate,18.62,0.0,49.98,14.0
2025-04-01 02:00:00,2025,4,1,2,91,1,25,-22.9,6.0,0.0,0.0,2.96,47.4,Overcast / Moderate,18.62,0.0,47.2,13.22
2025-04-01 03:00:00,2025,4,1,3,91,1,26,-23.5,7.1,0.0,0.0,7.56,48.54,Overcast / Moderate,18.62,0.0,43.74,12.25
2025-04-01 04:00:00,2025,4,1,4,91,1,26,-24.9,1.8,0.0,0.0,0.0,51.96,Overcast / Moderate,18.62,0.0,54.72,15.32
2025-04-01 05:00:00,2025,4,1,5,91,1,23,-24.2,5.5,0.0,0.0,1.71,50.65,Overcast / Moderate,18.62,0.0,51.7,14.48
2025-04-01 06:00:00,2025,4,1,6,91,1,24,-25.5,4.2,0.0,0.0,0.19,45.66,Overcast / Moderate,18.62,0.0,48.23,13.51
2025-04-01 07:00:00,2025,4,1,7,91,1,23,-25.1,1.4,0.0,0.0,0.0,49.6,Overcast / Moderate,18.62,0.0,52.36,14.66
2025-04-01 08:00:00,2025,4,1,8,91,1,24,-24.8,2.9,100.6,6.91,0.0,53.01,Overcast / Moderate,18.62,0.0,48.86,13.68
2025-04-01 09:00:00,2025,4,1,9,91,1,25,-22.6,3.0,164.5,11.18,0.0,47.27,Overcast / Moderate,18.62,0.0,38.85,10.88
2025-04-01 10:00:00,2025,4,1,10,91,1,25,-22.2,3.5,208.7,14.11,0.01,52.61,Overcast / Moderate,18.62,0.0,41.25,11.55
2025-04-01 11:00:00,2025,4,1,11,91,1,24,-21.3,9.5,237.1,15.96,30.14,48.61,Overcast / Moderate,18.62,0.0,15.0,4.2
2025-04-01 12:00:00,2025,4,1,12,91,1,24,-20.0,5.8,226.6,15.05,2.41,50.09,Overcast / Moderate,18.62,0.0,35.39,9.91
2025-04-01 13:00:00,2025,4,1,13,91,1,25,-20.1,3.1,176.4,11.47,0.0,48.83,Overcast / Moderate,18.62,0.0,40.12,11.23
2025-04-01 14:00:00,2025,4,1,14,91,1,24,-19.2,2.6,187.3,12.4,0.0,47.47,Overcast / Moderate,18.62,0.0,37.83,10.59
2025-04-01 15:00:00,2025,4,1,15,91,1,27,-20.3,4.6,133.1,8.78,0.45,46.87,Overcast / Moderate,18.62,0.0,40.4,11.31
2025-04-01 16:00:00,2025,4,1,16,91,1,23,-21.1,9.4,73.0,4.79,28.77,47.43,Overcast / Moderate,18.62,0.0,16.63,4.66
2025-04-01 17:00:00,2025,4,1,17,91,1,25,-20.9,5.1,0.0,0.0,1.02,49.05,Overcast / Moderate,18.62,0.0,50.79,14.22
2025-04-01 18:00:00,2025,4,1,18,91,1,27,-22.0,3.3,0.0,0.0,0.0,50.49,Overcast / Moderate,18.62,0.0,53.25,14.91
2025-04-01 19:00:00,2025,4,1,19,91,1,25,-22.4,5.5,0.0,0.0,1.71,52.28,Overcast / Moderate,18.62,0.0,53.33,14.93
2025-04-01 20:00:00,2025,4,1,20,91,1,24,-22.9,6.8,0.0,0.0,6.02,48.89,Overcast / Moderate,18.62,0.0,45.63,12.78
2025-04-01 21:00:00,2025,4,1,21,91,1,24,-23.5,1.4,0.0,0.0,0.0,50.87,Overcast / Moderate,18.62,0.0,53.63,15.02
2025-04-01 22:00:00,2025,4,1,22,91,1,24,-22.0,7.5,0.0,0.0,10.0,50.38,Overcast / Moderate,18.62,0.0,43.14,12.08
2025-04-01 23:00:00,2025,4,1,23,91,1,26,-22.2,5.4,0.0,0.0,1.52,49.25,Overcast / Moderate,18.62,0.0,50.49,14.14
2025-04-02 00:00:00,2025,4,2,0,92,2,22,-22.4,0.8,0.0,0.0,0.0,46.76,Overcast / Moderate,18.62,0.0,49.52,13.87
2025-04-02 01:00:00,2025,4,2,1,92,2,26,-21.7,7.9,0.0,0.0,12.91,43.18,Overcast / Moderate,18.62,0.0,33.03,9.25
2025-04-02 02:00:00,2025,4,2,2,92,2,23,-22.8,8.3,0.0,0.0,16.34,43.57,Overcast / Moderate,18.62,0.0,29.99,8.4
2025-04-02 03:00:00,2025,4,2,3,92,2,24,-21.4,7.5,0.0,0.0,10.0,47.76,Overcast / Moderate,18.62,0.0,40.52,11.35
2025-04-02 04:00:00,2025,4,2,4,92,2,24,-22.4,5.0,0.0,0.0,0.88,48.77,Overcast / Moderate,18.62,0.0,50.65,14.18
2025-04-02 05:00:00,2025,4,2,5,92,2,25,-22.3,6.6,0.0,0.0,5.12,42.2,Overcast / Moderate,18.62,0.0,39.84,11.16
2025-04-02 06:00:00,2025,4,2,6,92,2,23,-21.2,5.3,0.0,0.0,1.34,47.56,Overcast / Moderate,18.62,0.0,48.98,13.72
2025-04-02 07:00:00,2025,4,2,7,92,2,25,-21.0,8.2,0.0,0.0,15.43,48.01,Overcast / Moderate,18.62,0.0,35.34,9.9
2025-04-02 08:00:00,2025,4,2,8,92,2,27,-20.5,7.0,94.4,6.42,7.02,48.72,Overcast / Moderate,18.62,0.0,38.04,10.65
2025-04-02 09:00:00,2025,4,2,9,92,2,23,-21.3,2.3,158.9,10.77,0.0,51.17,Overcast / Moderate,18.62,0.0,43.16,12.09
2025-04-02 10:00:00,2025,4,2,10,92,2,25,-21.6,7.6,155.2,10.17,10.68,51.7,Overcast / Moderate,18.62,0.0,33.61,9.41
2025-04-02 11:00:00,2025,4,2,11,92,2,24,-21.5,8.1,205.2,13.63,14.56,49.2,Overcast / Moderate,18.62,0.0,23.77,6.66
2025-04-02 12:00:00,2025,4,2,12,92,2,25,-21.2,5.2,198.7,13.09,1.17,51.29,Overcast / Moderate,18.62,0.0,39.79,11.14
2025-04-02 13:00:00,2025,4,2,13,92,2,25,-20.9,10.6,216.6,14.46,48.17,48.43,Overcast / Moderate,25.15,-14.2,0.0,0.0
2025-04-02 14:00:00,2025,4,2,14,92,2,24,-22.0,10.1,107.8,6.87,39.28,47.85,Overcast / Moderate,24.23,1.7,0.0,0.0
2025-04-02 15:00:00,2025,4,2,15,92,2,25,-22.5,3.4,151.4,10.23,0.01,53.69,Overcast / Moderate,19.63,8.45,35.0,9.8
2025-04-02 16:00:00,2025,4,2,16,92,2,26,-21.7,11.3,44.2,2.8,62.75,53.6,Overcast / Moderate,25.13,-11.95,0.0,0.0
2025-04-02 17:00:00,2025,4,2,17,92,2,24,-21.8,5.8,0.0,0.0,2.41,48.06,Overcast / Moderate,19.55,10.26,35.39,9.91
2025-04-02 18:00:00,2025,4,2,18,92,2,25,-22.1,8.5,0.0,0.0,18.26,48.91,Overcast / Moderate,19.55,0.0,31.54,8.83
2025-04-02 19:00:00,2025,4,2,19,92,2,23,-22.7,9.6,0.0,0.0,31.55,52.23,Overcast / Moderate,19.55,0.0,21.57,6.04
2025-04-02 20:00:00,2025,4,2,20,92,2,24,-21.1,6.3,0.0,0.0,3.94,47.41,Overcast / Moderate,19.55,0.0,44.36,12.42
2025-04-02 21:00:00,2025,4,2,21,92,2,25,-21.5,5.4,0.0,0.0,1.52,51.79,Overcast / Moderate,19.55,0.0,51.16,14.33
2025-04-02 22:00:00,2025,4,2,22,92,2,26,-21.3,11.5,0.0,0.0,67.39,43.96,Overcast / Moderate,30.33,-23.43,0.0,0.0
2025-04-02 23:00:00,2025,4,2,23,92,2,25,-21.7,4.0,0.0,0.0,0.11,45.89,Overcast / Moderate,19.1,20.66,25.12,7.03
2025-04-03 00:00:00,2025,4,3,0,93,3,24,-22.1,4.2,0.0,0.0,0.19,49.14,Overcast / Moderate,19.1,0.0,50.75,14.21
2025-04-03 01:00:00,2025,4,3,1,93,3,24,-22.5,5.1,0.0,0.0,1.02,44.57,Overcast / Moderate,19.1,0.0,45.35,12.7
2025-04-03 02:00:00,2025,4,3,2,93,3,23,-22.1,10.3,0.0,0.0,42.69,45.01,Overcast / Moderate,19.1,0.0,15.0,4.2
2025-04-03 03:00:00,2025,4,3,3,93,3,25,-21.3,12.2,0.0,0.0,80.0,47.25,Overcast / Moderate,34.17,-32.75,0.0,0.0
2025-04-03 04:00:00,2025,4,3,4,93,3,25,-22.2,3.9,0.0,0.0,0.08,42.49,Overcast / Moderate,18.77,28.33,15.0,4.2
2025-04-03 05:00:00,2025,4,3,5,93,3,24,-22.2,10.4,0.0,0.0,44.47,46.95,Overcast / Moderate,18.77,0.0,15.0,4.2
2025-04-03 06:00:00,2025,4,3,6,93,3,24,-21.7,4.2,0.0,0.0,0.19,49.3,Overcast / Moderate,18.77,0.0,51.57,14.44
2025-04-03 07:00:00,2025,4,3,7,93,3,25,-21.5,13.7,0.0,0.0,80.0,51.95,Overcast / Moderate,31.67,-28.05,0.0,0.0
2025-04-03 08:00:00,2025,4,3,8,93,3,24,-21.4,7.2,56.7,3.68,8.13,49.25,Overcast / Moderate,18.99,23.34,15.0,4.2
2025-04-03 09:00:00,2025,4,3,9,93,3,24,-20.9,0.7,121.9,8.04,0.0,49.05,Overcast / Moderate,18.99,0.0,43.04,12.05
2025-04-03 10:00:00,2025,4,3,10,93,3,27,-21.1,1.5,146.7,9.58,0.0,53.91,Overcast / Moderate,18.99,0.0,46.36,12.98
2025-04-03 11:00:00,2025,4,3,11,93,3,24,-20.5,3.1,178.5,11.69,0.0,52.12,Overcast / Moderate,18.99,0.0,42.46,11.89
2025-04-03 12:00:00,2025,4,3,12,93,3,24,-20.7,3.5,183.8,12.03,0.01,48.61,Overcast / Moderate,18.99,0.0,38.6,10.81
2025-04-03 13:00:00,2025,4,3,13,93,3,24,-19.6,9.0,166.4,10.8,23.7,46.45,Overcast / Moderate,18.99,0.0,15.0,4.2
2025-04-03 14:00:00,2025,4,3,14,93,3,25,-19.4,3.9,196.1,13.15,0.08,50.36,Overcast / Moderate,18.99,0.0,39.16,10.96
2025-04-03 15:00:00,2025,4,3,15,93,3,24,-19.4,13.6,128.5,8.49,80.0,50.7,Overcast / Moderate,36.37,-37.79,0.0,0.0
2025-04-03 16:00:00,2025,4,3,16,93,3,24,-17.0,7.5,41.3,2.59,10.0,49.52,Overcast / Moderate,18.58,32.74,15.0,4.2
2025-04-03 17:00:00,2025,4,3,17,93,3,26,-17.5,8.1,0.0,0.0,14.56,48.6,Overcast / Moderate,18.58,0.0,36.89,10.33
2025-04-03 18:00:00,2025,4,3,18,93,3,26,-17.2,3.8,0.0,0.0,0.06,46.02,Overcast / Moderate,18.58,0.0,48.81,13.67
2025-04-03 19:00:00,2025,4,3,19,93,3,24,-17.4,11.0,0.0,0.0,56.19,42.2,Overcast / Moderate,25.01,-13.99,0.0,0.0
2025-04-03 20:00:00,2025,4,3,20,93,3,23,-18.5,7.9,0.0,0.0,12.91,51.69,Overcast / Moderate,19.56,10.02,28.76,8.05
2025-04-03 21:00:00,2025,4,3,21,93,3,26,-18.8,10.4,0.0,0.0,44.47,52.12,Overcast / Moderate,19.56,0.0,15.0,4.2
2025-04-03 22:00:00,2025,4,3,22,93,3,24,-20.6,12.9,0.0,0.0,80.0,43.65,Overcast / Moderate,36.29,-36.35,0.0,0.0
2025-04-03 23:00:00,2025,4,3,23,93,3,25,-21.3,2.9,0.0,0.0,0.0,46.79,Overcast / Moderate,18.58,32.57,15.0,4.2
2025-04-04 00:00:00,2025,4,4,0,94,4,23,-22.9,2.5,0.0,0.0,0.0,46.53,Overcast / Moderate,18.58,0.0,49.36,13.82
2025-04-04 01:00:00,2025,4,4,1,94,4,25,-23.6,9.5,0.0,0.0,30.14,48.2,Overcast / Moderate,18.58,0.0,20.89,5.85
2025-04-04 02:00:00,2025,4,4,2,94,4,23,-23.6,10.5,0.0,0.0,46.3,46.61,Overcast / Moderate,18.58,0.0,15.0,4.2
2025-04-04 03:00:00,2025,4,4,3,94,4,25,-23.5,7.0,0.0,0.0,7.02,49.69,Overcast / Moderate,18.58,0.0,45.5,12.74
2025-04-04 04:00:00,2025,4,4,4,94,4,25,-22.7,5.2,0.0,0.0,1.17,44.52,Overcast / Moderate,18.58,0.0,46.18,12.93
2025-04-04 05:00:00,2025,4,4,5,94,4,24,-22.5,7.7,0.0,0.0,11.39,46.01,Overcast / Moderate,18.58,0.0,37.45,10.49
2025-04-04 06:00:00,2025,4,4,6,94,4,24,-22.1,4.6,0.0,0.0,0.45,48.88,Overcast / Moderate,18.58,0.0,51.26,14.35
2025-04-04 07:00:00,2025,4,4,7,94,4,25,-21.6,4.0,0.0,0.0,0.11,44.93,Overcast / Moderate,18.58,0.0,47.65,13.34
2025-04-04 08:00:00,2025,4,4,8,94,4,25,-20.6,6.2,69.6,4.64,3.6,49.89,Overcast / Moderate,18.58,0.0,44.48,12.46
2025-04-04 09:00:00,2025,4,4,9,94,4,25,-20.3,3.8,138.5,9.3,0.06,47.52,Overcast / Moderate,18.58,0.0,40.99,11.48
2025-04-04 10:00:00,2025,4,4,10,94,4,26,-19.5,6.2,136.1,8.81,3.6,52.68,Overcast / Moderate,18.58,0.0,43.1,12.07
2025-04-04 11:00:00,2025,4,4,11,94,4,23,-18.9,12.9,229.2,15.41,80.0,47.97,Overcast / Moderate,36.98,-40.0,0.0,0.0
2025-04-04 12:00:00,2025,4,4,12,94,4,26,-18.0,10.0,221.5,14.72,37.64,45.55,Overcast / Moderate,40.12,-6.81,0.0,0.0
2025-04-04 13:00:00,2025,4,4,13,94,4,25,-18.2,12.3,224.5,15.03,80.0,50.95,Overcast / Moderate,58.52,-40.0,0.0,0.0
2025-04-04 14:00:00,2025,4,4,14,94,4,24,-18.6,9.5,174.7,11.57,30.14,47.32,Overcast / Moderate,55.47,5.61,0.0,0.0
2025-04-04 15:00:00,2025,4,4,15,94,4,23,-19.0,5.1,151.0,10.21,1.02,47.55,Overcast / Moderate,35.73,36.32,0.0,0.0
2025-04-04 16:00:00,2025,4,4,16,94,4,24,-19.5,9.6,65.3,4.31,31.55,50.16,Overcast / Moderate,27.96,14.3,0.0,0.0
2025-04-04 17:00:00,2025,4,4,17,94,4,25,-19.6,11.7,0.0,0.0,72.26,46.85,Overcast / Moderate,39.65,-25.41,0.0,0.0
2025-04-04 18:00:00,2025,4,4,18,94,4,24,-19.7,12.5,0.0,0.0,80.0,51.71,Overcast / Moderate,52.66,-28.29,0.0,0.0
2025-04-04 19:00:00,2025,4,4,19,94,4,26,-20.1,8.0,0.0,0.0,13.72,50.53,Overcast / Moderate,32.65,36.81,0.0,0.0
2025-04-04 20:00:00,2025,4,4,20,94,4,23,-20.0,3.8,0.0,0.0,0.06,46.37,Overcast / Moderate,18.9,25.31,21.0,5.88
2025-04-04 21:00:00,2025,4,4,21,94,4,24,-20.5,1.6,0.0,0.0,0.0,47.61,Overcast / Moderate,18.9,0.0,49.81,13.95
2025-04-04 22:00:00,2025,4,4,22,94,4,23,-21.3,3.1,0.0,0.0,0.0,42.74,Overcast / Moderate,18.9,0.0,44.94,12.58
2025-04-04 23:00:00,2025,4,4,23,94,4,25,-22.2,13.4,0.0,0.0,80.0,47.75,Overcast / Moderate,33.73,-32.25,0.0,0.0
2025-04-05 00:00:00,2025,4,5,0,95,5,25,-23.4,6.0,0.0,0.0,2.96,47.44,Overcast / Moderate,18.81,27.47,17.01,4.76
2025-04-05 01:00:00,2025,4,5,1,95,5,24,-22.5,10.3,0.0,0.0,42.69,47.78,Overcast / Moderate,18.81,0.0,15.0,4.2
2025-04-05 02:00:00,2025,4,5,2,95,5,22,-23.0,6.0,0.0,0.0,2.96,42.69,Overcast / Moderate,18.81,0.0,42.12,11.79
2025-04-05 03:00:00,2025,4,5,3,95,5,25,-24.1,7.8,0.0,0.0,12.14,47.1,Overcast / Moderate,18.81,0.0,37.35,10.46
2025-04-05 04:00:00,2025,4,5,4,95,5,25,-23.6,1.3,0.0,0.0,0.0,45.58,Overcast / Moderate,18.81,0.0,47.97,13.43
2025-04-05 05:00:00,2025,4,5,5,95,5,25,-22.4,4.1,0.0,0.0,0.15,48.37,Overcast / Moderate,18.81,0.0,50.61,14.17
2025-04-05 06:00:00,2025,4,5,6,95,5,26,-21.3,5.8,0.0,0.0,2.41,45.02,Overcast / Moderate,18.81,0.0,45.0,12.6
2025-04-05 07:00:00,2025,4,5,7,95,5,23,-20.7,7.5,0.0,0.0,10.0,49.67,Overcast / Moderate,18.81,0.0,42.06,11.78
2025-04-05 08:00:00,2025,4,5,8,95,5,25,-20.4,3.4,76.0,5.17,0.01,47.63,Overcast / Moderate,18.81,0.0,44.84,12.55
2025-04-05 09:00:00,2025,4,5,9,95,5,26,-19.7,8.9,138.6,9.34,22.54,52.85,Overcast / Moderate,18.81,0.0,23.36,6.54
2025-04-05 10:00:00,2025,4,5,10,95,5,23,-19.3,5.1,174.5,11.62,1.02,47.58,Overcast / Moderate,18.81,0.0,37.33,10.45
2025-04-05 11:00:00,2025,4,5,11,95,5,25,-19.2,9.7,224.3,15.11,33.01,50.36,Overcast / Moderate,18.81,0.0,15.0,4.2
2025-04-05 12:00:00,2025,4,5,12,95,5,24,-19.1,2.5,231.0,15.52,0.0,47.36,Overcast / Moderate,18.81,0.0,34.23,9.58
2025-04-05 13:00:00,2025,4,5,13,95,5,24,-19.3,8.0,186.5,12.3,13.72,50.1,Overcast / Moderate,18.81,0.0,26.47,7.41
2025-04-05 14:00:00,2025,4,5,14,95,5,25,-20.1,4.5,135.6,8.82,0.37,46.81,Overcast / Moderate,18.81,0.0,40.01,11.2
2025-04-05 15:00:00,2025,4,5,15,95,5,24,-18.5,9.3,120.6,7.97,27.44,47.09,Overcast / Moderate,18.81,0.0,15.0,4.2
2025-04-05 16:00:00,2025,4,5,16,95,5,24,-19.2,5.5,56.0,3.67,1.71,46.56,Overcast / Moderate,18.81,0.0,43.57,12.2
2025-04-05 17:00:00,2025,4,5,17,95,5,25,-20.1,7.8,0.0,0.0,12.14,53.41,Overcast / Moderate,18.81,0.0,43.66,12.22
2025-04-05 18:00:00,2025,4,5,18,95,5,23,-20.1,12.1,0.0,0.0,80.0,45.08,Overcast / Moderate,34.87,-34.92,0.0,0.0
2025-04-05 19:00:00,2025,4,5,19,95,5,23,-20.6,1.2,0.0,0.0,0.0,53.6,Overcast / Moderate,18.71,29.74,23.86,6.68
2025-04-05 20:00:00,2025,4,5,20,95,5,25,-20.1,0.9,0.0,0.0,0.0,45.31,Overcast / Moderate,18.71,0.0,47.9,13.41
2025-04-05 21:00:00,2025,4,5,21,95,5,23,-21.6,9.0,0.0,0.0,23.7,51.01,Overcast / Moderate,18.71,0.0,29.9,8.37
2025-04-05 22:00:00,2025,4,5,22,95,5,25,-22.0,7.6,0.0,0.0,10.68,45.28,Overcast / Moderate,18.71,0.0,37.19,10.41
2025-04-05 23:00:00,2025,4,5,23,95,5,25,-22.6,4.5,0.0,0.0,0.37,47.92,Overcast / Moderate,18.71,0.0,50.14,14.04
2025-04-06 00:00:00,2025,4,6,0,96,6,23,-23.1,6.3,0.0,0.0,3.94,46.8,Overcast / Moderate,18.71,0.0,45.45,12.72
2025-04-06 01:00:00,2025,4,6,1,96,6,24,-23.1,1.7,0.0,0.0,0.0,45.37,Overcast / Moderate,18.71,0.0,47.96,13.43
2025-04-06 02:00:00,2025,4,6,2,96,6,26,-23.5,3.6,0.0,0.0,0.02,48.37,Overcast / Moderate,18.71,0.0,50.94,14.26
2025-04-06 03:00:00,2025,4,6,3,96,6,24,-22.7,5.7,0.0,0.0,2.16,46.1,Overcast / Moderate,18.71,0.0,46.53,13.03
2025-04-06 04:00:00,2025,4,6,4,96,6,24,-21.5,9.9,0.0,0.0,36.05,47.67,Overcast / Moderate,18.71,0.0,15.0,4.2
2025-04-06 05:00:00,2025,4,6,5,96,6,25,-21.0,6.1,0.0,0.0,3.27,43.57,Overcast / Moderate,18.71,0.0,42.89,12.01
2025-04-06 06:00:00,2025,4,6,6,96,6,25,-20.7,7.1,0.0,0.0,7.56,47.04,Overcast / Moderate,18.71,0.0,42.07,11.78
2025-04-06 07:00:00,2025,4,6,7,96,6,24,-19.7,10.6,0.0,0.0,48.17,50.26,Overcast / Moderate,18.71,0.0,15.0,4.2
2025-04-06 08:00:00,2025,4,6,8,96,6,24,-18.3,4.7,53.3,3.49,0.54,46.77,Overcast / Moderate,18.71,0.0,45.33,12.69
2025-04-06 09:00:00,2025,4,6,9,96,6,26,-19.2,8.2,74.6,4.75,15.43,45.11,Overcast / Moderate,18.71,0.0,27.52,7.7
2025-04-06 10:00:00,2025,4,6,10,96,6,26,-19.3,10.4,127.3,8.24,44.47,52.82,Overcast / Moderate,18.71,0.0,15.0,4.2
2025-04-06 11:00:00,2025,4,6,11,96,6,25,-18.3,3.7,225.4,15.21,0.04,48.56,Overcast / Moderate,18.71,0.0,35.9,10.05
2025-04-06 12:00:00,2025,4,6,12,96,6,25,-17.2,5.1,215.5,14.33,1.02,44.76,Overcast / Moderate,18.71,0.0,32.0,8.96
2025-04-06 13:00:00,2025,4,6,13,96,6,24,-18.5,14.3,179.1,11.77,80.0,48.43,High Wind Surge,37.11,-40.0,0.0,0.0
2025-04-06 14:00:00,2025,4,6,14,96,6,24,-19.6,14.7,157.8,10.44,80.0,43.83,High Wind Surge,55.51,-40.0,0.0,0.0
2025-04-06 15:00:00,2025,4,6,15,96,6,25,-18.8,3.9,136.1,9.18,0.08,50.71,Overcast / Moderate,32.98,41.45,0.0,0.0
2025-04-06 16:00:00,2025,4,6,16,96,6,25,-19.4,2.1,61.7,4.12,0.0,53.53,Overcast / Moderate,18.87,25.96,23.45,6.57
2025-04-06 17:00:00,2025,4,6,17,96,6,26,-19.1,4.3,0.0,0.0,0.24,50.4,Overcast / Moderate,18.87,0.0,52.42,14.68
2025-04-06 18:00:00,2025,4,6,18,96,6,25,-20.5,5.4,0.0,0.0,1.52,46.53,Overcast / Moderate,18.87,0.0,47.27,13.23
2025-04-06 19:00:00,2025,4,6,19,96,6,23,-20.9,5.8,0.0,0.0,2.41,43.68,Overcast / Moderate,18.87,0.0,43.53,12.19
2025-04-06 20:00:00,2025,4,6,20,96,6,26,-21.9,7.4,0.0,0.0,9.35,53.85,Overcast / Moderate,18.87,0.0,46.76,13.09
2025-04-06 21:00:00,2025,4,6,21,96,6,24,-21.5,11.1,0.0,0.0,58.32,49.08,Overcast / Moderate,23.12,-9.24,0.0,0.0
2025-04-06 22:00:00,2025,4,6,22,96,6,24,-21.0,4.9,0.0,0.0,0.75,44.89,Overcast / Moderate,19.73,6.24,37.9,10.61
2025-04-06 23:00:00,2025,4,6,23,96,6,25,-22.2,10.2,0.0,0.0,40.96,49.9,Overcast / Moderate,19.73,0.0,15.0,4.2
2025-04-07 00:00:00,2025,4,7,0,97,0,26,-22.2,2.5,0.0,0.0,0.0,45.72,Overcast / Moderate,19.73,0.0,46.26,12.95
2025-04-07 01:00:00,2025,4,7,1,97,0,28,-21.9,1.7,0.0,0.0,0.0,49.3,Overcast / Moderate,19.73,0.0,49.84,13.96
2025-04-07 02:00:00,2025,4,7,2,97,0,25,-20.3,6.3,0.0,0.0,3.94,45.62,Overcast / Moderate,19.73,0.0,42.22,11.82
2025-04-07 03:00:00,2025,4,7,3,97,0,24,-20.7,2.0,0.0,0.0,0.0,46.26,Overcast / Moderate,19.73,0.0,46.8,13.1
2025-04-07 04:00:00,2025,4,7,4,97,0,25,-21.9,5.4,0.0,0.0,1.52,50.83,Overcast / Moderate,19.73,0.0,49.85,13.96
2025-04-07 05:00:00,2025,4,7,5,97,0,25,-22.5,11.1,0.0,0.0,58.32,45.99,Overcast / Moderate,25.4,-12.33,0.0,0.0
2025-04-07 06:00:00,2025,4,7,6,97,0,24,-22.6,4.1,0.0,0.0,0.15,45.62,Overcast / Moderate,19.53,10.8,34.67,9.71
2025-04-07 07:00:00,2025,4,7,7,97,0,26,-22.5,8.3,0.0,0.0,16.34,50.38,Overcast / Moderate,19.53,0.0,34.98,9.79
2025-04-07 08:00:00,2025,4,7,8,97,0,25,-23.2,4.6,58.0,3.93,0.45,48.06,Overcast / Moderate,19.53,0.0,44.62,12.49
2025-04-07 09:00:00,2025,4,7,9,97,0,25,-22.7,1.7,69.7,4.47,0.0,53.03,Overcast / Moderate,19.53,0.0,49.5,13.86
2025-04-07 10:00:00,2025,4,7,10,97,0,25,-22.1,6.8,183.0,12.45,6.02,52.25,Overcast / Moderate,19.53,0.0,34.72,9.72
2025-04-07 11:00:00,2025,4,7,11,97,0,25,-21.2,9.9,202.3,13.62,36.05,49.54,Overcast / Moderate,19.59,-0.13,0.0,0.0
2025-04-07 12:00:00,2025,4,7,12,97,0,25,-20.7,5.5,226.8,15.37,1.71,46.88,Overcast / Moderate,19.59,0.0,30.62,8.57
2025-04-07 13:00:00,2025,4,7,13,97,0,24,-19.4,7.4,175.3,11.56,9.35,41.01,Overcast / Moderate,19.59,0.0,20.92,5.86
2025-04-07 14:00:00,2025,4,7,14,97,0,24,-18.2,11.2,148.4,9.75,60.51,44.89,Overcast / Moderate,31.26,-25.37,0.0,0.0
2025-04-07 15:00:00,2025,4,7,15,97,0,23,-17.2,9.3,118.8,7.89,27.44,45.3,Overcast / Moderate,25.84,9.97,0.0,0.0
2025-04-07 16:00:00,2025,4,7,16,97,0,25,-16.5,3.6,37.2,2.37,0.02,41.29,Overcast / Moderate,19.49,11.68,27.22,7.62
2025-04-07 17:00:00,2025,4,7,17,97,0,25,-16.3,8.6,0.0,0.0,19.27,52.13,Overcast / Moderate,19.49,0.0,33.88,9.49
2025-04-07 18:00:00,2025,4,7,18,97,0,25,-15.2,6.3,0.0,0.0,3.94,46.11,Overcast / Moderate,19.49,0.0,43.19,12.09
2025-04-07 19:00:00,2025,4,7,19,97,0,26,-16.5,8.7,0.0,0.0,20.32,47.75,Overcast / Moderate,19.49,0.0,28.45,7.96
2025-04-07 20:00:00,2025,4,7,20,97,0,24,-17.4,6.3,0.0,0.0,3.94,46.0,Overcast / Moderate,19.49,0.0,43.08,12.06
2025-04-07 21:00:00,2025,4,7,21,97,0,25,-19.0,2.9,0.0,0.0,0.0,49.76,Overcast / Moderate,19.49,0.0,50.78,14.22
2025-04-07 22:00:00,2025,4,7,22,97,0,23,-21.6,6.9,0.0,0.0,6.51,45.35,Overcast / Moderate,19.49,0.0,39.86,11.16
2025-04-07 23:00:00,2025,4,7,23,97,0,24,-20.9,6.2,0.0,0.0,3.6,45.39,Overcast / Moderate,19.49,0.0,42.81,11.99
2025-04-08 00:00:00,2025,4,8,0,98,1,25,-21.9,6.5,0.0,0.0,4.71,50.27,Overcast / Moderate,19.49,0.0,46.58,13.04
2025-04-08 01:00:00,2025,4,8,1,98,1,25,-22.1,10.7,0.0,0.0,50.1,49.65,Overcast / Moderate,19.7,-0.45,0.0,0.0
2025-04-08 02:00:00,2025,4,8,2,98,1,24,-22.5,11.0,0.0,0.0,56.19,46.97,Overcast / Moderate,23.94,-9.22,0.0,0.0
2025-04-08 03:00:00,2025,4,8,3,98,1,24,-22.5,5.9,0.0,0.0,2.68,52.05,Overcast / Moderate,19.66,7.88,41.49,11.62
2025-04-08 04:00:00,2025,4,8,4,98,1,23,-21.1,5.9,0.0,0.0,2.68,45.53,Overcast / Moderate,19.66,0.0,43.54,12.19
2025-04-08 05:00:00,2025,4,8,5,98,1,24,-21.5,6.4,0.0,0.0,4.31,44.98,Overcast / Moderate,19.66,0.0,41.36,11.58
2025-04-08 06:00:00,2025,4,8,6,98,1,25,-22.3,6.5,0.0,0.0,4.71,47.38,Overcast / Moderate,19.66,0.0,43.36,12.14
2025-04-08 07:00:00,2025,4,8,7,98,1,25,-21.9,12.7,0.0,0.0,80.0,50.84,Overcast / Moderate,33.07,-29.16,0.0,0.0
2025-04-08 08:00:00,2025,4,8,8,98,1,25,-21.1,7.7,37.7,2.45,11.39,46.51,Overcast / Moderate,18.86,26.14,15.0,4.2
2025-04-08 09:00:00,2025,4,8,9,98,1,25,-20.7,4.4,111.1,7.43,0.3,50.41,Overcast / Moderate,18.86,0.0,44.95,12.59
2025-04-08 10:00:00,2025,4,8,10,98,1,25,-19.6,6.6,158.9,10.6,5.12,53.65,Overcast / Moderate,18.86,0.0,40.2,11.26
2025-04-08 11:00:00,2025,4,8,11,98,1,24,-19.9,7.5,140.0,9.07,10.0,50.62,Overcast / Moderate,18.86,0.0,33.82,9.47
2025-04-08 12:00:00,2025,4,8,12,98,1,25,-19.2,7.6,179.0,11.79,10.68,49.73,Overcast / Moderate,18.86,0.0,29.53,8.27
2025-04-08 13:00:00,2025,4,8,13,98,1,25,-18.8,7.1,125.1,8.0,7.56,48.97,Overcast / Moderate,18.86,0.0,35.68,9.99
2025-04-08 14:00:00,2025,4,8,14,98,1,25,-18.4,3.4,177.9,12.0,0.01,44.97,Overcast / Moderate,18.86,0.0,35.23,9.87
2025-04-08 15:00:00,2025,4,8,15,98,1,24,-19.2,1.5,81.3,5.25,0.0,45.23,Overcast / Moderate,18.86,0.0,42.25,11.83
2025-04-08 16:00:00,2025,4,8,16,98,1,22,-19.1,4.9,47.8,3.17,0.75,47.36,Overcast / Moderate,18.86,0.0,45.71,12.8
2025-04-08 17:00:00,2025,4,8,17,98,1,26,-19.0,5.7,0.0,0.0,2.16,47.19,Overcast / Moderate,18.86,0.0,47.3,13.24
2025-04-08 18:00:00,2025,4,8,18,98,1,24,-18.9,2.0,0.0,0.0,0.0,43.88,Overcast / Moderate,18.86,0.0,46.15,12.92
2025-04-08 19:00:00,2025,4,8,19,98,1,24,-20.2,9.6,0.0,0.0,31.55,47.59,Overcast / Moderate,18.86,0.0,18.31,5.13
2025-04-08 20:00:00,2025,4,8,20,98,1,25,-21.6,5.0,0.0,0.0,0.88,50.99,Overcast / Moderate,18.86,0.0,52.38,14.67
2025-04-08 21:00:00,2025,4,8,21,98,1,24,-20.5,11.5,0.0,0.0,67.39,50.15,Overcast / Moderate,26.79,-17.24,0.0,0.0
2025-04-08 22:00:00,2025,4,8,22,98,1,26,-21.4,3.2,0.0,0.0,0.0,44.51,Overcast / Moderate,19.41,13.59,30.92,8.66
2025-04-08 23:00:00,2025,4,8,23,98,1,25,-21.8,1.9,0.0,0.0,0.0,46.57,Overcast / Moderate,19.41,0.0,47.75,13.37
2025-04-09 00:00:00,2025,4,9,0,99,2,25,-22.2,6.1,0.0,0.0,3.27,48.02,Overcast / Moderate,19.41,0.0,45.93,12.86
2025-04-09 01:00:00,2025,4,9,1,99,2,23,-21.5,3.6,0.0,0.0,0.02,42.86,Overcast / Moderate,19.41,0.0,44.02,12.33
2025-04-09 02:00:00,2025,4,9,2,99,2,26,-21.0,12.2,0.0,0.0,80.0,44.37,Overcast / Moderate,35.8,-35.63,0.0,0.0
2025-04-09 03:00:00,2025,4,9,3,99,2,25,-21.8,0.9,0.0,0.0,0.0,46.65,Overcast / Moderate,18.63,31.6,15.05,4.21
2025-04-09 04:00:00,2025,4,9,4,99,2,24,-21.1,5.6,0.0,0.0,1.93,43.67,Overcast / Moderate,18.63,0.0,44.49,12.46
2025-04-09 05:00:00,2025,4,9,5,99,2,25,-20.2,11.9,0.0,0.0,77.36,44.66,Overcast / Moderate,33.67,-32.7,0.0,0.0
2025-04-09 06:00:00,2025,4,9,6,99,2,23,-19.6,5.3,0.0,0.0,1.34,50.85,Overcast / Moderate,18.81,27.34,22.17,6.21
2025-04-09 07:00:00,2025,4,9,7,99,2,25,-19.4,2.5,0.0,0.0,0.0,44.45,Overcast / Moderate,18.81,0.0,46.83,13.11
2025-04-09 08:00:00,2025,4,9,8,99,2,23,-18.8,4.6,47.1,3.16,0.45,50.63,Overcast / Moderate,18.81,0.0,49.4,13.83
2025-04-09 09:00:00,2025,4,9,9,99,2,23,-18.0,6.3,122.3,8.27,3.94,47.33,Overcast / Moderate,18.81,0.0,37.5,10.5
2025-04-09 10:00:00,2025,4,9,10,99,2,23,-17.4,3.5,164.7,11.02,0.01,42.96,Overcast / Moderate,18.81,0.0,34.31,9.61
2025-04-09 11:00:00,2025,4,9,11,99,2,26,-16.9,6.0,198.3,13.26,2.96,48.38,Overcast / Moderate,18.81,0.0,34.54,9.67
2025-04-09 12:00:00,2025,4,9,12,99,2,24,-17.2,9.9,200.4,13.34,36.05,46.33,Overcast / Moderate,20.22,-3.06,0.0,0.0
2025-04-09 13:00:00,2025,4,9,13,99,2,26,-17.5,10.6,191.5,12.77,48.17,50.15,Overcast / Moderate,25.18,-10.79,0.0,0.0
2025-04-09 14:00:00,2025,4,9,14,99,2,24,-18.0,1.8,157.9,10.53,0.0,48.47,Overcast / Moderate,19.55,10.36,27.58,7.72
2025-04-09 15:00:00,2025,4,9,15,99,2,23,-17.4,3.3,83.6,5.41,0.0,46.51,Overcast / Moderate,19.55,0.0,42.0,11.76
2025-04-09 16:00:00,2025,4,9,16,99,2,23,-19.0,4.4,35.2,2.29,0.3,46.46,Overcast / Moderate,19.55,0.0,44.77,12.54
2025-04-09 17:00:00,2025,4,9,17,99,2,26,-19.4,7.1,0.0,0.0,7.56,51.49,Overcast / Moderate,19.55,0.0,44.83,12.55
2025-04-09 18:00:00,2025,4,9,18,99,2,24,-18.9,5.1,0.0,0.0,1.02,46.51,Overcast / Moderate,19.55,0.0,46.39,12.99
2025-04-09 19:00:00,2025,4,9,19,99,2,24,-18.0,10.1,0.0,0.0,39.28,43.32,Overcast / Moderate,19.55,0.0,15.0,4.2
2025-04-09 20:00:00,2025,4,9,20,99,2,25,-18.0,8.4,0.0,0.0,17.28,42.43,Overcast / Moderate,19.55,0.0,26.05,7.29
2025-04-09 21:00:00,2025,4,9,21,99,2,25,-19.9,2.6,0.0,0.0,0.0,45.5,Overcast / Moderate,19.55,0.0,46.4,12.99
2025-04-09 22:00:00,2025,4,9,22,99,2,26,-20.1,7.4,0.0,0.0,9.35,47.63,Overcast / Moderate,19.55,0.0,39.18,10.97
2025-04-09 23:00:00,2025,4,9,23,99,2,26,-21.6,2.7,0.0,0.0,0.0,45.84,Overcast / Moderate,19.55,0.0,46.74,13.09
2025-04-10 00:00:00,2025,4,10,0,100,3,24,-22.6,4.2,0.0,0.0,0.19,45.14,Overcast / Moderate,19.55,0.0,45.85,12.84
2025-04-10 01:00:00,2025,4,10,1,100,3,23,-23.7,3.5,0.0,0.0,0.01,46.6,Overcast / Moderate,19.55,0.0,47.49,13.3
2025-04-10 02:00:00,2025,4,10,2,100,3,24,-24.8,3.4,0.0,0.0,0.01,50.79,Overcast / Moderate,19.55,0.0,51.68,14.47
2025-04-10 03:00:00,2025,4,10,3,100,3,25,-23.2,7.3,0.0,0.0,8.73,49.32,Overcast / Moderate,19.55,0.0,41.49,11.62
2025-04-10 04:00:00,2025,4,10,4,100,3,24,-23.4,6.9,0.0,0.0,6.51,48.08,Overcast / Moderate,19.55,0.0,42.47,11.89
2025-04-10 05:00:00,2025,4,10,5,100,3,24,-21.8,3.4,0.0,0.0,0.01,44.97,Overcast / Moderate,19.55,0.0,45.86,12.84
2025-04-10 06:00:00,2025,4,10,6,100,3,25,-20.5,15.5,0.0,0.0,80.0,44.73,High Wind Surge,35.77,-35.27,0.0,0.0
2025-04-10 07:00:00,2025,4,10,7,100,3,24,-19.5,5.6,0.0,0.0,1.93,47.61,Overcast / Moderate,18.63,31.55,15.0,4.2
2025-04-10 08:00:00,2025,4,10,8,100,3,25,-18.7,2.5,32.9,2.15,0.0,45.46,Overcast / Moderate,18.63,0.0,46.05,12.89
2025-04-10 09:00:00,2025,4,10,9,100,3,24,-18.8,2.8,73.7,4.75,0.0,47.14,Overcast / Moderate,18.63,0.0,45.13,12.64
2025-04-10 10:00:00,2025,4,10,10,100,3,24,-18.2,7.0,131.8,8.65,7.02,44.6,Overcast / Moderate,18.63,0.0,31.67,8.87
2025-04-10 11:00:00,2025,4,10,11,100,3,24,-17.8,14.3,153.1,10.0,80.0,47.58,High Wind Surge,37.03,-40.0,0.0,0.0
2025-04-10 12:00:00,2025,4,10,12,100,3,25,-18.1,6.9,135.0,8.68,6.51,48.44,Overcast / Moderate,18.96,33.25,0.0,0.0
2025-04-10 13:00:00,2025,4,10,13,100,3,26,-18.4,12.6,122.9,7.88,80.0,50.61,Overcast / Moderate,36.1,-37.27,0.0,0.0
2025-04-10 14:00:00,2025,4,10,14,100,3,23,-18.4,5.8,152.3,10.16,2.41,47.42,Overcast / Moderate,18.6,32.2,15.0,4.2
2025-04-10 15:00:00,2025,4,10,15,100,3,24,-19.9,5.8,113.4,7.68,2.41,48.82,Overcast / Moderate,18.6,0.0,41.53,11.63
2025-04-10 16:00:00,2025,4,10,16,100,3,23,-19.8,6.3,37.2,2.47,3.94,45.73,Overcast / Moderate,18.6,0.0,42.12,11.79
2025-04-10 17:00:00,2025,4,10,17,100,3,24,-19.8,8.2,0.0,0.0,15.43,48.05,Overcast / Moderate,18.6,0.0,35.42,9.92
2025-04-10 18:00:00,2025,4,10,18,100,3,24,-20.3,5.2,0.0,0.0,1.17,45.99,Overcast / Moderate,18.6,0.0,47.62,13.33
2025-04-10 19:00:00,2025,4,10,19,100,3,23,-20.6,10.4,0.0,0.0,44.47,44.16,Overcast / Moderate,18.74,-0.31,0.0,0.0
2025-04-10 20:00:00,2025,4,10,20,100,3,24,-20.0,1.4,0.0,0.0,0.0,47.66,Overcast / Moderate,18.74,0.0,50.18,14.05
2025-04-10 21:00:00,2025,4,10,21,100,3,23,-18.1,5.8,0.0,0.0,2.41,45.29,Overcast / Moderate,18.74,0.0,45.4,12.71
2025-04-10 22:00:00,2025,4,10,22,100,3,25,-17.2,6.4,0.0,0.0,4.31,44.76,Overcast / Moderate,18.74,0.0,42.97,12.03
2025-04-10 23:00:00,2025,4,10,23,100,3,25,-19.0,7.3,0.0,0.0,8.73,42.18,Overcast / Moderate,18.74,0.0,35.97,10.07
2025-04-11 00:00:00,2025,4,11,0,101,4,24,-20.3,4.4,0.0,0.0,0.3,52.38,Overcast / Moderate,18.74,0.0,54.6,15.29
2025-04-11 01:00:00,2025,4,11,1,101,4,25,-19.2,5.7,0.0,0.0,2.16,43.53,Overcast / Moderate,18.74,0.0,43.89,12.29
2025-04-11 02:00:00,2025,4,11,2,101,4,24,-18.6,6.2,0.0,0.0,3.6,43.89,Overcast / Moderate,18.74,0.0,42.81,11.99
2025-04-11 03:00:00,2025,4,11,3,101,4,24,-19.6,8.1,0.0,0.0,14.56,43.4,Overcast / Moderate,18.74,0.0,31.36,8.78
2025-04-11 04:00:00,2025,4,11,4,101,4,26,-21.1,9.1,0.0,0.0,24.91,48.32,Overcast / Moderate,18.74,0.0,25.93,7.26
2025-04-11 05:00:00,2025,4,11,5,101,4,26,-19.9,8.6,0.0,0.0,19.27,44.94,Overcast / Moderate,18.74,0.0,28.19,7.89
2025-04-11 06:00:00,2025,4,11,6,101,4,23,-18.5,5.0,0.0,0.0,0.88,41.33,Overcast / Moderate,18.74,0.0,42.97,12.03
2025-04-11 07:00:00,2025,4,11,7,101,4,25,-19.5,19.6,0.0,0.0,80.0,43.71,High Wind Surge,35.44,-36.29,0.0,0.0
2025-04-11 08:00:00,2025,4,11,8,101,4,25,-19.8,10.2,32.2,2.14,40.96,49.95,Overcast / Moderate,31.71,6.85,0.0,0.0
2025-04-11 09:00:00,2025,4,11,9,101,4,23,-19.1,4.2,82.3,5.4,0.19,48.92,Overcast / Moderate,18.98,23.43,19.9,5.57
2025-04-11 10:00:00,2025,4,11,10,101,4,25,-18.5,3.6,119.1,7.77,0.02,48.4,Overcast / Moderate,18.98,0.0,42.65,11.94
2025-04-11 11:00:00,2025,4,11,11,101,4,26,-18.7,4.7,100.8,6.39,0.54,47.5,Overcast / Moderate,18.98,0.0,42.61,11.93
2025-04-11 12:00:00,2025,4,11,12,101,4,23,-17.7,5.9,175.6,11.61,2.68,45.45,Overcast / Moderate,18.98,0.0,33.2,9.3
2025-04-11 13:00:00,2025,4,11,13,101,4,24,-17.0,10.2,171.2,11.34,40.96,48.01,Overcast / Moderate,20.95,-4.29,0.0,0.0
2025-04-11 14:00:00,2025,4,11,14,101,4,26,-17.0,9.1,135.9,8.96,24.91,46.51,Overcast / Moderate,19.92,1.91,15.0,4.2
2025-04-11 15:00:00,2025,4,11,15,101,4,25,-16.5,10.2,91.4,6.02,40.96,48.85,Overcast / Moderate,19.92,0.0,15.0,4.2
2025-04-11 16:00:00,2025,4,11,16,101,4,25,-16.0,4.3,36.0,2.4,0.24,45.42,Overcast / Moderate,19.92,0.0,42.95,12.02
2025-04-11 17:00:00,2025,4,11,17,101,4,25,-15.9,7.1,0.0,0.0,7.56,45.25,Overcast / Moderate,19.92,0.0,37.86,10.6
2025-04-11 18:00:00,2025,4,11,18,101,4,25,-18.6,4.4,0.0,0.0,0.3,48.54,Overcast / Moderate,19.92,0.0,48.41,13.55
2025-04-11 19:00:00,2025,4,11,19,101,4,23,-19.5,2.7,0.0,0.0,0.0,51.08,Overcast / Moderate,19.92,0.0,51.25,14.35
2025-04-11 20:00:00,2025,4,11,20,101,4,26,-19.7,8.0,0.0,0.0,13.72,51.73,Overcast / Moderate,19.92,0.0,38.18,10.69
2025-04-11 21:00:00,2025,4,11,21,101,4,26,-21.1,3.1,0.0,0.0,0.0,49.72,Overcast / Moderate,19.92,0.0,49.89,13.97
2025-04-11 22:00:00,2025,4,11,22,101,4,24,-21.7,7.9,0.0,0.0,12.91,45.46,Overcast / Moderate,19.92,0.0,32.72,9.16
2025-04-11 23:00:00,2025,4,11,23,101,4,24,-22.9,7.7,0.0,0.0,11.39,44.27,Overcast / Moderate,19.92,0.0,33.05,9.25
2025-04-12 00:00:00,2025,4,12,0,102,5,23,-20.9,9.6,0.0,0.0,31.55,47.31,Overcast / Moderate,19.92,0.0,15.93,4.46
2025-04-12 01:00:00,2025,4,12,1,102,5,25,-20.7,3.0,0.0,0.0,0.0,41.4,Overcast / Moderate,19.92,0.0,41.57,11.64
2025-04-12 02:00:00,2025,4,12,2,102,5,25,-20.9,9.2,0.0,0.0,26.15,50.27,Overcast / Moderate,19.92,0.0,24.29,6.8
2025-04-12 03:00:00,2025,4,12,3,102,5,24,-21.8,19.2,0.0,0.0,80.0,48.58,High Wind Surge,34.37,-31.42,0.0,0.0
2025-04-12 04:00:00,2025,4,12,4,102,5,26,-21.6,10.2,0.0,0.0,40.96,44.88,Overcast / Moderate,32.24,3.92,0.0,0.0
2025-04-12 05:00:00,2025,4,12,5,102,5,24,-21.0,8.8,0.0,0.0,21.41,48.95,Overcast / Moderate,18.94,24.48,15.0,4.2
2025-04-12 06:00:00,2025,4,12,6,102,5,25,-21.4,7.8,0.0,0.0,12.14,47.75,Overcast / Moderate,18.94,0.0,37.74,10.57
2025-04-12 07:00:00,2025,4,12,7,102,5,23,-21.7,5.6,0.0,0.0,1.93,50.42,Overcast / Moderate,18.94,0.0,50.62,14.17
2025-04-12 08:00:00,2025,4,12,8,102,5,24,-21.9,8.5,0.0,0.0,18.26,49.08,Overcast / Moderate,18.94,0.0,32.95,9.23
2025-04-12 09:00:00,2025,4,12,9,102,5,24,-19.8,8.5,75.8,4.97,18.26,49.55,Overcast / Moderate,18.94,0.0,28.45,7.97
2025-04-12 10:00:00,2025,4,12,10,102,5,25,-20.2,7.5,159.3,10.85,10.0,45.27,Overcast / Moderate,18.94,0.0,26.55,7.43
2025-04-12 11:00:00,2025,4,12,11,102,5,24,-18.5,9.4,178.2,11.95,28.77,47.35,Overcast / Moderate,18.94,0.0,15.0,4.2
2025-04-12 12:00:00,2025,4,12,12,102,5,24,-17.5,5.9,140.8,9.12,2.68,44.75,Overcast / Moderate,18.94,0.0,35.08,9.82
2025-04-12 13:00:00,2025,4,12,13,102,5,25,-16.8,2.8,123.7,7.95,0.0,45.55,Overcast / Moderate,18.94,0.0,39.73,11.12
2025-04-12 14:00:00,2025,4,12,14,102,5,24,-15.7,6.8,142.1,9.42,6.02,43.37,Overcast / Moderate,18.94,0.0,30.06,8.42
2025-04-12 15:00:00,2025,4,12,15,102,5,23,-16.9,4.3,86.6,5.71,0.24,44.05,Overcast / Moderate,18.94,0.0,40.23,11.26
2025-04-12 16:00:00,2025,4,12,16,102,5,26,-16.2,5.3,0.0,0.0,1.34,49.38,Overcast / Moderate,18.94,0.0,50.17,14.05
2025-04-12 17:00:00,2025,4,12,17,102,5,26,-17.5,1.1,0.0,0.0,0.0,43.56,Overcast / Moderate,18.94,0.0,45.69,12.79
2025-04-12 18:00:00,2025,4,12,18,102,5,23,-17.2,5.3,0.0,0.0,1.34,46.89,Overcast / Moderate,18.94,0.0,47.68,13.35
2025-04-12 19:00:00,2025,4,12,19,102,5,25,-17.7,9.5,0.0,0.0,30.14,44.11,Overcast / Moderate,18.94,0.0,16.1,4.51
2025-04-12 20:00:00,2025,4,12,20,102,5,24,-18.4,6.7,0.0,0.0,5.56,50.42,Overcast / Moderate,18.94,0.0,46.99,13.16
2025-04-12 21:00:00,2025,4,12,21,102,5,25,-18.5,0.8,0.0,0.0,0.0,48.61,Overcast / Moderate,18.94,0.0,50.74,14.21
2025-04-12 22:00:00,2025,4,12,22,102,5,25,-18.4,6.0,0.0,0.0,2.96,40.62,Overcast / Moderate,18.94,0.0,39.79,11.14
2025-04-12 23:00:00,2025,4,12,23,102,5,24,-17.9,4.5,0.0,0.0,0.37,44.38,Overcast / Moderate,18.94,0.0,46.14,12.92
2025-04-13 00:00:00,2025,4,13,0,103,6,24,-18.5,6.1,0.0,0.0,3.27,42.26,Overcast / Moderate,18.94,0.0,41.12,11.51
2025-04-13 01:00:00,2025,4,13,1,103,6,24,-18.9,5.5,0.0,0.0,1.71,44.86,Overcast / Moderate,18.94,0.0,45.28,12.68
2025-04-13 02:00:00,2025,4,13,2,103,6,24,-19.1,12.0,0.0,0.0,80.0,41.12,Overcast / Moderate,36.82,-38.88,0.0,0.0
2025-04-13 03:00:00,2025,4,13,3,103,6,24,-18.5,1.7,0.0,0.0,0.0,47.07,Overcast / Moderate,18.54,33.64,15.0,4.2
2025-04-13 04:00:00,2025,4,13,4,103,6,24,-18.5,8.0,0.0,0.0,13.72,39.0,Overcast / Moderate,18.54,0.0,28.21,7.9
2025-04-13 05:00:00,2025,4,13,5,103,6,24,-18.7,10.2,0.0,0.0,40.96,42.13,Overcast / Moderate,18.54,0.0,15.0,4.2
2025-04-13 06:00:00,2025,4,13,6,103,6,25,-18.3,13.0,0.0,0.0,80.0,41.35,Overcast / Moderate,36.32,-38.65,0.0,0.0
2025-04-13 07:00:00,2025,4,13,7,103,6,26,-17.9,3.4,0.0,0.0,0.01,48.39,Overcast / Moderate,18.58,32.63,15.75,4.41
2025-04-13 08:00:00,2025,4,13,8,103,6,24,-17.4,6.6,0.0,0.0,5.12,45.14,Overcast / Moderate,18.58,0.0,42.86,12.0
2025-04-13 09:00:00,2025,4,13,9,103,6,25,-17.4,1.7,93.9,6.31,0.0,46.26,Overcast / Moderate,18.58,0.0,42.79,11.98
2025-04-13 10:00:00,2025,4,13,10,103,6,25,-17.7,6.3,126.6,8.37,3.94,45.34,Overcast / Moderate,18.58,0.0,35.87,10.04
2025-04-13 11:00:00,2025,4,13,11,103,6,25,-17.9,2.9,120.7,7.78,0.0,43.67,Overcast / Moderate,18.58,0.0,38.73,10.84
2025-04-13 12:00:00,2025,4,13,12,103,6,25,-18.1,10.0,168.6,11.18,37.64,46.67,Overcast / Moderate,19.57,-2.15,0.0,0.0
2025-04-13 13:00:00,2025,4,13,13,103,6,25,-18.6,2.7,183.0,12.37,0.0,44.36,Overcast / Moderate,19.57,0.0,32.85,9.2
2025-04-13 14:00:00,2025,4,13,14,103,6,25,-18.1,6.4,124.7,8.24,4.31,42.66,Overcast / Moderate,19.57,0.0,30.97,8.67
2025-04-13 15:00:00,2025,4,13,15,103,6,23,-19.4,6.5,85.1,5.68,4.71,49.09,Overcast / Moderate,19.57,0.0,39.56,11.08
2025-04-13 16:00:00,2025,4,13,16,103,6,25,-17.2,13.7,0.0,0.0,80.0,43.47,Overcast / Moderate,36.37,-36.53,0.0,0.0
2025-04-13 17:00:00,2025,4,13,17,103,6,25,-16.4,7.7,0.0,0.0,11.39,49.61,Overcast / Moderate,18.58,32.75,15.0,4.2
2025-04-13 18:00:00,2025,4,13,18,103,6,24,-16.8,4.5,0.0,0.0,0.37,49.46,Overcast / Moderate,18.58,0.0,51.94,14.54
2025-04-13 19:00:00,2025,4,13,19,103,6,25,-16.2,4.1,0.0,0.0,0.15,48.03,Overcast / Moderate,18.58,0.0,50.73,14.2
2025-04-13 20:00:00,2025,4,13,20,103,6,25,-17.0,2.9,0.0,0.0,0.0,43.58,Overcast / Moderate,18.58,0.0,46.43,13.0
2025-04-13 21:00:00,2025,4,13,21,103,6,24,-16.3,8.8,0.0,0.0,21.41,50.85,Overcast / Moderate,18.58,0.0,32.29,9.04
2025-04-13 22:00:00,2025,4,13,22,103,6,26,-18.4,8.1,0.0,0.0,14.56,38.47,Overcast / Moderate,18.58,0.0,26.76,7.49
2025-04-13 23:00:00,2025,4,13,23,103,6,27,-19.9,7.3,0.0,0.0,8.73,43.48,Overcast / Moderate,18.58,0.0,37.6,10.53
2025-04-14 00:00:00,2025,4,14,0,104,0,24,-20.2,1.7,0.0,0.0,0.0,47.35,Overcast / Moderate,18.58,0.0,50.2,14.06
2025-04-14 01:00:00,2025,4,14,1,104,0,23,-20.5,8.9,0.0,0.0,22.54,47.17,Overcast / Moderate,18.58,0.0,27.48,7.69
2025-04-14 02:00:00,2025,4,14,2,104,0,25,-21.7,7.6,0.0,0.0,10.68,44.8,Overcast / Moderate,18.58,0.0,36.97,10.35
2025-04-14 03:00:00,2025,4,14,3,104,0,25,-21.4,13.3,0.0,0.0,80.0,44.42,Overcast / Moderate,34.94,-35.58,0.0,0.0
2025-04-14 04:00:00,2025,4,14,4,104,0,24,-21.5,7.1,0.0,0.0,7.56,45.71,Overcast / Moderate,18.7,29.89,15.0,4.2
2025-04-14 05:00:00,2025,4,14,5,104,0,26,-21.1,4.6,0.0,0.0,0.45,46.15,Overcast / Moderate,18.7,0.0,48.3,13.52
2025-04-14 06:00:00,2025,4,14,6,104,0,23,-20.9,5.3,0.0,0.0,1.34,44.41,Overcast / Moderate,18.7,0.0,45.67,12.79
2025-04-14 07:00:00,2025,4,14,7,104,0,25,-20.0,3.4,0.0,0.0,0.01,52.81,Overcast / Moderate,18.7,0.0,55.4,15.51
2025-04-14 08:00:00,2025,4,14,8,104,0,24,-18.9,8.4,0.0,0.0,17.28,45.79,Overcast / Moderate,18.7,0.0,31.11,8.71
2025-04-14 09:00:00,2025,4,14,9,104,0,26,-18.2,8.3,60.1,3.88,16.34,51.33,Overcast / Moderate,18.7,0.0,33.71,9.44
2025-04-14 10:00:00,2025,4,14,10,104,0,26,-17.0,3.7,124.8,8.26,0.04,47.78,Overcast / Moderate,18.7,0.0,42.08,11.78
2025-04-14 11:00:00,2025,4,14,11,104,0,24,-16.5,3.2,142.2,9.31,0.0,48.24,Overcast / Moderate,18.7,0.0,41.53,11.63
2025-04-14 12:00:00,2025,4,14,12,104,0,24,-15.7,2.3,149.5,9.76,0.0,41.36,Overcast / Moderate,18.7,0.0,34.2,9.58
2025-04-14 13:00:00,2025,4,14,13,104,0,25,-16.0,11.4,146.7,9.63,65.04,48.24,Overcast / Moderate,30.86,-26.43,0.0,0.0
2025-04-14 14:00:00,2025,4,14,14,104,0,24,-14.8,4.0,117.7,7.69,0.11,46.9,Overcast / Moderate,19.06,21.72,17.38,4.87
2025-04-14 15:00:00,2025,4,14,15,104,0,24,-15.0,5.0,84.9,5.64,0.88,42.9,Overcast / Moderate,19.06,0.0,38.27,10.72
2025-04-14 16:00:00,2025,4,14,16,104,0,25,-15.0,4.4,0.0,0.0,0.3,47.04,Overcast / Moderate,19.06,0.0,48.63,13.62
2025-04-14 17:00:00,2025,4,14,17,104,0,23,-15.1,5.6,0.0,0.0,1.93,40.6,Overcast / Moderate,19.06,0.0,40.56,11.36
2025-04-14 18:00:00,2025,4,14,18,104,0,24,-16.0,8.3,0.0,0.0,16.34,44.13,Overcast / Moderate,19.06,0.0,29.68,8.31
2025-04-14 19:00:00,2025,4,14,19,104,0,24,-16.0,10.5,0.0,0.0,46.3,48.24,Overcast / Moderate,19.06,0.0,15.0,4.2
2025-04-14 20:00:00,2025,4,14,20,104,0,24,-17.4,3.5,0.0,0.0,0.01,45.92,Overcast / Moderate,19.06,0.0,47.8,13.38
2025-04-14 21:00:00,2025,4,14,21,104,0,26,-17.5,8.0,0.0,0.0,13.72,46.48,Overcast / Moderate,19.06,0.0,34.65,9.7
2025-04-14 22:00:00,2025,4,14,22,104,0,23,-20.4,5.0,0.0,0.0,0.88,48.72,Overcast / Moderate,19.06,0.0,49.73,13.92
2025-04-14 23:00:00,2025,4,14,23,104,0,25,-20.8,14.4,0.0,0.0,80.0,41.05,High Wind Surge,36.97,-38.95,0.0,0.0
2025-04-15 00:00:00,2025,4,15,0,105,1,24,-21.1,4.6,0.0,0.0,0.45,45.5,Overcast / Moderate,18.52,33.95,15.0,4.2
2025-04-15 01:00:00,2025,4,15,1,105,1,24,-22.5,0.7,0.0,0.0,0.0,46.83,Overcast / Moderate,18.52,0.0,49.78,13.94
2025-04-15 02:00:00,2025,4,15,2,105,1,25,-22.9,6.4,0.0,0.0,4.31,45.52,Overcast / Moderate,18.52,0.0,44.16,12.37
2025-04-15 03:00:00,2025,4,15,3,105,1,25,-23.7,3.2,0.0,0.0,0.0,51.54,Overcast / Moderate,18.52,0.0,54.49,15.26
2025-04-15 04:00:00,2025,4,15,4,105,1,25,-22.1,1.7,0.0,0.0,0.0,44.63,Overcast / Moderate,18.52,0.0,47.58,13.32
2025-04-15 05:00:00,2025,4,15,5,105,1,25,-22.8,8.2,0.0,0.0,15.43,45.19,Overcast / Moderate,18.52,0.0,32.71,9.16
2025-04-15 06:00:00,2025,4,15,6,105,1,24,-22.0,8.6,0.0,0.0,19.27,40.44,Overcast / Moderate,18.52,0.0,24.12,6.75
2025-04-15 07:00:00,2025,4,15,7,105,1,24,-20.2,6.0,0.0,0.0,2.96,51.25,Overcast / Moderate,18.52,0.0,51.24,14.35
2025-04-15 08:00:00,2025,4,15,8,105,1,23,-19.2,7.9,0.0,0.0,12.91,46.55,Overcast / Moderate,18.52,0.0,36.59,10.25
2025-04-15 09:00:00,2025,4,15,9,105,1,24,-17.8,6.6,74.5,4.95,5.12,45.85,Overcast / Moderate,18.52,0.0,38.73,10.84
2025-04-15 10:00:00,2025,4,15,10,105,1,27,-16.5,7.5,89.9,5.77,10.0,46.2,Overcast / Moderate,18.52,0.0,33.38,9.35
2025-04-15 11:00:00,2025,4,15,11,105,1,26,-14.5,7.2,146.7,9.63,8.13,47.87,Overcast / Moderate,18.52,0.0,33.06,9.26
2025-04-15 12:00:00,2025,4,15,12,105,1,23,-13.0,7.8,170.7,11.27,12.14,46.76,Overcast / Moderate,18.52,0.0,26.3,7.36
2025-04-15 13:00:00,2025,4,15,13,105,1,23,-13.7,3.7,121.5,7.8,0.04,38.92,Overcast / Moderate,18.52,0.0,34.03,9.53
2025-04-15 14:00:00,2025,4,15,14,105,1,25,-14.0,4.3,64.5,4.01,0.24,43.01,Overcast / Moderate,18.52,0.0,41.71,11.68
2025-04-15 15:00:00,2025,4,15,15,105,1,25,-13.9,5.8,68.0,4.43,2.41,41.25,Overcast / Moderate,18.52,0.0,37.36,10.46
2025-04-15 16:00:00,2025,4,15,16,105,1,25,-14.1,5.8,0.0,0.0,2.41,43.68,Overcast / Moderate,18.52,0.0,44.22,12.38
2025-04-15 17:00:00,2025,4,15,17,105,1,24,-14.5,9.1,0.0,0.0,24.91,43.97,Overcast / Moderate,18.52,0.0,22.01,6.16
2025-04-15 18:00:00,2025,4,15,18,105,1,24,-14.8,5.2,0.0,0.0,1.17,40.12,Overcast / Moderate,18.52,0.0,41.9,11.73
2025-04-15 19:00:00,2025,4,15,19,105,1,25,-14.9,3.3,0.0,0.0,0.0,45.76,Overcast / Moderate,18.52,0.0,48.71,13.64
2025-04-15 20:00:00,2025,4,15,20,105,1,25,-14.8,4.2,0.0,0.0,0.19,43.64,Overcast / Moderate,18.52,0.0,46.4,12.99
2025-04-15 21:00:00,2025,4,15,21,105,1,22,-16.4,3.8,0.0,0.0,0.06,46.88,Overcast / Moderate,18.52,0.0,49.77,13.94
2025-04-15 22:00:00,2025,4,15,22,105,1,24,-16.1,8.5,0.0,0.0,18.26,42.27,Overcast / Moderate,18.52,0.0,26.96,7.55
2025-04-15 23:00:00,2025,4,15,23,105,1,24,-17.3,6.0,0.0,0.0,2.96,38.8,Overcast / Moderate,18.52,0.0,38.79,10.86
2025-04-16 00:00:00,2025,4,16,0,106,2,25,-19.0,8.3,0.0,0.0,16.34,46.12,Overcast / Moderate,18.52,0.0,32.73,9.16
2025-04-16 01:00:00,2025,4,16,1,106,2,27,-19.6,5.6,0.0,0.0,1.93,42.11,Overcast / Moderate,18.52,0.0,43.13,12.08
2025-04-16 02:00:00,2025,4,16,2,106,2,25,-20.5,10.9,0.0,0.0,54.11,42.63,Overcast / Moderate,23.8,-11.48,0.0,0.0
2025-04-16 03:00:00,2025,4,16,3,106,2,24,-20.4,14.7,0.0,0.0,80.0,44.63,High Wind Surge,40.08,-35.37,0.0,0.0
2025-04-16 04:00:00,2025,4,16,4,106,2,25,-22.0,7.9,0.0,0.0,12.91,46.12,Overcast / Moderate,22.03,33.21,0.0,0.0
2025-04-16 05:00:00,2025,4,16,5,106,2,25,-22.4,10.4,0.0,0.0,44.47,42.75,Overcast / Moderate,22.82,-1.72,0.0,0.0
2025-04-16 06:00:00,2025,4,16,6,106,2,25,-22.4,6.4,0.0,0.0,4.31,46.76,Overcast / Moderate,19.76,5.63,36.82,10.31
2025-04-16 07:00:00,2025,4,16,7,106,2,25,-20.7,12.1,0.0,0.0,80.0,48.97,Overcast / Moderate,34.03,-31.03,0.0,0.0
2025-04-16 08:00:00,2025,4,16,8,106,2,27,-19.3,9.9,0.0,0.0,36.05,48.51,Overcast / Moderate,27.26,12.46,0.0,0.0
2025-04-16 09:00:00,2025,4,16,9,106,2,23,-17.8,15.8,72.9,4.88,80.0,42.1,High Wind Surge,45.66,-40.0,0.0,0.0
2025-04-16 10:00:00,2025,4,16,10,106,2,25,-16.2,7.4,59.5,3.71,9.35,46.18,Overcast / Moderate,27.66,33.12,0.0,0.0
2025-04-16 11:00:00,2025,4,16,11,106,2,24,-13.8,9.1,146.3,9.62,24.91,45.22,Overcast / Moderate,21.85,10.69,0.0,0.0
2025-04-16 12:00:00,2025,4,16,12,106,2,25,-13.9,6.7,151.6,9.94,5.56,40.73,Overcast / Moderate,19.84,3.69,21.54,6.03
2025-04-16 13:00:00,2025,4,16,13,106,2,24,-15.3,4.2,126.6,8.23,0.19,42.11,Overcast / Moderate,19.84,0.0,34.01,9.52
2025-04-16 14:00:00,2025,4,16,14,106,2,24,-15.9,5.1,102.6,6.69,1.02,47.21,Overcast / Moderate,19.84,0.0,39.82,11.15
2025-04-16 15:00:00,2025,4,16,15,106,2,24,-16.6,11.0,47.9,3.06,56.19,49.72,Overcast / Moderate,24.22,-9.53,0.0,0.0
2025-04-16 16:00:00,2025,4,16,16,106,2,25,-17.4,1.9,0.0,0.0,0.0,46.3,Overcast / Moderate,19.63,8.45,37.85,10.6
2025-04-16 17:00:00,2025,4,16,17,106,2,25,-18.9,7.1,0.0,0.0,7.56,46.72,Overcast / Moderate,19.63,0.0,39.89,11.17
2025-04-16 18:00:00,2025,4,16,18,106,2,23,-18.0,5.2,0.0,0.0,1.17,46.97,Overcast / Moderate,19.63,0.0,46.53,13.03
2025-04-16 19:00:00,2025,4,16,19,106,2,25,-17.7,5.3,0.0,0.0,1.34,50.33,Overcast / Moderate,19.63,0.0,49.72,13.92
2025-04-16 20:00:00,2025,4,16,20,106,2,24,-18.2,10.8,0.0,0.0,52.08,44.84,Overcast / Moderate,22.96,-7.24,0.0,0.0
2025-04-16 21:00:00,2025,4,16,21,106,2,23,-19.7,10.2,0.0,0.0,40.96,46.54,Overcast / Moderate,19.93,5.58,0.0,0.0
2025-04-16 22:00:00,2025,4,16,22,106,2,24,-20.7,7.2,0.0,0.0,8.13,44.37,Overcast / Moderate,19.93,0.0,36.38,10.19
2025-04-16 23:00:00,2025,4,16,23,106,2,24,-21.3,4.4,0.0,0.0,0.3,42.55,Overcast / Moderate,19.93,0.0,42.39,11.87
2025-04-17 00:00:00,2025,4,17,0,107,3,27,-22.0,6.1,0.0,0.0,3.27,49.39,Overcast / Moderate,19.93,0.0,46.26,12.95
2025-04-17 01:00:00,2025,4,17,1,107,3,25,-23.1,5.5,0.0,0.0,1.71,48.31,Overcast / Moderate,19.93,0.0,46.74,13.09
2025-04-17 02:00:00,2025,4,17,2,107,3,23,-23.2,5.1,0.0,0.0,1.02,42.26,Overcast / Moderate,19.93,0.0,41.38,11.59
2025-04-17 03:00:00,2025,4,17,3,107,3,24,-22.7,2.6,0.0,0.0,0.0,47.12,Overcast / Moderate,19.93,0.0,47.26,13.23
2025-04-17 04:00:00,2025,4,17,4,107,3,26,-22.2,6.7,0.0,0.0,5.56,51.35,Overcast / Moderate,19.93,0.0,45.93,12.86
2025-04-17 05:00:00,2025,4,17,5,107,3,27,-22.4,4.6,0.0,0.0,0.45,48.25,Overcast / Moderate,19.93,0.0,47.94,13.42
2025-04-17 06:00:00,2025,4,17,6,107,3,23,-22.4,7.8,0.0,0.0,12.14,50.72,Overcast / Moderate,19.93,0.0,38.72,10.84
2025-04-17 07:00:00,2025,4,17,7,107,3,23,-22.1,4.8,0.0,0.0,0.64,48.15,Overcast / Moderate,19.93,0.0,47.65,13.34
2025-04-17 08:00:00,2025,4,17,8,107,3,26,-21.4,5.7,0.0,0.0,2.16,52.48,Overcast / Moderate,19.93,0.0,50.46,14.13
2025-04-17 09:00:00,2025,4,17,9,107,3,25,-20.7,1.9,59.0,3.92,0.0,52.48,Overcast / Moderate,19.93,0.0,48.7,13.64
2025-04-17 10:00:00,2025,4,17,10,107,3,24,-19.5,16.0,122.1,8.25,80.0,47.76,High Wind Surge,38.33,-40.0,0.0,0.0
2025-04-17 11:00:00,2025,4,17,11,107,3,25,-18.0,6.4,113.9,7.4,4.31,46.14,Overcast / Moderate,19.62,34.43,0.0,0.0
2025-04-17 12:00:00,2025,4,17,12,107,3,22,-17.1,1.3,114.0,7.35,0.0,48.2,Overcast / Moderate,19.62,0.0,41.61,11.65
2025-04-17 13:00:00,2025,4,17,13,107,3,25,-16.4,6.7,139.6,9.23,5.56,47.32,Overcast / Moderate,19.62,0.0,33.29,9.32
2025-04-17 14:00:00,2025,4,17,14,107,3,25,-15.8,10.5,89.6,5.79,46.3,47.9,Overcast / Moderate,21.55,-4.19,0.0,0.0
2025-04-17 15:00:00,2025,4,17,15,107,3,25,-14.7,9.0,69.9,4.66,23.7,45.72,Overcast / Moderate,19.87,3.09,15.0,4.2
2025-04-17 16:00:00,2025,4,17,16,107,3,23,-15.1,8.2,0.0,0.0,15.43,44.1,Overcast / Moderate,19.87,0.0,28.94,8.1
2025-04-17 17:00:00,2025,4,17,17,107,3,25,-14.6,3.0,0.0,0.0,0.0,44.39,Overcast / Moderate,19.87,0.0,44.66,12.5
2025-04-17 18:00:00,2025,4,17,18,107,3,24,-14.6,7.8,0.0,0.0,12.14,43.38,Overcast / Moderate,19.87,0.0,31.51,8.82
2025-04-17 19:00:00,2025,4,17,19,107,3,25,-14.0,9.0,0.0,0.0,23.7,45.17,Overcast / Moderate,19.87,0.0,21.74,6.09
2025-04-17 20:00:00,2025,4,17,20,107,3,24,-14.7,6.9,0.0,0.0,6.51,43.9,Overcast / Moderate,19.87,0.0,37.66,10.54
2025-04-17 21:00:00,2025,4,17,21,107,3,24,-15.2,11.0,0.0,0.0,56.19,45.35,Overcast / Moderate,24.85,-10.84,0.0,0.0
2025-04-17 22:00:00,2025,4,17,22,107,3,24,-16.3,4.4,0.0,0.0,0.3,40.36,Overcast / Moderate,19.58,9.7,30.36,8.5
2025-04-17 23:00:00,2025,4,17,23,107,3,25,-18.1,4.1,0.0,0.0,0.15,41.78,Overcast / Moderate,19.58,0.0,42.47,11.89
2025-04-18 00:00:00,2025,4,18,0,108,4,25,-18.6,10.5,0.0,0.0,46.3,45.74,Overcast / Moderate,19.84,-0.56,0.0,0.0
2025-04-18 01:00:00,2025,4,18,1,108,4,24,-19.3,7.4,0.0,0.0,9.35,45.57,Overcast / Moderate,19.84,0.0,36.55,10.23
2025-04-18 02:00:00,2025,4,18,2,108,4,25,-19.3,0.3,0.0,0.0,0.0,43.73,Overcast / Moderate,19.84,0.0,44.06,12.34
2025-04-18 03:00:00,2025,4,18,3,108,4,23,-19.2,5.0,0.0,0.0,0.88,47.75,Overcast / Moderate,19.84,0.0,47.2,13.22
2025-04-18 04:00:00,2025,4,18,4,108,4,24,-19.6,10.3,0.0,0.0,42.69,42.77,Overcast / Moderate,19.84,0.0,15.0,4.2
2025-04-18 05:00:00,2025,4,18,5,108,4,24,-19.7,1.4,0.0,0.0,0.0,45.99,Overcast / Moderate,19.84,0.0,46.32,12.97
2025-04-18 06:00:00,2025,4,18,6,108,4,27,-19.5,0.5,0.0,0.0,0.0,46.53,Overcast / Moderate,19.84,0.0,46.86,13.12
2025-04-18 07:00:00,2025,4,18,7,108,4,23,-19.7,4.4,0.0,0.0,0.3,47.88,Overcast / Moderate,19.84,0.0,47.91,13.41
2025-04-18 08:00:00,2025,4,18,8,108,4,26,-17.5,11.5,0.0,0.0,67.39,50.3,Overcast / Moderate,27.7,-17.09,0.0,0.0
2025-04-18 09:00:00,2025,4,18,9,108,4,25,-17.3,11.2,48.6,3.16,60.51,50.71,Overcast / Moderate,33.66,-12.96,0.0,0.0
2025-04-18 10:00:00,2025,4,18,10,108,4,25,-15.9,6.5,94.3,6.16,4.71,42.71,Overcast / Moderate,18.81,27.32,15.0,4.2
2025-04-18 11:00:00,2025,4,18,11,108,4,26,-15.1,6.8,115.5,7.49,6.02,39.65,Overcast / Moderate,18.81,0.0,28.52,7.98
2025-04-18 12:00:00,2025,4,18,12,108,4,25,-15.0,4.9,95.8,6.07,0.75,43.69,Overcast / Moderate,18.81,0.0,39.25,10.99
2025-04-18 13:00:00,2025,4,18,13,108,4,25,-14.1,4.1,140.7,9.3,0.15,41.78,Overcast / Moderate,18.81,0.0,34.71,9.72
2025-04-18 14:00:00,2025,4,18,14,108,4,24,-15.7,9.6,95.0,6.2,31.55,44.0,Overcast / Moderate,18.81,0.0,15.0,4.2
2025-04-18 15:00:00,2025,4,18,15,108,4,26,-16.2,2.6,48.7,3.16,0.0,50.71,Overcast / Moderate,18.81,0.0,49.93,13.98
2025-04-18 16:00:00,2025,4,18,16,108,4,26,-16.3,6.2,0.0,0.0,3.6,52.98,Overcast / Moderate,18.81,0.0,51.76,14.49
2025-04-18 17:00:00,2025,4,18,17,108,4,24,-15.3,7.5,0.0,0.0,10.0,42.42,Overcast / Moderate,18.81,0.0,34.8,9.74
2025-04-18 18:00:00,2025,4,18,18,108,4,23,-14.5,2.6,0.0,0.0,0.0,44.41,Overcast / Moderate,18.81,0.0,46.79,13.1
2025-04-18 19:00:00,2025,4,18,19,108,4,24,-14.8,6.5,0.0,0.0,4.71,44.92,Overcast / Moderate,18.81,0.0,42.59,11.92
2025-04-18 20:00:00,2025,4,18,20,108,4,24,-16.2,7.0,0.0,0.0,7.02,46.33,Overcast / Moderate,18.81,0.0,41.69,11.67
2025-04-18 21:00:00,2025,4,18,21,108,4,24,-16.2,8.7,0.0,0.0,20.32,42.04,Overcast / Moderate,18.81,0.0,24.1,6.75
2025-04-18 22:00:00,2025,4,18,22,108,4,26,-15.7,4.0,0.0,0.0,0.11,45.41,Overcast / Moderate,18.81,0.0,47.68,13.35
2025-04-18 23:00:00,2025,4,18,23,108,4,24,-16.2,4.5,0.0,0.0,0.37,44.52,Overcast / Moderate,18.81,0.0,46.53,13.03
2025-04-19 00:00:00,2025,4,19,0,109,5,24,-17.0,6.9,0.0,0.0,6.51,41.67,Overcast / Moderate,18.81,0.0,37.54,10.51
2025-04-19 01:00:00,2025,4,19,1,109,5,25,-16.7,14.7,0.0,0.0,80.0,45.94,High Wind Surge,34.48,-34.06,0.0,0.0
2025-04-19 02:00:00,2025,4,19,2,109,5,25,-16.2,3.8,0.0,0.0,0.06,38.88,Overcast / Moderate,18.74,28.96,15.0,4.2
2025-04-19 03:00:00,2025,4,19,3,109,5,22,-16.2,15.0,0.0,0.0,80.0,37.61,High Wind Surge,37.14,-40.0,0.0,0.0
2025-04-19 04:00:00,2025,4,19,4,109,5,24,-17.5,8.4,0.0,0.0,17.28,43.91,Overcast / Moderate,22.67,26.63,0.0,0.0
2025-04-19 05:00:00,2025,4,19,5,109,5,25,-18.0,9.8,0.0,0.0,34.51,44.91,Overcast / Moderate,19.77,5.34,15.0,4.2
2025-04-19 06:00:00,2025,4,19,6,109,5,26,-17.4,2.4,0.0,0.0,0.0,43.19,Overcast / Moderate,19.77,0.0,43.65,12.22
2025-04-19 07:00:00,2025,4,19,7,109,5,24,-18.1,4.6,0.0,0.0,0.45,49.66,Overcast / Moderate,19.77,0.0,49.67,13.91
2025-04-19 08:00:00,2025,4,19,8,109,5,23,-18.1,2.0,0.0,0.0,0.0,44.9,Overcast / Moderate,19.77,0.0,45.36,12.7
2025-04-19 09:00:00,2025,4,19,9,109,5,25,-17.9,5.2,47.5,3.12,1.17,50.1,Overcast / Moderate,19.77,0.0,46.27,12.96
2025-04-19 10:00:00,2025,4,19,10,109,5,24,-17.0,14.5,96.4,6.36,80.0,48.04,High Wind Surge,37.4,-38.32,0.0,0.0
2025-04-19 11:00:00,2025,4,19,11,109,5,23,-16.2,2.6,114.3,7.46,0.0,49.78,Overcast / Moderate,18.49,34.79,15.0,4.2
2025-04-19 12:00:00,2025,4,19,12,109,5,24,-16.8,6.8,147.2,9.81,6.02,41.49,Overcast / Moderate,18.49,0.0,28.69,8.03
2025-04-19 13:00:00,2025,4,19,13,109,5,24,-15.0,0.7,112.2,7.28,0.0,43.35,Overcast / Moderate,18.49,0.0,39.1,10.95
2025-04-19 14:00:00,2025,4,19,14,109,5,24,-15.0,8.3,78.7,5.06,16.34,42.3,Overcast / Moderate,18.49,0.0,23.93,6.7
2025-04-19 15:00:00,2025,4,19,15,109,5,22,-14.1,3.6,45.3,2.93,0.02,45.14,Overcast / Moderate,18.49,0.0,45.22,12.66
2025-04-19 16:00:00,2025,4,19,16,109,5,25,-14.5,2.9,0.0,0.0,0.0,48.47,Overcast / Moderate,18.49,0.0,51.5,14.42
2025-04-19 17:00:00,2025,4,19,17,109,5,26,-16.0,4.9,0.0,0.0,0.75,45.08,Overcast / Moderate,18.49,0.0,47.36,13.26
2025-04-19 18:00:00,2025,4,19,18,109,5,25,-15.9,9.0,0.0,0.0,23.7,47.09,Overcast / Moderate,18.49,0.0,26.42,7.4
2025-04-19 19:00:00,2025,4,19,19,109,5,23,-17.5,2.7,0.0,0.0,0.0,49.71,Overcast / Moderate,18.49,0.0,52.74,14.77
2025-04-19 20:00:00,2025,4,19,20,109,5,24,-17.9,4.0,0.0,0.0,0.11,47.56,Overcast / Moderate,18.49,0.0,50.48,14.13
2025-04-19 21:00:00,2025,4,19,21,109,5,24,-20.2,0.8,0.0,0.0,0.0,50.22,Overcast / Moderate,18.49,0.0,53.25,14.91
2025-04-19 22:00:00,2025,4,19,22,109,5,25,-20.3,13.5,0.0,0.0,80.0,40.6,Overcast / Moderate,36.61,-39.4,0.0,0.0
2025-04-19 23:00:00,2025,4,19,23,109,5,25,-19.2,7.1,0.0,0.0,7.56,48.65,Overcast / Moderate,18.56,33.22,15.0,4.2
2025-04-20 00:00:00,2025,4,20,0,110,6,24,-19.5,8.4,0.0,0.0,17.28,44.0,Overcast / Moderate,18.56,0.0,29.61,8.29
2025-04-20 01:00:00,2025,4,20,1,110,6,25,-19.7,7.7,0.0,0.0,11.39,51.78,Overcast / Moderate,18.56,0.0,43.28,12.12
2025-04-20 02:00:00,2025,4,20,2,110,6,25,-19.0,3.1,0.0,0.0,0.0,42.46,Overcast / Moderate,18.56,0.0,45.35,12.7
2025-04-20 03:00:00,2025,4,20,3,110,6,26,-18.1,7.1,0.0,0.0,7.56,45.31,Overcast / Moderate,18.56,0.0,40.64,11.38
2025-04-20 04:00:00,2025,4,20,4,110,6,25,-19.0,2.9,0.0,0.0,0.0,46.65,Overcast / Moderate,18.56,0.0,49.54,13.87
2025-04-20 05:00:00,2025,4,20,5,110,6,25,-20.2,5.5,0.0,0.0,1.71,39.23,Overcast / Moderate,18.56,0.0,40.41,11.31
2025-04-20 06:00:00,2025,4,20,6,110,6,25,-20.4,6.9,0.0,0.0,6.51,50.08,Overcast / Moderate,18.56,0.0,46.46,13.01
2025-04-20 07:00:00,2025,4,20,7,110,6,26,-20.1,6.8,0.0,0.0,6.02,50.95,Overcast / Moderate,18.56,0.0,47.82,13.39
2025-04-20 08:00:00,2025,4,20,8,110,6,25,-19.4,2.8,0.0,0.0,0.0,44.48,Overcast / Moderate,18.56,0.0,47.37,13.26
2025-04-20 09:00:00,2025,4,20,9,110,6,24,-18.3,1.5,42.6,2.8,0.0,47.97,Overcast / Moderate,18.56,0.0,48.06,13.46
2025-04-20 10:00:00,2025,4,20,10,110,6,26,-16.6,9.4,102.4,6.84,28.77,47.37,Overcast / Moderate,18.56,0.0,15.0,4.2
2025-04-20 11:00:00,2025,4,20,11,110,6,25,-15.3,8.5,104.5,6.77,18.26,44.81,Overcast / Moderate,18.56,0.0,22.67,6.35
2025-04-20 12:00:00,2025,4,20,12,110,6,24,-15.5,2.3,138.6,9.18,0.0,43.45,Overcast / Moderate,18.56,0.0,37.16,10.4
2025-04-20 13:00:00,2025,4,20,13,110,6,24,-14.7,2.9,121.4,7.97,0.0,44.17,Overcast / Moderate,18.56,0.0,39.09,10.94
2025-04-20 14:00:00,2025,4,20,14,110,6,25,-14.6,11.0,94.3,6.21,56.19,46.77,Overcast / Moderate,25.75,-15.63,0.0,0.0
2025-04-20 15:00:00,2025,4,20,15,110,6,25,-16.3,9.0,47.9,3.17,23.7,47.94,Overcast / Moderate,19.5,11.49,15.0,4.2
2025-04-20 16:00:00,2025,4,20,16,110,6,25,-17.2,21.6,0.0,0.0,80.0,46.59,High Wind Surge,34.87,-33.41,0.0,0.0
2025-04-20 17:00:00,2025,4,20,17,110,6,25,-17.6,13.2,0.0,0.0,80.0,47.44,Overcast / Moderate,49.85,-32.56,0.0,0.0
2025-04-20 18:00:00,2025,4,20,18,110,6,26,-17.0,18.9,0.0,0.0,80.0,46.45,High Wind Surge,65.28,-33.55,0.0,0.0
2025-04-20 19:00:00,2025,4,20,19,110,6,26,-18.1,19.6,0.0,0.0,80.0,45.16,High Wind Surge,81.31,-34.84,0.0,0.0
2025-04-20 20:00:00,2025,4,20,20,110,6,25,-18.9,24.8,0.0,0.0,80.0,47.7,Blizzard / Extreme Storm,93.9,-27.39,0.0,0.0
2025-04-20 21:00:00,2025,4,20,21,110,6,25,-18.2,20.8,0.0,0.0,80.0,45.48,High Wind Surge,94.91,-2.19,0.0,0.0
2025-04-20 22:00:00,2025,4,20,22,110,6,23,-18.4,20.3,0.0,0.0,80.0,41.22,High Wind Surge,94.99,-0.18,0.0,0.0
2025-04-20 23:00:00,2025,4,20,23,110,6,25,-18.9,17.8,0.0,0.0,80.0,38.46,High Wind Surge,95.0,-0.01,0.0,0.0
2025-04-21 00:00:00,2025,4,21,0,111,0,26,-19.8,20.9,0.0,0.0,80.0,44.37,High Wind Surge,95.0,-0.0,0.0,0.0
2025-04-21 01:00:00,2025,4,21,1,111,0,24,-20.4,15.2,0.0,0.0,80.0,47.38,High Wind Surge,95.0,-0.0,0.0,0.0
2025-04-21 02:00:00,2025,4,21,2,111,0,24,-20.4,12.0,0.0,0.0,80.0,48.48,Overcast / Moderate,95.0,-0.0,0.0,0.0
2025-04-21 03:00:00,2025,4,21,3,111,0,24,-20.1,10.7,0.0,0.0,50.1,46.31,Overcast / Moderate,95.0,-0.0,0.0,0.0
2025-04-21 04:00:00,2025,4,21,4,111,0,23,-20.4,8.6,0.0,0.0,19.27,41.97,Overcast / Moderate,82.66,22.7,0.0,0.0
2025-04-21 05:00:00,2025,4,21,5,111,0,24,-19.0,6.0,0.0,0.0,2.96,43.98,Overcast / Moderate,60.37,41.02,0.0,0.0
2025-04-21 06:00:00,2025,4,21,6,111,0,24,-18.5,14.8,0.0,0.0,80.0,41.11,High Wind Surge,78.26,-38.89,0.0,0.0
2025-04-21 07:00:00,2025,4,21,7,111,0,23,-16.5,5.9,0.0,0.0,2.68,50.12,Overcast / Moderate,52.48,47.44,0.0,0.0
2025-04-21 08:00:00,2025,4,21,8,111,0,25,-16.6,2.7,0.0,0.0,0.0,45.15,Overcast / Moderate,27.94,45.15,0.0,0.0
2025-04-21 09:00:00,2025,4,21,9,111,0,25,-17.6,16.0,34.4,2.23,80.0,45.63,High Wind Surge,44.77,-36.6,0.0,0.0
2025-04-21 10:00:00,2025,4,21,10,111,0,24,-16.3,1.2,57.5,3.64,0.0,47.85,Overcast / Moderate,20.75,44.21,0.0,0.0
2025-04-21 11:00:00,2025,4,21,11,111,0,26,-16.5,6.7,103.4,6.74,5.56,46.29,Overcast / Moderate,19.94,1.49,32.5,9.1
2025-04-21 12:00:00,2025,4,21,12,111,0,25,-15.7,4.7,135.3,8.98,0.54,48.12,Overcast / Moderate,19.94,0.0,38.73,10.84
2025-04-21 13:00:00,2025,4,21,13,111,0,26,-16.6,6.3,119.9,7.94,3.94,43.66,Overcast / Moderate,19.94,0.0,31.91,8.93
2025-04-21 14:00:00,2025,4,21,14,111,0,24,-15.9,6.8,77.2,5.02,6.02,45.47,Overcast / Moderate,19.94,0.0,34.56,9.68
2025-04-21 15:00:00,2025,4,21,15,111,0,25,-14.9,4.1,33.6,2.16,0.15,46.11,Overcast / Moderate,19.94,0.0,43.93,12.3
2025-04-21 16:00:00,2025,4,21,16,111,0,23,-15.3,6.8,0.0,0.0,6.02,37.9,Overcast / Moderate,19.94,0.0,32.01,8.96
2025-04-21 17:00:00,2025,4,21,17,111,0,25,-15.1,8.8,0.0,0.0,21.41,43.29,Overcast / Moderate,19.94,0.0,22.01,6.16
2025-04-21 18:00:00,2025,4,21,18,111,0,25,-15.3,4.3,0.0,0.0,0.24,43.61,Overcast / Moderate,19.94,0.0,43.5,12.18
2025-04-21 19:00:00,2025,4,21,19,111,0,25,-15.0,5.3,0.0,0.0,1.34,45.05,Overcast / Moderate,19.94,0.0,43.84,12.28
2025-04-21 20:00:00,2025,4,21,20,111,0,23,-15.6,4.3,0.0,0.0,0.24,43.9,Overcast / Moderate,19.94,0.0,43.79,12.26
2025-04-21 21:00:00,2025,4,21,21,111,0,24,-16.1,9.7,0.0,0.0,33.01,46.14,Overcast / Moderate,19.94,0.0,15.0,4.2
2025-04-21 22:00:00,2025,4,21,22,111,0,25,-17.2,8.5,0.0,0.0,18.26,42.65,Overcast / Moderate,19.94,0.0,24.52,6.87
2025-04-21 23:00:00,2025,4,21,23,111,0,24,-18.4,10.6,0.0,0.0,48.17,46.79,Overcast / Moderate,20.57,-1.38,0.0,0.0
2025-04-22 00:00:00,2025,4,22,0,112,1,25,-20.9,3.4,0.0,0.0,0.01,51.29,Overcast / Moderate,19.95,1.14,50.14,14.04
2025-04-22 01:00:00,2025,4,22,1,112,1,23,-22.0,2.2,0.0,0.0,0.0,42.66,Overcast / Moderate,19.95,0.0,42.76,11.97
2025-04-22 02:00:00,2025,4,22,2,112,1,25,-22.2,2.8,0.0,0.0,0.0,47.05,Overcast / Moderate,19.95,0.0,47.15,13.2
2025-04-22 03:00:00,2025,4,22,3,112,1,23,-21.7,3.3,0.0,0.0,0.0,48.9,Overcast / Moderate,19.95,0.0,49.0,13.72
2025-04-22 04:00:00,2025,4,22,4,112,1,25,-21.2,6.6,0.0,0.0,5.12,44.48,Overcast / Moderate,19.95,0.0,39.46,11.05
2025-04-22 05:00:00,2025,4,22,5,112,1,25,-20.7,13.7,0.0,0.0,80.0,46.56,Overcast / Moderate,35.33,-33.44,0.0,0.0
2025-04-22 06:00:00,2025,4,22,6,112,1,24,-19.7,5.1,0.0,0.0,1.02,43.95,Overcast / Moderate,18.67,30.67,15.0,4.2
2025-04-22 07:00:00,2025,4,22,7,112,1,25,-19.0,13.0,0.0,0.0,80.0,45.41,Overcast / Moderate,34.58,-34.59,0.0,0.0
2025-04-22 08:00:00,2025,4,22,8,112,1,25,-19.4,1.6,0.0,0.0,0.0,45.67,Overcast / Moderate,18.73,29.16,16.51,4.62
2025-04-22 09:00:00,2025,4,22,9,112,1,24,-19.9,11.9,36.8,2.45,77.36,42.07,Overcast / Moderate,36.09,-37.74,0.0,0.0
2025-04-22 10:00:00,2025,4,22,10,112,1,23,-19.2,3.5,64.4,4.17,0.01,47.79,Overcast / Moderate,18.6,32.19,15.0,4.2
2025-04-22 11:00:00,2025,4,22,11,112,1,23,-18.1,11.5,105.3,6.94,67.39,47.13,Overcast / Moderate,31.11,-27.2,0.0,0.0
2025-04-22 12:00:00,2025,4,22,12,112,1,25,-16.1,1.9,107.7,7.01,0.0,43.36,Overcast / Moderate,19.03,22.23,15.0,4.2
2025-04-22 13:00:00,2025,4,22,13,112,1,23,-15.6,12.6,107.2,7.03,80.0,43.97,Overcast / Moderate,37.43,-40.0,0.0,0.0
2025-04-22 14:00:00,2025,4,22,14,112,1,25,-14.4,3.7,84.6,5.57,0.04,40.86,Overcast / Moderate,18.48,34.87,15.0,4.2
2025-04-22 15:00:00,2025,4,22,15,112,1,24,-13.9,4.6,30.0,1.92,0.45,45.08,Overcast / Moderate,18.48,0.0,45.74,12.81
2025-04-22 16:00:00,2025,4,22,16,112,1,25,-14.2,6.2,0.0,0.0,3.6,43.32,Overcast / Moderate,18.48,0.0,42.75,11.97
2025-04-22 17:00:00,2025,4,22,17,112,1,24,-14.8,5.3,0.0,0.0,1.34,46.35,Overcast / Moderate,18.48,0.0,48.04,13.45
2025-04-22 18:00:00,2025,4,22,18,112,1,24,-16.1,7.9,0.0,0.0,12.91,44.59,Overcast / Moderate,18.48,0.0,34.71,9.72
2025-04-22 19:00:00,2025,4,22,19,112,1,25,-16.2,14.0,0.0,0.0,80.0,43.35,High Wind Surge,35.34,-36.65,0.0,0.0
2025-04-22 20:00:00,2025,4,22,20,112,1,25,-16.9,7.3,0.0,0.0,8.73,45.0,Overcast / Moderate,18.67,30.69,15.0,4.2
2025-04-22 21:00:00,2025,4,22,21,112,1,25,-16.6,8.4,0.0,0.0,17.28,49.89,Overcast / Moderate,18.67,0.0,35.28,9.88
2025-04-22 22:00:00,2025,4,22,22,112,1,25,-16.3,2.4,0.0,0.0,0.0,47.8,Overcast / Moderate,18.67,0.0,50.47,14.13
2025-04-22 23:00:00,2025,4,22,23,112,1,23,-18.0,7.5,0.0,0.0,10.0,39.64,Overcast / Moderate,18.67,0.0,32.31,9.05
2025-04-23 00:00:00,2025,4,23,0,113,2,25,-18.0,5.9,0.0,0.0,2.68,46.1,Overcast / Moderate,18.67,0.0,46.09,12.9
2025-04-23 01:00:00,2025,4,23,1,113,2,25,-19.2,10.8,0.0,0.0,52.08,41.96,Overcast / Moderate,23.32,-10.12,0.0,0.0
2025-04-23 02:00:00,2025,4,23,2,113,2,23,-20.3,5.3,0.0,0.0,1.34,43.23,Overcast / Moderate,19.71,6.64,35.25,9.87
2025-04-23 03:00:00,2025,4,23,3,113,2,24,-21.5,8.0,0.0,0.0,13.72,46.77,Overcast / Moderate,19.71,0.0,33.63,9.42
2025-04-23 04:00:00,2025,4,23,4,113,2,24,-20.7,3.9,0.0,0.0,0.08,46.87,Overcast / Moderate,19.71,0.0,47.37,13.26
2025-04-23 05:00:00,2025,4,23,5,113,2,24,-19.2,4.2,0.0,0.0,0.19,42.7,Overcast / Moderate,19.71,0.0,43.09,12.06
2025-04-23 06:00:00,2025,4,23,6,113,2,25,-17.4,5.2,0.0,0.0,1.17,44.91,Overcast / Moderate,19.71,0.0,44.32,12.41
2025-04-23 07:00:00,2025,4,23,7,113,2,26,-16.0,4.6,0.0,0.0,0.45,48.97,Overcast / Moderate,19.71,0.0,49.1,13.75
2025-04-23 08:00:00,2025,4,23,8,113,2,26,-14.9,4.2,0.0,0.0,0.19,47.01,Overcast / Moderate,19.71,0.0,47.4,13.27
2025-04-23 09:00:00,2025,4,23,9,113,2,23,-13.9,1.8,23.7,1.51,0.0,40.98,Overcast / Moderate,19.71,0.0,40.05,11.21
2025-04-23 10:00:00,2025,4,23,10,113,2,25,-14.4,10.0,76.8,5.03,37.64,43.35,Overcast / Moderate,19.71,0.0,15.0,4.2
2025-04-23 11:00:00,2025,4,23,11,113,2,26,-14.0,2.1,115.6,7.65,0.0,46.7,Overcast / Moderate,19.71,0.0,39.63,11.1
2025-04-23 12:00:00,2025,4,23,12,113,2,25,-14.9,10.9,130.7,8.71,54.11,48.72,Overcast / Moderate,26.2,-14.1,0.0,0.0
2025-04-23 13:00:00,2025,4,23,13,113,2,26,-15.9,2.9,105.3,6.93,0.0,42.76,Overcast / Moderate,19.46,12.39,23.44,6.56
2025-04-23 14:00:00,2025,4,23,14,113,2,27,-13.2,2.1,49.4,3.1,0.0,45.02,Overcast / Moderate,19.46,0.0,43.0,12.04
2025-04-23 15:00:00,2025,4,23,15,113,2,26,-12.9,6.9,32.4,2.12,6.51,45.52,Overcast / Moderate,19.46,0.0,37.97,10.63
2025-04-23 16:00:00,2025,4,23,16,113,2,25,-13.5,6.3,0.0,0.0,3.94,40.3,Overcast / Moderate,19.46,0.0,37.44,10.48
2025-04-23 17:00:00,2025,4,23,17,113,2,26,-13.8,6.2,0.0,0.0,3.6,46.91,Overcast / Moderate,19.46,0.0,44.39,12.43
2025-04-23 18:00:00,2025,4,23,18,113,2,25,-13.9,7.0,0.0,0.0,7.02,49.38,Overcast / Moderate,19.46,0.0,43.44,12.16
2025-04-23 19:00:00,2025,4,23,19,113,2,25,-13.4,4.5,0.0,0.0,0.37,45.38,Overcast / Moderate,19.46,0.0,46.09,12.9
2025-04-23 20:00:00,2025,4,23,20,113,2,24,-15.0,7.8,0.0,0.0,12.14,45.98,Overcast / Moderate,19.46,0.0,34.92,9.78
2025-04-23 21:00:00,2025,4,23,21,113,2,26,-15.6,6.3,0.0,0.0,3.94,43.84,Overcast / Moderate,19.46,0.0,40.98,11.47
2025-04-23 22:00:00,2025,4,23,22,113,2,24,-16.6,4.9,0.0,0.0,0.75,41.34,Overcast / Moderate,19.46,0.0,41.67,11.67
2025-04-23 23:00:00,2025,4,23,23,113,2,26,-17.3,9.8,0.0,0.0,34.51,41.9,Overcast / Moderate,19.46,0.0,15.0,4.2
2025-04-24 00:00:00,2025,4,24,0,114,3,25,-17.9,8.5,0.0,0.0,18.26,41.55,Overcast / Moderate,19.46,0.0,24.37,6.82
2025-04-24 01:00:00,2025,4,24,1,114,3,23,-17.5,5.4,0.0,0.0,1.52,42.43,Overcast / Moderate,19.46,0.0,41.99,11.76
2025-04-24 02:00:00,2025,4,24,2,114,3,25,-17.9,10.1,0.0,0.0,39.28,44.53,Overcast / Moderate,19.46,0.0,15.0,4.2
2025-04-24 03:00:00,2025,4,24,3,114,3,22,-17.8,11.7,0.0,0.0,72.26,40.9,Overcast / Moderate,33.89,-31.36,0.0,0.0
2025-04-24 04:00:00,2025,4,24,4,114,3,25,-17.9,6.6,0.0,0.0,5.12,42.89,Overcast / Moderate,18.79,27.77,15.0,4.2
2025-04-24 05:00:00,2025,4,24,5,114,3,25,-18.4,3.8,0.0,0.0,0.06,44.93,Overcast / Moderate,18.79,0.0,47.29,13.24
2025-04-24 06:00:00,2025,4,24,6,114,3,24,-17.8,11.5,0.0,0.0,67.39,38.18,Overcast / Moderate,32.23,-29.21,0.0,0.0
2025-04-24 07:00:00,2025,4,24,7,114,3,25,-18.0,3.6,0.0,0.0,0.02,49.54,Overcast / Moderate,18.94,24.46,25.06,7.02
2025-04-24 08:00:00,2025,4,24,8,114,3,26,-18.4,1.8,0.0,0.0,0.0,48.35,Overcast / Moderate,18.94,0.0,50.48,14.13
2025-04-24 09:00:00,2025,4,24,9,114,3,24,-18.2,4.8,0.0,0.0,0.64,47.54,Overcast / Moderate,18.94,0.0,49.03,13.73
2025-04-24 10:00:00,2025,4,24,10,114,3,23,-17.2,8.5,63.1,4.11,18.26,48.76,Overcast / Moderate,18.94,0.0,28.52,7.98
2025-04-24 11:00:00,2025,4,24,11,114,3,26,-15.9,11.8,96.4,6.32,74.78,48.28,Overcast / Moderate,34.03,-32.82,0.0,0.0
2025-04-24 12:00:00,2025,4,24,12,114,3,26,-16.8,7.6,118.1,7.85,10.68,48.13,Overcast / Moderate,18.78,28.07,15.0,4.2
2025-04-24 13:00:00,2025,4,24,13,114,3,25,-17.2,12.7,85.8,5.57,80.0,47.27,Overcast / Moderate,36.4,-38.3,0.0,0.0
2025-04-24 14:00:00,2025,4,24,14,114,3,26,-17.1,2.5,79.7,5.32,0.0,46.81,Overcast / Moderate,18.57,32.8,15.0,4.2
2025-04-24 15:00:00,2025,4,24,15,114,3,26,-16.0,2.0,0.0,0.0,0.0,44.56,Overcast / Moderate,18.57,0.0,47.41,13.28
2025-04-24 16:00:00,2025,4,24,16,114,3,24,-16.1,7.2,0.0,0.0,8.13,42.99,Overcast / Moderate,18.57,0.0,37.71,10.56
2025-04-24 17:00:00,2025,4,24,17,114,3,24,-16.1,13.4,0.0,0.0,80.0,46.36,Overcast / Moderate,34.05,-33.64,0.0,0.0
2025-04-24 18:00:00,2025,4,24,18,114,3,26,-14.9,6.3,0.0,0.0,3.94,46.17,Overcast / Moderate,18.78,28.1,15.0,4.2
2025-04-24 19:00:00,2025,4,24,19,114,3,26,-13.9,1.8,0.0,0.0,0.0,44.79,Overcast / Moderate,18.78,0.0,47.23,13.23
2025-04-24 20:00:00,2025,4,24,20,114,3,25,-13.3,3.9,0.0,0.0,0.08,40.28,Overcast / Moderate,18.78,0.0,42.64,11.94
2025-04-24 21:00:00,2025,4,24,21,114,3,24,-14.6,4.1,0.0,0.0,0.15,37.63,Overcast / Moderate,18.78,0.0,39.92,11.18
2025-04-24 22:00:00,2025,4,24,22,114,3,26,-15.0,4.9,0.0,0.0,0.75,41.94,Overcast / Moderate,18.78,0.0,43.63,12.22
2025-04-24 23:00:00,2025,4,24,23,114,3,24,-16.0,1.7,0.0,0.0,0.0,37.54,Overcast / Moderate,18.78,0.0,39.98,11.2
2025-04-25 00:00:00,2025,4,25,0,115,4,24,-16.7,11.3,0.0,0.0,62.75,43.44,Overcast / Moderate,27.66,-19.31,0.0,0.0
2025-04-25 01:00:00,2025,4,25,1,115,4,25,-18.1,6.4,0.0,0.0,4.31,48.78,Overcast / Moderate,19.33,15.32,29.15,8.16
2025-04-25 02:00:00,2025,4,25,2,115,4,26,-18.8,7.9,0.0,0.0,12.91,45.47,Overcast / Moderate,19.33,0.0,33.89,9.49
2025-04-25 03:00:00,2025,4,25,3,115,4,25,-18.6,2.1,0.0,0.0,0.0,43.19,Overcast / Moderate,19.33,0.0,44.52,12.47
2025-04-25 04:00:00,2025,4,25,4,115,4,25,-18.0,1.9,0.0,0.0,0.0,41.22,Overcast / Moderate,19.33,0.0,42.55,11.91
2025-04-25 05:00:00,2025,4,25,5,115,4,25,-16.7,7.1,0.0,0.0,7.56,41.42,Overcast / Moderate,19.33,0.0,35.19,9.85
2025-04-25 06:00:00,2025,4,25,6,115,4,25,-15.2,10.9,0.0,0.0,54.11,41.64,Overcast / Moderate,25.07,-12.47,0.0,0.0
2025-04-25 07:00:00,2025,4,25,7,115,4,25,-14.5,6.5,0.0,0.0,4.71,47.22,Overcast / Moderate,19.56,10.14,32.37,9.06
2025-04-25 08:00:00,2025,4,25,8,115,4,22,-13.6,10.7,0.0,0.0,50.1,43.18,Overcast / Moderate,22.74,-6.92,0.0,0.0
2025-04-25 09:00:00,2025,4,25,9,115,4,24,-13.5,9.6,0.0,0.0,31.55,42.72,Overcast / Moderate,19.76,5.48,15.0,4.2
2025-04-25 10:00:00,2025,4,25,10,115,4,25,-12.6,2.2,78.7,5.23,0.0,44.8,Overcast / Moderate,19.76,0.0,40.05,11.21
2025-04-25 11:00:00,2025,4,25,11,115,4,23,-12.1,3.7,92.1,5.97,0.04,45.74,Overcast / Moderate,19.76,0.0,40.21,11.26
2025-04-25 12:00:00,2025,4,25,12,115,4,25,-12.1,7.8,102.0,6.62,12.14,43.53,Overcast / Moderate,19.76,0.0,25.25,7.07
2025-04-25 13:00:00,2025,4,25,13,115,4,24,-11.7,5.8,86.2,5.55,2.41,42.57,Overcast / Moderate,19.76,0.0,35.09,9.82
2025-04-25 14:00:00,2025,4,25,14,115,4,26,-12.5,4.5,60.2,3.88,0.37,39.24,Overcast / Moderate,19.76,0.0,35.47,9.93
2025-04-25 15:00:00,2025,4,25,15,115,4,26,-12.9,5.6,0.0,0.0,1.93,40.28,Overcast / Moderate,19.76,0.0,38.83,10.87
2025-04-25 16:00:00,2025,4,25,16,115,4,24,-13.6,5.8,0.0,0.0,2.41,39.8,Overcast / Moderate,19.76,0.0,37.87,10.6
2025-04-25 17:00:00,2025,4,25,17,115,4,24,-13.5,11.4,0.0,0.0,65.04,42.97,Overcast / Moderate,29.91,-22.07,0.0,0.0
2025-04-25 18:00:00,2025,4,25,18,115,4,24,-14.6,2.6,0.0,0.0,0.0,42.19,Overcast / Moderate,19.14,19.83,22.36,6.26
2025-04-25 19:00:00,2025,4,25,19,115,4,24,-14.6,4.4,0.0,0.0,0.3,43.03,Overcast / Moderate,19.14,0.0,44.45,12.45
2025-04-25 20:00:00,2025,4,25,20,115,4,25,-14.2,6.6,0.0,0.0,5.12,42.2,Overcast / Moderate,19.14,0.0,38.8,10.87
2025-04-25 21:00:00,2025,4,25,21,115,4,24,-14.1,8.2,0.0,0.0,15.43,42.0,Overcast / Moderate,19.14,0.0,28.29,7.92
2025-04-25 22:00:00,2025,4,25,22,115,4,23,-13.9,7.5,0.0,0.0,10.0,35.7,Overcast / Moderate,19.14,0.0,27.42,7.68
2025-04-25 23:00:00,2025,4,25,23,115,4,25,-17.0,12.3,0.0,0.0,80.0,43.63,Overcast / Moderate,35.87,-36.37,0.0,0.0
2025-04-26 00:00:00,2025,4,26,0,116,5,25,-18.0,13.1,0.0,0.0,80.0,45.58,Overcast / Moderate,51.7,-34.42,0.0,0.0
2025-04-26 01:00:00,2025,4,26,1,116,5,24,-19.4,14.1,0.0,0.0,80.0,44.84,High Wind Surge,67.87,-35.16,0.0,0.0
2025-04-26 02:00:00,2025,4,26,2,116,5,25,-20.6,14.4,0.0,0.0,80.0,46.7,High Wind Surge,83.19,-33.3,0.0,0.0
2025-04-26 03:00:00,2025,4,26,3,116,5,24,-20.4,19.3,0.0,0.0,80.0,46.58,High Wind Surge,94.06,-23.61,0.0,0.0
2025-04-26 04:00:00,2025,4,26,4,116,5,25,-21.0,23.7,0.0,0.0,80.0,47.15,Blizzard / Extreme Storm,94.92,-1.89,0.0,0.0
2025-04-26 05:00:00,2025,4,26,5,116,5,25,-18.9,27.1,0.0,0.0,0.0,46.62,Blizzard / Extreme Storm,69.59,46.62,0.0,0.0
2025-04-26 06:00:00,2025,4,26,6,116,5,24,-17.5,31.0,0.0,0.0,0.0,46.22,Blizzard / Extreme Storm,44.47,46.22,0.0,0.0
2025-04-26 07:00:00,2025,4,26,7,116,5,25,-17.1,25.1,0.0,0.0,0.0,50.44,Blizzard / Extreme Storm,17.87,48.94,15.0,4.2
2025-04-26 08:00:00,2025,4,26,8,116,5,24,-16.8,23.7,0.0,0.0,80.0,41.11,Blizzard / Extreme Storm,35.76,-38.89,0.0,0.0
2025-04-26 09:00:00,2025,4,26,9,116,5,24,-16.2,16.7,0.0,0.0,80.0,46.64,High Wind Surge,51.11,-33.36,0.0,0.0
2025-04-26 10:00:00,2025,4,26,10,116,5,24,-16.2,15.6,72.4,4.85,80.0,42.44,High Wind Surge,69.51,-40.0,0.0,0.0
2025-04-26 11:00:00,2025,4,26,11,116,5,24,-16.8,13.8,66.2,4.23,80.0,49.44,Overcast / Moderate,85.51,-34.79,0.0,0.0
2025-04-26 12:00:00,2025,4,26,12,116,5,24,-16.0,9.2,93.8,6.13,26.15,45.49,Overcast / Moderate,78.33,13.21,0.0,0.0
2025-04-26 13:00:00,2025,4,26,13,116,5,23,-14.3,9.2,100.3,6.65,26.15,44.39,Overcast / Moderate,72.03,11.59,0.0,0.0
2025-04-26 14:00:00,2025,4,26,14,116,5,24,-12.3,4.9,73.9,4.91,0.75,42.84,Overcast / Moderate,51.83,37.18,0.0,0.0
2025-04-26 15:00:00,2025,4,26,15,116,5,24,-12.3,7.6,0.0,0.0,10.68,43.07,Overcast / Moderate,34.22,32.39,0.0,0.0
2025-04-26 16:00:00,2025,4,26,16,116,5,24,-11.6,6.6,0.0,0.0,5.12,46.14,Overcast / Moderate,18.76,28.45,15.0,4.2
2025-04-26 17:00:00,2025,4,26,17,116,5,24,-10.0,7.2,0.0,0.0,8.13,43.92,Overcast / Moderate,18.76,0.0,38.26,10.71
2025-04-26 18:00:00,2025,4,26,18,116,5,24,-11.2,6.1,0.0,0.0,3.27,45.73,Overcast / Moderate,18.76,0.0,44.93,12.58
2025-04-26 19:00:00,2025,4,26,19,116,5,25,-11.8,4.4,0.0,0.0,0.3,42.03,Overcast / Moderate,18.76,0.0,44.2,12.38
2025-04-26 20:00:00,2025,4,26,20,116,5,25,-13.1,12.8,0.0,0.0,80.0,38.18,Overcast / Moderate,37.16,-40.0,0.0,0.0
2025-04-26 21:00:00,2025,4,26,21,116,5,24,-13.2,2.4,0.0,0.0,0.0,45.09,Overcast / Moderate,18.51,34.33,15.0,4.2
2025-04-26 22:00:00,2025,4,26,22,116,5,23,-14.0,12.2,0.0,0.0,80.0,37.62,Overcast / Moderate,36.91,-40.0,0.0,0.0
2025-04-26 23:00:00,2025,4,26,23,116,5,23,-14.6,4.7,0.0,0.0,0.54,39.95,Overcast / Moderate,18.53,33.82,15.0,4.2
2025-04-27 00:00:00,2025,4,27,0,117,6,24,-14.6,6.4,0.0,0.0,4.31,40.91,Overcast / Moderate,18.53,0.0,39.54,11.07
2025-04-27 01:00:00,2025,4,27,1,117,6,24,-16.5,2.7,0.0,0.0,0.0,42.5,Overcast / Moderate,18.53,0.0,45.44,12.72
2025-04-27 02:00:00,2025,4,27,2,117,6,24,-16.0,2.2,0.0,0.0,0.0,43.73,Overcast / Moderate,18.53,0.0,46.67,13.07
2025-04-27 03:00:00,2025,4,27,3,117,6,23,-17.2,5.7,0.0,0.0,2.16,40.5,Overcast / Moderate,18.53,0.0,41.28,11.56
2025-04-27 04:00:00,2025,4,27,4,117,6,24,-16.6,8.7,0.0,0.0,20.32,44.14,Overcast / Moderate,18.53,0.0,26.76,7.49
2025-04-27 05:00:00,2025,4,27,5,117,6,25,-17.3,4.3,0.0,0.0,0.24,42.83,Overcast / Moderate,18.53,0.0,45.53,12.75
2025-04-27 06:00:00,2025,4,27,6,117,6,25,-16.4,6.8,0.0,0.0,6.02,49.14,Overcast / Moderate,18.53,0.0,46.06,12.9
2025-04-27 07:00:00,2025,4,27,7,117,6,24,-14.5,4.4,0.0,0.0,0.3,40.22,Overcast / Moderate,18.53,0.0,42.86,12.0
2025-04-27 08:00:00,2025,4,27,8,117,6,24,-14.6,5.4,0.0,0.0,1.52,44.59,Overcast / Moderate,18.53,0.0,46.01,12.88
2025-04-27 09:00:00,2025,4,27,9,117,6,24,-13.1,11.3,0.0,0.0,62.75,44.68,Overcast / Moderate,26.84,-18.07,0.0,0.0
2025-04-27 10:00:00,2025,4,27,10,117,6,24,-13.0,10.3,53.9,3.49,42.69,42.04,Overcast / Moderate,28.75,-4.14,0.0,0.0
2025-04-27 11:00:00,2025,4,27,11,117,6,24,-13.6,6.4,69.4,4.44,4.31,42.09,Overcast / Moderate,19.24,17.49,15.85,4.44
2025-04-27 12:00:00,2025,4,27,12,117,6,25,-13.7,4.0,68.2,4.32,0.11,47.25,Overcast / Moderate,19.24,0.0,44.34,12.42
2025-04-27 13:00:00,2025,4,27,13,117,6,23,-14.6,3.6,96.5,6.41,0.02,46.03,Overcast / Moderate,19.24,0.0,41.12,11.51
2025-04-27 14:00:00,2025,4,27,14,117,6,24,-14.5,15.2,57.6,3.77,80.0,42.2,High Wind Surge,37.64,-40.0,0.0,0.0
2025-04-27 15:00:00,2025,4,27,15,117,6,25,-15.3,8.4,0.0,0.0,17.28,41.43,Overcast / Moderate,24.51,24.15,0.0,0.0
2025-04-27 16:00:00,2025,4,27,16,117,6,25,-16.2,16.4,0.0,0.0,80.0,47.29,High Wind Surge,39.56,-32.71,0.0,0.0
2025-04-27 17:00:00,2025,4,27,17,117,6,27,-14.2,14.2,0.0,0.0,80.0,45.82,High Wind Surge,55.28,-34.18,0.0,0.0
2025-04-27 18:00:00,2025,4,27,18,117,6,25,-14.0,25.9,0.0,0.0,0.0,45.59,Blizzard / Extreme Storm,30.51,45.59,0.0,0.0
2025-04-27 19:00:00,2025,4,27,19,117,6,23,-13.8,17.9,0.0,0.0,80.0,43.0,High Wind Surge,47.53,-37.0,0.0,0.0
2025-04-27 20:00:00,2025,4,27,20,117,6,24,-14.3,19.3,0.0,0.0,80.0,46.19,High Wind Surge,63.08,-33.81,0.0,0.0
2025-04-27 21:00:00,2025,4,27,21,117,6,23,-14.3,23.1,0.0,0.0,80.0,47.7,Blizzard / Extreme Storm,77.94,-32.3,0.0,0.0
2025-04-27 22:00:00,2025,4,27,22,117,6,24,-13.8,29.8,0.0,0.0,0.0,44.3,Blizzard / Extreme Storm,53.86,44.3,0.0,0.0
2025-04-27 23:00:00,2025,4,27,23,117,6,24,-15.7,31.4,0.0,0.0,0.0,39.85,Blizzard / Extreme Storm,32.2,39.85,0.0,0.0
2025-04-28 00:00:00,2025,4,28,0,118,0,25,-16.2,26.1,0.0,0.0,0.0,48.73,Blizzard / Extreme Storm,18.94,24.41,24.32,6.81
2025-04-28 01:00:00,2025,4,28,1,118,0,24,-16.7,26.8,0.0,0.0,0.0,44.29,Blizzard / Extreme Storm,18.94,0.0,46.41,13.0
2025-04-28 02:00:00,2025,4,28,2,118,0,24,-17.3,24.7,0.0,0.0,80.0,39.53,Blizzard / Extreme Storm,37.34,-40.0,0.0,0.0
2025-04-28 03:00:00,2025,4,28,3,118,0,24,-17.3,26.2,0.0,0.0,0.0,44.19,Blizzard / Extreme Storm,18.49,34.68,15.0,4.2
2025-04-28 04:00:00,2025,4,28,4,118,0,26,-18.0,27.0,0.0,0.0,0.0,44.62,Blizzard / Extreme Storm,18.49,0.0,47.64,13.34
2025-04-28 05:00:00,2025,4,28,5,118,0,24,-17.2,21.8,0.0,0.0,80.0,42.73,High Wind Surge,35.64,-37.27,0.0,0.0
2025-04-28 06:00:00,2025,4,28,6,118,0,26,-17.8,21.7,0.0,0.0,80.0,43.39,High Wind Surge,52.48,-36.61,0.0,0.0
2025-04-28 07:00:00,2025,4,28,7,118,0,25,-17.0,19.4,0.0,0.0,80.0,48.17,High Wind Surge,67.12,-31.83,0.0,0.0
2025-04-28 08:00:00,2025,4,28,8,118,0,25,-15.5,17.8,0.0,0.0,80.0,47.06,High Wind Surge,82.27,-32.94,0.0,0.0
2025-04-28 09:00:00,2025,4,28,9,118,0,25,-15.4,19.9,0.0,0.0,80.0,43.75,High Wind Surge,93.98,-25.46,0.0,0.0
2025-04-28 10:00:00,2025,4,28,10,118,0,25,-14.5,12.0,59.3,3.94,80.0,43.2,Overcast / Moderate,94.92,-2.04,0.0,0.0
2025-04-28 11:00:00,2025,4,28,11,118,0,23,-13.9,8.4,88.3,5.83,17.28,41.96,Overcast / Moderate,84.67,18.85,0.0,0.0
2025-04-28 12:00:00,2025,4,28,12,118,0,24,-13.3,8.3,97.0,6.38,16.34,42.86,Overcast / Moderate,73.73,20.14,0.0,0.0
2025-04-28 13:00:00,2025,4,28,13,118,0,25,-12.9,3.8,58.5,3.7,0.06,45.56,Overcast / Moderate,51.01,41.8,0.0,0.0
2025-04-28 14:00:00,2025,4,28,14,118,0,24,-13.0,6.3,62.3,4.14,3.94,46.08,Overcast / Moderate,30.36,38.0,0.0,0.0
2025-04-28 15:00:00,2025,4,28,15,118,0,23,-11.8,11.2,0.0,0.0,60.51,41.29,Overcast / Moderate,39.2,-19.22,0.0,0.0
2025-04-28 16:00:00,2025,4,28,16,118,0,24,-12.1,7.4,0.0,0.0,9.35,45.14,Overcast / Moderate,19.75,35.79,0.0,0.0
2025-04-28 17:00:00,2025,4,28,17,118,0,26,-13.0,10.3,0.0,0.0,42.69,44.87,Overcast / Moderate,19.75,0.0,15.0,4.2
2025-04-28 18:00:00,2025,4,28,18,118,0,26,-13.3,3.3,0.0,0.0,0.0,44.32,Overcast / Moderate,19.75,0.0,44.82,12.55
2025-04-28 19:00:00,2025,4,28,19,118,0,24,-14.5,11.2,0.0,0.0,60.51,48.86,Overcast / Moderate,25.11,-11.65,0.0,0.0
2025-04-28 20:00:00,2025,4,28,20,118,0,25,-15.0,7.2,0.0,0.0,8.13,45.74,Overcast / Moderate,19.56,10.22,27.39,7.67
2025-04-28 21:00:00,2025,4,28,21,118,0,24,-16.9,1.5,0.0,0.0,0.0,45.66,Overcast / Moderate,19.56,0.0,46.55,13.03
2025-04-28 22:00:00,2025,4,28,22,118,0,23,-15.7,7.5,0.0,0.0,10.0,43.77,Overcast / Moderate,19.56,0.0,34.66,9.7
2025-04-28 23:00:00,2025,4,28,23,118,0,24,-14.9,12.7,0.0,0.0,80.0,38.22,Overcast / Moderate,37.96,-40.0,0.0,0.0
2025-04-29 00:00:00,2025,4,29,0,119,1,26,-15.2,2.3,0.0,0.0,0.0,41.4,Overcast / Moderate,18.44,35.91,15.0,4.2
2025-04-29 01:00:00,2025,4,29,1,119,1,24,-14.5,7.0,0.0,0.0,7.02,41.65,Overcast / Moderate,18.44,0.0,37.75,10.57
2025-04-29 02:00:00,2025,4,29,2,119,1,24,-16.1,11.5,0.0,0.0,67.39,43.99,Overcast / Moderate,29.2,-23.4,0.0,0.0
2025-04-29 03:00:00,2025,4,29,3,119,1,24,-14.0,0.8,0.0,0.0,0.0,41.22,Overcast / Moderate,19.2,18.41,22.81,6.39
2025-04-29 04:00:00,2025,4,29,4,119,1,26,-15.7,7.5,0.0,0.0,10.0,39.1,Overcast / Moderate,19.2,0.0,30.7,8.6
2025-04-29 05:00:00,2025,4,29,5,119,1,26,-16.4,6.1,0.0,0.0,3.27,40.63,Overcast / Moderate,19.2,0.0,38.96,10.91
2025-04-29 06:00:00,2025,4,29,6,119,1,27,-17.2,5.0,0.0,0.0,0.88,42.58,Overcast / Moderate,19.2,0.0,43.3,12.12
2025-04-29 07:00:00,2025,4,29,7,119,1,24,-17.0,7.5,0.0,0.0,10.0,46.67,Overcast / Moderate,19.2,0.0,38.27,10.72
2025-04-29 08:00:00,2025,4,29,8,119,1,25,-16.2,1.9,0.0,0.0,0.0,42.57,Overcast / Moderate,19.2,0.0,44.17,12.37
2025-04-29 09:00:00,2025,4,29,9,119,1,23,-17.0,8.8,0.0,0.0,21.41,49.25,Overcast / Moderate,19.2,0.0,29.44,8.24
2025-04-29 10:00:00,2025,4,29,10,119,1,26,-16.4,0.6,49.8,3.29,0.0,47.1,Overcast / Moderate,19.2,0.0,45.41,12.71
2025-04-29 11:00:00,2025,4,29,11,119,1,23,-16.4,4.7,73.8,4.84,0.54,45.99,Overcast / Moderate,19.2,0.0,42.21,11.82
2025-04-29 12:00:00,2025,4,29,12,119,1,25,-15.3,6.3,85.2,5.59,3.94,44.71,Overcast / Moderate,19.2,0.0,36.78,10.3
2025-04-29 13:00:00,2025,4,29,13,119,1,23,-15.0,5.3,69.5,4.51,1.34,40.62,Overcast / Moderate,19.2,0.0,36.37,10.18
2025-04-29 14:00:00,2025,4,29,14,119,1,24,-14.8,4.7,52.3,3.46,0.54,44.65,Overcast / Moderate,19.2,0.0,42.25,11.83
2025-04-29 15:00:00,2025,4,29,15,119,1,24,-15.2,9.9,0.0,0.0,36.05,46.59,Overcast / Moderate,19.2,0.0,15.0,4.2
2025-04-29 16:00:00,2025,4,29,16,119,1,24,-14.5,12.1,0.0,0.0,80.0,43.81,Overcast / Moderate,35.85,-36.19,0.0,0.0
2025-04-29 17:00:00,2025,4,29,17,119,1,24,-12.5,10.6,0.0,0.0,48.17,45.37,Overcast / Moderate,37.14,-2.8,0.0,0.0
2025-04-29 18:00:00,2025,4,29,18,119,1,24,-12.0,6.5,0.0,0.0,4.71,42.16,Overcast / Moderate,18.51,34.27,15.0,4.2
2025-04-29 19:00:00,2025,4,29,19,119,1,25,-13.1,10.8,0.0,0.0,52.08,45.23,Overcast / Moderate,21.66,-6.85,0.0,0.0
2025-04-29 20:00:00,2025,4,29,20,119,1,23,-13.1,11.7,0.0,0.0,72.26,42.52,Overcast / Moderate,35.34,-29.74,0.0,0.0
2025-04-29 21:00:00,2025,4,29,21,119,1,25,-13.2,5.5,0.0,0.0,1.71,44.52,Overcast / Moderate,18.67,30.68,15.0,4.2
2025-04-29 22:00:00,2025,4,29,22,119,1,26,-14.3,4.4,0.0,0.0,0.3,43.44,Overcast / Moderate,18.67,0.0,45.81,12.83
2025-04-29 23:00:00,2025,4,29,23,119,1,24,-15.9,2.5,0.0,0.0,0.0,39.34,Overcast / Moderate,18.67,0.0,42.01,11.76
2025-04-30 00:00:00,2025,4,30,0,120,2,24,-16.5,6.1,0.0,0.0,3.27,44.11,Overcast / Moderate,18.67,0.0,43.51,12.18
2025-04-30 01:00:00,2025,4,30,1,120,2,24,-15.8,12.5,0.0,0.0,80.0,44.61,Overcast / Moderate,34.95,-35.39,0.0,0.0
2025-04-30 02:00:00,2025,4,30,2,120,2,26,-16.0,6.8,0.0,0.0,6.02,48.02,Overcast / Moderate,18.7,29.89,15.0,4.2
2025-04-30 03:00:00,2025,4,30,3,120,2,25,-15.4,7.9,0.0,0.0,12.91,42.06,Overcast / Moderate,18.7,0.0,31.75,8.89
2025-04-30 04:00:00,2025,4,30,4,120,2,24,-15.3,2.7,0.0,0.0,0.0,36.35,Overcast / Moderate,18.7,0.0,38.95,10.91
2025-04-30 05:00:00,2025,4,30,5,120,2,25,-16.2,3.1,0.0,0.0,0.0,38.03,Overcast / Moderate,18.7,0.0,40.63,11.38
2025-04-30 06:00:00,2025,4,30,6,120,2,23,-14.8,6.0,0.0,0.0,2.96,38.79,Overcast / Moderate,18.7,0.0,38.43,10.76
2025-04-30 07:00:00,2025,4,30,7,120,2,25,-16.0,12.7,0.0,0.0,80.0,48.87,Overcast / Moderate,33.02,-31.13,0.0,0.0
2025-04-30 08:00:00,2025,4,30,8,120,2,25,-15.7,5.1,0.0,0.0,1.02,50.93,Overcast / Moderate,18.87,26.04,23.87,6.68
2025-04-30 09:00:00,2025,4,30,9,120,2,24,-16.3,10.7,0.0,0.0,50.1,44.53,Overcast / Moderate,21.43,-5.57,0.0,0.0
2025-04-30 10:00:00,2025,4,30,10,120,2,24,-14.1,2.8,47.1,3.11,0.0,44.03,Overcast / Moderate,19.88,2.86,38.06,10.66
2025-04-30 11:00:00,2025,4,30,11,120,2,24,-11.9,7.4,75.9,4.97,9.35,35.79,Overcast / Moderate,19.88,0.0,21.72,6.08
2025-04-30 12:00:00,2025,4,30,12,120,2,25,-11.8,7.2,62.1,3.93,8.13,44.15,Overcast / Moderate,19.88,0.0,32.34,9.05
2025-04-30 13:00:00,2025,4,30,13,120,2,26,-10.5,10.3,72.4,4.69,42.69,42.22,Overcast / Moderate,22.25,-5.16,0.0,0.0
2025-04-30 14:00:00,2025,4,30,14,120,2,24,-8.4,0.5,44.5,2.87,0.0,38.99,Overcast / Moderate,19.8,4.5,31.62,8.85
2025-04-30 15:00:00,2025,4,30,15,120,2,25,-7.7,5.6,0.0,0.0,1.93,37.03,Overcast / Moderate,19.8,0.0,35.49,9.94
2025-04-30 16:00:00,2025,4,30,16,120,2,22,-8.5,7.9,0.0,0.0,12.91,38.12,Overcast / Moderate,19.8,0.0,25.6,7.17
2025-04-30 17:00:00,2025,4,30,17,120,2,24,-9.6,18.6,0.0,0.0,80.0,37.16,High Wind Surge,38.2,-40.0,0.0,0.0
2025-04-30 18:00:00,2025,4,30,18,120,2,24,-10.8,11.0,0.0,0.0,56.19,39.27,Overcast / Moderate,45.99,-16.92,0.0,0.0
2025-04-30 19:00:00,2025,4,30,19,120,2,24,-11.2,11.2,0.0,0.0,60.51,38.54,Overcast / Moderate,56.09,-21.97,0.0,0.0
2025-04-30 20:00:00,2025,4,30,20,120,2,24,-13.3,17.8,0.0,0.0,80.0,40.75,High Wind Surge,74.15,-39.25,0.0,0.0
2025-04-30 21:00:00,2025,4,30,21,120,2,24,-13.7,19.3,0.0,0.0,80.0,40.71,High Wind Surge,92.22,-39.29,0.0,0.0
2025-04-30 22:00:00,2025,4,30,22,120,2,25,-14.4,24.1,0.0,0.0,80.0,42.58,Blizzard / Extreme Storm,94.78,-5.56,0.0,0.0
2025-04-30 23:00:00,2025,4,30,23,120,2,24,-14.8,27.8,0.0,0.0,0.0,38.35,Blizzard / Extreme Storm,73.94,38.35,0.0,0.0
2025-05-01 00:00:00,2025,5,1,0,121,3,22,-14.1,22.9,0.0,0.0,80.0,40.14,Blizzard / Extreme Storm,92.27,-39.86,0.0,0.0
2025-05-01 01:00:00,2025,5,1,1,121,3,22,-15.7,28.9,0.0,0.0,0.0,38.74,Blizzard / Extreme Storm,71.22,38.74,0.0,0.0
2025-05-01 02:00:00,2025,5,1,2,121,3,24,-15.3,26.0,0.0,0.0,0.0,38.96,Blizzard / Extreme Storm,50.04,38.96,0.0,0.0
2025-05-01 03:00:00,2025,5,1,3,121,3,25,-15.1,22.2,0.0,0.0,80.0,38.93,Blizzard / Extreme Storm,68.44,-40.0,0.0,0.0
2025-05-01 04:00:00,2025,5,1,4,121,3,22,-14.6,29.9,0.0,0.0,0.0,43.09,Blizzard / Extreme Storm,45.02,43.09,0.0,0.0
2025-05-01 05:00:00,2025,5,1,5,121,3,24,-14.6,25.7,0.0,0.0,0.0,40.61,Blizzard / Extreme Storm,22.95,40.61,0.0,0.0
2025-05-01 06:00:00,2025,5,1,6,121,3,24,-15.3,23.1,0.0,0.0,80.0,39.73,Blizzard / Extreme Storm,41.35,-40.0,0.0,0.0
2025-05-01 07:00:00,2025,5,1,7,121,3,26,-12.9,25.0,0.0,0.0,80.0,41.18,Blizzard / Extreme Storm,59.21,-38.82,0.0,0.0
2025-05-01 08:00:00,2025,5,1,8,121,3,24,-12.1,21.7,0.0,0.0,80.0,39.03,High Wind Surge,77.61,-40.0,0.0,0.0
2025-05-01 09:00:00,2025,5,1,9,121,3,25,-12.5,18.0,0.0,0.0,80.0,41.25,High Wind Surge,93.61,-34.78,0.0,0.0
2025-05-01 10:00:00,2025,5,1,10,121,3,25,-12.9,22.5,25.0,1.56,80.0,39.75,Blizzard / Extreme Storm,94.89,-2.78,0.0,0.0
2025-05-01 11:00:00,2025,5,1,11,121,3,22,-11.7,22.5,23.7,1.43,80.0,40.32,Blizzard / Extreme Storm,94.99,-0.22,0.0,0.0
2025-05-01 12:00:00,2025,5,1,12,121,3,25,-12.9,19.7,28.1,1.7,80.0,41.57,High Wind Surge,95.0,-0.02,0.0,0.0
2025-05-01 13:00:00,2025,5,1,13,121,3,25,-13.8,13.5,62.3,4.04,80.0,42.07,Overcast / Moderate,95.0,-0.0,0.0,0.0
2025-05-01 14:00:00,2025,5,1,14,121,3,25,-13.7,20.7,13.9,0.84,80.0,47.04,High Wind Surge,95.0,-0.0,0.0,0.0
2025-05-01 15:00:00,2025,5,1,15,121,3,28,-12.8,7.3,0.0,0.0,8.73,43.7,Polar Night,75.99,34.97,0.0,0.0
2025-05-01 16:00:00,2025,5,1,16,121,3,22,-12.7,8.9,0.0,0.0,22.54,41.7,Polar Night,65.58,19.16,0.0,0.0
2025-05-01 17:00:00,2025,5,1,17,121,3,26,-14.0,6.3,0.0,0.0,3.94,47.72,Polar Night,41.79,43.78,0.0,0.0
2025-05-01 18:00:00,2025,5,1,18,121,3,24,-13.3,1.8,0.0,0.0,0.0,39.9,Polar Night,20.1,39.9,0.0,0.0
2025-05-01 19:00:00,2025,5,1,19,121,3,25,-13.4,5.5,0.0,0.0,1.71,42.5,Polar Night,19.99,0.21,40.58,11.36
2025-05-01 20:00:00,2025,5,1,20,121,3,24,-13.5,7.4,0.0,0.0,9.35,39.57,Polar Night,19.99,0.0,30.24,8.47
2025-05-01 21:00:00,2025,5,1,21,121,3,24,-14.7,10.8,0.0,0.0,52.08,44.52,Polar Night,23.47,-7.56,0.0,0.0
2025-05-01 22:00:00,2025,5,1,22,121,3,24,-15.1,15.5,0.0,0.0,80.0,42.96,High Wind Surge,40.51,-37.04,0.0,0.0
2025-05-01 23:00:00,2025,5,1,23,121,3,25,-15.4,9.5,0.0,0.0,30.14,35.82,Polar Night,37.42,5.68,0.0,0.0
2025-05-02 00:00:00,2025,5,2,0,122,4,23,-14.5,6.0,0.0,0.0,2.96,42.93,Polar Night,18.49,34.84,15.0,4.2
2025-05-02 01:00:00,2025,5,2,1,122,4,25,-14.5,8.5,0.0,0.0,18.26,41.99,Polar Night,18.49,0.0,26.76,7.49
2025-05-02 02:00:00,2025,5,2,2,122,4,24,-15.5,10.1,0.0,0.0,39.28,41.84,Polar Night,18.49,0.0,15.0,4.2
2025-05-02 03:00:00,2025,5,2,3,122,4,23,-16.2,6.0,0.0,0.0,2.96,38.95,Polar Night,18.49,0.0,39.02,10.93
2025-05-02 04:00:00,2025,5,2,4,122,4,24,-17.2,9.2,0.0,0.0,26.15,44.95,Polar Night,18.49,0.0,21.83,6.11
2025-05-02 05:00:00,2025,5,2,5,122,4,26,-16.7,6.1,0.0,0.0,3.27,47.28,Polar Night,18.49,0.0,47.04,13.17
2025-05-02 06:00:00,2025,5,2,6,122,4,24,-17.9,5.3,0.0,0.0,1.34,42.53,Polar Night,18.49,0.0,44.22,12.38
2025-05-02 07:00:00,2025,5,2,7,122,4,25,-16.2,6.5,0.0,0.0,4.71,45.02,Polar Night,18.49,0.0,43.34,12.14
2025-05-02 08:00:00,2025,5,2,8,122,4,24,-17.2,7.9,0.0,0.0,12.91,46.28,Polar Night,18.49,0.0,36.4,10.19
2025-05-02 09:00:00,2025,5,2,9,122,4,25,-16.5,8.5,0.0,0.0,18.26,45.04,Polar Night,18.49,0.0,29.81,8.35
2025-05-02 10:00:00,2025,5,2,10,122,4,25,-15.4,5.1,38.3,2.54,1.02,44.77,Overcast / Moderate,18.49,0.0,44.24,12.39
2025-05-02 11:00:00,2025,5,2,11,122,4,26,-15.4,6.9,75.0,5.03,6.51,48.13,Overcast / Moderate,18.49,0.0,39.62,11.09
2025-05-02 12:00:00,2025,5,2,12,122,4,24,-15.1,11.4,68.8,4.49,65.04,44.48,Overcast / Moderate,30.01,-25.05,0.0,0.0
2025-05-02 13:00:00,2025,5,2,13,122,4,25,-16.8,14.1,59.2,3.87,80.0,46.99,High Wind Surge,46.97,-36.88,0.0,0.0
2025-05-02 14:00:00,2025,5,2,14,122,4,25,-16.1,3.9,36.2,2.39,0.08,50.82,Overcast / Moderate,20.7,48.35,0.0,0.0
2025-05-02 15:00:00,2025,5,2,15,122,4,26,-15.7,3.6,0.0,0.0,0.02,49.45,Polar Night,19.94,1.39,48.04,13.45
2025-05-02 16:00:00,2025,5,2,16,122,4,24,-14.6,11.7,0.0,0.0,72.26,41.65,Polar Night,34.02,-30.61,0.0,0.0
2025-05-02 17:00:00,2025,5,2,17,122,4,25,-14.4,12.9,0.0,0.0,80.0,48.83,Polar Night,48.36,-31.17,0.0,0.0
2025-05-02 18:00:00,2025,5,2,18,122,4,24,-13.1,11.9,0.0,0.0,77.36,46.59,Polar Night,62.51,-30.77,0.0,0.0
2025-05-02 19:00:00,2025,5,2,19,122,4,24,-12.4,18.4,0.0,0.0,80.0,46.36,High Wind Surge,77.99,-33.64,0.0,0.0
2025-05-02 20:00:00,2025,5,2,20,122,4,25,-11.3,25.1,0.0,0.0,0.0,40.58,Blizzard / Extreme Storm,55.93,40.58,0.0,0.0
2025-05-02 21:00:00,2025,5,2,21,122,4,25,-13.0,26.5,0.0,0.0,0.0,43.95,Blizzard / Extreme Storm,32.05,43.95,0.0,0.0
2025-05-02 22:00:00,2025,5,2,22,122,4,24,-14.4,24.2,0.0,0.0,80.0,39.94,Blizzard / Extreme Storm,50.45,-40.0,0.0,0.0
2025-05-02 23:00:00,2025,5,2,23,122,4,25,-13.8,24.0,0.0,0.0,80.0,40.99,Blizzard / Extreme Storm,68.39,-39.01,0.0,0.0
2025-05-03 00:00:00,2025,5,3,0,123,5,26,-15.0,24.1,0.0,0.0,80.0,46.18,Blizzard / Extreme Storm,83.95,-33.82,0.0,0.0
2025-05-03 01:00:00,2025,5,3,1,123,5,25,-14.3,19.4,0.0,0.0,80.0,41.41,High Wind Surge,94.12,-22.1,0.0,0.0
2025-05-03 02:00:00,2025,5,3,2,123,5,25,-14.2,19.9,0.0,0.0,80.0,36.68,High Wind Surge,94.93,-1.77,0.0,0.0
2025-05-03 03:00:00,2025,5,3,3,123,5,24,-12.8,11.5,0.0,0.0,67.39,38.79,Polar Night,94.99,-0.14,0.0,0.0
2025-05-03 04:00:00,2025,5,3,4,123,5,24,-12.9,13.4,0.0,0.0,80.0,38.16,Polar Night,95.0,-0.01,0.0,0.0
2025-05-03 05:00:00,2025,5,3,5,123,5,25,-14.2,8.6,0.0,0.0,19.27,45.46,Polar Night,80.77,26.19,0.0,0.0
2025-05-03 06:00:00,2025,5,3,6,123,5,25,-14.2,7.9,0.0,0.0,12.91,38.95,Polar Night,66.61,26.04,0.0,0.0
2025-05-03 07:00:00,2025,5,3,7,123,5,26,-15.8,7.6,0.0,0.0,10.68,44.85,Polar Night,48.04,34.17,0.0,0.0
2025-05-03 08:00:00,2025,5,3,8,123,5,24,-16.3,5.3,0.0,0.0,1.34,44.61,Polar Night,24.53,43.27,0.0,0.0
2025-05-03 09:00:00,2025,5,3,9,123,5,24,-16.7,0.7,0.0,0.0,0.0,49.84,Polar Night,19.61,9.05,40.79,11.42
2025-05-03 10:00:00,2025,5,3,10,123,5,23,-15.9,4.2,36.0,2.41,0.19,47.3,Overcast / Moderate,19.61,0.0,45.49,12.74
2025-05-03 11:00:00,2025,5,3,11,123,5,24,-14.7,7.5,64.9,4.3,10.0,45.76,Overcast / Moderate,19.61,0.0,32.25,9.03
2025-05-03 12:00:00,2025,5,3,12,123,5,25,-15.2,2.2,69.4,4.56,0.0,45.65,Overcast / Moderate,19.61,0.0,41.88,11.73
2025-05-03 13:00:00,2025,5,3,13,123,5,24,-13.4,2.7,64.8,4.28,0.0,43.91,Overcast / Moderate,19.61,0.0,40.42,11.32
2025-05-03 14:00:00,2025,5,3,14,123,5,25,-13.3,7.6,29.2,1.89,10.68,43.83,Overcast / Moderate,19.61,0.0,32.05,8.97
2025-05-03 15:00:00,2025,5,3,15,123,5,24,-12.0,8.8,0.0,0.0,21.41,47.46,Polar Night,19.61,0.0,26.84,7.51
2025-05-03 16:00:00,2025,5,3,16,123,5,25,-12.8,4.8,0.0,0.0,0.64,40.1,Polar Night,19.61,0.0,40.25,11.27
2025-05-03 17:00:00,2025,5,3,17,123,5,23,-12.8,6.2,0.0,0.0,3.6,35.66,Polar Night,19.61,0.0,32.85,9.2
2025-05-03 18:00:00,2025,5,3,18,123,5,25,-11.3,12.5,0.0,0.0,80.0,43.25,Polar Night,36.51,-36.75,0.0,0.0
2025-05-03 19:00:00,2025,5,3,19,123,5,22,-12.3,12.5,0.0,0.0,80.0,45.36,Polar Night,52.45,-34.64,0.0,0.0
2025-05-03 20:00:00,2025,5,3,20,123,5,24,-11.6,4.7,0.0,0.0,0.54,42.48,Polar Night,29.65,41.94,0.0,0.0
2025-05-03 21:00:00,2025,5,3,21,123,5,23,-12.2,9.5,0.0,0.0,30.14,37.17,Polar Night,25.83,7.03,0.0,0.0
2025-05-03 22:00:00,2025,5,3,22,123,5,26,-11.2,7.1,0.0,0.0,7.56,40.81,Polar Night,19.49,11.66,21.59,6.04
2025-05-03 23:00:00,2025,5,3,23,123,5,25,-11.6,14.0,0.0,0.0,80.0,36.37,High Wind Surge,37.89,-40.0,0.0,0.0
2025-05-04 00:00:00,2025,5,4,0,124,6,25,-12.0,6.1,0.0,0.0,3.27,36.12,Polar Night,20.04,32.85,0.0,0.0
2025-05-04 01:00:00,2025,5,4,1,124,6,26,-13.0,9.1,0.0,0.0,24.91,37.85,Polar Night,20.0,0.08,15.0,4.2
2025-05-04 02:00:00,2025,5,4,2,124,6,24,-14.0,9.0,0.0,0.0,23.7,36.6,Polar Night,20.0,0.0,15.0,4.2
2025-05-04 03:00:00,2025,5,4,3,124,6,26,-14.5,6.3,0.0,0.0,3.94,41.93,Polar Night,20.0,0.0,38.0,10.64
2025-05-04 04:00:00,2025,5,4,4,124,6,25,-15.6,9.3,0.0,0.0,27.44,40.41,Polar Night,20.0,0.0,15.0,4.2
2025-05-04 05:00:00,2025,5,4,5,124,6,24,-14.7,4.2,0.0,0.0,0.19,37.82,Polar Night,20.0,0.0,37.64,10.54
2025-05-04 06:00:00,2025,5,4,6,124,6,26,-15.1,2.8,0.0,0.0,0.0,47.82,Polar Night,20.0,0.0,47.83,13.39
2025-05-04 07:00:00,2025,5,4,7,124,6,23,-14.6,5.7,0.0,0.0,2.16,42.59,Polar Night,20.0,0.0,40.44,11.32
2025-05-04 08:00:00,2025,5,4,8,124,6,24,-14.9,12.4,0.0,0.0,80.0,44.62,Polar Night,36.27,-35.38,0.0,0.0
2025-05-04 09:00:00,2025,5,4,9,124,6,24,-15.0,6.3,0.0,0.0,3.94,48.46,Polar Night,18.59,32.54,15.0,4.2
2025-05-04 10:00:00,2025,5,4,10,124,6,24,-13.5,7.5,0.0,0.0,10.0,45.14,Polar Night,18.59,0.0,37.97,10.63
2025-05-04 11:00:00,2025,5,4,11,124,6,23,-14.8,7.4,55.4,3.64,9.35,48.84,Overcast / Moderate,18.59,0.0,38.68,10.83
2025-05-04 12:00:00,2025,5,4,12,124,6,26,-14.2,3.0,61.3,3.99,0.0,42.92,Overcast / Moderate,18.59,0.0,41.76,11.69
2025-05-04 13:00:00,2025,5,4,13,124,6,24,-12.7,5.4,49.3,3.18,1.52,45.46,Overcast / Moderate,18.59,0.0,43.59,12.21
2025-05-04 14:00:00,2025,5,4,14,124,6,25,-12.7,8.3,0.0,0.0,16.34,44.42,Polar Night,18.59,0.0,30.91,8.65
2025-05-04 15:00:00,2025,5,4,15,124,6,24,-11.6,13.8,0.0,0.0,80.0,44.51,Polar Night,34.91,-35.49,0.0,0.0
2025-05-04 16:00:00,2025,5,4,16,124,6,23,-13.0,3.3,0.0,0.0,0.0,44.83,Polar Night,18.7,29.82,15.01,4.2
2025-05-04 17:00:00,2025,5,4,17,124,6,25,-11.2,5.5,0.0,0.0,1.71,40.14,Polar Night,18.7,0.0,41.02,11.49
2025-05-04 18:00:00,2025,5,4,18,124,6,23,-11.1,2.5,0.0,0.0,0.0,48.36,Polar Night,18.7,0.0,50.95,14.27
2025-05-04 19:00:00,2025,5,4,19,124,6,24,-12.1,4.1,0.0,0.0,0.15,36.74,Polar Night,18.7,0.0,39.18,10.97
2025-05-04 20:00:00,2025,5,4,20,124,6,23,-12.4,5.2,0.0,0.0,1.17,40.11,Polar Night,18.7,0.0,41.53,11.63
2025-05-04 21:00:00,2025,5,4,21,124,6,26,-13.0,6.7,0.0,0.0,5.56,45.47,Polar Night,18.7,0.0,42.5,11.9
2025-05-04 22:00:00,2025,5,4,22,124,6,25,-12.7,4.0,0.0,0.0,0.11,40.58,Polar Night,18.7,0.0,43.06,12.06
2025-05-04 23:00:00,2025,5,4,23,124,6,25,-13.1,3.9,0.0,0.0,0.08,40.49,Polar Night,18.7,0.0,43.0,12.04
2025-05-05 00:00:00,2025,5,5,0,125,0,26,-14.5,9.1,0.0,0.0,24.91,43.21,Polar Night,18.7,0.0,20.89,5.85
2025-05-05 01:00:00,2025,5,5,1,125,0,24,-14.4,13.2,0.0,0.0,80.0,38.81,Polar Night,37.1,-40.0,0.0,0.0
2025-05-05 02:00:00,2025,5,5,2,125,0,25,-14.0,4.8,0.0,0.0,0.64,42.93,Polar Night,18.51,34.21,15.0,4.2
2025-05-05 03:00:00,2025,5,5,3,125,0,25,-14.0,8.1,0.0,0.0,14.56,40.51,Polar Night,18.51,0.0,28.92,8.1
2025-05-05 04:00:00,2025,5,5,4,125,0,25,-13.9,4.2,0.0,0.0,0.19,44.26,Polar Night,18.51,0.0,47.04,13.17
2025-05-05 05:00:00,2025,5,5,5,125,0,26,-15.0,11.9,0.0,0.0,77.36,41.04,Polar Night,35.22,-36.32,0.0,0.0
2025-05-05 06:00:00,2025,5,5,6,125,0,25,-13.7,7.9,0.0,0.0,12.91,41.78,Polar Night,19.53,28.87,0.0,0.0
2025-05-05 07:00:00,2025,5,5,7,125,0,25,-13.3,9.4,0.0,0.0,28.77,45.24,Polar Night,19.53,0.0,17.41,4.87
2025-05-05 08:00:00,2025,5,5,8,125,0,23,-12.9,1.8,0.0,0.0,0.0,44.91,Polar Night,19.53,0.0,45.85,12.84
2025-05-05 09:00:00,2025,5,5,9,125,0,24,-14.4,7.2,0.0,0.0,8.13,44.21,Polar Night,19.53,0.0,37.02,10.37
2025-05-05 10:00:00,2025,5,5,10,125,0,24,-14.0,6.5,0.0,0.0,4.71,43.1,Polar Night,19.53,0.0,39.33,11.01
2025-05-05 11:00:00,2025,5,5,11,125,0,25,-14.8,4.5,52.4,3.45,0.37,42.83,Overcast / Moderate,19.53,0.0,39.95,11.19
2025-05-05 12:00:00,2025,5,5,12,125,0,23,-14.7,4.3,59.5,3.9,0.24,45.21,Overcast / Moderate,19.53,0.0,42.01,11.76
2025-05-05 13:00:00,2025,5,5,13,125,0,27,-14.1,7.0,59.6,3.98,7.02,40.19,Overcast / Moderate,19.53,0.0,30.13,8.44
2025-05-05 14:00:00,2025,5,5,14,125,0,26,-14.8,8.3,0.0,0.0,16.34,45.89,Polar Night,19.53,0.0,30.49,8.54
2025-05-05 15:00:00,2025,5,5,15,125,0,25,-13.1,1.5,0.0,0.0,0.0,44.45,Polar Night,19.53,0.0,45.39,12.71
2025-05-05 16:00:00,2025,5,5,16,125,0,25,-13.7,6.9,0.0,0.0,6.51,48.63,Polar Night,19.53,0.0,43.06,12.06
2025-05-05 17:00:00,2025,5,5,17,125,0,24,-12.0,3.4,0.0,0.0,0.01,40.67,Polar Night,19.53,0.0,41.6,11.65
2025-05-05 18:00:00,2025,5,5,18,125,0,24,-12.4,3.1,0.0,0.0,0.0,43.09,Polar Night,19.53,0.0,44.03,12.33
2025-05-05 19:00:00,2025,5,5,19,125,0,25,-12.4,7.4,0.0,0.0,9.35,43.36,Polar Night,19.53,0.0,34.95,9.79
2025-05-05 20:00:00,2025,5,5,20,125,0,25,-11.8,4.7,0.0,0.0,0.54,39.75,Polar Night,19.53,0.0,40.15,11.24
2025-05-05 21:00:00,2025,5,5,21,125,0,23,-11.7,5.8,0.0,0.0,2.41,41.73,Polar Night,19.53,0.0,40.26,11.27
2025-05-05 22:00:00,2025,5,5,22,125,0,25,-11.4,5.1,0.0,0.0,1.02,35.53,Polar Night,19.53,0.0,35.45,9.93
2025-05-05 23:00:00,2025,5,5,23,125,0,24,-11.8,7.7,0.0,0.0,11.39,41.38,Polar Night,19.53,0.0,30.93,8.66
2025-05-06 00:00:00,2025,5,6,0,126,1,23,-13.0,6.0,0.0,0.0,2.96,41.13,Polar Night,19.53,0.0,39.11,10.95
2025-05-06 01:00:00,2025,5,6,1,126,1,24,-14.0,13.3,0.0,0.0,80.0,41.7,Polar Night,37.15,-38.3,0.0,0.0
2025-05-06 02:00:00,2025,5,6,2,126,1,24,-14.3,5.0,0.0,0.0,0.88,39.25,Polar Night,18.51,34.3,15.0,4.2
2025-05-06 03:00:00,2025,5,6,3,126,1,26,-14.1,8.6,0.0,0.0,19.27,44.67,Polar Night,18.51,0.0,28.38,7.95
2025-05-06 04:00:00,2025,5,6,4,126,1,25,-14.2,4.2,0.0,0.0,0.19,38.27,Polar Night,18.51,0.0,41.06,11.5
2025-05-06 05:00:00,2025,5,6,5,126,1,23,-15.3,6.4,0.0,0.0,4.31,41.51,Polar Night,18.51,0.0,40.18,11.25
2025-05-06 06:00:00,2025,5,6,6,126,1,25,-14.1,6.8,0.0,0.0,6.02,37.99,Polar Night,18.51,0.0,34.95,9.79
2025-05-06 07:00:00,2025,5,6,7,126,1,23,-14.7,4.8,0.0,0.0,0.64,43.54,Polar Night,18.51,0.0,45.88,12.85
2025-05-06 08:00:00,2025,5,6,8,126,1,26,-15.6,6.1,0.0,0.0,3.27,48.89,Polar Night,18.51,0.0,48.6,13.61
2025-05-06 09:00:00,2025,5,6,9,126,1,24,-15.5,4.4,0.0,0.0,0.3,46.13,Polar Night,18.51,0.0,48.81,13.67
2025-05-06 10:00:00,2025,5,6,10,126,1,24,-14.8,0.7,0.0,0.0,0.0,42.12,Polar Night,18.51,0.0,45.1,12.63
2025-05-06 11:00:00,2025,5,6,11,126,1,26,-13.8,3.8,47.7,3.13,0.06,43.06,Overcast / Moderate,18.51,0.0,42.85,12.0
2025-05-06 12:00:00,2025,5,6,12,126,1,23,-12.9,8.2,62.3,4.12,15.43,41.7,Overcast / Moderate,18.51,0.0,25.13,7.04
2025-05-06 13:00:00,2025,5,6,13,126,1,23,-12.5,9.0,54.7,3.63,23.7,40.26,Overcast / Moderate,18.51,0.0,15.91,4.46
2025-05-06 14:00:00,2025,5,6,14,126,1,24,-12.1,4.4,0.0,0.0,0.3,43.08,Polar Night,18.51,0.0,45.76,12.81
2025-05-06 15:00:00,2025,5,6,15,126,1,26,-12.6,5.5,0.0,0.0,1.71,48.92,Polar Night,18.51,0.0,50.19,14.05
2025-05-06 16:00:00,2025,5,6,16,126,1,23,-13.1,1.6,0.0,0.0,0.0,41.4,Polar Night,18.51,0.0,44.38,12.43
2025-05-06 17:00:00,2025,5,6,17,126,1,22,-13.9,4.0,0.0,0.0,0.11,47.88,Polar Night,18.51,0.0,50.75,14.21
2025-05-06 18:00:00,2025,5,6,18,126,1,24,-14.8,9.1,0.0,0.0,24.91,44.41,Polar Night,18.51,0.0,22.48,6.3
2025-05-06 19:00:00,2025,5,6,19,126,1,25,-14.9,7.3,0.0,0.0,8.73,45.65,Polar Night,18.51,0.0,39.9,11.17
2025-05-06 20:00:00,2025,5,6,20,126,1,26,-15.3,3.7,0.0,0.0,0.04,46.14,Polar Night,18.51,0.0,49.08,13.74
2025-05-06 21:00:00,2025,5,6,21,126,1,24,-15.7,4.2,0.0,0.0,0.19,40.85,Polar Night,18.51,0.0,43.64,12.22
2025-05-06 22:00:00,2025,5,6,22,126,1,24,-16.3,9.6,0.0,0.0,31.55,43.48,Polar Night,18.51,0.0,15.0,4.2
2025-05-06 23:00:00,2025,5,6,23,126,1,26,-15.8,3.8,0.0,0.0,0.06,36.32,Polar Night,18.51,0.0,39.24,10.99
2025-05-07 00:00:00,2025,5,7,0,127,2,23,-16.2,4.9,0.0,0.0,0.75,42.58,Polar Night,18.51,0.0,44.81,12.55
2025-05-07 01:00:00,2025,5,7,1,127,2,24,-15.3,7.8,0.0,0.0,12.14,42.0,Polar Night,18.51,0.0,32.84,9.2
2025-05-07 02:00:00,2025,5,7,2,127,2,25,-13.4,6.8,0.0,0.0,6.02,36.55,Polar Night,18.51,0.0,33.51,9.38
2025-05-07 03:00:00,2025,5,7,3,127,2,25,-12.7,6.0,0.0,0.0,2.96,40.02,Polar Night,18.51,0.0,40.04,11.21
2025-05-07 04:00:00,2025,5,7,4,127,2,24,-12.9,11.2,0.0,0.0,60.51,39.06,Polar Night,28.38,-21.45,0.0,0.0
2025-05-07 05:00:00,2025,5,7,5,127,2,25,-12.2,3.9,0.0,0.0,0.08,39.1,Polar Night,19.27,16.75,22.27,6.24
2025-05-07 06:00:00,2025,5,7,6,127,2,22,-10.8,8.7,0.0,0.0,20.32,37.43,Polar Night,19.27,0.0,18.57,5.2
2025-05-07 07:00:00,2025,5,7,7,127,2,24,-11.3,3.3,0.0,0.0,0.0,40.32,Polar Night,19.27,0.0,41.78,11.7
2025-05-07 08:00:00,2025,5,7,8,127,2,25,-11.3,7.3,0.0,0.0,8.73,42.33,Polar Night,19.27,0.0,35.06,9.82
2025-05-07 09:00:00,2025,5,7,9,127,2,24,-11.8,10.5,0.0,0.0,46.3,44.33,Polar Night,20.18,-1.97,0.0,0.0
2025-05-07 10:00:00,2025,5,7,10,127,2,25,-11.8,5.9,0.0,0.0,2.68,41.92,Polar Night,19.98,0.36,38.88,10.89
2025-05-07 11:00:00,2025,5,7,11,127,2,25,-13.0,8.5,35.7,2.29,18.26,43.29,Overcast / Moderate,19.98,0.0,22.77,6.38
2025-05-07 12:00:00,2025,5,7,12,127,2,24,-12.8,9.7,45.1,2.9,33.01,44.54,Overcast / Moderate,19.98,0.0,15.0,4.2
2025-05-07 13:00:00,2025,5,7,13,127,2,25,-13.5,3.0,40.0,2.6,0.0,49.47,Overcast / Moderate,19.98,0.0,46.9,13.13
2025-05-07 14:00:00,2025,5,7,14,127,2,24,-14.2,8.3,0.0,0.0,16.34,43.49,Polar Night,19.98,0.0,27.18,7.61
2025-05-07 15:00:00,2025,5,7,15,127,2,24,-13.8,11.7,0.0,0.0,72.26,39.41,Polar Night,35.1,-32.85,0.0,0.0
2025-05-07 16:00:00,2025,5,7,16,127,2,25,-13.0,7.0,0.0,0.0,7.02,41.17,Polar Night,18.69,30.19,15.0,4.2
2025-05-07 17:00:00,2025,5,7,17,127,2,25,-12.9,3.5,0.0,0.0,0.01,44.85,Polar Night,18.69,0.0,47.47,13.29
2025-05-07 18:00:00,2025,5,7,18,127,2,24,-13.9,2.9,0.0,0.0,0.0,47.53,Polar Night,18.69,0.0,50.16,14.04
2025-05-07 19:00:00,2025,5,7,19,127,2,25,-13.5,4.2,0.0,0.0,0.19,41.43,Polar Night,18.69,0.0,43.87,12.28
2025-05-07 20:00:00,2025,5,7,20,127,2,25,-14.5,2.6,0.0,0.0,0.0,44.43,Polar Night,18.69,0.0,47.06,13.18
2025-05-07 21:00:00,2025,5,7,21,127,2,22,-14.6,6.4,0.0,0.0,4.31,43.62,Polar Night,18.69,0.0,41.94,11.74
2025-05-07 22:00:00,2025,5,7,22,127,2,26,-13.8,2.1,0.0,0.0,0.0,38.97,Polar Night,18.69,0.0,41.6,11.65
2025-05-07 23:00:00,2025,5,7,23,127,2,24,-13.1,3.9,0.0,0.0,0.08,43.78,Polar Night,18.69,0.0,46.33,12.97
2025-05-08 00:00:00,2025,5,8,0,128,3,25,-13.8,5.8,0.0,0.0,2.41,43.59,Polar Night,18.69,0.0,43.81,12.27
2025-05-08 01:00:00,2025,5,8,1,128,3,26,-14.3,6.1,0.0,0.0,3.27,42.13,Polar Night,18.69,0.0,41.49,11.62
2025-05-08 02:00:00,2025,5,8,2,128,3,23,-13.7,6.9,0.0,0.0,6.51,39.13,Polar Night,18.69,0.0,35.25,9.87
2025-05-08 03:00:00,2025,5,8,3,128,3,24,-12.9,8.3,0.0,0.0,16.34,42.19,Polar Night,18.69,0.0,28.48,7.97
2025-05-08 04:00:00,2025,5,8,4,128,3,24,-13.1,1.8,0.0,0.0,0.0,41.23,Polar Night,18.69,0.0,43.86,12.28
2025-05-08 05:00:00,2025,5,8,5,128,3,24,-13.2,2.3,0.0,0.0,0.0,38.93,Polar Night,18.69,0.0,41.56,11.64
2025-05-08 06:00:00,2025,5,8,6,128,3,26,-12.1,2.0,0.0,0.0,0.0,42.05,Polar Night,18.69,0.0,44.68,12.51
2025-05-08 07:00:00,2025,5,8,7,128,3,24,-11.0,5.6,0.0,0.0,1.93,42.49,Polar Night,18.69,0.0,43.19,12.09
2025-05-08 08:00:00,2025,5,8,8,128,3,24,-10.6,1.7,0.0,0.0,0.0,37.12,Polar Night,18.69,0.0,39.75,11.13
2025-05-08 09:00:00,2025,5,8,9,128,3,25,-11.0,11.0,0.0,0.0,56.19,39.44,Polar Night,26.39,-16.75,0.0,0.0
2025-05-08 10:00:00,2025,5,8,10,128,3,23,-11.5,8.4,0.0,0.0,17.28,38.27,Polar Night,19.44,12.78,15.0,4.2
2025-05-08 11:00:00,2025,5,8,11,128,3,24,-12.5,18.9,23.1,1.44,80.0,45.27,High Wind Surge,36.08,-36.17,0.0,0.0
2025-05-08 12:00:00,2025,5,8,12,128,3,25,-12.5,14.9,51.0,3.35,80.0,41.29,High Wind Surge,54.48,-40.0,0.0,0.0
2025-05-08 13:00:00,2025,5,8,13,128,3,24,-11.9,16.4,39.0,2.54,80.0,43.81,High Wind Surge,72.3,-38.73,0.0,0.0
2025-05-08 14:00:00,2025,5,8,14,128,3,24,-12.5,21.5,0.0,0.0,80.0,48.12,High Wind Surge,86.96,-31.88,0.0,0.0
2025-05-08 15:00:00,2025,5,8,15,128,3,24,-12.4,22.2,0.0,0.0,80.0,44.61,Blizzard / Extreme Storm,94.36,-16.07,0.0,0.0
2025-05-08 16:00:00,2025,5,8,16,128,3,23,-11.1,22.5,0.0,0.0,80.0,40.25,Blizzard / Extreme Storm,94.95,-1.29,0.0,0.0
2025-05-08 17:00:00,2025,5,8,17,128,3,25,-10.3,28.4,0.0,0.0,0.0,39.53,Blizzard / Extreme Storm,73.46,39.53,0.0,0.0
2025-05-08 18:00:00,2025,5,8,18,128,3,26,-11.3,22.8,0.0,0.0,80.0,41.72,Blizzard / Extreme Storm,91.07,-38.28,0.0,0.0
2025-05-08 19:00:00,2025,5,8,19,128,3,25,-12.1,27.2,0.0,0.0,0.0,40.17,Blizzard / Extreme Storm,69.24,40.17,0.0,0.0
2025-05-08 20:00:00,2025,5,8,20,128,3,25,-11.9,23.2,0.0,0.0,80.0,39.73,Blizzard / Extreme Storm,87.64,-40.0,0.0,0.0
2025-05-08 21:00:00,2025,5,8,21,128,3,25,-12.9,27.9,0.0,0.0,0.0,41.33,Blizzard / Extreme Storm,65.18,41.33,0.0,0.0
2025-05-08 22:00:00,2025,5,8,22,128,3,23,-13.8,21.9,0.0,0.0,80.0,41.59,High Wind Surge,82.85,-38.41,0.0,0.0
2025-05-08 23:00:00,2025,5,8,23,128,3,26,-14.8,21.6,0.0,0.0,80.0,40.34,High Wind Surge,94.03,-24.3,0.0,0.0
2025-05-09 00:00:00,2025,5,9,0,129,4,25,-15.3,24.2,0.0,0.0,80.0,41.25,Blizzard / Extreme Storm,94.92,-1.94,0.0,0.0
2025-05-09 01:00:00,2025,5,9,1,129,4,26,-15.5,19.0,0.0,0.0,80.0,43.34,High Wind Surge,94.99,-0.16,0.0,0.0
2025-05-09 02:00:00,2025,5,9,2,129,4,24,-15.2,17.8,0.0,0.0,80.0,43.34,High Wind Surge,95.0,-0.01,0.0,0.0
2025-05-09 03:00:00,2025,5,9,3,129,4,26,-14.7,17.0,0.0,0.0,80.0,36.75,High Wind Surge,95.0,-0.0,0.0,0.0
2025-05-09 04:00:00,2025,5,9,4,129,4,25,-13.8,18.5,0.0,0.0,80.0,36.38,High Wind Surge,95.0,-0.0,0.0,0.0
2025-05-09 05:00:00,2025,5,9,5,129,4,25,-12.8,19.6,0.0,0.0,80.0,38.97,High Wind Surge,95.0,-0.0,0.0,0.0
2025-05-09 06:00:00,2025,5,9,6,129,4,25,-11.5,14.6,0.0,0.0,80.0,36.17,High Wind Surge,95.0,-0.0,0.0,0.0
2025-05-09 07:00:00,2025,5,9,7,129,4,24,-11.9,14.3,0.0,0.0,80.0,44.38,High Wind Surge,95.0,-0.0,0.0,0.0
2025-05-09 08:00:00,2025,5,9,8,129,4,26,-11.3,8.9,0.0,0.0,22.54,41.33,Polar Night,84.79,18.79,0.0,0.0
2025-05-09 09:00:00,2025,5,9,9,129,4,25,-11.7,2.1,0.0,0.0,0.0,46.94,Polar Night,59.28,46.94,0.0,0.0
2025-05-09 10:00:00,2025,5,9,10,129,4,23,-12.5,2.6,0.0,0.0,0.0,41.13,Polar Night,36.92,41.13,0.0,0.0
2025-05-09 11:00:00,2025,5,9,11,129,4,23,-12.5,6.8,31.2,2.01,6.02,43.12,Overcast / Moderate,18.53,33.85,15.0,4.2
2025-05-09 12:00:00,2025,5,9,12,129,4,24,-12.1,4.8,39.8,2.56,0.64,40.73,Overcast / Moderate,18.53,0.0,40.47,11.33
2025-05-09 13:00:00,2025,5,9,13,129,4,25,-12.2,3.9,36.7,2.4,0.08,44.04,Overcast / Moderate,18.53,0.0,44.5,12.46
2025-05-09 14:00:00,2025,5,9,14,129,4,24,-13.9,6.0,0.0,0.0,2.96,45.02,Polar Night,18.53,0.0,45.0,12.6
2025-05-09 15:00:00,2025,5,9,15,129,4,26,-13.6,7.8,0.0,0.0,12.14,46.43,Polar Night,18.53,0.0,37.23,10.43
2025-05-09 16:00:00,2025,5,9,16,129,4,23,-13.4,5.3,0.0,0.0,1.34,42.69,Polar Night,18.53,0.0,44.29,12.4
2025-05-09 17:00:00,2025,5,9,17,129,4,25,-13.3,9.4,0.0,0.0,28.77,46.82,Polar Night,18.53,0.0,20.99,5.88
2025-05-09 18:00:00,2025,5,9,18,129,4,23,-13.3,8.6,0.0,0.0,19.27,43.7,Polar Night,18.53,0.0,27.37,7.66
2025-05-09 19:00:00,2025,5,9,19,129,4,25,-12.4,8.6,0.0,0.0,19.27,41.36,Polar Night,18.53,0.0,25.03,7.01
2025-05-09 20:00:00,2025,5,9,20,129,4,24,-11.5,14.9,0.0,0.0,80.0,40.35,High Wind Surge,36.77,-39.65,0.0,0.0
2025-05-09 21:00:00,2025,5,9,21,129,4,25,-12.9,4.5,0.0,0.0,0.37,45.16,Polar Night,18.54,33.53,15.0,4.2
2025-05-09 22:00:00,2025,5,9,22,129,4,24,-13.5,7.6,0.0,0.0,10.68,43.41,Polar Night,18.54,0.0,35.65,9.98
2025-05-09 23:00:00,2025,5,9,23,129,4,26,-13.1,10.3,0.0,0.0,42.69,37.57,Polar Night,20.9,-5.12,0.0,0.0
2025-05-10 00:00:00,2025,5,10,0,130,5,26,-14.2,7.0,0.0,0.0,7.02,43.07,Polar Night,19.92,1.79,34.26,9.59
2025-05-10 01:00:00,2025,5,10,1,130,5,25,-14.5,9.3,0.0,0.0,27.44,37.49,Polar Night,19.92,0.0,15.0,4.2
2025-05-10 02:00:00,2025,5,10,2,130,5,24,-14.0,5.6,0.0,0.0,1.93,39.08,Polar Night,19.92,0.0,37.31,10.45
2025-05-10 03:00:00,2025,5,10,3,130,5,25,-13.2,7.1,0.0,0.0,7.56,41.46,Polar Night,19.92,0.0,34.06,9.54
2025-05-10 04:00:00,2025,5,10,4,130,5,24,-12.7,1.9,0.0,0.0,0.0,37.53,Polar Night,19.92,0.0,37.69,10.55
2025-05-10 05:00:00,2025,5,10,5,130,5,25,-12.3,14.9,0.0,0.0,80.0,43.22,High Wind Surge,36.84,-36.78,0.0,0.0
2025-05-10 06:00:00,2025,5,10,6,130,5,26,-12.1,9.4,0.0,0.0,28.77,41.14,Polar Night,30.12,12.37,0.0,0.0
2025-05-10 07:00:00,2025,5,10,7,130,5,26,-12.6,10.5,0.0,0.0,46.3,40.51,Polar Night,32.78,-5.79,0.0,0.0
2025-05-10 08:00:00,2025,5,10,8,130,5,24,-12.8,8.1,0.0,0.0,14.56,44.56,Polar Night,18.89,25.56,15.0,4.2
2025-05-10 09:00:00,2025,5,10,9,130,5,25,-13.3,3.5,0.0,0.0,0.01,40.34,Polar Night,18.89,0.0,42.55,11.91
2025-05-10 10:00:00,2025,5,10,10,130,5,23,-13.3,1.4,0.0,0.0,0.0,42.96,Polar Night,18.89,0.0,45.18,12.65
2025-05-10 11:00:00,2025,5,10,11,130,5,25,-13.8,10.4,30.0,1.95,44.47,46.21,Overcast / Moderate,18.99,-0.21,0.0,0.0
2025-05-10 12:00:00,2025,5,10,12,130,5,25,-12.6,5.4,38.7,2.51,1.52,44.89,Overcast / Moderate,18.99,0.0,42.89,12.01
2025-05-10 13:00:00,2025,5,10,13,130,5,23,-11.9,4.3,32.5,2.13,0.24,41.68,Overcast / Moderate,18.99,0.0,41.34,11.58
2025-05-10 14:00:00,2025,5,10,14,130,5,23,-11.5,6.8,0.0,0.0,6.02,40.74,Polar Night,18.99,0.0,36.75,10.29
2025-05-10 15:00:00,2025,5,10,15,130,5,24,-10.7,5.6,0.0,0.0,1.93,38.45,Polar Night,18.99,0.0,38.55,10.79
2025-05-10 16:00:00,2025,5,10,16,130,5,24,-11.1,7.7,0.0,0.0,11.39,42.1,Polar Night,18.99,0.0,32.74,9.17
2025-05-10 17:00:00,2025,5,10,17,130,5,23,-12.3,9.0,0.0,0.0,23.7,44.21,Polar Night,18.99,0.0,22.54,6.31
2025-05-10 18:00:00,2025,5,10,18,130,5,25,-13.5,13.7,0.0,0.0,80.0,48.95,Polar Night,33.27,-31.05,0.0,0.0
2025-05-10 19:00:00,2025,5,10,19,130,5,25,-13.7,18.4,0.0,0.0,80.0,42.8,High Wind Surge,50.38,-37.2,0.0,0.0
2025-05-10 20:00:00,2025,5,10,20,130,5,24,-13.9,14.2,0.0,0.0,80.0,45.86,High Wind Surge,66.08,-34.14,0.0,0.0
2025-05-10 21:00:00,2025,5,10,21,130,5,24,-13.9,17.6,0.0,0.0,80.0,45.66,High Wind Surge,81.88,-34.34,0.0,0.0
2025-05-10 22:00:00,2025,5,10,22,130,5,26,-13.8,20.3,0.0,0.0,80.0,39.71,High Wind Surge,93.95,-26.24,0.0,0.0
2025-05-10 23:00:00,2025,5,10,23,130,5,26,-13.2,29.2,0.0,0.0,0.0,42.25,Blizzard / Extreme Storm,70.99,42.25,0.0,0.0
2025-05-11 00:00:00,2025,5,11,0,131,6,24,-13.4,22.3,0.0,0.0,80.0,38.13,Blizzard / Extreme Storm,89.39,-40.0,0.0,0.0
2025-05-11 01:00:00,2025,5,11,1,131,6,24,-13.3,23.1,0.0,0.0,80.0,40.74,Blizzard / Extreme Storm,94.55,-11.22,0.0,0.0
2025-05-11 02:00:00,2025,5,11,2,131,6,25,-13.5,25.7,0.0,0.0,0.0,39.93,Blizzard / Extreme Storm,72.85,39.93,0.0,0.0
2025-05-11 03:00:00,2025,5,11,3,131,6,24,-12.7,23.4,0.0,0.0,80.0,40.75,Blizzard / Extreme Storm,90.9,-39.25,0.0,0.0
2025-05-11 04:00:00,2025,5,11,4,131,6,24,-12.8,29.8,0.0,0.0,0.0,41.03,Blizzard / Extreme Storm,68.61,41.03,0.0,0.0
2025-05-11 05:00:00,2025,5,11,5,131,6,25,-12.8,27.1,0.0,0.0,0.0,38.61,Blizzard / Extreme Storm,47.62,38.61,0.0,0.0
2025-05-11 06:00:00,2025,5,11,6,131,6,23,-12.6,21.0,0.0,0.0,80.0,39.33,High Wind Surge,66.02,-40.0,0.0,0.0
2025-05-11 07:00:00,2025,5,11,7,131,6,26,-13.0,20.4,0.0,0.0,80.0,43.44,High Wind Surge,82.84,-36.56,0.0,0.0
2025-05-11 08:00:00,2025,5,11,8,131,6,25,-13.0,12.5,0.0,0.0,80.0,40.69,Polar Night,94.03,-24.32,0.0,0.0
2025-05-11 09:00:00,2025,5,11,9,131,6,24,-12.1,16.3,0.0,0.0,80.0,41.47,High Wind Surge,94.92,-1.95,0.0,0.0
2025-05-11 10:00:00,2025,5,11,10,131,6,24,-12.4,13.8,0.0,0.0,80.0,41.17,Polar Night,94.99,-0.16,0.0,0.0
2025-05-11 11:00:00,2025,5,11,11,131,6,24,-12.2,7.9,0.0,0.0,12.91,39.65,Polar Night,80.46,26.74,0.0,0.0
2025-05-11 12:00:00,2025,5,11,12,131,6,23,-12.2,3.9,34.8,2.25,0.08,40.11,Overcast / Moderate,59.93,37.78,0.0,0.0
2025-05-11 13:00:00,2025,5,11,13,131,6,26,-11.8,11.5,0.0,0.0,67.39,42.22,Polar Night,71.51,-25.17,0.0,0.0
2025-05-11 14:00:00,2025,5,11,14,131,6,25,-11.7,5.7,0.0,0.0,2.16,42.58,Polar Night,49.54,40.42,0.0,0.0
2025-05-11 15:00:00,2025,5,11,15,131,6,25,-12.6,7.7,0.0,0.0,11.39,40.01,Polar Night,33.99,28.62,0.0,0.0
2025-05-11 16:00:00,2025,5,11,16,131,6,25,-13.1,1.5,0.0,0.0,0.0,46.49,Polar Night,18.78,27.97,18.52,5.19
2025-05-11 17:00:00,2025,5,11,17,131,6,23,-12.4,5.6,0.0,0.0,1.93,43.81,Polar Night,18.78,0.0,44.31,12.41
2025-05-11 18:00:00,2025,5,11,18,131,6,25,-11.9,9.7,0.0,0.0,33.01,42.38,Polar Night,18.78,0.0,15.0,4.2
2025-05-11 19:00:00,2025,5,11,19,131,6,24,-12.6,5.3,0.0,0.0,1.34,39.72,Polar Night,18.78,0.0,40.81,11.43
2025-05-11 20:00:00,2025,5,11,20,131,6,25,-13.9,7.2,0.0,0.0,8.13,43.56,Polar Night,18.78,0.0,37.86,10.6
2025-05-11 21:00:00,2025,5,11,21,131,6,22,-14.8,3.8,0.0,0.0,0.06,43.04,Polar Night,18.78,0.0,45.41,12.72
2025-05-11 22:00:00,2025,5,11,22,131,6,24,-14.1,5.6,0.0,0.0,1.93,37.99,Polar Night,18.78,0.0,38.49,10.78
2025-05-11 23:00:00,2025,5,11,23,131,6,24,-13.3,11.9,0.0,0.0,77.36,37.19,Polar Night,37.18,-40.0,0.0,0.0
2025-05-12 00:00:00,2025,5,12,0,132,0,25,-13.5,6.9,0.0,0.0,6.51,42.37,Polar Night,18.51,34.37,15.0,4.2
2025-05-12 01:00:00,2025,5,12,1,132,0,25,-13.9,11.2,0.0,0.0,60.51,39.95,Polar Night,27.96,-20.56,0.0,0.0
2025-05-12 02:00:00,2025,5,12,2,132,0,24,-13.0,11.2,0.0,0.0,60.51,42.08,Polar Night,36.44,-18.43,0.0,0.0
2025-05-12 03:00:00,2025,5,12,3,132,0,24,-12.5,12.4,0.0,0.0,80.0,39.46,Polar Night,54.84,-40.0,0.0,0.0
2025-05-12 04:00:00,2025,5,12,4,132,0,24,-12.2,11.1,0.0,0.0,58.32,41.15,Polar Night,62.74,-17.17,0.0,0.0
2025-05-12 05:00:00,2025,5,12,5,132,0,24,-14.4,0.5,0.0,0.0,0.0,42.72,Polar Night,39.52,42.72,0.0,0.0
2025-05-12 06:00:00,2025,5,12,6,132,0,25,-14.7,12.1,0.0,0.0,80.0,42.52,Polar Night,56.76,-37.48,0.0,0.0
2025-05-12 07:00:00,2025,5,12,7,132,0,24,-14.0,3.0,0.0,0.0,0.0,46.78,Polar Night,31.34,46.78,0.0,0.0
2025-05-12 08:00:00,2025,5,12,8,132,0,22,-14.0,1.6,0.0,0.0,0.0,43.38,Polar Night,19.01,22.68,20.7,5.8
2025-05-12 09:00:00,2025,5,12,9,132,0,24,-13.7,1.9,0.0,0.0,0.0,39.86,Polar Night,19.01,0.0,41.83,11.71
2025-05-12 10:00:00,2025,5,12,10,132,0,23,-13.2,5.0,0.0,0.0,0.88,39.54,Polar Night,19.01,0.0,40.63,11.38
2025-05-12 11:00:00,2025,5,12,11,132,0,23,-11.8,7.4,0.0,0.0,9.35,40.19,Polar Night,19.01,0.0,32.81,9.19
2025-05-12 12:00:00,2025,5,12,12,132,0,23,-11.2,7.2,37.4,2.46,8.13,43.23,Overcast / Moderate,19.01,0.0,34.61,9.69
2025-05-12 13:00:00,2025,5,12,13,132,0,25,-11.0,4.7,0.0,0.0,0.54,40.92,Polar Night,19.01,0.0,42.35,11.86
2025-05-12 14:00:00,2025,5,12,14,132,0,26,-9.8,11.2,0.0,0.0,60.51,41.88,Polar Night,27.58,-18.63,0.0,0.0
2025-05-12 15:00:00,2025,5,12,15,132,0,25,-9.7,12.5,0.0,0.0,80.0,42.28,Polar Night,44.94,-37.72,0.0,0.0
2025-05-12 16:00:00,2025,5,12,16,132,0,24,-10.1,17.1,0.0,0.0,80.0,41.31,High Wind Surge,62.73,-38.69,0.0,0.0
2025-05-12 17:00:00,2025,5,12,17,132,0,25,-11.0,14.1,0.0,0.0,80.0,36.19,High Wind Surge,81.13,-40.0,0.0,0.0
2025-05-12 18:00:00,2025,5,12,18,132,0,24,-11.7,15.0,0.0,0.0,80.0,39.13,High Wind Surge,93.89,-27.74,0.0,0.0
2025-05-12 19:00:00,2025,5,12,19,132,0,24,-11.5,16.6,0.0,0.0,80.0,46.36,High Wind Surge,94.91,-2.22,0.0,0.0
2025-05-12 20:00:00,2025,5,12,20,132,0,23,-10.7,18.2,0.0,0.0,80.0,41.81,High Wind Surge,94.99,-0.18,0.0,0.0
2025-05-12 21:00:00,2025,5,12,21,132,0,23,-10.8,21.8,0.0,0.0,80.0,34.32,High Wind Surge,95.0,-0.01,0.0,0.0
2025-05-12 22:00:00,2025,5,12,22,132,0,24,-11.4,21.6,0.0,0.0,80.0,38.84,High Wind Surge,95.0,-0.0,0.0,0.0
2025-05-12 23:00:00,2025,5,12,23,132,0,25,-11.7,21.3,0.0,0.0,80.0,43.61,High Wind Surge,95.0,-0.0,0.0,0.0
2025-05-13 00:00:00,2025,5,13,0,133,1,24,-11.8,22.2,0.0,0.0,80.0,39.65,Blizzard / Extreme Storm,95.0,-0.0,0.0,0.0
2025-05-13 01:00:00,2025,5,13,1,133,1,24,-10.6,22.7,0.0,0.0,80.0,38.18,Blizzard / Extreme Storm,95.0,-0.0,0.0,0.0
2025-05-13 02:00:00,2025,5,13,2,133,1,24,-12.4,31.6,0.0,0.0,0.0,34.85,Blizzard / Extreme Storm,76.06,34.85,0.0,0.0
2025-05-13 03:00:00,2025,5,13,3,133,1,25,-12.0,22.0,0.0,0.0,80.0,38.66,Blizzard / Extreme Storm,93.48,-37.88,0.0,0.0
2025-05-13 04:00:00,2025,5,13,4,133,1,23,-11.9,27.6,0.0,0.0,0.0,34.72,Blizzard / Extreme Storm,74.62,34.72,0.0,0.0
2025-05-13 05:00:00,2025,5,13,5,133,1,25,-11.2,26.1,0.0,0.0,0.0,35.68,Blizzard / Extreme Storm,55.22,35.68,0.0,0.0
2025-05-13 06:00:00,2025,5,13,6,133,1,23,-10.4,18.1,0.0,0.0,80.0,34.08,High Wind Surge,73.62,-40.0,0.0,0.0
2025-05-13 07:00:00,2025,5,13,7,133,1,24,-11.8,33.1,0.0,0.0,0.0,46.52,Blizzard / Extreme Storm,48.34,46.52,0.0,0.0
2025-05-13 08:00:00,2025,5,13,8,133,1,23,-11.8,25.2,0.0,0.0,0.0,43.64,Blizzard / Extreme Storm,24.62,43.64,0.0,0.0
2025-05-13 09:00:00,2025,5,13,9,133,1,24,-11.2,23.6,0.0,0.0,80.0,45.22,Blizzard / Extreme Storm,40.62,-34.78,0.0,0.0
2025-05-13 10:00:00,2025,5,13,10,133,1,25,-10.2,20.2,0.0,0.0,80.0,38.01,High Wind Surge,59.02,-40.0,0.0,0.0
2025-05-13 11:00:00,2025,5,13,11,133,1,25,-9.8,20.4,0.0,0.0,80.0,41.49,High Wind Surge,76.74,-38.51,0.0,0.0
2025-05-13 12:00:00,2025,5,13,12,133,1,25,-9.6,16.6,33.4,2.19,80.0,38.35,High Wind Surge,93.54,-36.53,0.0,0.0
2025-05-13 13:00:00,2025,5,13,13,133,1,25,-8.9,12.7,0.0,0.0,80.0,38.09,Polar Night,94.88,-2.92,0.0,0.0
2025-05-13 14:00:00,2025,5,13,14,133,1,23,-7.2,19.7,0.0,0.0,80.0,39.55,High Wind Surge,94.99,-0.23,0.0,0.0
2025-05-13 15:00:00,2025,5,13,15,133,1,24,-8.1,19.3,0.0,0.0,80.0,39.84,High Wind Surge,95.0,-0.02,0.0,0.0
2025-05-13 16:00:00,2025,5,13,16,133,1,24,-8.4,10.0,0.0,0.0,37.64,40.34,Polar Night,93.53,2.7,0.0,0.0
2025-05-13 17:00:00,2025,5,13,17,133,1,26,-9.7,14.3,0.0,0.0,80.0,38.15,High Wind Surge,94.88,-2.94,0.0,0.0
2025-05-13 18:00:00,2025,5,13,18,133,1,23,-10.8,12.1,0.0,0.0,80.0,41.39,Polar Night,94.99,-0.23,0.0,0.0
2025-05-13 19:00:00,2025,5,13,19,133,1,25,-11.9,5.2,0.0,0.0,1.17,43.46,Polar Night,72.01,42.29,0.0,0.0
2025-05-13 20:00:00,2025,5,13,20,133,1,25,-12.4,5.6,0.0,0.0,1.93,41.28,Polar Night,50.62,39.35,0.0,0.0
2025-05-13 21:00:00,2025,5,13,21,133,1,26,-14.1,5.6,0.0,0.0,1.93,43.91,Polar Night,27.81,41.98,0.0,0.0
2025-05-13 22:00:00,2025,5,13,22,133,1,24,-14.8,8.9,0.0,0.0,22.54,37.11,Polar Night,19.89,14.57,0.0,0.0
2025-05-13 23:00:00,2025,5,13,23,133,1,25,-15.9,10.0,0.0,0.0,37.64,36.87,Polar Night,20.24,-0.77,0.0,0.0
2025-05-14 00:00:00,2025,5,14,0,134,2,27,-16.0,2.5,0.0,0.0,0.0,47.78,Polar Night,19.98,0.48,47.3,13.24
2025-05-14 01:00:00,2025,5,14,1,134,2,24,-15.7,6.9,0.0,0.0,6.51,42.41,Polar Night,19.98,0.0,35.94,10.06
2025-05-14 02:00:00,2025,5,14,2,134,2,23,-15.7,8.9,0.0,0.0,22.54,40.78,Polar Night,19.98,0.0,18.28,5.12
2025-05-14 03:00:00,2025,5,14,3,134,2,23,-13.9,9.2,0.0,0.0,26.15,42.33,Polar Night,19.98,0.0,16.22,4.54
2025-05-14 04:00:00,2025,5,14,4,134,2,25,-14.2,3.1,0.0,0.0,0.0,38.81,Polar Night,19.98,0.0,38.85,10.88
2025-05-14 05:00:00,2025,5,14,5,134,2,23,-11.8,6.5,0.0,0.0,4.71,39.03,Polar Night,19.98,0.0,34.36,9.62
2025-05-14 06:00:00,2025,5,14,6,134,2,24,-11.2,10.3,0.0,0.0,42.69,41.29,Polar Night,20.62,-1.4,0.0,0.0
2025-05-14 07:00:00,2025,5,14,7,134,2,25,-10.8,4.8,0.0,0.0,0.64,39.01,Polar Night,19.95,1.25,37.12,10.39
2025-05-14 08:00:00,2025,5,14,8,134,2,25,-12.1,5.7,0.0,0.0,2.16,41.51,Polar Night,19.95,0.0,39.46,11.05
2025-05-14 09:00:00,2025,5,14,9,134,2,25,-12.8,9.5,0.0,0.0,30.14,39.81,Polar Night,19.95,0.0,15.0,4.2
2025-05-14 10:00:00,2025,5,14,10,134,2,25,-12.6,2.4,0.0,0.0,0.0,45.2,Polar Night,19.95,0.0,45.31,12.69
2025-05-14 11:00:00,2025,5,14,11,134,2,26,-13.0,10.3,0.0,0.0,42.69,44.28,Polar Night,19.95,0.0,15.0,4.2
2025-05-14 12:00:00,2025,5,14,12,134,2,24,-12.8,4.7,0.0,0.0,0.54,45.85,Polar Night,19.95,0.0,45.42,12.72
2025-05-14 13:00:00,2025,5,14,13,134,2,24,-11.8,0.3,0.0,0.0,0.0,44.28,Polar Night,19.95,0.0,44.39,12.43
2025-05-14 14:00:00,2025,5,14,14,134,2,24,-10.8,4.0,0.0,0.0,0.11,40.77,Polar Night,19.95,0.0,40.77,11.42
2025-05-14 15:00:00,2025,5,14,15,134,2,25,-11.8,2.4,0.0,0.0,0.0,43.54,Polar Night,19.95,0.0,43.65,12.22
2025-05-14 16:00:00,2025,5,14,16,134,2,25,-11.1,2.5,0.0,0.0,0.0,43.05,Polar Night,19.95,0.0,43.16,12.08
2025-05-14 17:00:00,2025,5,14,17,134,2,25,-12.0,8.1,0.0,0.0,14.56,44.5,Polar Night,19.95,0.0,30.05,8.41
2025-05-14 18:00:00,2025,5,14,18,134,2,26,-12.7,3.8,0.0,0.0,0.06,47.2,Polar Night,19.95,0.0,47.25,13.23
2025-05-14 19:00:00,2025,5,14,19,134,2,23,-14.2,12.1,0.0,0.0,80.0,40.9,Polar Night,37.93,-39.1,0.0,0.0
2025-05-14 20:00:00,2025,5,14,20,134,2,26,-15.0,6.4,0.0,0.0,4.31,40.57,Polar Night,18.44,35.86,15.0,4.2
2025-05-14 21:00:00,2025,5,14,21,134,2,26,-14.4,6.0,0.0,0.0,2.96,42.19,Polar Night,18.44,0.0,42.35,11.86
2025-05-14 22:00:00,2025,5,14,22,134,2,25,-14.6,5.7,0.0,0.0,2.16,42.47,Polar Night,18.44,0.0,43.43,12.16
2025-05-14 23:00:00,2025,5,14,23,134,2,26,-14.7,8.1,0.0,0.0,14.56,42.61,Polar Night,18.44,0.0,31.17,8.73
2025-05-15 00:00:00,2025,5,15,0,135,3,23,-14.0,5.9,0.0,0.0,2.68,38.98,Polar Night,18.44,0.0,39.42,11.04
2025-05-15 01:00:00,2025,5,15,1,135,3,24,-12.3,2.9,0.0,0.0,0.0,38.67,Polar Night,18.44,0.0,41.79,11.7
2025-05-15 02:00:00,2025,5,15,2,135,3,24,-12.8,10.7,0.0,0.0,50.1,37.63,Polar Night,24.18,-12.47,0.0,0.0
2025-05-15 03:00:00,2025,5,15,3,135,3,25,-12.2,5.7,0.0,0.0,2.16,39.22,Polar Night,19.64,8.35,28.71,8.04
2025-05-15 04:00:00,2025,5,15,4,135,3,23,-13.7,2.2,0.0,0.0,0.0,38.45,Polar Night,19.64,0.0,39.18,10.97
2025-05-15 05:00:00,2025,5,15,5,135,3,25,-13.1,6.6,0.0,0.0,5.12,44.25,Polar Night,19.64,0.0,39.86,11.16
2025-05-15 06:00:00,2025,5,15,6,135,3,26,-12.8,7.6,0.0,0.0,10.68,43.45,Polar Night,19.64,0.0,33.5,9.38
2025-05-15 07:00:00,2025,5,15,7,135,3,25,-13.6,4.4,0.0,0.0,0.3,45.68,Polar Night,19.64,0.0,46.11,12.91
2025-05-15 08:00:00,2025,5,15,8,135,3,25,-12.6,9.4,0.0,0.0,28.77,43.19,Polar Night,19.64,0.0,15.15,4.24
2025-05-15 09:00:00,2025,5,15,9,135,3,24,-11.7,7.9,0.0,0.0,12.91,44.94,Polar Night,19.64,0.0,32.76,9.17
2025-05-15 10:00:00,2025,5,15,10,135,3,24,-8.6,7.7,0.0,0.0,11.39,40.02,Polar Night,19.64,0.0,29.36,8.22
2025-05-15 11:00:00,2025,5,15,11,135,3,26,-7.2,5.6,0.0,0.0,1.93,39.82,Polar Night,19.64,0.0,38.62,10.81
2025-05-15 12:00:00,2025,5,15,12,135,3,25,-7.8,13.2,0.0,0.0,80.0,35.2,Polar Night,38.04,-40.0,0.0,0.0
2025-05-15 13:00:00,2025,5,15,13,135,3,24,-8.9,4.4,0.0,0.0,0.3,40.65,Polar Night,18.43,36.07,15.0,4.2
2025-05-15 14:00:00,2025,5,15,14,135,3,24,-9.1,7.0,0.0,0.0,7.02,36.92,Polar Night,18.43,0.0,33.04,9.25
2025-05-15 15:00:00,2025,5,15,15,135,3,22,-10.1,4.7,0.0,0.0,0.54,39.19,Polar Night,18.43,0.0,41.79,11.7
2025-05-15 16:00:00,2025,5,15,16,135,3,23,-11.4,8.7,0.0,0.0,20.32,41.95,Polar Night,18.43,0.0,24.77,6.93
2025-05-15 17:00:00,2025,5,15,17,135,3,26,-13.1,1.8,0.0,0.0,0.0,41.59,Polar Night,18.43,0.0,44.73,12.52
2025-05-15 18:00:00,2025,5,15,18,135,3,23,-12.9,1.7,0.0,0.0,0.0,43.85,Polar Night,18.43,0.0,46.99,13.16
2025-05-15 19:00:00,2025,5,15,19,135,3,25,-11.7,9.6,0.0,0.0,31.55,45.07,Polar Night,18.43,0.0,16.66,4.66
2025-05-15 20:00:00,2025,5,15,20,135,3,26,-11.7,5.7,0.0,0.0,2.16,40.58,Polar Night,18.43,0.0,41.56,11.64
2025-05-15 21:00:00,2025,5,15,21,135,3,23,-11.9,4.9,0.0,0.0,0.75,42.19,Polar Night,18.43,0.0,44.58,12.48
2025-05-15 22:00:00,2025,5,15,22,135,3,25,-11.6,7.3,0.0,0.0,8.73,35.92,Polar Night,18.43,0.0,30.33,8.49
2025-05-15 23:00:00,2025,5,15,23,135,3,25,-12.1,8.2,0.0,0.0,15.43,36.49,Polar Night,18.43,0.0,24.2,6.78
2025-05-16 00:00:00,2025,5,16,0,136,4,25,-12.4,3.7,0.0,0.0,0.04,40.41,Polar Night,18.43,0.0,43.51,12.18
2025-05-16 01:00:00,2025,5,16,1,136,4,27,-13.0,3.5,0.0,0.0,0.01,42.29,Polar Night,18.43,0.0,45.42,12.72
2025-05-16 02:00:00,2025,5,16,2,136,4,23,-13.0,13.0,0.0,0.0,80.0,35.88,Polar Night,36.83,-40.0,0.0,0.0
2025-05-16 03:00:00,2025,5,16,3,136,4,26,-12.3,7.1,0.0,0.0,7.56,44.89,Polar Night,18.54,33.66,15.0,4.2
2025-05-16 04:00:00,2025,5,16,4,136,4,24,-12.7,5.4,0.0,0.0,1.52,38.4,Polar Night,18.54,0.0,39.81,11.15
2025-05-16 05:00:00,2025,5,16,5,136,4,25,-11.5,9.4,0.0,0.0,28.77,39.48,Polar Night,18.54,0.0,15.0,4.2
2025-05-16 06:00:00,2025,5,16,6,136,4,25,-11.5,6.5,0.0,0.0,4.71,37.62,Polar Night,18.54,0.0,35.84,10.03
2025-05-16 07:00:00,2025,5,16,7,136,4,24,-11.6,4.1,0.0,0.0,0.15,41.31,Polar Night,18.54,0.0,44.09,12.34
2025-05-16 08:00:00,2025,5,16,8,136,4,25,-11.8,3.7,0.0,0.0,0.04,46.31,Polar Night,18.54,0.0,49.2,13.78
2025-05-16 09:00:00,2025,5,16,9,136,4,23,-11.2,5.4,0.0,0.0,1.52,45.14,Polar Night,18.54,0.0,46.55,13.03
2025-05-16 10:00:00,2025,5,16,10,136,4,25,-11.8,10.3,0.0,0.0,42.69,38.39,Polar Night,20.51,-4.3,0.0,0.0
2025-05-16 11:00:00,2025,5,16,11,136,4,25,-11.1,2.0,0.0,0.0,0.0,40.58,Polar Night,19.96,1.03,39.55,11.07
2025-05-16 12:00:00,2025,5,16,12,136,4,25,-10.7,3.9,0.0,0.0,0.08,49.07,Polar Night,19.96,0.0,49.08,13.74
2025-05-16 13:00:00,2025,5,16,13,136,4,26,-10.7,11.0,0.0,0.0,56.19,40.96,Polar Night,26.96,-15.23,0.0,0.0
2025-05-16 14:00:00,2025,5,16,14,136,4,25,-9.9,2.8,0.0,0.0,0.0,42.15,Polar Night,19.39,13.92,28.23,7.9
2025-05-16 15:00:00,2025,5,16,15,136,4,25,-10.7,7.5,0.0,0.0,10.0,44.53,Polar Night,19.39,0.0,35.74,10.01
2025-05-16 16:00:00,2025,5,16,16,136,4,24,-10.0,3.8,0.0,0.0,0.06,42.95,Polar Night,19.39,0.0,44.1,12.35
2025-05-16 17:00:00,2025,5,16,17,136,4,24,-10.4,7.2,0.0,0.0,8.13,34.08,Polar Night,19.39,0.0,27.16,7.6
2025-05-16 18:00:00,2025,5,16,18,136,4,26,-10.8,5.3,0.0,0.0,1.34,42.95,Polar Night,19.39,0.0,42.82,11.99
2025-05-16 19:00:00,2025,5,16,19,136,4,26,-10.3,2.6,0.0,0.0,0.0,46.11,Polar Night,19.39,0.0,47.32,13.25
2025-05-16 20:00:00,2025,5,16,20,136,4,24,-10.5,7.0,0.0,0.0,7.02,41.27,Polar Night,19.39,0.0,35.46,9.93
2025-05-16 21:00:00,2025,5,16,21,136,4,25,-9.6,8.0,0.0,0.0,13.72,38.26,Polar Night,19.39,0.0,25.75,7.21
2025-05-16 22:00:00,2025,5,16,22,136,4,24,-9.6,8.0,0.0,0.0,13.72,34.76,Polar Night,19.39,0.0,22.25,6.23
2025-05-16 23:00:00,2025,5,16,23,136,4,26,-9.5,7.5,0.0,0.0,10.0,37.17,Polar Night,19.39,0.0,28.38,7.95
2025-05-17 00:00:00,2025,5,17,0,137,5,25,-10.0,6.3,0.0,0.0,3.94,39.52,Polar Night,19.39,0.0,36.79,10.3
2025-05-17 01:00:00,2025,5,17,1,137,5,26,-8.9,6.5,0.0,0.0,4.71,44.45,Polar Night,19.39,0.0,40.95,11.47
2025-05-17 02:00:00,2025,5,17,2,137,5,24,-10.1,7.5,0.0,0.0,10.0,36.97,Polar Night,19.39,0.0,28.18,7.89
2025-05-17 03:00:00,2025,5,17,3,137,5,24,-10.2,8.1,0.0,0.0,14.56,39.17,Polar Night,19.39,0.0,25.82,7.23
2025-05-17 04:00:00,2025,5,17,4,137,5,25,-10.6,7.7,0.0,0.0,11.39,34.42,Polar Night,19.39,0.0,24.24,6.79
2025-05-17 05:00:00,2025,5,17,5,137,5,25,-11.5,7.1,0.0,0.0,7.56,34.75,Polar Night,19.39,0.0,28.4,7.95
2025-05-17 06:00:00,2025,5,17,6,137,5,24,-10.8,3.2,0.0,0.0,0.0,36.98,Polar Night,19.39,0.0,38.19,10.69
2025-05-17 07:00:00,2025,5,17,7,137,5,24,-12.2,3.8,0.0,0.0,0.06,43.58,Polar Night,19.39,0.0,44.73,12.52
2025-05-17 08:00:00,2025,5,17,8,137,5,25,-10.4,4.2,0.0,0.0,0.19,41.25,Polar Night,19.39,0.0,42.27,11.84
2025-05-17 09:00:00,2025,5,17,9,137,5,25,-11.2,11.7,0.0,0.0,72.26,42.2,Polar Night,33.22,-30.06,0.0,0.0
2025-05-17 10:00:00,2025,5,17,10,137,5,24,-11.5,8.9,0.0,0.0,22.54,41.26,Polar Night,23.05,18.72,0.0,0.0
2025-05-17 11:00:00,2025,5,17,11,137,5,26,-12.0,6.8,0.0,0.0,6.02,42.94,Polar Night,19.73,6.1,30.82,8.63
2025-05-17 12:00:00,2025,5,17,12,137,5,26,-10.7,4.2,0.0,0.0,0.19,41.3,Polar Night,19.73,0.0,41.64,11.66
2025-05-17 13:00:00,2025,5,17,13,137,5,25,-11.2,2.7,0.0,0.0,0.0,38.69,Polar Night,19.73,0.0,39.22,10.98
2025-05-17 14:00:00,2025,5,17,14,137,5,25,-11.7,11.1,0.0,0.0,58.32,38.71,Polar Night,28.76,-19.61,0.0,0.0
2025-05-17 15:00:00,2025,5,17,15,137,5,25,-11.3,11.0,0.0,0.0,56.19,45.54,Polar Night,33.65,-10.65,0.0,0.0
2025-05-17 16:00:00,2025,5,17,16,137,5,24,-11.2,2.7,0.0,0.0,0.0,39.66,Polar Night,18.81,27.31,15.0,4.2
2025-05-17 17:00:00,2025,5,17,17,137,5,25,-9.4,9.4,0.0,0.0,28.77,40.12,Polar Night,18.81,0.0,15.0,4.2
2025-05-17 18:00:00,2025,5,17,18,137,5,22,-9.5,5.8,0.0,0.0,2.41,42.73,Polar Night,18.81,0.0,42.69,11.95
2025-05-17 19:00:00,2025,5,17,19,137,5,25,-8.8,4.8,0.0,0.0,0.64,39.59,Polar Night,18.81,0.0,41.32,11.57
2025-05-17 20:00:00,2025,5,17,20,137,5,23,-8.8,8.6,0.0,0.0,19.27,41.77,Polar Night,18.81,0.0,24.87,6.96
2025-05-17 21:00:00,2025,5,17,21,137,5,26,-8.7,7.3,0.0,0.0,8.73,38.32,Polar Night,18.81,0.0,31.96,8.95
2025-05-17 22:00:00,2025,5,17,22,137,5,24,-8.2,9.1,0.0,0.0,24.91,40.16,Polar Night,18.81,0.0,17.62,4.93
2025-05-17 23:00:00,2025,5,17,23,137,5,24,-9.1,2.2,0.0,0.0,0.0,37.51,Polar Night,18.81,0.0,39.88,11.17
2025-05-18 00:00:00,2025,5,18,0,138,6,24,-9.6,4.8,0.0,0.0,0.64,37.25,Polar Night,18.81,0.0,38.98,10.92
2025-05-18 01:00:00,2025,5,18,1,138,6,24,-9.2,4.8,0.0,0.0,0.64,36.61,Polar Night,18.81,0.0,38.34,10.74
2025-05-18 02:00:00,2025,5,18,2,138,6,26,-9.0,4.8,0.0,0.0,0.64,39.21,Polar Night,18.81,0.0,40.94,11.46
2025-05-18 03:00:00,2025,5,18,3,138,6,22,-9.5,6.3,0.0,0.0,3.94,37.41,Polar Night,18.81,0.0,35.84,10.04
2025-05-18 04:00:00,2025,5,18,4,138,6,26,-10.2,4.4,0.0,0.0,0.3,30.2,Polar Night,18.81,0.0,32.27,9.04
2025-05-18 05:00:00,2025,5,18,5,138,6,25,-9.8,5.8,0.0,0.0,2.41,36.56,Polar Night,18.81,0.0,36.52,10.23
2025-05-18 06:00:00,2025,5,18,6,138,6,23,-11.1,5.2,0.0,0.0,1.17,39.04,Polar Night,18.81,0.0,40.24,11.27
2025-05-18 07:00:00,2025,5,18,7,138,6,23,-10.7,8.6,0.0,0.0,19.27,38.58,Polar Night,18.81,0.0,21.68,6.07
2025-05-18 08:00:00,2025,5,18,8,138,6,26,-11.2,7.2,0.0,0.0,8.13,41.15,Polar Night,18.81,0.0,35.39,9.91
2025-05-18 09:00:00,2025,5,18,9,138,6,24,-10.5,7.7,0.0,0.0,11.39,40.22,Polar Night,18.81,0.0,31.2,8.74
2025-05-18 10:00:00,2025,5,18,10,138,6,23,-10.5,3.8,0.0,0.0,0.06,44.84,Polar Night,18.81,0.0,47.15,13.2
2025-05-18 11:00:00,2025,5,18,11,138,6,26,-11.3,4.8,0.0,0.0,0.64,43.98,Polar Night,18.81,0.0,45.71,12.8
2025-05-18 12:00:00,2025,5,18,12,138,6,25,-10.7,1.2,0.0,0.0,0.0,42.51,Polar Night,18.81,0.0,44.88,12.57
2025-05-18 13:00:00,2025,5,18,13,138,6,24,-11.4,2.7,0.0,0.0,0.0,38.96,Polar Night,18.81,0.0,41.33,11.57
2025-05-18 14:00:00,2025,5,18,14,138,6,25,-10.9,4.3,0.0,0.0,0.24,40.13,Polar Night,18.81,0.0,42.26,11.83
2025-05-18 15:00:00,2025,5,18,15,138,6,23,-10.9,2.1,0.0,0.0,0.0,43.27,Polar Night,18.81,0.0,45.64,12.78
2025-05-18 16:00:00,2025,5,18,16,138,6,26,-10.4,7.2,0.0,0.0,8.13,43.46,Polar Night,18.81,0.0,37.7,10.56
2025-05-18 17:00:00,2025,5,18,17,138,6,26,-9.8,18.0,0.0,0.0,80.0,37.81,High Wind Surge,37.21,-40.0,0.0,0.0
2025-05-18 18:00:00,2025,5,18,18,138,6,25,-9.3,2.6,0.0,0.0,0.0,44.14,Polar Night,18.5,34.43,15.0,4.2
2025-05-18 19:00:00,2025,5,18,19,138,6,25,-8.7,9.7,0.0,0.0,33.01,38.04,Polar Night,18.5,0.0,15.0,4.2
2025-05-18 20:00:00,2025,5,18,20,138,6,26,-8.8,2.8,0.0,0.0,0.0,41.51,Polar Night,18.5,0.0,44.5,12.46
2025-05-18 21:00:00,2025,5,18,21,138,6,24,-8.6,7.9,0.0,0.0,12.91,46.6,Polar Night,18.5,0.0,36.68,10.27
2025-05-18 22:00:00,2025,5,18,22,138,6,23,-8.8,7.6,0.0,0.0,10.68,35.46,Polar Night,18.5,0.0,27.77,7.78
2025-05-18 23:00:00,2025,5,18,23,138,6,25,-9.6,11.2,0.0,0.0,60.51,37.95,Polar Night,28.88,-22.56,0.0,0.0
2025-05-19 00:00:00,2025,5,19,0,139,0,27,-10.6,2.7,0.0,0.0,0.0,37.31,Polar Night,19.23,17.76,19.55,5.47
2025-05-19 01:00:00,2025,5,19,1,139,0,23,-11.3,4.7,0.0,0.0,0.54,38.82,Polar Night,19.23,0.0,39.82,11.15
2025-05-19 02:00:00,2025,5,19,2,139,0,24,-11.8,2.4,0.0,0.0,0.0,42.53,Polar Night,19.23,0.0,44.07,12.34
2025-05-19 03:00:00,2025,5,19,3,139,0,25,-12.0,5.5,0.0,0.0,1.71,38.85,Polar Night,19.23,0.0,38.68,10.83
2025-05-19 04:00:00,2025,5,19,4,139,0,24,-11.2,11.4,0.0,0.0,65.04,37.78,Polar Night,31.77,-27.26,0.0,0.0
2025-05-19 05:00:00,2025,5,19,5,139,0,24,-9.8,9.2,0.0,0.0,26.15,40.23,Polar Night,24.12,14.08,0.0,0.0
2025-05-19 06:00:00,2025,5,19,6,139,0,26,-8.4,8.4,0.0,0.0,17.28,33.69,Polar Night,19.64,8.23,15.0,4.2
2025-05-19 07:00:00,2025,5,19,7,139,0,27,-8.5,6.6,0.0,0.0,5.12,40.94,Polar Night,19.64,0.0,36.54,10.23
2025-05-19 08:00:00,2025,5,19,8,139,0,25,-8.8,10.8,0.0,0.0,52.08,38.45,Polar Night,25.91,-13.63,0.0,0.0
2025-05-19 09:00:00,2025,5,19,9,139,0,24,-8.9,9.2,0.0,0.0,26.15,39.4,Polar Night,19.49,11.82,15.0,4.2
2025-05-19 10:00:00,2025,5,19,10,139,0,23,-10.2,9.7,0.0,0.0,33.01,38.4,Polar Night,19.49,0.0,15.0,4.2
2025-05-19 11:00:00,2025,5,19,11,139,0,25,-9.5,19.4,0.0,0.0,80.0,37.22,High Wind Surge,37.89,-40.0,0.0,0.0
2025-05-19 12:00:00,2025,5,19,12,139,0,26,-9.7,16.5,0.0,0.0,80.0,35.77,High Wind Surge,56.29,-40.0,0.0,0.0
2025-05-19 13:00:00,2025,5,19,13,139,0,25,-9.3,16.3,0.0,0.0,80.0,39.51,High Wind Surge,74.69,-40.0,0.0,0.0
2025-05-19 14:00:00,2025,5,19,14,139,0,24,-8.0,19.0,0.0,0.0,80.0,39.89,High Wind Surge,93.09,-40.0,0.0,0.0
2025-05-19 15:00:00,2025,5,19,15,139,0,24,-9.1,24.6,0.0,0.0,80.0,42.18,Blizzard / Extreme Storm,94.85,-3.83,0.0,0.0
2025-05-19 16:00:00,2025,5,19,16,139,0,23,-8.3,25.2,0.0,0.0,0.0,35.86,Blizzard / Extreme Storm,75.36,35.86,0.0,0.0
2025-05-19 17:00:00,2025,5,19,17,139,0,25,-10.0,22.2,0.0,0.0,80.0,41.55,Blizzard / Extreme Storm,93.04,-38.45,0.0,0.0
2025-05-19 18:00:00,2025,5,19,18,139,0,25,-10.6,25.8,0.0,0.0,0.0,43.01,Blizzard / Extreme Storm,69.67,43.01,0.0,0.0
2025-05-19 19:00:00,2025,5,19,19,139,0,23,-11.2,25.2,0.0,0.0,0.0,42.27,Blizzard / Extreme Storm,46.7,42.27,0.0,0.0
2025-05-19 20:00:00,2025,5,19,20,139,0,26,-11.7,26.0,0.0,0.0,0.0,43.43,Blizzard / Extreme Storm,23.09,43.43,0.0,0.0
2025-05-19 21:00:00,2025,5,19,21,139,0,25,-10.5,19.2,0.0,0.0,80.0,36.14,High Wind Surge,41.49,-40.0,0.0,0.0
2025-05-19 22:00:00,2025,5,19,22,139,0,26,-10.2,18.6,0.0,0.0,80.0,37.9,High Wind Surge,59.89,-40.0,0.0,0.0
2025-05-19 23:00:00,2025,5,19,23,139,0,23,-9.9,15.3,0.0,0.0,80.0,37.13,High Wind Surge,78.29,-40.0,0.0,0.0
2025-05-20 00:00:00,2025,5,20,0,140,1,23,-9.6,7.5,0.0,0.0,10.0,38.47,Polar Night,62.82,28.47,0.0,0.0
2025-05-20 01:00:00,2025,5,20,1,140,1,24,-9.5,4.7,0.0,0.0,0.54,40.71,Polar Night,40.99,40.17,0.0,0.0
2025-05-20 02:00:00,2025,5,20,2,140,1,25,-10.9,6.1,0.0,0.0,3.27,37.86,Polar Night,22.19,34.59,0.0,0.0
2025-05-20 03:00:00,2025,5,20,3,140,1,26,-11.5,1.1,0.0,0.0,0.0,38.31,Polar Night,19.81,4.38,33.93,9.5
2025-05-20 04:00:00,2025,5,20,4,140,1,25,-12.4,4.6,0.0,0.0,0.45,39.96,Polar Night,19.81,0.0,39.89,11.17
2025-05-20 05:00:00,2025,5,20,5,140,1,24,-11.4,6.1,0.0,0.0,3.27,38.72,Polar Night,19.81,0.0,35.83,10.03
2025-05-20 06:00:00,2025,5,20,6,140,1,23,-11.4,2.7,0.0,0.0,0.0,39.54,Polar Night,19.81,0.0,39.92,11.18
2025-05-20 07:00:00,2025,5,20,7,140,1,26,-12.1,2.9,0.0,0.0,0.0,44.41,Polar Night,19.81,0.0,44.79,12.54
2025-05-20 08:00:00,2025,5,20,8,140,1,24,-11.0,6.0,0.0,0.0,2.96,41.13,Polar Night,19.81,0.0,38.55,10.79
2025-05-20 09:00:00,2025,5,20,9,140,1,26,-9.2,8.5,0.0,0.0,18.26,42.16,Polar Night,19.81,0.0,24.28,6.8
2025-05-20 10:00:00,2025,5,20,10,140,1,24,-8.8,9.9,0.0,0.0,36.05,39.37,Polar Night,19.81,0.0,15.0,4.2
2025-05-20 11:00:00,2025,5,20,11,140,1,26,-9.5,6.7,0.0,0.0,5.56,37.51,Polar Night,19.81,0.0,32.33,9.05
2025-05-20 12:00:00,2025,5,20,12,140,1,25,-9.3,6.1,0.0,0.0,3.27,37.75,Polar Night,19.81,0.0,34.86,9.76
2025-05-20 13:00:00,2025,5,20,13,140,1,24,-8.1,5.3,0.0,0.0,1.34,33.56,Polar Night,19.81,0.0,32.6,9.13
2025-05-20 14:00:00,2025,5,20,14,140,1,24,-8.2,3.6,0.0,0.0,0.02,43.63,Polar Night,19.81,0.0,43.99,12.32
2025-05-20 15:00:00,2025,5,20,15,140,1,24,-9.0,3.1,0.0,0.0,0.0,43.28,Polar Night,19.81,0.0,43.66,12.23
2025-05-20 16:00:00,2025,5,20,16,140,1,25,-9.3,9.3,0.0,0.0,27.44,43.23,Polar Night,19.81,0.0,16.17,4.53
2025-05-20 17:00:00,2025,5,20,17,140,1,25,-8.7,6.0,0.0,0.0,2.96,39.65,Polar Night,19.81,0.0,37.07,10.38
2025-05-20 18:00:00,2025,5,20,18,140,1,24,-9.0,9.3,0.0,0.0,27.44,42.51,Polar Night,19.81,0.0,15.45,4.33
2025-05-20 19:00:00,2025,5,20,19,140,1,24,-9.3,8.2,0.0,0.0,15.43,42.54,Polar Night,19.81,0.0,27.49,7.7
2025-05-20 20:00:00,2025,5,20,20,140,1,25,-9.6,3.6,0.0,0.0,0.02,37.23,Polar Night,19.81,0.0,37.59,10.53
2025-05-20 21:00:00,2025,5,20,21,140,1,22,-10.5,6.4,0.0,0.0,4.31,38.54,Polar Night,19.81,0.0,34.61,9.69
2025-05-20 22:00:00,2025,5,20,22,140,1,25,-9.9,5.8,0.0,0.0,2.41,39.1,Polar Night,19.81,0.0,37.07,10.38
2025-05-20 23:00:00,2025,5,20,23,140,1,24,-10.5,5.6,0.0,0.0,1.93,36.77,Polar Night,19.81,0.0,35.22,9.86
2025-05-21 00:00:00,2025,5,21,0,141,2,23,-10.6,6.7,0.0,0.0,5.56,36.09,Polar Night,19.81,0.0,30.91,8.66
2025-05-21 01:00:00,2025,5,21,1,141,2,23,-11.1,14.6,0.0,0.0,80.0,40.29,High Wind Surge,38.08,-39.71,0.0,0.0
2025-05-21 02:00:00,2025,5,21,2,141,2,23,-10.2,9.6,0.0,0.0,31.55,35.49,Polar Night,35.93,3.94,0.0,0.0
2025-05-21 03:00:00,2025,5,21,3,141,2,23,-10.1,11.2,0.0,0.0,60.51,43.69,Polar Night,43.67,-16.82,0.0,0.0
2025-05-21 04:00:00,2025,5,21,4,141,2,24,-10.8,1.4,0.0,0.0,0.0,42.21,Polar Night,20.73,42.21,0.0,0.0
2025-05-21 05:00:00,2025,5,21,5,141,2,26,-10.2,3.1,0.0,0.0,0.0,37.66,Polar Night,19.94,1.46,36.2,10.13
2025-05-21 06:00:00,2025,5,21,6,141,2,24,-9.6,2.4,0.0,0.0,0.0,40.44,Polar Night,19.94,0.0,40.57,11.36
2025-05-21 07:00:00,2025,5,21,7,141,2,25,-9.6,4.3,0.0,0.0,0.24,41.33,Polar Night,19.94,0.0,41.22,11.54
2025-05-21 08:00:00,2025,5,21,8,141,2,25,-8.8,5.8,0.0,0.0,2.41,39.23,Polar Night,19.94,0.0,36.95,10.35
2025-05-21 09:00:00,2025,5,21,9,141,2,25,-8.1,7.6,0.0,0.0,10.68,44.69,Polar Night,19.94,0.0,34.14,9.56
2025-05-21 10:00:00,2025,5,21,10,141,2,24,-8.5,9.1,0.0,0.0,24.91,40.67,Polar Night,19.94,0.0,15.89,4.45
2025-05-21 11:00:00,2025,5,21,11,141,2,23,-8.5,16.8,0.0,0.0,80.0,37.11,High Wind Surge,38.34,-40.0,0.0,0.0
2025-05-21 12:00:00,2025,5,21,12,141,2,26,-9.3,20.4,0.0,0.0,80.0,42.14,High Wind Surge,55.75,-37.86,0.0,0.0
2025-05-21 13:00:00,2025,5,21,13,141,2,26,-8.6,13.9,0.0,0.0,80.0,44.66,Polar Night,72.01,-35.34,0.0,0.0
2025-05-21 14:00:00,2025,5,21,14,141,2,23,-9.7,23.0,0.0,0.0,80.0,40.25,Blizzard / Extreme Storm,90.29,-39.75,0.0,0.0
2025-05-21 15:00:00,2025,5,21,15,141,2,23,-9.8,20.7,0.0,0.0,80.0,40.85,High Wind Surge,94.62,-9.41,0.0,0.0
2025-05-21 16:00:00,2025,5,21,16,141,2,24,-9.7,21.9,0.0,0.0,80.0,39.85,High Wind Surge,94.97,-0.75,0.0,0.0
2025-05-21 17:00:00,2025,5,21,17,141,2,24,-9.4,26.3,0.0,0.0,0.0,41.25,Blizzard / Extreme Storm,72.55,41.25,0.0,0.0
2025-05-21 18:00:00,2025,5,21,18,141,2,25,-9.9,20.3,0.0,0.0,80.0,38.65,High Wind Surge,90.95,-40.0,0.0,0.0
2025-05-21 19:00:00,2025,5,21,19,141,2,24,-11.0,28.8,0.0,0.0,0.0,39.58,Blizzard / Extreme Storm,69.44,39.58,0.0,0.0
2025-05-21 20:00:00,2025,5,21,20,141,2,27,-10.9,25.7,0.0,0.0,0.0,41.68,Blizzard / Extreme Storm,46.79,41.68,0.0,0.0
2025-05-21 21:00:00,2025,5,21,21,141,2,26,-10.2,27.8,0.0,0.0,0.0,42.08,Blizzard / Extreme Storm,23.92,42.08,0.0,0.0
2025-05-21 22:00:00,2025,5,21,22,141,2,25,-10.0,32.5,0.0,0.0,0.0,40.61,Blizzard / Extreme Storm,19.66,7.84,32.77,9.18
2025-05-21 23:00:00,2025,5,21,23,141,2,26,-10.3,21.0,0.0,0.0,80.0,37.9,High Wind Surge,38.06,-40.0,0.0,0.0
2025-05-22 00:00:00,2025,5,22,0,142,3,26,-9.1,15.2,0.0,0.0,80.0,39.44,High Wind Surge,56.46,-40.0,0.0,0.0
2025-05-22 01:00:00,2025,5,22,1,142,3,24,-8.1,13.9,0.0,0.0,80.0,35.09,Polar Night,74.86,-40.0,0.0,0.0
2025-05-22 02:00:00,2025,5,22,2,142,3,24,-8.5,13.0,0.0,0.0,80.0,37.97,Polar Night,93.26,-40.0,0.0,0.0
2025-05-22 03:00:00,2025,5,22,3,142,3,25,-10.1,8.2,0.0,0.0,15.43,40.91,Polar Night,79.41,25.48,0.0,0.0
2025-05-22 04:00:00,2025,5,22,4,142,3,25,-11.2,12.4,0.0,0.0,80.0,38.45,Polar Night,93.75,-31.18,0.0,0.0
2025-05-22 05:00:00,2025,5,22,5,142,3,25,-11.7,4.6,0.0,0.0,0.45,39.99,Polar Night,72.26,39.54,0.0,0.0
2025-05-22 06:00:00,2025,5,22,6,142,3,23,-11.6,14.0,0.0,0.0,80.0,37.14,High Wind Surge,90.66,-40.0,0.0,0.0
2025-05-22 07:00:00,2025,5,22,7,142,3,24,-12.6,8.2,0.0,0.0,15.43,44.24,Polar Night,75.01,28.81,0.0,0.0
2025-05-22 08:00:00,2025,5,22,8,142,3,24,-11.8,3.4,0.0,0.0,0.01,35.17,Polar Night,55.9,35.16,0.0,0.0
2025-05-22 09:00:00,2025,5,22,9,142,3,24,-11.6,6.1,0.0,0.0,3.27,37.96,Polar Night,37.04,34.69,0.0,0.0
2025-05-22 10:00:00,2025,5,22,10,142,3,26,-10.0,6.0,0.0,0.0,2.96,42.95,Polar Night,18.52,34.09,15.0,4.2
2025-05-22 11:00:00,2025,5,22,11,142,3,23,-9.3,6.2,0.0,0.0,3.6,35.86,Polar Night,18.52,0.0,35.22,9.86
2025-05-22 12:00:00,2025,5,22,12,142,3,25,-10.2,6.6,0.0,0.0,5.12,40.09,Polar Night,18.52,0.0,37.93,10.62
2025-05-22 13:00:00,2025,5,22,13,142,3,26,-9.3,1.4,0.0,0.0,0.0,44.5,Polar Night,18.52,0.0,47.46,13.29
2025-05-22 14:00:00,2025,5,22,14,142,3,27,-9.9,8.0,0.0,0.0,13.72,43.94,Polar Night,18.52,0.0,33.18,9.29
2025-05-22 15:00:00,2025,5,22,15,142,3,24,-8.9,6.2,0.0,0.0,3.6,45.98,Polar Night,18.52,0.0,45.34,12.7
2025-05-22 16:00:00,2025,5,22,16,142,3,25,-8.8,9.3,0.0,0.0,27.44,40.46,Polar Night,18.52,0.0,15.98,4.48
2025-05-22 17:00:00,2025,5,22,17,142,3,25,-9.2,9.6,0.0,0.0,31.55,40.36,Polar Night,18.52,0.0,15.0,4.2
2025-05-22 18:00:00,2025,5,22,18,142,3,25,-8.0,4.0,0.0,0.0,0.11,39.69,Polar Night,18.52,0.0,42.54,11.91
2025-05-22 19:00:00,2025,5,22,19,142,3,24,-7.9,1.8,0.0,0.0,0.0,36.93,Polar Night,18.52,0.0,39.89,11.17
2025-05-22 20:00:00,2025,5,22,20,142,3,25,-8.2,8.2,0.0,0.0,15.43,39.28,Polar Night,18.52,0.0,26.81,7.51
2025-05-22 21:00:00,2025,5,22,21,142,3,22,-8.8,14.2,0.0,0.0,80.0,36.08,High Wind Surge,36.92,-40.0,0.0,0.0
2025-05-22 22:00:00,2025,5,22,22,142,3,25,-9.1,5.8,0.0,0.0,2.41,40.09,Polar Night,18.53,33.84,15.0,4.2
2025-05-22 23:00:00,2025,5,22,23,142,3,25,-9.3,4.2,0.0,0.0,0.19,39.15,Polar Night,18.53,0.0,41.9,11.73
2025-05-23 00:00:00,2025,5,23,0,143,4,24,-8.8,3.2,0.0,0.0,0.0,33.82,Polar Night,18.53,0.0,36.76,10.29
2025-05-23 01:00:00,2025,5,23,1,143,4,27,-9.1,4.5,0.0,0.0,0.37,35.92,Polar Night,18.53,0.0,38.49,10.78
2025-05-23 02:00:00,2025,5,23,2,143,4,24,-9.9,4.8,0.0,0.0,0.64,38.52,Polar Night,18.53,0.0,40.82,11.43
2025-05-23 03:00:00,2025,5,23,3,143,4,24,-10.2,5.6,0.0,0.0,1.93,38.45,Polar Night,18.53,0.0,39.46,11.05
2025-05-23 04:00:00,2025,5,23,4,143,4,26,-11.3,7.7,0.0,0.0,11.39,36.4,Polar Night,18.53,0.0,27.95,7.83
2025-05-23 05:00:00,2025,5,23,5,143,4,24,-11.5,4.4,0.0,0.0,0.3,38.91,Polar Night,18.53,0.0,41.55,11.63
2025-05-23 06:00:00,2025,5,23,6,143,4,24,-14.0,1.8,0.0,0.0,0.0,42.05,Polar Night,18.53,0.0,44.99,12.6
2025-05-23 07:00:00,2025,5,23,7,143,4,24,-14.6,5.2,0.0,0.0,1.17,45.77,Polar Night,18.53,0.0,47.54,13.31
2025-05-23 08:00:00,2025,5,23,8,143,4,25,-14.2,10.3,0.0,0.0,42.69,48.53,Polar Night,18.53,0.0,15.0,4.2
2025-05-23 09:00:00,2025,5,23,9,143,4,25,-13.5,6.3,0.0,0.0,3.94,44.42,Polar Night,18.53,0.0,43.42,12.16
2025-05-23 10:00:00,2025,5,23,10,143,4,23,-12.2,13.3,0.0,0.0,80.0,39.02,Polar Night,36.93,-40.0,0.0,0.0
2025-05-23 11:00:00,2025,5,23,11,143,4,24,-11.6,6.3,0.0,0.0,3.94,39.36,Polar Night,18.53,33.86,15.0,4.2
2025-05-23 12:00:00,2025,5,23,12,143,4,24,-10.4,4.4,0.0,0.0,0.3,44.26,Polar Night,18.53,0.0,46.9,13.13
2025-05-23 13:00:00,2025,5,23,13,143,4,24,-10.5,3.6,0.0,0.0,0.02,45.22,Polar Night,18.53,0.0,48.14,13.48
2025-05-23 14:00:00,2025,5,23,14,143,4,25,-9.3,8.1,0.0,0.0,14.56,40.55,Polar Night,18.53,0.0,28.93,8.1
2025-05-23 15:00:00,2025,5,23,15,143,4,25,-8.3,6.6,0.0,0.0,5.12,40.85,Polar Night,18.53,0.0,38.67,10.83
2025-05-23 16:00:00,2025,5,23,16,143,4,23,-8.1,7.2,0.0,0.0,8.13,39.28,Polar Night,18.53,0.0,34.09,9.55
2025-05-23 17:00:00,2025,5,23,17,143,4,26,-8.6,8.8,0.0,0.0,21.41,39.72,Polar Night,18.53,0.0,21.25,5.95
2025-05-23 18:00:00,2025,5,23,18,143,4,25,-9.4,8.5,0.0,0.0,18.26,36.99,Polar Night,18.53,0.0,21.67,6.07
2025-05-23 19:00:00,2025,5,23,19,143,4,26,-9.3,1.7,0.0,0.0,0.0,42.18,Polar Night,18.53,0.0,45.12,12.63
2025-05-23 20:00:00,2025,5,23,20,143,4,25,-9.5,9.4,0.0,0.0,28.77,45.25,Polar Night,18.53,0.0,19.42,5.44
2025-05-23 21:00:00,2025,5,23,21,143,4,26,-10.1,6.6,0.0,0.0,5.12,42.01,Polar Night,18.53,0.0,39.83,11.15
2025-05-23 22:00:00,2025,5,23,22,143,4,25,-10.3,5.4,0.0,0.0,1.52,37.3,Polar Night,18.53,0.0,38.72,10.84
2025-05-23 23:00:00,2025,5,23,23,143,4,26,-9.8,6.6,0.0,0.0,5.12,36.82,Polar Night,18.53,0.0,34.64,9.7
2025-05-24 00:00:00,2025,5,24,0,144,5,25,-8.6,7.3,0.0,0.0,8.73,38.03,Polar Night,18.53,0.0,32.24,9.03
2025-05-24 01:00:00,2025,5,24,1,144,5,24,-7.9,3.2,0.0,0.0,0.0,38.92,Polar Night,18.53,0.0,41.86,11.72
2025-05-24 02:00:00,2025,5,24,2,144,5,27,-8.6,5.6,0.0,0.0,1.93,38.54,Polar Night,18.53,0.0,39.55,11.08
2025-05-24 03:00:00,2025,5,24,3,144,5,25,-9.2,4.9,0.0,0.0,0.75,32.56,Polar Night,18.53,0.0,34.75,9.73
2025-05-24 04:00:00,2025,5,24,4,144,5,25,-9.8,5.0,0.0,0.0,0.88,42.04,Polar Night,18.53,0.0,44.1,12.35
2025-05-24 05:00:00,2025,5,24,5,144,5,23,-10.2,2.5,0.0,0.0,0.0,39.64,Polar Night,18.53,0.0,42.58,11.92
2025-05-24 06:00:00,2025,5,24,6,144,5,23,-10.3,3.3,0.0,0.0,0.0,37.18,Polar Night,18.53,0.0,40.12,11.23
2025-05-24 07:00:00,2025,5,24,7,144,5,25,-9.5,3.3,0.0,0.0,0.0,39.47,Polar Night,18.53,0.0,42.41,11.88
2025-05-24 08:00:00,2025,5,24,8,144,5,25,-9.8,5.2,0.0,0.0,1.17,39.9,Polar Night,18.53,0.0,41.67,11.67
2025-05-24 09:00:00,2025,5,24,9,144,5,24,-9.4,11.0,0.0,0.0,56.19,42.53,Polar Night,24.81,-13.66,0.0,0.0
2025-05-24 10:00:00,2025,5,24,10,144,5,25,-7.9,3.7,0.0,0.0,0.04,34.65,Polar Night,19.58,9.62,24.99,7.0
2025-05-24 11:00:00,2025,5,24,11,144,5,26,-7.3,5.6,0.0,0.0,1.93,40.77,Polar Night,19.58,0.0,39.68,11.11
2025-05-24 12:00:00,2025,5,24,12,144,5,25,-6.8,4.7,0.0,0.0,0.54,39.47,Polar Night,19.58,0.0,39.77,11.13
2025-05-24 13:00:00,2025,5,24,13,144,5,23,-7.3,9.2,0.0,0.0,26.15,39.11,Polar Night,19.58,0.0,15.0,4.2
2025-05-24 14:00:00,2025,5,24,14,144,5,24,-5.7,1.8,0.0,0.0,0.0,34.69,Polar Night,19.58,0.0,35.53,9.95
2025-05-24 15:00:00,2025,5,24,15,144,5,24,-6.6,3.6,0.0,0.0,0.02,34.01,Polar Night,19.58,0.0,34.83,9.75
2025-05-24 16:00:00,2025,5,24,16,144,5,24,-8.3,3.8,0.0,0.0,0.06,45.16,Polar Night,19.58,0.0,45.94,12.86
2025-05-24 17:00:00,2025,5,24,17,144,5,24,-8.8,16.1,0.0,0.0,80.0,40.25,High Wind Surge,37.87,-39.75,0.0,0.0
2025-05-24 18:00:00,2025,5,24,18,144,5,24,-10.6,6.9,0.0,0.0,6.51,46.11,Polar Night,18.45,35.73,15.0,4.2
2025-05-24 19:00:00,2025,5,24,19,144,5,23,-10.3,7.3,0.0,0.0,8.73,42.96,Polar Night,18.45,0.0,37.34,10.45
2025-05-24 20:00:00,2025,5,24,20,144,5,24,-10.5,12.7,0.0,0.0,80.0,41.48,Polar Night,36.17,-38.52,0.0,0.0
2025-05-24 21:00:00,2025,5,24,21,144,5,24,-10.3,15.3,0.0,0.0,80.0,41.62,High Wind Surge,53.82,-38.38,0.0,0.0
2025-05-24 22:00:00,2025,5,24,22,144,5,22,-9.9,17.7,0.0,0.0,80.0,39.82,High Wind Surge,72.22,-40.0,0.0,0.0
2025-05-24 23:00:00,2025,5,24,23,144,5,27,-10.1,26.2,0.0,0.0,0.0,41.32,Blizzard / Extreme Storm,49.76,41.32,0.0,0.0
2025-05-25 00:00:00,2025,5,25,0,145,6,26,-8.9,24.1,0.0,0.0,80.0,38.41,Blizzard / Extreme Storm,68.16,-40.0,0.0,0.0
2025-05-25 01:00:00,2025,5,25,1,145,6,24,-9.6,25.4,0.0,0.0,0.0,40.05,Blizzard / Extreme Storm,46.4,40.05,0.0,0.0
2025-05-25 02:00:00,2025,5,25,2,145,6,25,-10.1,21.7,0.0,0.0,80.0,40.76,High Wind Surge,64.45,-39.24,0.0,0.0
2025-05-25 03:00:00,2025,5,25,3,145,6,23,-9.9,21.6,0.0,0.0,80.0,38.16,High Wind Surge,82.85,-40.0,0.0,0.0
2025-05-25 04:00:00,2025,5,25,4,145,6,26,-9.2,16.1,0.0,0.0,80.0,35.94,High Wind Surge,94.03,-24.3,0.0,0.0
2025-05-25 05:00:00,2025,5,25,5,145,6,26,-8.8,13.0,0.0,0.0,80.0,38.39,Polar Night,94.92,-1.94,0.0,0.0
2025-05-25 06:00:00,2025,5,25,6,145,6,25,-9.1,12.0,0.0,0.0,80.0,35.29,Polar Night,94.99,-0.16,0.0,0.0
2025-05-25 07:00:00,2025,5,25,7,145,6,26,-8.3,3.2,0.0,0.0,0.0,39.29,Polar Night,73.64,39.29,0.0,0.0
2025-05-25 08:00:00,2025,5,25,8,145,6,25,-9.3,7.4,0.0,0.0,9.35,41.64,Polar Night,56.09,32.29,0.0,0.0
2025-05-25 09:00:00,2025,5,25,9,145,6,23,-9.0,10.2,0.0,0.0,40.96,39.53,Polar Night,56.75,-1.43,0.0,0.0
2025-05-25 10:00:00,2025,5,25,10,145,6,24,-8.8,2.8,0.0,0.0,0.0,43.21,Polar Night,33.27,43.21,0.0,0.0
2025-05-25 11:00:00,2025,5,25,11,145,6,25,-9.4,11.1,0.0,0.0,58.32,39.07,Polar Night,42.12,-19.25,0.0,0.0
2025-05-25 12:00:00,2025,5,25,12,145,6,24,-8.7,2.3,0.0,0.0,0.0,34.52,Polar Night,23.36,34.52,0.0,0.0
2025-05-25 13:00:00,2025,5,25,13,145,6,24,-9.0,5.0,0.0,0.0,0.88,43.35,Polar Night,19.71,6.72,35.75,10.01
2025-05-25 14:00:00,2025,5,25,14,145,6,24,-8.6,7.3,0.0,0.0,8.73,39.89,Polar Night,19.71,0.0,31.74,8.89
2025-05-25 15:00:00,2025,5,25,15,145,6,24,-8.6,6.8,0.0,0.0,6.02,40.01,Polar Night,19.71,0.0,34.57,9.68
2025-05-25 16:00:00,2025,5,25,16,145,6,25,-9.2,2.5,0.0,0.0,0.0,38.6,Polar Night,19.71,0.0,39.18,10.97
2025-05-25 17:00:00,2025,5,25,17,145,6,23,-9.2,9.4,0.0,0.0,28.77,35.16,Polar Night,19.71,0.0,15.0,4.2
2025-05-25 18:00:00,2025,5,25,18,145,6,24,-8.1,13.8,0.0,0.0,80.0,37.35,Polar Night,38.11,-40.0,0.0,0.0
2025-05-25 19:00:00,2025,5,25,19,145,6,23,-9.0,3.5,0.0,0.0,0.01,41.15,Polar Night,18.43,36.22,15.0,4.2
2025-05-25 20:00:00,2025,5,25,20,145,6,25,-8.1,11.0,0.0,0.0,56.19,39.24,Polar Night,26.22,-16.95,0.0,0.0
2025-05-25 21:00:00,2025,5,25,21,145,6,22,-8.4,6.8,0.0,0.0,6.02,38.1,Polar Night,19.46,12.44,19.64,5.5
2025-05-25 22:00:00,2025,5,25,22,145,6,26,-9.1,12.1,0.0,0.0,80.0,33.12,Polar Night,37.86,-40.0,0.0,0.0
2025-05-25 23:00:00,2025,5,25,23,145,6,26,-8.9,3.4,0.0,0.0,0.01,41.75,Polar Night,18.45,35.72,15.0,4.2
2025-05-26 00:00:00,2025,5,26,0,146,0,24,-9.9,9.3,0.0,0.0,27.44,37.4,Polar Night,18.45,0.0,15.0,4.2
2025-05-26 01:00:00,2025,5,26,1,146,0,22,-9.1,2.0,0.0,0.0,0.0,42.37,Polar Night,18.45,0.0,45.48,12.73
2025-05-26 02:00:00,2025,5,26,2,146,0,24,-8.8,10.8,0.0,0.0,52.08,37.64,Polar Night,25.09,-14.44,0.0,0.0
2025-05-26 03:00:00,2025,5,26,3,146,0,24,-6.9,7.9,0.0,0.0,12.91,39.17,Polar Night,19.56,10.18,16.08,4.5
2025-05-26 04:00:00,2025,5,26,4,146,0,23,-6.1,5.2,0.0,0.0,1.17,32.69,Polar Night,19.56,0.0,32.41,9.07
2025-05-26 05:00:00,2025,5,26,5,146,0,24,-6.5,3.6,0.0,0.0,0.02,31.21,Polar Night,19.56,0.0,32.08,8.98
2025-05-26 06:00:00,2025,5,26,6,146,0,26,-6.5,9.6,0.0,0.0,31.55,34.96,Polar Night,19.56,0.0,15.0,4.2
2025-05-26 07:00:00,2025,5,26,7,146,0,25,-7.1,7.2,0.0,0.0,8.13,40.39,Polar Night,19.56,0.0,33.15,9.28
2025-05-26 08:00:00,2025,5,26,8,146,0,24,-7.3,5.1,0.0,0.0,1.02,40.47,Polar Night,19.56,0.0,40.34,11.29
2025-05-26 09:00:00,2025,5,26,9,146,0,23,-9.6,5.8,0.0,0.0,2.41,41.16,Polar Night,19.56,0.0,39.64,11.1
2025-05-26 10:00:00,2025,5,26,10,146,0,24,-8.2,9.8,0.0,0.0,34.51,45.2,Polar Night,19.56,0.0,15.0,4.2
2025-05-26 11:00:00,2025,5,26,11,146,0,24,-7.1,4.9,0.0,0.0,0.75,39.62,Polar Night,19.56,0.0,39.76,11.13
2025-05-26 12:00:00,2025,5,26,12,146,0,25,-8.2,2.4,0.0,0.0,0.0,39.04,Polar Night,19.56,0.0,39.93,11.18
2025-05-26 13:00:00,2025,5,26,13,146,0,24,-8.3,11.4,0.0,0.0,65.04,38.96,Polar Night,31.55,-26.08,0.0,0.0
2025-05-26 14:00:00,2025,5,26,14,146,0,25,-8.3,5.3,0.0,0.0,1.34,37.88,Polar Night,19.0,23.11,15.0,4.2
2025-05-26 15:00:00,2025,5,26,15,146,0,26,-6.8,5.0,0.0,0.0,0.88,39.85,Polar Night,19.0,0.0,40.98,11.47
2025-05-26 16:00:00,2025,5,26,16,146,0,25,-9.0,3.7,0.0,0.0,0.04,43.12,Polar Night,19.0,0.0,45.09,12.63
2025-05-26 17:00:00,2025,5,26,17,146,0,24,-9.1,11.1,0.0,0.0,58.32,43.67,Polar Night,25.73,-14.65,0.0,0.0
2025-05-26 18:00:00,2025,5,26,18,146,0,24,-9.3,3.8,0.0,0.0,0.06,39.55,Polar Night,19.5,11.47,28.02,7.85
2025-05-26 19:00:00,2025,5,26,19,146,0,24,-9.1,7.5,0.0,0.0,10.0,40.01,Polar Night,19.5,0.0,31.01,8.68
2025-05-26 20:00:00,2025,5,26,20,146,0,26,-9.1,10.7,0.0,0.0,50.1,39.23,Polar Night,24.5,-10.87,0.0,0.0
2025-05-26 21:00:00,2025,5,26,21,146,0,24,-10.2,1.5,0.0,0.0,0.0,43.39,Polar Night,19.61,9.0,34.39,9.63
2025-05-26 22:00:00,2025,5,26,22,146,0,25,-10.5,9.8,0.0,0.0,34.51,35.12,Polar Night,19.61,0.0,15.0,4.2
2025-05-26 23:00:00,2025,5,26,23,146,0,25,-11.0,5.5,0.0,0.0,1.71,36.78,Polar Night,19.61,0.0,35.85,10.04
2025-05-27 00:00:00,2025,5,27,0,147,1,24,-10.3,7.8,0.0,0.0,12.14,27.45,Polar Night,19.61,0.0,16.09,4.51
2025-05-27 01:00:00,2025,5,27,1,147,1,23,-10.0,5.2,0.0,0.0,1.17,34.46,Polar Night,19.61,0.0,34.07,9.54
2025-05-27 02:00:00,2025,5,27,2,147,1,25,-11.2,8.1,0.0,0.0,14.56,37.26,Polar Night,19.61,0.0,23.48,6.58
2025-05-27 03:00:00,2025,5,27,3,147,1,24,-11.4,4.2,0.0,0.0,0.19,37.39,Polar Night,19.61,0.0,37.98,10.64
2025-05-27 04:00:00,2025,5,27,4,147,1,25,-11.7,1.2,0.0,0.0,0.0,35.87,Polar Night,19.61,0.0,36.65,10.26
2025-05-27 05:00:00,2025,5,27,5,147,1,24,-11.6,12.6,0.0,0.0,80.0,36.0,Polar Night,38.01,-40.0,0.0,0.0
2025-05-27 06:00:00,2025,5,27,6,147,1,26,-11.3,1.1,0.0,0.0,0.0,42.18,Polar Night,18.43,36.02,15.0,4.2
2025-05-27 07:00:00,2025,5,27,7,147,1,24,-12.2,9.8,0.0,0.0,34.51,40.52,Polar Night,18.43,0.0,15.0,4.2
2025-05-27 08:00:00,2025,5,27,8,147,1,26,-11.4,3.4,0.0,0.0,0.01,38.04,Polar Night,18.43,0.0,41.16,11.53
2025-05-27 09:00:00,2025,5,27,9,147,1,23,-10.2,5.4,0.0,0.0,1.52,38.02,Polar Night,18.43,0.0,39.63,11.1
2025-05-27 10:00:00,2025,5,27,10,147,1,25,-9.0,9.7,0.0,0.0,33.01,37.84,Polar Night,18.43,0.0,15.0,4.2
2025-05-27 11:00:00,2025,5,27,11,147,1,25,-8.8,3.7,0.0,0.0,0.04,40.09,Polar Night,18.43,0.0,43.18,12.09
2025-05-27 12:00:00,2025,5,27,12,147,1,24,-8.3,10.5,0.0,0.0,46.3,40.44,Polar Night,21.13,-5.86,0.0,0.0
2025-05-27 13:00:00,2025,5,27,13,147,1,25,-8.2,6.3,0.0,0.0,3.94,36.43,Polar Night,19.9,2.26,30.23,8.46
2025-05-27 14:00:00,2025,5,27,14,147,1,26,-7.1,5.2,0.0,0.0,1.17,40.09,Polar Night,19.9,0.0,39.12,10.95
2025-05-27 15:00:00,2025,5,27,15,147,1,22,-7.9,7.8,0.0,0.0,12.14,42.05,Polar Night,19.9,0.0,30.11,8.43
2025-05-27 16:00:00,2025,5,27,16,147,1,25,-7.4,4.9,0.0,0.0,0.75,41.76,Polar Night,19.9,0.0,41.21,11.54
2025-05-27 17:00:00,2025,5,27,17,147,1,22,-7.1,5.0,0.0,0.0,0.88,39.4,Polar Night,19.9,0.0,38.72,10.84
2025-05-27 18:00:00,2025,5,27,18,147,1,24,-7.5,8.6,0.0,0.0,19.27,39.96,Polar Night,19.9,0.0,20.89,5.85
2025-05-27 19:00:00,2025,5,27,19,147,1,26,-6.5,4.7,0.0,0.0,0.54,38.1,Polar Night,19.9,0.0,37.76,10.57
2025-05-27 20:00:00,2025,5,27,20,147,1,24,-7.7,3.7,0.0,0.0,0.04,42.64,Polar Night,19.9,0.0,42.8,11.98
2025-05-27 21:00:00,2025,5,27,21,147,1,23,-8.5,9.5,0.0,0.0,30.14,40.42,Polar Night,19.9,0.0,15.0,4.2
2025-05-27 22:00:00,2025,5,27,22,147,1,24,-9.2,9.5,0.0,0.0,30.14,35.01,Polar Night,19.9,0.0,15.0,4.2
2025-05-27 23:00:00,2025,5,27,23,147,1,27,-10.1,6.3,0.0,0.0,3.94,37.96,Polar Night,19.9,0.0,34.22,9.58
2025-05-28 00:00:00,2025,5,28,0,148,2,23,-10.4,6.5,0.0,0.0,4.71,36.02,Polar Night,19.9,0.0,31.51,8.82
2025-05-28 01:00:00,2025,5,28,1,148,2,23,-11.6,8.2,0.0,0.0,15.43,38.26,Polar Night,19.9,0.0,23.03,6.45
2025-05-28 02:00:00,2025,5,28,2,148,2,26,-11.2,6.4,0.0,0.0,4.31,41.99,Polar Night,19.9,0.0,37.88,10.61
2025-05-28 03:00:00,2025,5,28,3,148,2,26,-9.4,5.6,0.0,0.0,1.93,37.16,Polar Night,19.9,0.0,35.43,9.92
2025-05-28 04:00:00,2025,5,28,4,148,2,24,-8.7,16.6,0.0,0.0,80.0,34.66,High Wind Surge,38.3,-40.0,0.0,0.0
2025-05-28 05:00:00,2025,5,28,5,148,2,23,-7.5,3.1,0.0,0.0,0.0,38.13,Polar Night,18.41,36.6,15.0,4.2
2025-05-28 06:00:00,2025,5,28,6,148,2,27,-7.4,7.1,0.0,0.0,7.56,39.5,Polar Night,18.41,0.0,35.12,9.83
2025-05-28 07:00:00,2025,5,28,7,148,2,26,-6.9,10.8,0.0,0.0,52.08,37.22,Polar Night,25.24,-14.86,0.0,0.0
2025-05-28 08:00:00,2025,5,28,8,148,2,25,-7.8,8.1,0.0,0.0,14.56,43.22,Polar Night,19.54,10.49,18.17,5.09
2025-05-28 09:00:00,2025,5,28,9,148,2,24,-8.2,10.7,0.0,0.0,50.1,41.88,Polar Night,23.33,-8.22,0.0,0.0
2025-05-28 10:00:00,2025,5,28,10,148,2,24,-8.5,4.9,0.0,0.0,0.75,38.32,Polar Night,19.71,6.65,30.92,8.66
2025-05-28 11:00:00,2025,5,28,11,148,2,24,-9.1,4.3,0.0,0.0,0.24,43.19,Polar Night,19.71,0.0,43.53,12.19
2025-05-28 12:00:00,2025,5,28,12,148,2,25,-8.0,10.2,0.0,0.0,40.96,36.59,Polar Night,21.72,-4.37,0.0,0.0
2025-05-28 13:00:00,2025,5,28,13,148,2,26,-7.2,5.4,0.0,0.0,1.52,38.21,Polar Night,19.85,3.44,33.25,9.31
2025-05-28 14:00:00,2025,5,28,14,148,2,25,-7.2,8.3,0.0,0.0,16.34,36.33,Polar Night,19.85,0.0,20.29,5.68
2025-05-28 15:00:00,2025,5,28,15,148,2,23,-7.9,3.1,0.0,0.0,0.0,36.46,Polar Night,19.85,0.0,36.76,10.29
2025-05-28 16:00:00,2025,5,28,16,148,2,26,-7.7,8.8,0.0,0.0,21.41,41.92,Polar Night,19.85,0.0,20.81,5.83
2025-05-28 17:00:00,2025,5,28,17,148,2,25,-7.0,6.7,0.0,0.0,5.56,38.88,Polar Night,19.85,0.0,33.62,9.41
2025-05-28 18:00:00,2025,5,28,18,148,2,25,-7.6,4.3,0.0,0.0,0.24,36.59,Polar Night,19.85,0.0,36.65,10.26
2025-05-28 19:00:00,2025,5,28,19,148,2,26,-6.8,6.3,0.0,0.0,3.94,37.64,Polar Night,19.85,0.0,34.0,9.52
2025-05-28 20:00:00,2025,5,28,20,148,2,23,-5.5,8.2,0.0,0.0,15.43,35.44,Polar Night,19.85,0.0,20.31,5.69
2025-05-28 21:00:00,2025,5,28,21,148,2,24,-5.0,0.9,0.0,0.0,0.0,37.7,Polar Night,19.85,0.0,38.0,10.64
2025-05-28 22:00:00,2025,5,28,22,148,2,24,-6.1,7.6,0.0,0.0,10.68,40.38,Polar Night,19.85,0.0,30.0,8.4
2025-05-28 23:00:00,2025,5,28,23,148,2,23,-7.6,6.7,0.0,0.0,5.56,36.12,Polar Night,19.85,0.0,30.86,8.64
2025-05-29 00:00:00,2025,5,29,0,149,3,25,-8.3,3.9,0.0,0.0,0.08,37.24,Polar Night,19.85,0.0,37.46,10.49
2025-05-29 01:00:00,2025,5,29,1,149,3,27,-9.0,8.8,0.0,0.0,21.41,41.36,Polar Night,19.85,0.0,20.25,5.67
2025-05-29 02:00:00,2025,5,29,2,149,3,23,-9.0,4.6,0.0,0.0,0.45,35.3,Polar Night,19.85,0.0,35.15,9.84
2025-05-29 03:00:00,2025,5,29,3,149,3,24,-9.0,4.4,0.0,0.0,0.3,40.2,Polar Night,19.85,0.0,40.2,11.26
2025-05-29 04:00:00,2025,5,29,4,149,3,25,-7.8,6.1,0.0,0.0,3.27,35.12,Polar Night,19.85,0.0,32.15,9.0
2025-05-29 05:00:00,2025,5,29,5,149,3,25,-7.2,7.9,0.0,0.0,12.91,34.83,Polar Night,19.85,0.0,22.22,6.22
2025-05-29 06:00:00,2025,5,29,6,149,3,24,-6.5,11.9,0.0,0.0,77.36,34.17,Polar Night,38.25,-40.0,0.0,0.0
2025-05-29 07:00:00,2025,5,29,7,149,3,23,-6.3,3.1,0.0,0.0,0.0,37.43,Polar Night,18.41,36.5,15.0,4.2
2025-05-29 08:00:00,2025,5,29,8,149,3,25,-8.4,5.4,0.0,0.0,1.52,39.53,Polar Night,18.41,0.0,41.18,11.53
2025-05-29 09:00:00,2025,5,29,9,149,3,24,-8.7,2.1,0.0,0.0,0.0,40.74,Polar Night,18.41,0.0,43.91,12.3
2025-05-29 10:00:00,2025,5,29,10,149,3,22,-8.7,8.9,0.0,0.0,22.54,38.09,Polar Night,18.41,0.0,18.72,5.24
2025-05-29 11:00:00,2025,5,29,11,149,3,26,-8.2,5.9,0.0,0.0,2.68,40.41,Polar Night,18.41,0.0,40.9,11.45
2025-05-29 12:00:00,2025,5,29,12,149,3,25,-9.1,8.3,0.0,0.0,16.34,36.46,Polar Night,18.41,0.0,23.29,6.52
2025-05-29 13:00:00,2025,5,29,13,149,3,25,-10.9,4.8,0.0,0.0,0.64,43.8,Polar Night,18.41,0.0,46.33,12.97
2025-05-29 14:00:00,2025,5,29,14,149,3,25,-9.8,10.1,0.0,0.0,39.28,43.85,Polar Night,18.41,0.0,15.0,4.2
2025-05-29 15:00:00,2025,5,29,15,149,3,26,-9.6,6.6,0.0,0.0,5.12,41.77,Polar Night,18.41,0.0,39.82,11.15
2025-05-29 16:00:00,2025,5,29,16,149,3,25,-10.7,12.4,0.0,0.0,80.0,43.56,Polar Night,35.18,-36.44,0.0,0.0
2025-05-29 17:00:00,2025,5,29,17,149,3,25,-10.8,2.3,0.0,0.0,0.0,39.67,Polar Night,18.68,30.35,15.0,4.2
2025-05-29 18:00:00,2025,5,29,18,149,3,24,-9.9,6.4,0.0,0.0,4.31,44.54,Polar Night,18.68,0.0,42.87,12.0
2025-05-29 19:00:00,2025,5,29,19,149,3,26,-8.2,9.0,0.0,0.0,23.7,40.64,Polar Night,18.68,0.0,19.58,5.48
2025-05-29 20:00:00,2025,5,29,20,149,3,25,-9.5,7.2,0.0,0.0,8.13,36.78,Polar Night,18.68,0.0,31.29,8.76
2025-05-29 21:00:00,2025,5,29,21,149,3,25,-10.4,1.3,0.0,0.0,0.0,44.51,Polar Night,18.68,0.0,47.15,13.2
2025-05-29 22:00:00,2025,5,29,22,149,3,23,-10.2,13.8,0.0,0.0,80.0,39.35,Polar Night,37.08,-40.0,0.0,0.0
2025-05-29 23:00:00,2025,5,29,23,149,3,25,-10.1,4.6,0.0,0.0,0.45,42.59,Polar Night,18.51,34.16,15.0,4.2
2025-05-30 00:00:00,2025,5,30,0,150,4,24,-10.2,4.1,0.0,0.0,0.15,41.93,Polar Night,18.51,0.0,44.75,12.53
2025-05-30 01:00:00,2025,5,30,1,150,4,24,-10.4,6.2,0.0,0.0,3.6,41.27,Polar Night,18.51,0.0,40.64,11.38
2025-05-30 02:00:00,2025,5,30,2,150,4,24,-9.4,6.7,0.0,0.0,5.56,38.35,Polar Night,18.51,0.0,35.76,10.01
2025-05-30 03:00:00,2025,5,30,3,150,4,23,-8.8,9.0,0.0,0.0,23.7,38.29,Polar Night,18.51,0.0,17.56,4.92
2025-05-30 04:00:00,2025,5,30,4,150,4,27,-9.0,5.4,0.0,0.0,1.52,34.81,Polar Night,18.51,0.0,36.26,10.15
2025-05-30 05:00:00,2025,5,30,5,150,4,26,-8.9,5.8,0.0,0.0,2.41,36.53,Polar Night,18.51,0.0,37.09,10.39
2025-05-30 06:00:00,2025,5,30,6,150,4,26,-9.6,6.6,0.0,0.0,5.12,45.21,Polar Night,18.51,0.0,43.06,12.06
2025-05-30 07:00:00,2025,5,30,7,150,4,23,-9.3,5.4,0.0,0.0,1.52,35.63,Polar Night,18.51,0.0,37.08,10.38
2025-05-30 08:00:00,2025,5,30,8,150,4,25,-8.8,11.5,0.0,0.0,67.39,41.04,Polar Night,30.64,-26.35,0.0,0.0
2025-05-30 09:00:00,2025,5,30,9,150,4,23,-8.4,10.2,0.0,0.0,40.96,39.17,Polar Night,31.46,-1.79,0.0,0.0
2025-05-30 10:00:00,2025,5,30,10,150,4,24,-8.2,5.9,0.0,0.0,2.68,41.6,Polar Night,19.0,22.92,16.0,4.48
2025-05-30 11:00:00,2025,5,30,11,150,4,24,-9.3,0.2,0.0,0.0,0.0,40.79,Polar Night,19.0,0.0,42.78,11.98
2025-05-30 12:00:00,2025,5,30,12,150,4,26,-9.0,11.2,0.0,0.0,60.51,43.8,Polar Night,26.69,-16.71,0.0,0.0
2025-05-30 13:00:00,2025,5,30,13,150,4,24,-9.5,2.9,0.0,0.0,0.0,40.48,Polar Night,19.42,13.38,27.1,7.59
2025-05-30 14:00:00,2025,5,30,14,150,4,26,-11.0,4.1,0.0,0.0,0.15,44.2,Polar Night,19.42,0.0,45.21,12.66
2025-05-30 15:00:00,2025,5,30,15,150,4,25,-11.0,3.2,0.0,0.0,0.0,42.83,Polar Night,19.42,0.0,43.99,12.32
2025-05-30 16:00:00,2025,5,30,16,150,4,27,-10.1,3.5,0.0,0.0,0.01,41.21,Polar Night,19.42,0.0,42.36,11.86
2025-05-30 17:00:00,2025,5,30,17,150,4,23,-9.0,9.4,0.0,0.0,28.77,38.64,Polar Night,19.42,0.0,15.0,4.2
2025-05-30 18:00:00,2025,5,30,18,150,4,26,-9.0,7.0,0.0,0.0,7.02,43.96,Polar Night,19.42,0.0,38.1,10.67
2025-05-30 19:00:00,2025,5,30,19,150,4,26,-8.9,12.9,0.0,0.0,80.0,42.25,Polar Night,36.78,-37.75,0.0,0.0
2025-05-30 20:00:00,2025,5,30,20,150,4,24,-8.0,4.0,0.0,0.0,0.11,41.81,Polar Night,18.54,33.57,15.0,4.2
2025-05-30 21:00:00,2025,5,30,21,150,4,26,-8.0,6.2,0.0,0.0,3.6,43.15,Polar Night,18.54,0.0,42.47,11.89
2025-05-30 22:00:00,2025,5,30,22,150,4,25,-7.8,14.1,0.0,0.0,80.0,34.89,High Wind Surge,36.94,-40.0,0.0,0.0
2025-05-30 23:00:00,2025,5,30,23,150,4,24,-7.7,9.8,0.0,0.0,34.51,35.22,Polar Night,36.55,0.71,0.0,0.0
2025-05-31 00:00:00,2025,5,31,0,151,5,24,-7.2,8.5,0.0,0.0,18.26,34.67,Polar Night,27.64,16.41,0.0,0.0
2025-05-31 01:00:00,2025,5,31,1,151,5,24,-7.6,3.6,0.0,0.0,0.02,38.4,Polar Night,19.34,15.27,23.11,6.47
2025-05-31 02:00:00,2025,5,31,2,151,5,27,-6.9,9.0,0.0,0.0,23.7,36.16,Polar Night,19.34,0.0,15.0,4.2
2025-05-31 03:00:00,2025,5,31,3,151,5,25,-8.0,5.0,0.0,0.0,0.88,36.79,Polar Night,19.34,0.0,37.24,10.43
2025-05-31 04:00:00,2025,5,31,4,151,5,25,-9.0,6.6,0.0,0.0,5.12,34.45,Polar Night,19.34,0.0,30.66,8.58
2025-05-31 05:00:00,2025,5,31,5,151,5,24,-9.2,7.3,0.0,0.0,8.73,39.08,Polar Night,19.34,0.0,31.68,8.87
2025-05-31 06:00:00,2025,5,31,6,151,5,24,-9.0,7.3,0.0,0.0,8.73,39.01,Polar Night,19.34,0.0,31.61,8.85
2025-05-31 07:00:00,2025,5,31,7,151,5,26,-8.2,8.5,0.0,0.0,18.26,41.57,Polar Night,19.34,0.0,24.64,6.9
2025-05-31 08:00:00,2025,5,31,8,151,5,23,-8.3,7.8,0.0,0.0,12.14,39.61,Polar Night,19.34,0.0,28.8,8.06
2025-05-31 09:00:00,2025,5,31,9,151,5,24,-7.3,2.1,0.0,0.0,0.0,41.4,Polar Night,19.34,0.0,42.73,11.96
2025-05-31 10:00:00,2025,5,31,10,151,5,25,-6.6,5.9,0.0,0.0,2.68,38.49,Polar Night,19.34,0.0,37.14,10.4
2025-05-31 11:00:00,2025,5,31,11,151,5,25,-7.4,7.8,0.0,0.0,12.14,42.77,Polar Night,19.34,0.0,31.96,8.95
2025-05-31 12:00:00,2025,5,31,12,151,5,24,-8.1,4.6,0.0,0.0,0.45,41.18,Polar Night,19.34,0.0,42.06,11.78
2025-05-31 13:00:00,2025,5,31,13,151,5,25,-8.4,4.7,0.0,0.0,0.54,36.81,Polar Night,19.34,0.0,37.6,10.53
2025-05-31 14:00:00,2025,5,31,14,151,5,25,-8.3,2.9,0.0,0.0,0.0,39.56,Polar Night,19.34,0.0,40.89,11.45
2025-05-31 15:00:00,2025,5,31,15,151,5,25,-9.2,5.6,0.0,0.0,1.93,41.38,Polar Night,19.34,0.0,40.78,11.42
2025-05-31 16:00:00,2025,5,31,16,151,5,24,-9.3,15.1,0.0,0.0,80.0,38.55,High Wind Surge,37.74,-40.0,0.0,0.0
2025-05-31 17:00:00,2025,5,31,17,151,5,24,-8.3,4.5,0.0,0.0,0.37,42.24,Polar Night,18.46,35.47,15.0,4.2
2025-05-31 18:00:00,2025,5,31,18,151,5,26,-8.0,6.6,0.0,0.0,5.12,35.07,Polar Night,18.46,0.0,33.03,9.25
2025-05-31 19:00:00,2025,5,31,19,151,5,25,-6.7,8.7,0.0,0.0,20.32,40.7,Polar Night,18.46,0.0,23.46,6.57
2025-05-31 20:00:00,2025,5,31,20,151,5,23,-7.4,1.0,0.0,0.0,0.0,40.25,Polar Night,18.46,0.0,43.33,12.13
2025-05-31 21:00:00,2025,5,31,21,151,5,25,-6.7,11.2,0.0,0.0,60.51,33.72,Polar Night,30.78,-26.79,0.0,0.0
2025-05-31 22:00:00,2025,5,31,22,151,5,23,-7.4,5.3,0.0,0.0,1.34,35.72,Polar Night,19.06,21.56,15.0,4.2
2025-05-31 23:00:00,2025,5,31,23,151,5,25,-8.0,10.5,0.0,0.0,46.3,35.25,Polar Night,24.15,-11.05,0.0,0.0
2025-06-01 00:00:00,2025,6,1,0,152,6,26,-8.3,1.6,0.0,0.0,0.0,40.32,Polar Night,19.64,8.29,32.03,8.97
2025-06-01 01:00:00,2025,6,1,1,152,6,24,-10.6,3.1,0.0,0.0,0.0,35.98,Polar Night,19.64,0.0,36.7,10.28
2025-06-01 02:00:00,2025,6,1,2,152,6,24,-10.6,4.8,0.0,0.0,0.64,40.07,Polar Night,19.64,0.0,40.15,11.24
2025-06-01 03:00:00,2025,6,1,3,152,6,25,-10.4,5.0,0.0,0.0,0.88,40.63,Polar Night,19.64,0.0,40.47,11.33
2025-06-01 04:00:00,2025,6,1,4,152,6,23,-9.5,10.1,0.0,0.0,39.28,36.05,Polar Night,21.13,-3.23,0.0,0.0
2025-06-01 05:00:00,2025,6,1,5,152,6,24,-8.1,0.9,0.0,0.0,0.0,39.44,Polar Night,19.9,2.25,37.19,10.41
2025-06-01 06:00:00,2025,6,1,6,152,6,25,-7.0,7.6,0.0,0.0,10.68,34.54,Polar Night,19.9,0.0,24.06,6.74
2025-06-01 07:00:00,2025,6,1,7,152,6,24,-6.5,2.9,0.0,0.0,0.0,41.53,Polar Night,19.9,0.0,41.73,11.68
2025-06-01 08:00:00,2025,6,1,8,152,6,24,-6.5,9.7,0.0,0.0,33.01,44.71,Polar Night,19.9,0.0,15.0,4.2
2025-06-01 09:00:00,2025,6,1,9,152,6,25,-6.3,9.1,0.0,0.0,24.91,40.72,Polar Night,19.9,0.0,16.01,4.48
2025-06-01 10:00:00,2025,6,1,10,152,6,25,-5.8,6.3,0.0,0.0,3.94,39.55,Polar Night,19.9,0.0,35.81,10.03
2025-06-01 11:00:00,2025,6,1,11,152,6,25,-7.0,3.8,0.0,0.0,0.06,37.73,Polar Night,19.9,0.0,37.87,10.6
2025-06-01 12:00:00,2025,6,1,12,152,6,24,-8.4,7.5,0.0,0.0,10.0,44.26,Polar Night,19.9,0.0,34.46,9.65
2025-06-01 13:00:00,2025,6,1,13,152,6,25,-8.2,3.2,0.0,0.0,0.0,42.04,Polar Night,19.9,0.0,42.24,11.83
2025-06-01 14:00:00,2025,6,1,14,152,6,24,-7.2,3.6,0.0,0.0,0.02,37.57,Polar Night,19.9,0.0,37.75,10.57
2025-06-01 15:00:00,2025,6,1,15,152,6,25,-6.7,7.4,0.0,0.0,9.35,42.44,Polar Night,19.9,0.0,33.29,9.32
2025-06-01 16:00:00,2025,6,1,16,152,6,24,-7.8,15.7,0.0,0.0,80.0,39.44,High Wind Surge,38.3,-40.0,0.0,0.0
2025-06-01 17:00:00,2025,6,1,17,152,6,24,-7.4,11.0,0.0,0.0,56.19,40.56,Polar Night,45.49,-15.63,0.0,0.0
2025-06-01 18:00:00,2025,6,1,18,152,6,24,-8.0,7.1,0.0,0.0,7.56,38.29,Polar Night,28.79,30.73,0.0,0.0
2025-06-01 19:00:00,2025,6,1,19,152,6,24,-7.8,6.6,0.0,0.0,5.12,36.82,Polar Night,19.24,17.58,15.0,4.2
2025-06-01 20:00:00,2025,6,1,20,152,6,24,-7.9,18.2,0.0,0.0,80.0,37.03,High Wind Surge,37.64,-40.0,0.0,0.0
2025-06-01 21:00:00,2025,6,1,21,152,6,23,-9.0,6.7,0.0,0.0,5.56,38.77,Polar Night,19.59,33.21,0.0,0.0
2025-06-01 22:00:00,2025,6,1,22,152,6,25,-9.5,5.6,0.0,0.0,1.93,38.74,Polar Night,19.59,0.0,37.64,10.54
2025-06-01 23:00:00,2025,6,1,23,152,6,25,-11.1,11.4,0.0,0.0,65.04,37.91,Polar Night,32.07,-27.13,0.0,0.0
2025-06-02 00:00:00,2025,6,2,0,153,0,25,-9.0,4.0,0.0,0.0,0.11,35.11,Polar Night,18.95,24.13,15.0,4.2
2025-06-02 01:00:00,2025,6,2,1,153,0,24,-9.6,2.5,0.0,0.0,0.0,34.94,Polar Night,18.95,0.0,37.04,10.37
2025-06-02 02:00:00,2025,6,2,2,153,0,25,-10.0,7.5,0.0,0.0,10.0,41.0,Polar Night,18.95,0.0,33.1,9.27
2025-06-02 03:00:00,2025,6,2,3,153,0,25,-9.2,2.5,0.0,0.0,0.0,36.93,Polar Night,18.95,0.0,39.03,10.93
2025-06-02 04:00:00,2025,6,2,4,153,0,25,-7.8,5.2,0.0,0.0,1.17,31.29,Polar Night,18.95,0.0,32.22,9.02
2025-06-02 05:00:00,2025,6,2,5,153,0,24,-6.7,5.6,0.0,0.0,1.93,35.13,Polar Night,18.95,0.0,35.3,9.88
2025-06-02 06:00:00,2025,6,2,6,153,0,25,-7.9,6.7,0.0,0.0,5.56,35.22,Polar Night,18.95,0.0,31.76,8.89
2025-06-02 07:00:00,2025,6,2,7,153,0,25,-7.3,15.8,0.0,0.0,80.0,39.65,High Wind Surge,37.35,-40.0,0.0,0.0
2025-06-02 08:00:00,2025,6,2,8,153,0,25,-6.5,3.9,0.0,0.0,0.08,37.12,Polar Night,18.49,34.7,15.0,4.2
2025-06-02 09:00:00,2025,6,2,9,153,0,22,-6.8,5.2,0.0,0.0,1.17,40.94,Polar Night,18.49,0.0,42.79,11.98
2025-06-02 10:00:00,2025,6,2,10,153,0,25,-8.0,3.0,0.0,0.0,0.0,39.28,Polar Night,18.49,0.0,42.3,11.84
2025-06-02 11:00:00,2025,6,2,11,153,0,27,-8.7,7.3,0.0,0.0,8.73,40.36,Polar Night,18.49,0.0,34.65,9.7
2025-06-02 12:00:00,2025,6,2,12,153,0,24,-8.9,8.5,0.0,0.0,18.26,39.2,Polar Night,18.49,0.0,23.96,6.71
2025-06-02 13:00:00,2025,6,2,13,153,0,24,-8.4,6.1,0.0,0.0,3.27,40.8,Polar Night,18.49,0.0,40.55,11.35
2025-06-02 14:00:00,2025,6,2,14,153,0,25,-9.2,4.1,0.0,0.0,0.15,41.55,Polar Night,18.49,0.0,44.42,12.44
2025-06-02 15:00:00,2025,6,2,15,153,0,25,-9.4,7.4,0.0,0.0,9.35,39.74,Polar Night,18.49,0.0,33.41,9.35
2025-06-02 16:00:00,2025,6,2,16,153,0,26,-9.3,6.6,0.0,0.0,5.12,41.05,Polar Night,18.49,0.0,38.95,10.91
2025-06-02 17:00:00,2025,6,2,17,153,0,23,-8.4,3.4,0.0,0.0,0.01,38.64,Polar Night,18.49,0.0,41.65,11.66
2025-06-02 18:00:00,2025,6,2,18,153,0,25,-7.9,5.5,0.0,0.0,1.71,41.72,Polar Night,18.49,0.0,43.03,12.05
2025-06-02 19:00:00,2025,6,2,19,153,0,25,-8.7,5.7,0.0,0.0,2.16,36.97,Polar Night,18.49,0.0,37.83,10.59
2025-06-02 20:00:00,2025,6,2,20,153,0,24,-7.9,14.6,0.0,0.0,80.0,38.39,High Wind Surge,36.89,-40.0,0.0,0.0
2025-06-02 21:00:00,2025,6,2,21,153,0,25,-6.8,10.2,0.0,0.0,40.96,38.28,Polar Night,38.12,-2.68,0.0,0.0
2025-06-02 22:00:00,2025,6,2,22,153,0,26,-7.5,8.6,0.0,0.0,19.27,39.66,Polar Night,27.04,20.39,0.0,0.0
2025-06-02 23:00:00,2025,6,2,23,153,0,25,-7.5,10.9,0.0,0.0,54.11,38.9,Polar Night,34.04,-15.21,0.0,0.0
2025-06-03 00:00:00,2025,6,3,0,154,1,23,-7.9,8.6,0.0,0.0,19.27,36.81,Polar Night,24.51,17.54,0.0,0.0
2025-06-03 01:00:00,2025,6,3,1,154,1,25,-8.0,11.2,0.0,0.0,60.51,33.85,Polar Night,36.77,-26.66,0.0,0.0
2025-06-03 02:00:00,2025,6,3,2,154,1,24,-8.7,1.9,0.0,0.0,0.0,36.79,Polar Night,18.54,33.54,15.0,4.2
2025-06-03 03:00:00,2025,6,3,3,154,1,25,-9.7,5.9,0.0,0.0,2.68,42.31,Polar Night,18.54,0.0,42.55,11.91
2025-06-03 04:00:00,2025,6,3,4,154,1,25,-8.6,8.7,0.0,0.0,20.32,36.41,Polar Night,18.54,0.0,19.01,5.32
2025-06-03 05:00:00,2025,6,3,5,154,1,24,-8.4,7.0,0.0,0.0,7.02,36.74,Polar Night,18.54,0.0,32.64,9.14
2025-06-03 06:00:00,2025,6,3,6,154,1,26,-7.7,3.4,0.0,0.0,0.01,36.79,Polar Night,18.54,0.0,39.7,11.12
2025-06-03 07:00:00,2025,6,3,7,154,1,24,-7.8,4.9,0.0,0.0,0.75,37.05,Polar Night,18.54,0.0,39.22,10.98
2025-06-03 08:00:00,2025,6,3,8,154,1,23,-8.2,4.7,0.0,0.0,0.54,37.1,Polar Night,18.54,0.0,39.48,11.05
2025-06-03 09:00:00,2025,6,3,9,154,1,24,-8.7,4.2,0.0,0.0,0.19,37.82,Polar Night,18.54,0.0,40.55,11.35
2025-06-03 10:00:00,2025,6,3,10,154,1,25,-9.2,5.0,0.0,0.0,0.88,39.82,Polar Night,18.54,0.0,41.86,11.72
2025-06-03 11:00:00,2025,6,3,11,154,1,26,-8.3,6.4,0.0,0.0,4.31,41.34,Polar Night,18.54,0.0,39.95,11.19
2025-06-03 12:00:00,2025,6,3,12,154,1,25,-8.7,10.3,0.0,0.0,42.69,40.62,Polar Night,19.49,-2.07,0.0,0.0
2025-06-03 13:00:00,2025,6,3,13,154,1,24,-8.9,8.7,0.0,0.0,20.32,41.26,Polar Night,19.49,0.0,21.95,6.15
2025-06-03 14:00:00,2025,6,3,14,154,1,27,-8.3,9.9,0.0,0.0,36.05,45.99,Polar Night,19.49,0.0,15.0,4.2
2025-06-03 15:00:00,2025,6,3,15,154,1,25,-7.5,10.8,0.0,0.0,52.08,45.78,Polar Night,22.39,-6.3,0.0,0.0
2025-06-03 16:00:00,2025,6,3,16,154,1,26,-7.1,5.6,0.0,0.0,1.93,39.57,Polar Night,19.79,4.78,32.86,9.2
2025-06-03 17:00:00,2025,6,3,17,154,1,24,-7.4,5.0,0.0,0.0,0.88,41.18,Polar Night,19.79,0.0,40.72,11.4
2025-06-03 18:00:00,2025,6,3,18,154,1,25,-6.8,2.0,0.0,0.0,0.0,40.41,Polar Night,19.79,0.0,40.83,11.43
2025-06-03 19:00:00,2025,6,3,19,154,1,25,-6.5,12.0,0.0,0.0,80.0,41.23,Polar Night,37.63,-38.77,0.0,0.0
2025-06-03 20:00:00,2025,6,3,20,154,1,26,-7.1,2.1,0.0,0.0,0.0,41.94,Polar Night,18.47,35.25,15.0,4.2
2025-06-03 21:00:00,2025,6,3,21,154,1,26,-7.5,8.7,0.0,0.0,20.32,38.32,Polar Night,18.47,0.0,21.07,5.9
2025-06-03 22:00:00,2025,6,3,22,154,1,25,-7.0,5.3,0.0,0.0,1.34,40.54,Polar Night,18.47,0.0,42.27,11.83
2025-06-03 23:00:00,2025,6,3,23,154,1,24,-8.1,12.6,0.0,0.0,80.0,40.02,Polar Night,36.86,-39.98,0.0,0.0
2025-06-04 00:00:00,2025,6,4,0,155,2,24,-9.6,5.6,0.0,0.0,1.93,39.74,Polar Night,18.53,33.72,15.0,4.2
2025-06-04 01:00:00,2025,6,4,1,155,2,25,-9.5,9.6,0.0,0.0,31.55,39.17,Polar Night,18.53,0.0,15.0,4.2
2025-06-04 02:00:00,2025,6,4,2,155,2,25,-10.2,4.4,0.0,0.0,0.3,38.98,Polar Night,18.53,0.0,41.61,11.65
2025-06-04 03:00:00,2025,6,4,3,155,2,24,-8.6,4.6,0.0,0.0,0.45,37.08,Polar Night,18.53,0.0,39.56,11.08
2025-06-04 04:00:00,2025,6,4,4,155,2,26,-9.7,7.2,0.0,0.0,8.13,39.79,Polar Night,18.53,0.0,34.59,9.69
2025-06-04 05:00:00,2025,6,4,5,155,2,26,-9.6,17.9,0.0,0.0,80.0,38.38,High Wind Surge,36.93,-40.0,0.0,0.0
2025-06-04 06:00:00,2025,6,4,6,155,2,24,-8.3,6.5,0.0,0.0,4.71,37.29,Polar Night,19.23,32.58,0.0,0.0
2025-06-04 07:00:00,2025,6,4,7,155,2,24,-8.3,12.1,0.0,0.0,80.0,39.6,Polar Night,37.63,-40.0,0.0,0.0
2025-06-04 08:00:00,2025,6,4,8,155,2,24,-7.4,9.2,0.0,0.0,26.15,38.54,Polar Night,30.89,12.39,0.0,0.0
2025-06-04 09:00:00,2025,6,4,9,155,2,25,-8.3,9.4,0.0,0.0,28.77,44.68,Polar Night,22.25,15.91,0.0,0.0
2025-06-04 10:00:00,2025,6,4,10,155,2,24,-6.6,5.8,0.0,0.0,2.41,38.8,Polar Night,19.8,4.49,31.9,8.93
2025-06-04 11:00:00,2025,6,4,11,155,2,26,-5.9,5.3,0.0,0.0,1.34,37.73,Polar Night,19.8,0.0,36.78,10.3
2025-06-04 12:00:00,2025,6,4,12,155,2,25,-5.1,3.6,0.0,0.0,0.02,38.22,Polar Night,19.8,0.0,38.59,10.81
2025-06-04 13:00:00,2025,6,4,13,155,2,25,-5.4,13.3,0.0,0.0,80.0,35.01,Polar Night,38.2,-40.0,0.0,0.0
2025-06-04 14:00:00,2025,6,4,14,155,2,23,-4.9,13.1,0.0,0.0,80.0,39.31,Polar Night,56.6,-40.0,0.0,0.0
2025-06-04 15:00:00,2025,6,4,15,155,2,23,-5.0,8.7,0.0,0.0,20.32,37.07,Polar Night,47.5,16.75,0.0,0.0
2025-06-04 16:00:00,2025,6,4,16,155,2,25,-5.7,4.6,0.0,0.0,0.45,37.44,Polar Night,27.4,36.99,0.0,0.0
2025-06-04 17:00:00,2025,6,4,17,155,2,22,-5.4,4.1,0.0,0.0,0.15,35.92,Polar Night,19.36,14.8,20.97,5.87
2025-06-04 18:00:00,2025,6,4,18,155,2,26,-6.5,15.3,0.0,0.0,80.0,35.26,High Wind Surge,37.76,-40.0,0.0,0.0
2025-06-04 19:00:00,2025,6,4,19,155,2,24,-6.3,2.1,0.0,0.0,0.0,42.92,Polar Night,18.46,35.51,15.0,4.2
2025-06-04 20:00:00,2025,6,4,20,155,2,28,-6.3,10.1,0.0,0.0,39.28,40.24,Polar Night,18.46,0.0,15.0,4.2
2025-06-04 21:00:00,2025,6,4,21,155,2,27,-7.6,5.1,0.0,0.0,1.02,44.9,Polar Night,18.46,0.0,46.97,13.15
2025-06-04 22:00:00,2025,6,4,22,155,2,24,-8.1,5.6,0.0,0.0,1.93,35.88,Polar Night,18.46,0.0,37.04,10.37
2025-06-04 23:00:00,2025,6,4,23,155,2,24,-9.1,9.9,0.0,0.0,36.05,38.42,Polar Night,18.46,0.0,15.0,4.2
2025-06-05 00:00:00,2025,6,5,0,156,3,25,-9.6,2.4,0.0,0.0,0.0,39.71,Polar Night,18.46,0.0,42.8,11.98
2025-06-05 01:00:00,2025,6,5,1,156,3,26,-8.9,5.1,0.0,0.0,1.02,38.78,Polar Night,18.46,0.0,40.85,11.44
2025-06-05 02:00:00,2025,6,5,2,156,3,23,-9.9,12.7,0.0,0.0,80.0,36.54,Polar Night,36.86,-40.0,0.0,0.0
2025-06-05 03:00:00,2025,6,5,3,156,3,23,-8.9,8.2,0.0,0.0,15.43,32.49,Polar Night,27.58,17.06,0.0,0.0
2025-06-05 04:00:00,2025,6,5,4,156,3,24,-8.6,8.8,0.0,0.0,21.41,42.55,Polar Night,19.34,15.17,15.0,4.2
2025-06-05 05:00:00,2025,6,5,5,156,3,25,-7.7,8.9,0.0,0.0,22.54,34.62,Polar Night,19.34,0.0,15.0,4.2
2025-06-05 06:00:00,2025,6,5,6,156,3,25,-7.1,2.0,0.0,0.0,0.0,42.33,Polar Night,19.34,0.0,43.65,12.22
2025-06-05 07:00:00,2025,6,5,7,156,3,26,-7.0,3.7,0.0,0.0,0.04,38.09,Polar Night,19.34,0.0,39.37,11.02
2025-06-05 08:00:00,2025,6,5,8,156,3,23,-5.9,6.2,0.0,0.0,3.6,41.18,Polar Night,19.34,0.0,38.9,10.89
2025-06-05 09:00:00,2025,6,5,9,156,3,22,-5.5,5.2,0.0,0.0,1.17,38.55,Polar Night,19.34,0.0,38.7,10.84
2025-06-05 10:00:00,2025,6,5,10,156,3,25,-6.2,5.5,0.0,0.0,1.71,40.23,Polar Night,19.34,0.0,39.84,11.15
2025-06-05 11:00:00,2025,6,5,11,156,3,24,-7.6,9.2,0.0,0.0,26.15,37.78,Polar Night,19.34,0.0,15.0,4.2
2025-06-05 12:00:00,2025,6,5,12,156,3,22,-7.4,1.0,0.0,0.0,0.0,37.49,Polar Night,19.34,0.0,38.81,10.87
2025-06-05 13:00:00,2025,6,5,13,156,3,25,-8.1,7.8,0.0,0.0,12.14,39.09,Polar Night,19.34,0.0,28.27,7.92
2025-06-05 14:00:00,2025,6,5,14,156,3,25,-7.9,0.2,0.0,0.0,0.0,40.28,Polar Night,19.34,0.0,41.6,11.65
2025-06-05 15:00:00,2025,6,5,15,156,3,24,-7.5,2.0,0.0,0.0,0.0,38.73,Polar Night,19.34,0.0,40.05,11.21
2025-06-05 16:00:00,2025,6,5,16,156,3,24,-7.0,5.5,0.0,0.0,1.71,37.55,Polar Night,19.34,0.0,37.16,10.4
2025-06-05 17:00:00,2025,6,5,17,156,3,24,-6.9,10.0,0.0,0.0,37.64,36.46,Polar Night,19.88,-1.18,0.0,0.0
2025-06-05 18:00:00,2025,6,5,18,156,3,24,-6.7,3.1,0.0,0.0,0.0,36.55,Polar Night,19.88,0.0,36.78,10.3
2025-06-05 19:00:00,2025,6,5,19,156,3,23,-7.1,6.8,0.0,0.0,6.02,39.63,Polar Night,19.88,0.0,33.84,9.48
2025-06-05 20:00:00,2025,6,5,20,156,3,24,-8.3,8.0,0.0,0.0,13.72,37.79,Polar Night,19.88,0.0,24.3,6.8
2025-06-05 21:00:00,2025,6,5,21,156,3,25,-9.4,4.0,0.0,0.0,0.11,37.97,Polar Night,19.88,0.0,38.09,10.67
2025-06-05 22:00:00,2025,6,5,22,156,3,25,-9.6,6.4,0.0,0.0,4.31,37.89,Polar Night,19.88,0.0,33.81,9.47
2025-06-05 23:00:00,2025,6,5,23,156,3,25,-8.3,11.4,0.0,0.0,65.04,31.1,Polar Night,35.5,-33.94,0.0,0.0
2025-06-06 00:00:00,2025,6,6,0,157,4,24,-8.8,6.4,0.0,0.0,4.31,36.7,Polar Night,18.65,30.99,15.0,4.2
2025-06-06 01:00:00,2025,6,6,1,157,4,24,-8.5,3.2,0.0,0.0,0.0,36.69,Polar Night,18.65,0.0,39.38,11.03
2025-06-06 02:00:00,2025,6,6,2,157,4,22,-9.0,7.5,0.0,0.0,10.0,37.85,Polar Night,18.65,0.0,30.54,8.55
2025-06-06 03:00:00,2025,6,6,3,157,4,25,-8.2,7.1,0.0,0.0,7.56,37.34,Polar Night,18.65,0.0,32.47,9.09
2025-06-06 04:00:00,2025,6,6,4,157,4,26,-8.5,1.4,0.0,0.0,0.0,33.73,Polar Night,18.65,0.0,36.42,10.2
2025-06-06 05:00:00,2025,6,6,5,157,4,23,-9.1,2.4,0.0,0.0,0.0,36.27,Polar Night,18.65,0.0,38.96,10.91
2025-06-06 06:00:00,2025,6,6,6,157,4,24,-9.2,3.2,0.0,0.0,0.0,38.65,Polar Night,18.65,0.0,41.34,11.58
2025-06-06 07:00:00,2025,6,6,7,157,4,25,-8.4,3.0,0.0,0.0,0.0,41.01,Polar Night,18.65,0.0,43.7,12.24
2025-06-06 08:00:00,2025,6,6,8,157,4,26,-7.4,4.2,0.0,0.0,0.19,37.61,Polar Night,18.65,0.0,40.11,11.23
2025-06-06 09:00:00,2025,6,6,9,157,4,24,-7.6,5.9,0.0,0.0,2.68,40.06,Polar Night,18.65,0.0,40.07,11.22
2025-06-06 10:00:00,2025,6,6,10,157,4,24,-6.7,5.2,0.0,0.0,1.17,40.63,Polar Night,18.65,0.0,42.15,11.8
2025-06-06 11:00:00,2025,6,6,11,157,4,23,-5.3,10.9,0.0,0.0,54.11,34.51,Polar Night,27.67,-19.6,0.0,0.0
2025-06-06 12:00:00,2025,6,6,12,157,4,25,-4.5,7.3,0.0,0.0,8.73,32.14,Polar Night,19.33,15.34,15.0,4.2
2025-06-06 13:00:00,2025,6,6,13,157,4,27,-4.9,10.7,0.0,0.0,50.1,42.47,Polar Night,22.84,-7.63,0.0,0.0
2025-06-06 14:00:00,2025,6,6,14,157,4,25,-4.7,6.5,0.0,0.0,4.71,37.98,Polar Night,19.75,5.69,27.58,7.72
2025-06-06 15:00:00,2025,6,6,15,157,4,24,-4.9,2.4,0.0,0.0,0.0,35.85,Polar Night,19.75,0.0,36.34,10.18
2025-06-06 16:00:00,2025,6,6,16,157,4,25,-5.8,6.0,0.0,0.0,2.96,36.79,Polar Night,19.75,0.0,34.32,9.61
2025-06-06 17:00:00,2025,6,6,17,157,4,24,-7.4,9.7,0.0,0.0,33.01,39.24,Polar Night,19.75,0.0,15.0,4.2
2025-06-06 18:00:00,2025,6,6,18,157,4,24,-8.4,3.6,0.0,0.0,0.02,42.22,Polar Night,19.75,0.0,42.69,11.95
2025-06-06 19:00:00,2025,6,6,19,157,4,25,-8.1,2.5,0.0,0.0,0.0,35.97,Polar Night,19.75,0.0,36.46,10.21
2025-06-06 20:00:00,2025,6,6,20,157,4,25,-8.9,4.8,0.0,0.0,0.64,39.34,Polar Night,19.75,0.0,39.19,10.97
2025-06-06 21:00:00,2025,6,6,21,157,4,25,-8.0,5.4,0.0,0.0,1.52,43.8,Polar Night,19.75,0.0,42.77,11.98
2025-06-06 22:00:00,2025,6,6,22,157,4,24,-7.1,4.6,0.0,0.0,0.45,37.51,Polar Night,19.75,0.0,37.55,10.52
2025-06-06 23:00:00,2025,6,6,23,157,4,26,-6.9,3.0,0.0,0.0,0.0,37.57,Polar Night,19.75,0.0,38.06,10.66
2025-06-07 00:00:00,2025,6,7,0,158,5,25,-6.6,4.2,0.0,0.0,0.19,36.3,Polar Night,19.75,0.0,36.6,10.25
2025-06-07 01:00:00,2025,6,7,1,158,5,24,-7.4,8.0,0.0,0.0,13.72,36.45,Polar Night,19.75,0.0,23.22,6.5
2025-06-07 02:00:00,2025,6,7,2,158,5,26,-6.7,5.3,0.0,0.0,1.34,34.4,Polar Night,19.75,0.0,33.55,9.4
2025-06-07 03:00:00,2025,6,7,3,158,5,24,-6.9,7.5,0.0,0.0,10.0,33.9,Polar Night,19.75,0.0,24.39,6.83
2025-06-07 04:00:00,2025,6,7,4,158,5,24,-7.7,6.6,0.0,0.0,5.12,37.91,Polar Night,19.75,0.0,33.28,9.32
2025-06-07 05:00:00,2025,6,7,5,158,5,24,-8.6,6.7,0.0,0.0,5.56,35.22,Polar Night,19.75,0.0,30.15,8.44
2025-06-07 06:00:00,2025,6,7,6,158,5,23,-8.1,4.1,0.0,0.0,0.15,36.69,Polar Night,19.75,0.0,37.03,10.37
2025-06-07 07:00:00,2025,6,7,7,158,5,25,-7.4,6.5,0.0,0.0,4.71,39.6,Polar Night,19.75,0.0,35.38,9.91
2025-06-07 08:00:00,2025,6,7,8,158,5,23,-8.1,1.3,0.0,0.0,0.0,44.53,Polar Night,19.75,0.0,45.02,12.61
2025-06-07 09:00:00,2025,6,7,9,158,5,23,-9.0,5.7,0.0,0.0,2.16,39.32,Polar Night,19.75,0.0,37.65,10.54
2025-06-07 10:00:00,2025,6,7,10,158,5,22,-8.9,6.9,0.0,0.0,6.51,42.22,Polar Night,19.75,0.0,36.2,10.14
2025-06-07 11:00:00,2025,6,7,11,158,5,24,-8.3,3.5,0.0,0.0,0.01,41.31,Polar Night,19.75,0.0,41.79,11.7
2025-06-07 12:00:00,2025,6,7,12,158,5,24,-8.7,4.2,0.0,0.0,0.19,39.55,Polar Night,19.75,0.0,39.85,11.16
2025-06-07 13:00:00,2025,6,7,13,158,5,24,-8.9,3.9,0.0,0.0,0.08,36.89,Polar Night,19.75,0.0,37.3,10.45
2025-06-07 14:00:00,2025,6,7,14,158,5,23,-8.6,2.2,0.0,0.0,0.0,39.29,Polar Night,19.75,0.0,39.78,11.14
2025-06-07 15:00:00,2025,6,7,15,158,5,23,-8.5,5.0,0.0,0.0,0.88,41.6,Polar Night,19.75,0.0,41.21,11.54
2025-06-07 16:00:00,2025,6,7,16,158,5,25,-8.2,14.3,0.0,0.0,80.0,36.75,High Wind Surge,38.15,-40.0,0.0,0.0
2025-06-07 17:00:00,2025,6,7,17,158,5,24,-7.7,5.1,0.0,0.0,1.02,41.18,Polar Night,18.42,36.31,15.0,4.2
2025-06-07 18:00:00,2025,6,7,18,158,5,25,-7.8,6.0,0.0,0.0,2.96,42.87,Polar Night,18.42,0.0,43.07,12.06
2025-06-07 19:00:00,2025,6,7,19,158,5,24,-7.1,7.7,0.0,0.0,11.39,38.89,Polar Night,18.42,0.0,30.66,8.58
2025-06-07 20:00:00,2025,6,7,20,158,5,25,-6.5,7.7,0.0,0.0,11.39,40.83,Polar Night,18.42,0.0,32.6,9.13
2025-06-07 21:00:00,2025,6,7,21,158,5,26,-7.2,12.6,0.0,0.0,80.0,39.76,Polar Night,36.82,-40.0,0.0,0.0
2025-06-07 22:00:00,2025,6,7,22,158,5,25,-6.9,10.3,0.0,0.0,42.69,36.94,Polar Night,39.47,-5.75,0.0,0.0
2025-06-07 23:00:00,2025,6,7,23,158,5,24,-6.8,9.3,0.0,0.0,27.44,38.95,Polar Night,33.21,11.51,0.0,0.0
2025-06-08 00:00:00,2025,6,8,0,159,6,25,-7.0,12.7,0.0,0.0,80.0,31.7,Polar Night,51.61,-40.0,0.0,0.0
2025-06-08 01:00:00,2025,6,8,1,159,6,24,-8.6,4.0,0.0,0.0,0.11,34.66,Polar Night,32.83,34.55,0.0,0.0
2025-06-08 02:00:00,2025,6,8,2,159,6,25,-9.0,7.4,0.0,0.0,9.35,40.21,Polar Night,18.88,25.67,15.0,4.2
2025-06-08 03:00:00,2025,6,8,3,159,6,24,-8.1,10.9,0.0,0.0,54.11,39.78,Polar Night,25.48,-14.33,0.0,0.0
2025-06-08 04:00:00,2025,6,8,4,159,6,24,-9.1,7.4,0.0,0.0,9.35,33.43,Polar Night,19.52,10.95,15.0,4.2
2025-06-08 05:00:00,2025,6,8,5,159,6,25,-10.2,14.1,0.0,0.0,80.0,41.89,High Wind Surge,37.05,-38.11,0.0,0.0
2025-06-08 06:00:00,2025,6,8,6,159,6,24,-9.9,2.6,0.0,0.0,0.0,31.11,Polar Night,20.15,31.11,0.0,0.0
2025-06-08 07:00:00,2025,6,8,7,159,6,23,-9.1,5.8,0.0,0.0,2.41,41.36,Polar Night,19.99,0.29,38.66,10.82
2025-06-08 08:00:00,2025,6,8,8,159,6,23,-9.2,14.1,0.0,0.0,80.0,40.42,High Wind Surge,38.19,-39.58,0.0,0.0
2025-06-08 09:00:00,2025,6,8,9,159,6,23,-9.0,5.3,0.0,0.0,1.34,37.89,Polar Night,18.42,36.39,15.0,4.2
2025-06-08 10:00:00,2025,6,8,10,159,6,23,-8.8,8.6,0.0,0.0,19.27,37.89,Polar Night,18.42,0.0,21.78,6.1
2025-06-08 11:00:00,2025,6,8,11,159,6,25,-8.1,1.4,0.0,0.0,0.0,38.15,Polar Night,18.42,0.0,41.31,11.57
2025-06-08 12:00:00,2025,6,8,12,159,6,24,-7.6,8.1,0.0,0.0,14.56,38.51,Polar Night,18.42,0.0,27.11,7.59
2025-06-08 13:00:00,2025,6,8,13,159,6,25,-7.5,12.1,0.0,0.0,80.0,44.26,Polar Night,34.86,-35.74,0.0,0.0
2025-06-08 14:00:00,2025,6,8,14,159,6,25,-8.2,5.3,0.0,0.0,1.34,41.87,Polar Night,18.71,29.72,15.0,4.2
2025-06-08 15:00:00,2025,6,8,15,159,6,23,-8.3,1.2,0.0,0.0,0.0,42.78,Polar Night,18.71,0.0,45.36,12.7
2025-06-08 16:00:00,2025,6,8,16,159,6,25,-8.3,1.4,0.0,0.0,0.0,39.09,Polar Night,18.71,0.0,41.67,11.67
2025-06-08 17:00:00,2025,6,8,17,159,6,25,-8.0,11.0,0.0,0.0,56.19,40.24,Polar Night,26.04,-15.95,0.0,0.0
2025-06-08 18:00:00,2025,6,8,18,159,6,24,-8.2,8.4,0.0,0.0,17.28,36.79,Polar Night,19.47,12.09,15.0,4.2
2025-06-08 19:00:00,2025,6,8,19,159,6,25,-9.1,2.7,0.0,0.0,0.0,39.8,Polar Night,19.47,0.0,40.85,11.44
2025-06-08 20:00:00,2025,6,8,20,159,6,24,-7.8,1.9,0.0,0.0,0.0,37.79,Polar Night,19.47,0.0,38.84,10.88
2025-06-08 21:00:00,2025,6,8,21,159,6,25,-8.3,9.5,0.0,0.0,30.14,41.11,Polar Night,19.47,0.0,15.0,4.2
2025-06-08 22:00:00,2025,6,8,22,159,6,23,-6.9,9.5,0.0,0.0,30.14,33.31,Polar Night,19.47,0.0,15.0,4.2
2025-06-08 23:00:00,2025,6,8,23,159,6,23,-7.3,2.8,0.0,0.0,0.0,33.29,Polar Night,19.47,0.0,34.34,9.62
2025-06-09 00:00:00,2025,6,9,0,160,0,24,-8.3,4.6,0.0,0.0,0.45,37.34,Polar Night,19.47,0.0,37.94,10.62
2025-06-09 01:00:00,2025,6,9,1,160,0,24,-8.1,9.1,0.0,0.0,24.91,36.06,Polar Night,19.47,0.0,15.0,4.2
2025-06-09 02:00:00,2025,6,9,2,160,0,24,-8.4,6.5,0.0,0.0,4.71,34.67,Polar Night,19.47,0.0,31.01,8.68
2025-06-09 03:00:00,2025,6,9,3,160,0,23,-8.0,15.1,0.0,0.0,80.0,33.79,High Wind Surge,37.87,-40.0,0.0,0.0
2025-06-09 04:00:00,2025,6,9,4,160,0,24,-9.0,10.4,0.0,0.0,44.47,35.12,Polar Night,42.18,-9.35,0.0,0.0
2025-06-09 05:00:00,2025,6,9,5,160,0,25,-8.0,14.3,0.0,0.0,80.0,38.37,High Wind Surge,60.58,-40.0,0.0,0.0
2025-06-09 06:00:00,2025,6,9,6,160,0,24,-7.6,14.7,0.0,0.0,80.0,36.86,High Wind Surge,78.98,-40.0,0.0,0.0
2025-06-09 07:00:00,2025,6,9,7,160,0,25,-6.7,22.6,0.0,0.0,80.0,36.8,Blizzard / Extreme Storm,93.72,-32.05,0.0,0.0
2025-06-09 08:00:00,2025,6,9,8,160,0,24,-6.0,17.4,0.0,0.0,80.0,36.03,High Wind Surge,94.9,-2.56,0.0,0.0
2025-06-09 09:00:00,2025,6,9,9,160,0,26,-5.4,17.4,0.0,0.0,80.0,35.2,High Wind Surge,94.99,-0.21,0.0,0.0
2025-06-09 10:00:00,2025,6,9,10,160,0,23,-6.1,19.6,0.0,0.0,80.0,36.57,High Wind Surge,95.0,-0.02,0.0,0.0
2025-06-09 11:00:00,2025,6,9,11,160,0,25,-6.6,26.2,0.0,0.0,0.0,38.92,Blizzard / Extreme Storm,73.85,38.92,0.0,0.0
2025-06-09 12:00:00,2025,6,9,12,160,0,26,-6.7,23.1,0.0,0.0,80.0,36.84,Blizzard / Extreme Storm,92.25,-40.0,0.0,0.0
2025-06-09 13:00:00,2025,6,9,13,160,0,25,-5.8,22.5,0.0,0.0,80.0,43.48,Blizzard / Extreme Storm,94.78,-5.51,0.0,0.0
2025-06-09 14:00:00,2025,6,9,14,160,0,24,-7.0,24.6,0.0,0.0,80.0,40.13,Blizzard / Extreme Storm,94.98,-0.44,0.0,0.0
2025-06-09 15:00:00,2025,6,9,15,160,0,24,-5.4,21.0,0.0,0.0,80.0,37.29,High Wind Surge,95.0,-0.04,0.0,0.0
2025-06-09 16:00:00,2025,6,9,16,160,0,26,-3.6,18.5,0.0,0.0,80.0,36.93,High Wind Surge,95.0,-0.0,0.0,0.0
2025-06-09 17:00:00,2025,6,9,17,160,0,23,-4.4,21.9,0.0,0.0,80.0,32.79,High Wind Surge,95.0,-0.0,0.0,0.0
2025-06-09 18:00:00,2025,6,9,18,160,0,24,-3.8,24.1,0.0,0.0,80.0,33.17,Blizzard / Extreme Storm,95.0,-0.0,0.0,0.0
2025-06-09 19:00:00,2025,6,9,19,160,0,24,-4.3,24.3,0.0,0.0,80.0,39.85,Blizzard / Extreme Storm,95.0,-0.0,0.0,0.0
2025-06-09 20:00:00,2025,6,9,20,160,0,26,-3.5,24.6,0.0,0.0,80.0,40.73,Blizzard / Extreme Storm,95.0,-0.0,0.0,0.0
2025-06-09 21:00:00,2025,6,9,21,160,0,25,-5.2,25.3,0.0,0.0,0.0,32.03,Blizzard / Extreme Storm,77.59,32.03,0.0,0.0
2025-06-09 22:00:00,2025,6,9,22,160,0,24,-5.4,17.5,0.0,0.0,80.0,35.35,High Wind Surge,93.61,-34.82,0.0,0.0
2025-06-09 23:00:00,2025,6,9,23,160,0,24,-5.2,18.9,0.0,0.0,80.0,37.47,High Wind Surge,94.89,-2.79,0.0,0.0
2025-06-10 00:00:00,2025,6,10,0,161,1,24,-5.6,10.6,0.0,0.0,48.17,33.47,Polar Night,94.99,-0.22,0.0,0.0
2025-06-10 01:00:00,2025,6,10,1,161,1,24,-6.3,8.3,0.0,0.0,16.34,38.64,Polar Night,82.87,22.3,0.0,0.0
2025-06-10 02:00:00,2025,6,10,2,161,1,25,-6.3,7.2,0.0,0.0,8.13,36.98,Polar Night,67.19,28.85,0.0,0.0
2025-06-10 03:00:00,2025,6,10,3,161,1,23,-6.4,8.0,0.0,0.0,13.72,35.83,Polar Night,55.18,22.11,0.0,0.0
2025-06-10 04:00:00,2025,6,10,4,161,1,26,-6.9,3.8,0.0,0.0,0.06,35.11,Polar Night,36.13,35.05,0.0,0.0
2025-06-10 05:00:00,2025,6,10,5,161,1,25,-6.4,4.5,0.0,0.0,0.37,35.36,Polar Night,18.6,32.25,15.0,4.2
2025-06-10 06:00:00,2025,6,10,6,161,1,26,-7.3,7.7,0.0,0.0,11.39,34.9,Polar Night,18.6,0.0,26.31,7.37
2025-06-10 07:00:00,2025,6,10,7,161,1,24,-6.8,5.1,0.0,0.0,1.02,39.16,Polar Night,18.6,0.0,40.94,11.46
2025-06-10 08:00:00,2025,6,10,8,161,1,24,-7.0,6.8,0.0,0.0,6.02,39.2,Polar Night,18.6,0.0,35.98,10.08
2025-06-10 09:00:00,2025,6,10,9,161,1,23,-6.0,5.6,0.0,0.0,1.93,36.39,Polar Night,18.6,0.0,37.26,10.43
2025-06-10 10:00:00,2025,6,10,10,161,1,24,-6.9,3.4,0.0,0.0,0.01,33.63,Polar Night,18.6,0.0,36.42,10.2
2025-06-10 11:00:00,2025,6,10,11,161,1,25,-6.3,2.2,0.0,0.0,0.0,37.9,Polar Night,18.6,0.0,40.7,11.4
2025-06-10 12:00:00,2025,6,10,12,161,1,26,-4.9,4.0,0.0,0.0,0.11,35.14,Polar Night,18.6,0.0,37.83,10.59
2025-06-10 13:00:00,2025,6,10,13,161,1,23,-4.7,2.0,0.0,0.0,0.0,33.7,Polar Night,18.6,0.0,36.5,10.22
2025-06-10 14:00:00,2025,6,10,14,161,1,24,-3.8,7.4,0.0,0.0,9.35,34.45,Polar Night,18.6,0.0,27.9,7.81
2025-06-10 15:00:00,2025,6,10,15,161,1,24,-4.4,9.3,0.0,0.0,27.44,38.69,Polar Night,18.6,0.0,15.0,4.2
2025-06-10 16:00:00,2025,6,10,16,161,1,23,-3.2,4.9,0.0,0.0,0.75,32.6,Polar Night,18.6,0.0,34.65,9.7
2025-06-10 17:00:00,2025,6,10,17,161,1,25,-4.0,5.3,0.0,0.0,1.34,34.45,Polar Night,18.6,0.0,35.91,10.06
2025-06-10 18:00:00,2025,6,10,18,161,1,24,-4.5,9.6,0.0,0.0,31.55,38.46,Polar Night,18.6,0.0,15.0,4.2
2025-06-10 19:00:00,2025,6,10,19,161,1,24,-4.9,3.9,0.0,0.0,0.08,35.08,Polar Night,18.6,0.0,37.8,10.59
2025-06-10 20:00:00,2025,6,10,20,161,1,24,-6.4,2.8,0.0,0.0,0.0,35.3,Polar Night,18.6,0.0,38.1,10.67
2025-06-10 21:00:00,2025,6,10,21,161,1,24,-7.0,6.3,0.0,0.0,3.94,40.59,Polar Night,18.6,0.0,39.45,11.05
2025-06-10 22:00:00,2025,6,10,22,161,1,24,-8.7,7.6,0.0,0.0,10.68,36.32,Polar Night,18.6,0.0,28.44,7.96
2025-06-10 23:00:00,2025,6,10,23,161,1,24,-8.7,7.2,0.0,0.0,8.13,36.81,Polar Night,18.6,0.0,31.48,8.82
2025-06-11 00:00:00,2025,6,11,0,162,2,24,-8.7,8.3,0.0,0.0,16.34,36.09,Polar Night,18.6,0.0,22.55,6.32
2025-06-11 01:00:00,2025,6,11,1,162,2,24,-8.9,1.9,0.0,0.0,0.0,37.85,Polar Night,18.6,0.0,40.65,11.38
2025-06-11 02:00:00,2025,6,11,2,162,2,25,-8.5,5.7,0.0,0.0,2.16,38.42,Polar Night,18.6,0.0,39.06,10.94
2025-06-11 03:00:00,2025,6,11,3,162,2,26,-9.3,4.0,0.0,0.0,0.11,37.21,Polar Night,18.6,0.0,39.9,11.17
2025-06-11 04:00:00,2025,6,11,4,162,2,25,-6.8,8.9,0.0,0.0,22.54,31.69,Polar Night,18.6,0.0,15.0,4.2
2025-06-11 05:00:00,2025,6,11,5,162,2,25,-7.1,10.6,0.0,0.0,48.17,36.4,Polar Night,24.01,-11.77,0.0,0.0
2025-06-11 06:00:00,2025,6,11,6,162,2,23,-7.0,4.4,0.0,0.0,0.3,34.31,Polar Night,19.65,8.02,25.99,7.28
2025-06-11 07:00:00,2025,6,11,7,162,2,25,-7.2,2.5,0.0,0.0,0.0,41.21,Polar Night,19.65,0.0,41.91,11.73
2025-06-11 08:00:00,2025,6,11,8,162,2,23,-7.2,4.2,0.0,0.0,0.19,36.13,Polar Night,19.65,0.0,36.64,10.26
2025-06-11 09:00:00,2025,6,11,9,162,2,23,-5.4,2.6,0.0,0.0,0.0,36.24,Polar Night,19.65,0.0,36.94,10.34
2025-06-11 10:00:00,2025,6,11,10,162,2,24,-5.7,4.8,0.0,0.0,0.64,33.89,Polar Night,19.65,0.0,33.95,9.51
2025-06-11 11:00:00,2025,6,11,11,162,2,26,-5.0,6.6,0.0,0.0,5.12,39.72,Polar Night,19.65,0.0,35.3,9.88
2025-06-11 12:00:00,2025,6,11,12,162,2,25,-4.4,13.9,0.0,0.0,80.0,40.03,Polar Night,38.04,-39.97,0.0,0.0
2025-06-11 13:00:00,2025,6,11,13,162,2,25,-4.0,5.4,0.0,0.0,1.52,35.45,Polar Night,19.6,33.93,0.0,0.0
2025-06-11 14:00:00,2025,6,11,14,162,2,23,-4.7,3.9,0.0,0.0,0.08,36.01,Polar Night,19.6,0.0,36.74,10.29
2025-06-11 15:00:00,2025,6,11,15,162,2,24,-5.6,3.3,0.0,0.0,0.0,35.5,Polar Night,19.6,0.0,36.31,10.17
2025-06-11 16:00:00,2025,6,11,16,162,2,25,-6.4,3.4,0.0,0.0,0.01,36.68,Polar Night,19.6,0.0,37.48,10.49
2025-06-11 17:00:00,2025,6,11,17,162,2,25,-6.3,3.6,0.0,0.0,0.02,40.13,Polar Night,19.6,0.0,40.92,11.46
2025-06-11 18:00:00,2025,6,11,18,162,2,23,-6.5,8.9,0.0,0.0,22.54,36.59,Polar Night,19.6,0.0,15.0,4.2
2025-06-11 19:00:00,2025,6,11,19,162,2,24,-5.5,2.0,0.0,0.0,0.0,38.63,Polar Night,19.6,0.0,39.44,11.04
2025-06-11 20:00:00,2025,6,11,20,162,2,24,-4.1,17.5,0.0,0.0,80.0,36.36,High Wind Surge,38.0,-40.0,0.0,0.0
2025-06-11 21:00:00,2025,6,11,21,162,2,25,-4.4,6.5,0.0,0.0,4.71,38.84,Polar Night,19.45,34.13,0.0,0.0
2025-06-11 22:00:00,2025,6,11,22,162,2,22,-5.5,6.7,0.0,0.0,5.56,32.84,Polar Night,19.45,0.0,28.38,7.95
2025-06-11 23:00:00,2025,6,11,23,162,2,24,-5.4,5.1,0.0,0.0,1.02,36.88,Polar Night,19.45,0.0,36.96,10.35
2025-06-12 00:00:00,2025,6,12,0,163,3,25,-5.0,8.1,0.0,0.0,14.56,38.77,Polar Night,19.45,0.0,25.31,7.09
2025-06-12 01:00:00,2025,6,12,1,163,3,25,-6.8,6.1,0.0,0.0,3.27,31.18,Polar Night,19.45,0.0,29.01,8.12
2025-06-12 02:00:00,2025,6,12,2,163,3,25,-6.7,4.8,0.0,0.0,0.64,35.13,Polar Night,19.45,0.0,35.59,9.97
2025-06-12 03:00:00,2025,6,12,3,163,3,25,-6.2,4.3,0.0,0.0,0.24,34.75,Polar Night,19.45,0.0,35.61,9.97
2025-06-12 04:00:00,2025,6,12,4,163,3,24,-5.1,11.8,0.0,0.0,74.78,32.16,Polar Night,37.85,-40.0,0.0,0.0
2025-06-12 05:00:00,2025,6,12,5,163,3,23,-4.9,4.5,0.0,0.0,0.37,34.6,Polar Night,19.24,34.23,0.0,0.0
2025-06-12 06:00:00,2025,6,12,6,163,3,24,-4.8,5.8,0.0,0.0,2.41,36.52,Polar Night,19.24,0.0,35.62,9.97
2025-06-12 07:00:00,2025,6,12,7,163,3,26,-3.5,5.0,0.0,0.0,0.88,31.7,Polar Night,19.24,0.0,32.33,9.05
2025-06-12 08:00:00,2025,6,12,8,163,3,26,-4.0,2.4,0.0,0.0,0.0,31.89,Polar Night,19.24,0.0,33.4,9.35
2025-06-12 09:00:00,2025,6,12,9,163,3,25,-3.6,3.5,0.0,0.0,0.01,40.51,Polar Night,19.24,0.0,42.01,11.76
2025-06-12 10:00:00,2025,6,12,10,163,3,25,-3.8,3.6,0.0,0.0,0.02,35.92,Polar Night,19.24,0.0,37.41,10.47
2025-06-12 11:00:00,2025,6,12,11,163,3,25,-4.6,8.1,0.0,0.0,14.56,37.34,Polar Night,19.24,0.0,24.29,6.8
2025-06-12 12:00:00,2025,6,12,12,163,3,24,-5.8,5.5,0.0,0.0,1.71,35.0,Polar Night,19.24,0.0,34.8,9.74
2025-06-12 13:00:00,2025,6,12,13,163,3,24,-6.2,9.2,0.0,0.0,26.15,38.08,Polar Night,19.24,0.0,15.0,4.2
2025-06-12 14:00:00,2025,6,12,14,163,3,26,-6.6,8.3,0.0,0.0,16.34,42.39,Polar Night,19.24,0.0,27.56,7.72
2025-06-12 15:00:00,2025,6,12,15,163,3,24,-7.3,3.6,0.0,0.0,0.02,40.04,Polar Night,19.24,0.0,41.53,11.63
2025-06-12 16:00:00,2025,6,12,16,163,3,26,-7.0,6.9,0.0,0.0,6.51,39.75,Polar Night,19.24,0.0,34.75,9.73
2025-06-12 17:00:00,2025,6,12,17,163,3,24,-7.2,8.7,0.0,0.0,20.32,34.3,Polar Night,19.24,0.0,15.49,4.34
2025-06-12 18:00:00,2025,6,12,18,163,3,26,-6.5,7.5,0.0,0.0,10.0,40.75,Polar Night,19.24,0.0,32.26,9.03
2025-06-12 19:00:00,2025,6,12,19,163,3,23,-7.3,7.2,0.0,0.0,8.13,38.47,Polar Night,19.24,0.0,31.85,8.92
2025-06-12 20:00:00,2025,6,12,20,163,3,25,-7.3,8.6,0.0,0.0,19.27,37.62,Polar Night,19.24,0.0,19.86,5.56
2025-06-12 21:00:00,2025,6,12,21,163,3,24,-7.1,1.9,0.0,0.0,0.0,40.25,Polar Night,19.24,0.0,41.76,11.69
2025-06-12 22:00:00,2025,6,12,22,163,3,23,-7.5,8.5,0.0,0.0,18.26,33.41,Polar Night,19.24,0.0,16.66,4.66
2025-06-12 23:00:00,2025,6,12,23,163,3,25,-7.5,4.3,0.0,0.0,0.24,37.36,Polar Night,19.24,0.0,38.63,10.82
2025-06-13 00:00:00,2025,6,13,0,164,4,26,-8.9,6.9,0.0,0.0,6.51,40.26,Polar Night,19.24,0.0,35.26,9.87
2025-06-13 01:00:00,2025,6,13,1,164,4,24,-7.8,4.1,0.0,0.0,0.15,36.36,Polar Night,19.24,0.0,37.72,10.56
2025-06-13 02:00:00,2025,6,13,2,164,4,23,-7.5,10.0,0.0,0.0,37.64,34.47,Polar Night,20.7,-3.17,0.0,0.0
2025-06-13 03:00:00,2025,6,13,3,164,4,24,-7.3,6.1,0.0,0.0,3.27,34.16,Polar Night,19.94,1.41,29.48,8.26
2025-06-13 04:00:00,2025,6,13,4,164,4,24,-6.5,7.6,0.0,0.0,10.68,35.95,Polar Night,19.94,0.0,25.39,7.11
2025-06-13 05:00:00,2025,6,13,5,164,4,25,-6.2,9.3,0.0,0.0,27.44,33.9,Polar Night,19.94,0.0,15.0,4.2
2025-06-13 06:00:00,2025,6,13,6,164,4,25,-4.9,11.1,0.0,0.0,58.32,39.92,Polar Night,28.4,-18.4,0.0,0.0
2025-06-13 07:00:00,2025,6,13,7,164,4,24,-4.9,8.6,0.0,0.0,19.27,33.46,Polar Night,20.69,14.19,0.0,0.0
2025-06-13 08:00:00,2025,6,13,8,164,4,26,-4.7,3.1,0.0,0.0,0.0,37.21,Polar Night,19.94,1.38,35.83,10.03
2025-06-13 09:00:00,2025,6,13,9,164,4,25,-5.8,10.3,0.0,0.0,42.69,38.7,Polar Night,21.78,-3.99,0.0,0.0
2025-06-13 10:00:00,2025,6,13,10,164,4,24,-6.7,7.4,0.0,0.0,9.35,38.73,Polar Night,19.85,3.55,25.83,7.23
2025-06-13 11:00:00,2025,6,13,11,164,4,23,-5.7,7.3,0.0,0.0,8.73,35.85,Polar Night,19.85,0.0,27.43,7.68
2025-06-13 12:00:00,2025,6,13,12,164,4,24,-7.3,11.7,0.0,0.0,72.26,41.88,Polar Night,33.82,-30.38,0.0,0.0
2025-06-13 13:00:00,2025,6,13,13,164,4,24,-7.4,4.1,0.0,0.0,0.15,40.54,Polar Night,18.8,27.64,15.0,4.2
2025-06-13 14:00:00,2025,6,13,14,164,4,25,-7.0,4.0,0.0,0.0,0.11,40.77,Polar Night,18.8,0.0,43.06,12.06
2025-06-13 15:00:00,2025,6,13,15,164,4,25,-6.1,6.4,0.0,0.0,4.31,36.57,Polar Night,18.8,0.0,34.66,9.71
2025-06-13 16:00:00,2025,6,13,16,164,4,23,-5.8,8.8,0.0,0.0,21.41,36.32,Polar Night,18.8,0.0,17.31,4.85
2025-06-13 17:00:00,2025,6,13,17,164,4,25,-6.7,5.8,0.0,0.0,2.41,39.91,Polar Night,18.8,0.0,39.9,11.17
2025-06-13 18:00:00,2025,6,13,18,164,4,25,-5.5,7.5,0.0,0.0,10.0,35.04,Polar Night,18.8,0.0,27.44,7.68
2025-06-13 19:00:00,2025,6,13,19,164,4,26,-5.6,5.9,0.0,0.0,2.68,39.88,Polar Night,18.8,0.0,39.6,11.09
2025-06-13 20:00:00,2025,6,13,20,164,4,25,-6.8,7.3,0.0,0.0,8.73,38.51,Polar Night,18.8,0.0,32.18,9.01
2025-06-13 21:00:00,2025,6,13,21,164,4,25,-6.3,9.7,0.0,0.0,33.01,41.05,Polar Night,18.8,0.0,15.0,4.2
2025-06-13 22:00:00,2025,6,13,22,164,4,25,-5.4,3.5,0.0,0.0,0.01,33.31,Polar Night,18.8,0.0,35.7,10.0
2025-06-13 23:00:00,2025,6,13,23,164,4,25,-5.7,8.1,0.0,0.0,14.56,39.14,Polar Night,18.8,0.0,26.98,7.56
2025-06-14 00:00:00,2025,6,14,0,165,5,26,-6.4,9.2,0.0,0.0,26.15,36.37,Polar Night,18.8,0.0,15.0,4.2
2025-06-14 01:00:00,2025,6,14,1,165,5,23,-6.8,5.8,0.0,0.0,2.41,36.31,Polar Night,18.8,0.0,36.3,10.16
2025-06-14 02:00:00,2025,6,14,2,165,5,24,-6.6,4.8,0.0,0.0,0.64,33.34,Polar Night,18.8,0.0,35.1,9.83
2025-06-14 03:00:00,2025,6,14,3,165,5,24,-7.0,1.0,0.0,0.0,0.0,36.0,Polar Night,18.8,0.0,38.4,10.75
2025-06-14 04:00:00,2025,6,14,4,165,5,25,-8.4,9.4,0.0,0.0,28.77,35.26,Polar Night,18.8,0.0,15.0,4.2
2025-06-14 05:00:00,2025,6,14,5,165,5,26,-8.7,4.8,0.0,0.0,0.64,33.22,Polar Night,18.8,0.0,34.98,9.8
2025-06-14 06:00:00,2025,6,14,6,165,5,24,-7.5,5.1,0.0,0.0,1.02,35.26,Polar Night,18.8,0.0,36.64,10.26
2025-06-14 07:00:00,2025,6,14,7,165,5,22,-6.6,4.9,0.0,0.0,0.75,40.48,Polar Night,18.8,0.0,42.13,11.8
2025-06-14 08:00:00,2025,6,14,8,165,5,24,-6.7,6.3,0.0,0.0,3.94,38.18,Polar Night,18.8,0.0,36.64,10.26
2025-06-14 09:00:00,2025,6,14,9,165,5,25,-7.6,8.2,0.0,0.0,15.43,38.63,Polar Night,18.8,0.0,25.6,7.17
2025-06-14 10:00:00,2025,6,14,10,165,5,25,-4.9,9.0,0.0,0.0,23.7,36.57,Polar Night,18.8,0.0,15.27,4.28
2025-06-14 11:00:00,2025,6,14,11,165,5,25,-3.8,5.4,0.0,0.0,1.52,42.12,Polar Night,18.8,0.0,43.0,12.04
2025-06-14 12:00:00,2025,6,14,12,165,5,24,-4.1,7.8,0.0,0.0,12.14,37.92,Polar Night,18.8,0.0,28.18,7.89
2025-06-14 13:00:00,2025,6,14,13,165,5,23,-4.0,8.4,0.0,0.0,17.28,32.0,Polar Night,18.8,0.0,17.12,4.79
2025-06-14 14:00:00,2025,6,14,14,165,5,25,-3.6,4.6,0.0,0.0,0.45,35.01,Polar Night,18.8,0.0,36.96,10.35
2025-06-14 15:00:00,2025,6,14,15,165,5,24,-2.3,2.5,0.0,0.0,0.0,34.04,Polar Night,18.8,0.0,36.44,10.2
2025-06-14 16:00:00,2025,6,14,16,165,5,27,-4.1,11.0,0.0,0.0,56.19,35.63,Polar Night,28.26,-20.56,0.0,0.0
2025-06-14 17:00:00,2025,6,14,17,165,5,25,-4.6,8.0,0.0,0.0,13.72,37.28,Polar Night,19.28,16.51,15.0,4.2
2025-06-14 18:00:00,2025,6,14,18,165,5,24,-4.6,7.7,0.0,0.0,11.39,35.34,Polar Night,19.28,0.0,25.39,7.11
2025-06-14 19:00:00,2025,6,14,19,165,5,24,-6.1,2.0,0.0,0.0,0.0,36.61,Polar Night,19.28,0.0,38.05,10.65
2025-06-14 20:00:00,2025,6,14,20,165,5,24,-5.0,9.7,0.0,0.0,33.01,37.45,Polar Night,19.28,0.0,15.0,4.2
2025-06-14 21:00:00,2025,6,14,21,165,5,24,-6.2,6.9,0.0,0.0,6.51,34.12,Polar Night,19.28,0.0,29.05,8.13
2025-06-14 22:00:00,2025,6,14,22,165,5,26,-7.3,10.1,0.0,0.0,39.28,30.64,Polar Night,23.26,-8.64,0.0,0.0
2025-06-14 23:00:00,2025,6,14,23,165,5,25,-7.6,13.9,0.0,0.0,80.0,39.14,Polar Night,41.66,-40.0,0.0,0.0
2025-06-15 00:00:00,2025,6,15,0,166,6,24,-8.2,13.0,0.0,0.0,80.0,38.36,Polar Night,60.06,-40.0,0.0,0.0
2025-06-15 01:00:00,2025,6,15,1,166,6,26,-7.5,10.3,0.0,0.0,42.69,37.09,Polar Night,62.63,-5.6,0.0,0.0
2025-06-15 02:00:00,2025,6,15,2,166,6,25,-8.3,0.9,0.0,0.0,0.0,37.32,Polar Night,42.35,37.32,0.0,0.0
2025-06-15 03:00:00,2025,6,15,3,166,6,25,-7.2,10.8,0.0,0.0,52.08,35.26,Polar Night,50.09,-16.82,0.0,0.0
2025-06-15 04:00:00,2025,6,15,4,166,6,24,-5.9,2.2,0.0,0.0,0.0,42.08,Polar Night,27.22,42.08,0.0,0.0
2025-06-15 05:00:00,2025,6,15,5,166,6,25,-5.9,10.2,0.0,0.0,40.96,35.24,Polar Night,29.85,-5.72,0.0,0.0
2025-06-15 06:00:00,2025,6,15,6,166,6,25,-5.3,4.4,0.0,0.0,0.3,40.83,Polar Night,19.14,19.7,20.83,5.83
2025-06-15 07:00:00,2025,6,15,7,166,6,23,-4.9,7.3,0.0,0.0,8.73,41.81,Polar Night,19.14,0.0,34.79,9.74
2025-06-15 08:00:00,2025,6,15,8,166,6,27,-6.1,1.6,0.0,0.0,0.0,40.09,Polar Night,19.14,0.0,41.8,11.7
2025-06-15 09:00:00,2025,6,15,9,166,6,26,-6.2,9.0,0.0,0.0,23.7,38.14,Polar Night,19.14,0.0,16.15,4.52
2025-06-15 10:00:00,2025,6,15,10,166,6,24,-7.4,2.7,0.0,0.0,0.0,38.91,Polar Night,19.14,0.0,40.62,11.37
2025-06-15 11:00:00,2025,6,15,11,166,6,23,-5.8,5.5,0.0,0.0,1.71,36.32,Polar Night,19.14,0.0,36.32,10.17
2025-06-15 12:00:00,2025,6,15,12,166,6,25,-5.9,9.7,0.0,0.0,33.01,39.24,Polar Night,19.14,0.0,15.0,4.2
2025-06-15 13:00:00,2025,6,15,13,166,6,25,-6.2,8.1,0.0,0.0,14.56,40.0,Polar Night,19.14,0.0,27.15,7.6
2025-06-15 14:00:00,2025,6,15,14,166,6,25,-5.5,0.7,0.0,0.0,0.0,34.73,Polar Night,19.14,0.0,36.44,10.2
2025-06-15 15:00:00,2025,6,15,15,166,6,25,-6.2,5.5,0.0,0.0,1.71,44.85,Polar Night,19.14,0.0,44.85,12.56
2025-06-15 16:00:00,2025,6,15,16,166,6,25,-4.0,1.7,0.0,0.0,0.0,34.71,Polar Night,19.14,0.0,36.42,10.2
2025-06-15 17:00:00,2025,6,15,17,166,6,26,-4.7,7.9,0.0,0.0,12.91,30.82,Polar Night,19.14,0.0,19.62,5.49
2025-06-15 18:00:00,2025,6,15,18,166,6,25,-5.4,13.6,0.0,0.0,80.0,37.51,Polar Night,37.54,-40.0,0.0,0.0
2025-06-15 19:00:00,2025,6,15,19,166,6,23,-4.6,7.7,0.0,0.0,11.39,33.55,Polar Night,25.5,22.16,0.0,0.0
2025-06-15 20:00:00,2025,6,15,20,166,6,26,-3.6,3.9,0.0,0.0,0.08,36.58,Polar Night,19.52,11.0,25.5,7.14
2025-06-15 21:00:00,2025,6,15,21,166,6,26,-3.5,5.1,0.0,0.0,1.02,36.82,Polar Night,19.52,0.0,36.76,10.29
2025-06-15 22:00:00,2025,6,15,22,166,6,28,-4.8,14.1,0.0,0.0,80.0,35.69,High Wind Surge,37.92,-40.0,0.0,0.0
2025-06-15 23:00:00,2025,6,15,23,166,6,23,-5.6,3.9,0.0,0.0,0.08,36.62,Polar Night,18.44,35.84,15.0,4.2
2025-06-16 00:00:00,2025,6,16,0,167,0,25,-3.6,6.8,0.0,0.0,6.02,30.51,Polar Night,18.44,0.0,27.61,7.73
2025-06-16 01:00:00,2025,6,16,1,167,0,22,-5.1,5.5,0.0,0.0,1.71,32.61,Polar Night,18.44,0.0,34.02,9.52
2025-06-16 02:00:00,2025,6,16,2,167,0,25,-5.8,9.0,0.0,0.0,23.7,36.38,Polar Night,18.44,0.0,15.8,4.42
2025-06-16 03:00:00,2025,6,16,3,167,0,24,-5.9,10.5,0.0,0.0,46.3,32.9,Polar Night,24.61,-13.4,0.0,0.0
2025-06-16 04:00:00,2025,6,16,4,167,0,26,-6.9,4.9,0.0,0.0,0.75,31.03,Polar Night,19.6,9.21,21.07,5.9
2025-06-16 05:00:00,2025,6,16,5,167,0,24,-5.5,7.8,0.0,0.0,12.14,35.79,Polar Night,19.6,0.0,24.45,6.85
2025-06-16 06:00:00,2025,6,16,6,167,0,23,-7.3,6.7,0.0,0.0,5.56,33.97,Polar Night,19.6,0.0,29.21,8.18
2025-06-16 07:00:00,2025,6,16,7,167,0,24,-6.6,4.4,0.0,0.0,0.3,36.69,Polar Night,19.6,0.0,37.19,10.41
2025-06-16 08:00:00,2025,6,16,8,167,0,23,-7.5,4.3,0.0,0.0,0.24,38.9,Polar Night,19.6,0.0,39.46,11.05
2025-06-16 09:00:00,2025,6,16,9,167,0,25,-7.3,6.6,0.0,0.0,5.12,39.15,Polar Night,19.6,0.0,34.83,9.75
2025-06-16 10:00:00,2025,6,16,10,167,0,22,-6.1,3.2,0.0,0.0,0.0,39.69,Polar Night,19.6,0.0,40.49,11.34
2025-06-16 11:00:00,2025,6,16,11,167,0,25,-7.7,9.6,0.0,0.0,31.55,36.32,Polar Night,19.6,0.0,15.0,4.2
2025-06-16 12:00:00,2025,6,16,12,167,0,22,-6.5,2.1,0.0,0.0,0.0,43.16,Polar Night,19.6,0.0,43.96,12.31
2025-06-16 13:00:00,2025,6,16,13,167,0,24,-6.6,2.5,0.0,0.0,0.0,34.73,Polar Night,19.6,0.0,35.53,9.95
2025-06-16 14:00:00,2025,6,16,14,167,0,26,-4.9,5.0,0.0,0.0,0.88,36.72,Polar Night,19.6,0.0,36.64,10.26
2025-06-16 15:00:00,2025,6,16,15,167,0,25,-3.8,2.8,0.0,0.0,0.0,34.35,Polar Night,19.6,0.0,35.15,9.84
2025-06-16 16:00:00,2025,6,16,16,167,0,24,-4.4,6.1,0.0,0.0,3.27,36.76,Polar Night,19.6,0.0,34.29,9.6
2025-06-16 17:00:00,2025,6,16,17,167,0,24,-3.9,5.4,0.0,0.0,1.52,36.29,Polar Night,19.6,0.0,35.57,9.96
2025-06-16 18:00:00,2025,6,16,18,167,0,25,-4.2,8.4,0.0,0.0,17.28,37.23,Polar Night,19.6,0.0,20.75,5.81
2025-06-16 19:00:00,2025,6,16,19,167,0,25,-3.8,12.8,0.0,0.0,80.0,37.17,Polar Night,38.0,-40.0,0.0,0.0
2025-06-16 20:00:00,2025,6,16,20,167,0,23,-4.7,8.8,0.0,0.0,21.41,39.76,Polar Night,28.03,18.35,0.0,0.0
2025-06-16 21:00:00,2025,6,16,21,167,0,25,-5.5,3.5,0.0,0.0,0.01,38.18,Polar Night,19.3,16.05,22.12,6.19
2025-06-16 22:00:00,2025,6,16,22,167,0,22,-5.5,12.1,0.0,0.0,80.0,37.29,Polar Night,37.7,-40.0,0.0,0.0
2025-06-16 23:00:00,2025,6,16,23,167,0,24,-5.6,5.4,0.0,0.0,1.52,29.94,Polar Night,22.26,28.42,0.0,0.0
2025-06-17 00:00:00,2025,6,17,0,168,1,24,-5.1,6.1,0.0,0.0,3.27,28.48,Polar Night,19.8,4.51,20.7,5.8
2025-06-17 01:00:00,2025,6,17,1,168,1,25,-5.2,5.6,0.0,0.0,1.93,34.55,Polar Night,19.8,0.0,33.01,9.24
2025-06-17 02:00:00,2025,6,17,2,168,1,25,-4.8,4.4,0.0,0.0,0.3,34.75,Polar Night,19.8,0.0,34.84,9.76
2025-06-17 03:00:00,2025,6,17,3,168,1,23,-4.5,11.0,0.0,0.0,56.19,31.95,Polar Night,30.95,-24.24,0.0,0.0
2025-06-17 04:00:00,2025,6,17,4,168,1,24,-4.5,4.9,0.0,0.0,0.75,33.47,Polar Night,19.05,21.91,15.0,4.2
2025-06-17 05:00:00,2025,6,17,5,168,1,25,-4.3,7.0,0.0,0.0,7.02,36.25,Polar Night,19.05,0.0,31.14,8.72
2025-06-17 06:00:00,2025,6,17,6,168,1,24,-5.6,4.1,0.0,0.0,0.15,36.0,Polar Night,19.05,0.0,37.76,10.57
2025-06-17 07:00:00,2025,6,17,7,168,1,24,-5.1,9.4,0.0,0.0,28.77,36.32,Polar Night,19.05,0.0,15.0,4.2
2025-06-17 08:00:00,2025,6,17,8,168,1,24,-7.0,9.1,0.0,0.0,24.91,39.06,Polar Night,19.05,0.0,16.06,4.5
2025-06-17 09:00:00,2025,6,17,9,168,1,25,-7.3,4.6,0.0,0.0,0.45,41.04,Polar Night,19.05,0.0,42.5,11.9
2025-06-17 10:00:00,2025,6,17,10,168,1,24,-6.4,8.0,0.0,0.0,13.72,35.05,Polar Night,19.05,0.0,23.24,6.51
2025-06-17 11:00:00,2025,6,17,11,168,1,24,-7.2,8.2,0.0,0.0,15.43,36.71,Polar Night,19.05,0.0,23.19,6.49
2025-06-17 12:00:00,2025,6,17,12,168,1,27,-6.2,6.9,0.0,0.0,6.51,41.32,Polar Night,19.05,0.0,36.72,10.28
2025-06-17 13:00:00,2025,6,17,13,168,1,23,-7.2,7.2,0.0,0.0,8.13,34.05,Polar Night,19.05,0.0,27.83,7.79
2025-06-17 14:00:00,2025,6,17,14,168,1,23,-5.7,7.0,0.0,0.0,7.02,34.52,Polar Night,19.05,0.0,29.41,8.23
2025-06-17 15:00:00,2025,6,17,15,168,1,25,-5.1,2.3,0.0,0.0,0.0,34.46,Polar Night,19.05,0.0,36.37,10.18
2025-06-17 16:00:00,2025,6,17,16,168,1,24,-5.6,7.9,0.0,0.0,12.91,39.81,Polar Night,19.05,0.0,28.81,8.07
2025-06-17 17:00:00,2025,6,17,17,168,1,24,-6.0,6.0,0.0,0.0,2.96,35.11,Polar Night,19.05,0.0,34.06,9.54
2025-06-17 18:00:00,2025,6,17,18,168,1,24,-6.9,5.8,0.0,0.0,2.41,40.47,Polar Night,19.05,0.0,39.97,11.19
2025-06-17 19:00:00,2025,6,17,19,168,1,24,-6.1,10.3,0.0,0.0,42.69,37.01,Polar Night,21.66,-5.68,0.0,0.0
2025-06-17 20:00:00,2025,6,17,20,168,1,26,-5.8,1.3,0.0,0.0,0.0,42.81,Polar Night,19.86,3.32,39.49,11.06
2025-06-17 21:00:00,2025,6,17,21,168,1,25,-5.5,4.2,0.0,0.0,0.19,38.11,Polar Night,19.86,0.0,38.21,10.7
2025-06-17 22:00:00,2025,6,17,22,168,1,25,-4.8,2.8,0.0,0.0,0.0,36.6,Polar Night,19.86,0.0,36.89,10.33
2025-06-17 23:00:00,2025,6,17,23,168,1,23,-3.9,1.5,0.0,0.0,0.0,33.98,Polar Night,19.86,0.0,34.27,9.6
2025-06-18 00:00:00,2025,6,18,0,169,2,23,-2.0,4.4,0.0,0.0,0.3,30.28,Polar Night,19.86,0.0,30.27,8.48
2025-06-18 01:00:00,2025,6,18,1,169,2,22,-2.7,15.3,0.0,0.0,80.0,31.69,High Wind Surge,38.26,-40.0,0.0,0.0
2025-06-18 02:00:00,2025,6,18,2,169,2,24,-3.6,4.3,0.0,0.0,0.24,32.84,Polar Night,20.54,32.6,0.0,0.0
2025-06-18 03:00:00,2025,6,18,3,169,2,25,-5.0,7.8,0.0,0.0,12.14,32.93,Polar Night,19.95,1.08,19.71,5.52
2025-06-18 04:00:00,2025,6,18,4,169,2,25,-7.3,2.8,0.0,0.0,0.0,38.03,Polar Night,19.95,0.0,38.12,10.67
2025-06-18 05:00:00,2025,6,18,5,169,2,24,-6.1,7.2,0.0,0.0,8.13,40.97,Polar Night,19.95,0.0,32.93,9.22
2025-06-18 06:00:00,2025,6,18,6,169,2,24,-6.6,14.8,0.0,0.0,80.0,35.36,High Wind Surge,38.35,-40.0,0.0,0.0
2025-06-18 07:00:00,2025,6,18,7,169,2,24,-7.0,4.5,0.0,0.0,0.37,40.36,Polar Night,18.4,36.71,15.0,4.2
2025-06-18 08:00:00,2025,6,18,8,169,2,25,-6.5,10.1,0.0,0.0,39.28,39.86,Polar Night,18.4,0.0,15.0,4.2
2025-06-18 09:00:00,2025,6,18,9,169,2,25,-5.9,17.6,0.0,0.0,80.0,31.57,High Wind Surge,36.8,-40.0,0.0,0.0
2025-06-18 10:00:00,2025,6,18,10,169,2,23,-4.9,7.1,0.0,0.0,7.56,37.88,Polar Night,20.33,30.32,0.0,0.0
2025-06-18 11:00:00,2025,6,18,11,169,2,25,-6.7,4.7,0.0,0.0,0.54,39.8,Polar Night,19.97,0.65,38.61,10.81
2025-06-18 12:00:00,2025,6,18,12,169,2,25,-7.6,7.9,0.0,0.0,12.91,36.25,Polar Night,19.97,0.0,23.4,6.55
2025-06-18 13:00:00,2025,6,18,13,169,2,24,-7.1,10.1,0.0,0.0,39.28,34.17,Polar Night,22.32,-5.11,0.0,0.0
2025-06-18 14:00:00,2025,6,18,14,169,2,25,-7.1,3.4,0.0,0.0,0.01,40.06,Polar Night,19.8,4.64,35.41,9.91
2025-06-18 15:00:00,2025,6,18,15,169,2,27,-7.0,5.9,0.0,0.0,2.68,43.72,Polar Night,19.8,0.0,41.44,11.6
2025-06-18 16:00:00,2025,6,18,16,169,2,24,-5.6,4.8,0.0,0.0,0.64,36.6,Polar Night,19.8,0.0,36.36,10.18
2025-06-18 17:00:00,2025,6,18,17,169,2,25,-4.8,4.4,0.0,0.0,0.3,36.44,Polar Night,19.8,0.0,36.54,10.23
2025-06-18 18:00:00,2025,6,18,18,169,2,24,-4.6,10.4,0.0,0.0,44.47,42.54,Polar Night,20.69,-1.93,0.0,0.0
2025-06-18 19:00:00,2025,6,18,19,169,2,25,-4.2,5.6,0.0,0.0,1.93,39.06,Polar Night,19.94,1.37,35.76,10.01
2025-06-18 20:00:00,2025,6,18,20,169,2,25,-3.8,4.9,0.0,0.0,0.75,33.48,Polar Night,19.94,0.0,32.85,9.2
2025-06-18 21:00:00,2025,6,18,21,169,2,25,-4.4,7.2,0.0,0.0,8.13,35.18,Polar Night,19.94,0.0,27.17,7.61
2025-06-18 22:00:00,2025,6,18,22,169,2,23,-5.4,3.9,0.0,0.0,0.08,39.4,Polar Night,19.94,0.0,39.44,11.04
2025-06-18 23:00:00,2025,6,18,23,169,2,25,-5.0,4.0,0.0,0.0,0.11,32.43,Polar Night,19.94,0.0,32.44,9.08
2025-06-19 00:00:00,2025,6,19,0,170,3,26,-5.9,6.5,0.0,0.0,4.71,33.64,Polar Night,19.94,0.0,29.05,8.13
2025-06-19 01:00:00,2025,6,19,1,170,3,25,-5.7,5.5,0.0,0.0,1.71,36.28,Polar Night,19.94,0.0,34.69,9.71
2025-06-19 02:00:00,2025,6,19,2,170,3,25,-5.3,4.5,0.0,0.0,0.37,33.65,Polar Night,19.94,0.0,33.4,9.35
2025-06-19 03:00:00,2025,6,19,3,170,3,24,-5.3,1.9,0.0,0.0,0.0,35.2,Polar Night,19.94,0.0,35.32,9.89
2025-06-19 04:00:00,2025,6,19,4,170,3,25,-5.3,6.5,0.0,0.0,4.71,35.03,Polar Night,19.94,0.0,30.44,8.52
2025-06-19 05:00:00,2025,6,19,5,170,3,25,-5.2,9.6,0.0,0.0,31.55,33.87,Polar Night,19.94,0.0,15.0,4.2
2025-06-19 06:00:00,2025,6,19,6,170,3,24,-4.8,10.2,0.0,0.0,40.96,36.74,Polar Night,21.88,-4.22,0.0,0.0
2025-06-19 07:00:00,2025,6,19,7,170,3,25,-5.1,4.0,0.0,0.0,0.11,34.3,Polar Night,19.84,3.76,30.43,8.52
2025-06-19 08:00:00,2025,6,19,8,170,3,24,-5.7,7.2,0.0,0.0,8.13,37.89,Polar Night,19.84,0.0,30.09,8.42
2025-06-19 09:00:00,2025,6,19,9,170,3,24,-5.9,10.3,0.0,0.0,42.69,36.29,Polar Night,22.78,-6.4,0.0,0.0
2025-06-19 10:00:00,2025,6,19,10,170,3,25,-5.6,5.5,0.0,0.0,1.71,41.97,Polar Night,19.76,5.56,34.7,9.72
2025-06-19 11:00:00,2025,6,19,11,170,3,25,-6.5,12.0,0.0,0.0,80.0,38.11,Polar Night,38.16,-40.0,0.0,0.0
2025-06-19 12:00:00,2025,6,19,12,170,3,23,-5.4,11.2,0.0,0.0,60.51,41.83,Polar Night,46.75,-18.68,0.0,0.0
2025-06-19 13:00:00,2025,6,19,13,170,3,26,-6.0,3.8,0.0,0.0,0.06,37.46,Polar Night,26.42,37.4,0.0,0.0
2025-06-19 14:00:00,2025,6,19,14,170,3,25,-6.1,4.2,0.0,0.0,0.19,38.51,Polar Night,19.44,12.85,25.47,7.13
2025-06-19 15:00:00,2025,6,19,15,170,3,24,-4.4,3.5,0.0,0.0,0.01,39.34,Polar Night,19.44,0.0,40.45,11.33
2025-06-19 16:00:00,2025,6,19,16,170,3,23,-4.4,3.6,0.0,0.0,0.02,33.88,Polar Night,19.44,0.0,34.98,9.79
2025-06-19 17:00:00,2025,6,19,17,170,3,24,-4.4,11.3,0.0,0.0,62.75,40.39,Polar Night,29.73,-22.36,0.0,0.0
2025-06-19 18:00:00,2025,6,19,18,170,3,24,-5.6,12.0,0.0,0.0,80.0,37.59,Polar Night,48.13,-40.0,0.0,0.0
2025-06-19 19:00:00,2025,6,19,19,170,3,25,-5.7,1.9,0.0,0.0,0.0,38.97,Polar Night,26.95,38.97,0.0,0.0
2025-06-19 20:00:00,2025,6,19,20,170,3,24,-5.5,7.1,0.0,0.0,7.56,38.81,Polar Night,19.4,13.9,17.35,4.86
2025-06-19 21:00:00,2025,6,19,21,170,3,22,-6.3,6.9,0.0,0.0,6.51,37.16,Polar Night,19.4,0.0,31.86,8.92
2025-06-19 22:00:00,2025,6,19,22,170,3,24,-7.2,5.4,0.0,0.0,1.52,33.5,Polar Night,19.4,0.0,33.19,9.29
2025-06-19 23:00:00,2025,6,19,23,170,3,24,-7.4,7.5,0.0,0.0,10.0,35.91,Polar Night,19.4,0.0,27.12,7.59
2025-06-20 00:00:00,2025,6,20,0,171,4,25,-6.8,12.5,0.0,0.0,80.0,30.41,Polar Night,37.8,-40.0,0.0,0.0
2025-06-20 01:00:00,2025,6,20,1,171,4,24,-6.7,3.4,0.0,0.0,0.01,31.87,Polar Night,20.48,31.86,0.0,0.0
2025-06-20 02:00:00,2025,6,20,2,171,4,26,-5.7,2.8,0.0,0.0,0.0,34.47,Polar Night,19.96,0.96,33.51,9.38
2025-06-20 03:00:00,2025,6,20,3,171,4,23,-5.9,1.5,0.0,0.0,0.0,38.2,Polar Night,19.96,0.0,38.28,10.72
2025-06-20 04:00:00,2025,6,20,4,171,4,26,-4.4,5.1,0.0,0.0,1.02,37.64,Polar Night,19.96,0.0,36.7,10.28
2025-06-20 05:00:00,2025,6,20,5,171,4,24,-4.3,4.9,0.0,0.0,0.75,35.79,Polar Night,19.96,0.0,35.12,9.83
2025-06-20 06:00:00,2025,6,20,6,171,4,25,-5.3,5.7,0.0,0.0,2.16,30.46,Polar Night,19.96,0.0,28.38,7.95
2025-06-20 07:00:00,2025,6,20,7,171,4,25,-5.8,6.3,0.0,0.0,3.94,38.77,Polar Night,19.96,0.0,34.91,9.78
2025-06-20 08:00:00,2025,6,20,8,171,4,26,-6.2,8.9,0.0,0.0,22.54,36.51,Polar Night,19.96,0.0,15.0,4.2
2025-06-20 09:00:00,2025,6,20,9,171,4,24,-5.0,5.4,0.0,0.0,1.52,36.9,Polar Night,19.96,0.0,35.46,9.93
2025-06-20 10:00:00,2025,6,20,10,171,4,23,-6.3,4.9,0.0,0.0,0.75,40.08,Polar Night,19.96,0.0,39.41,11.04
2025-06-20 11:00:00,2025,6,20,11,171,4,26,-5.8,9.8,0.0,0.0,34.51,40.01,Polar Night,19.96,0.0,15.0,4.2
2025-06-20 12:00:00,2025,6,20,12,171,4,24,-5.4,10.2,0.0,0.0,40.96,40.58,Polar Night,20.13,-0.38,0.0,0.0
2025-06-20 13:00:00,2025,6,20,13,171,4,25,-5.6,4.0,0.0,0.0,0.11,34.34,Polar Night,19.99,0.27,33.96,9.51
2025-06-20 14:00:00,2025,6,20,14,171,4,26,-5.8,4.7,0.0,0.0,0.54,35.81,Polar Night,19.99,0.0,35.29,9.88
2025-06-20 15:00:00,2025,6,20,15,171,4,23,-6.7,9.8,0.0,0.0,34.51,41.76,Polar Night,19.99,0.0,15.0,4.2
2025-06-20 16:00:00,2025,6,20,16,171,4,25,-6.2,2.3,0.0,0.0,0.0,42.12,Polar Night,19.99,0.0,42.14,11.8
2025-06-20 17:00:00,2025,6,20,17,171,4,24,-6.8,4.8,0.0,0.0,0.64,38.38,Polar Night,19.99,0.0,37.76,10.57
2025-06-20 18:00:00,2025,6,20,18,171,4,24,-5.3,5.9,0.0,0.0,2.68,37.24,Polar Night,19.99,0.0,34.58,9.68
2025-06-20 19:00:00,2025,6,20,19,171,4,25,-4.6,3.5,0.0,0.0,0.01,40.05,Polar Night,19.99,0.0,40.06,11.22
2025-06-20 20:00:00,2025,6,20,20,171,4,23,-4.9,3.5,0.0,0.0,0.01,37.98,Polar Night,19.99,0.0,37.99,10.64
2025-06-20 21:00:00,2025,6,20,21,171,4,24,-6.0,5.7,0.0,0.0,2.16,39.34,Polar Night,19.99,0.0,37.2,10.42
2025-06-20 22:00:00,2025,6,20,22,171,4,26,-6.3,8.8,0.0,0.0,21.41,32.96,Polar Night,19.99,0.0,15.0,4.2
2025-06-20 23:00:00,2025,6,20,23,171,4,25,-5.5,10.0,0.0,0.0,37.64,37.33,Polar Night,20.13,-0.31,0.0,0.0
2025-06-21 00:00:00,2025,6,21,0,172,5,24,-6.4,14.3,0.0,0.0,80.0,34.42,High Wind Surge,38.53,-40.0,0.0,0.0
2025-06-21 01:00:00,2025,6,21,1,172,5,25,-6.1,2.2,0.0,0.0,0.0,31.43,Polar Night,21.45,31.43,0.0,0.0
2025-06-21 02:00:00,2025,6,21,2,172,5,24,-6.2,3.8,0.0,0.0,0.06,32.82,Polar Night,19.87,2.9,29.86,8.36
2025-06-21 03:00:00,2025,6,21,3,172,5,26,-6.0,8.8,0.0,0.0,21.41,33.55,Polar Night,19.87,0.0,15.0,4.2
2025-06-21 04:00:00,2025,6,21,4,172,5,24,-5.8,6.7,0.0,0.0,5.56,38.17,Polar Night,19.87,0.0,32.86,9.2
2025-06-21 05:00:00,2025,6,21,5,172,5,25,-5.9,4.8,0.0,0.0,0.64,33.02,Polar Night,19.87,0.0,32.63,9.14
2025-06-21 06:00:00,2025,6,21,6,172,5,26,-5.8,3.7,0.0,0.0,0.04,35.86,Polar Night,19.87,0.0,36.07,10.1
2025-06-21 07:00:00,2025,6,21,7,172,5,24,-5.8,4.4,0.0,0.0,0.3,32.39,Polar Night,19.87,0.0,32.34,9.06
2025-06-21 08:00:00,2025,6,21,8,172,5,26,-6.6,5.7,0.0,0.0,2.16,41.31,Polar Night,19.87,0.0,39.4,11.03
2025-06-21 09:00:00,2025,6,21,9,172,5,23,-6.6,3.4,0.0,0.0,0.01,35.94,Polar Night,19.87,0.0,36.18,10.13
2025-06-21 10:00:00,2025,6,21,10,172,5,26,-7.8,13.3,0.0,0.0,80.0,40.84,Polar Night,37.89,-39.16,0.0,0.0
2025-06-21 11:00:00,2025,6,21,11,172,5,24,-7.2,2.7,0.0,0.0,0.0,39.7,Polar Night,18.44,35.78,15.0,4.2
2025-06-21 12:00:00,2025,6,21,12,172,5,24,-6.7,14.9,0.0,0.0,80.0,39.93,High Wind Surge,36.84,-40.0,0.0,0.0
2025-06-21 13:00:00,2025,6,21,13,172,5,23,-6.1,10.0,0.0,0.0,37.64,38.38,Polar Night,36.44,0.74,0.0,0.0
2025-06-21 14:00:00,2025,6,21,14,172,5,24,-5.1,5.6,0.0,0.0,1.93,41.93,Polar Night,18.57,32.88,15.0,4.2
2025-06-21 15:00:00,2025,6,21,15,172,5,23,-5.6,8.6,0.0,0.0,19.27,37.7,Polar Night,18.57,0.0,21.29,5.96
2025-06-21 16:00:00,2025,6,21,16,172,5,24,-4.9,7.9,0.0,0.0,12.91,42.62,Polar Night,18.57,0.0,32.57,9.12
2025-06-21 17:00:00,2025,6,21,17,172,5,24,-5.3,3.8,0.0,0.0,0.06,38.89,Polar Night,18.57,0.0,41.69,11.67
2025-06-21 18:00:00,2025,6,21,18,172,5,25,-5.8,4.9,0.0,0.0,0.75,38.7,Polar Night,18.57,0.0,40.81,11.43
2025-06-21 19:00:00,2025,6,21,19,172,5,25,-6.5,6.4,0.0,0.0,4.31,40.77,Polar Night,18.57,0.0,39.32,11.01
2025-06-21 20:00:00,2025,6,21,20,172,5,25,-6.6,7.6,0.0,0.0,10.68,39.11,Polar Night,18.57,0.0,31.29,8.76
2025-06-21 21:00:00,2025,6,21,21,172,5,23,-5.6,6.7,0.0,0.0,5.56,38.3,Polar Night,18.57,0.0,35.6,9.97
2025-06-21 22:00:00,2025,6,21,22,172,5,24,-5.1,6.1,0.0,0.0,3.27,34.81,Polar Night,18.57,0.0,34.4,9.63
2025-06-21 23:00:00,2025,6,21,23,172,5,26,-5.7,5.8,0.0,0.0,2.41,35.44,Polar Night,18.57,0.0,35.89,10.05
2025-06-22 00:00:00,2025,6,22,0,173,6,24,-5.3,6.3,0.0,0.0,3.94,39.39,Polar Night,18.57,0.0,38.31,10.73
2025-06-22 01:00:00,2025,6,22,1,173,6,26,-5.6,5.7,0.0,0.0,2.16,40.43,Polar Night,18.57,0.0,41.13,11.52
2025-06-22 02:00:00,2025,6,22,2,173,6,24,-6.6,6.7,0.0,0.0,5.56,35.89,Polar Night,18.57,0.0,33.19,9.29
2025-06-22 03:00:00,2025,6,22,3,173,6,25,-7.1,10.9,0.0,0.0,54.11,38.81,Polar Night,25.61,-15.3,0.0,0.0
2025-06-22 04:00:00,2025,6,22,4,173,6,26,-7.4,7.5,0.0,0.0,10.0,39.1,Polar Night,19.51,11.22,17.88,5.01
2025-06-22 05:00:00,2025,6,22,5,173,6,26,-6.4,8.4,0.0,0.0,17.28,38.08,Polar Night,19.51,0.0,21.78,6.1
2025-06-22 06:00:00,2025,6,22,6,173,6,24,-6.9,7.2,0.0,0.0,8.13,36.66,Polar Night,19.51,0.0,29.51,8.26
2025-06-22 07:00:00,2025,6,22,7,173,6,24,-6.6,7.6,0.0,0.0,10.68,39.93,Polar Night,19.51,0.0,30.23,8.46
2025-06-22 08:00:00,2025,6,22,8,173,6,24,-6.4,7.0,0.0,0.0,7.02,39.55,Polar Night,19.51,0.0,33.51,9.38
2025-06-22 09:00:00,2025,6,22,9,173,6,25,-5.3,1.3,0.0,0.0,0.0,35.85,Polar Night,19.51,0.0,36.83,10.31
2025-06-22 10:00:00,2025,6,22,10,173,6,25,-5.3,20.0,0.0,0.0,80.0,37.48,High Wind Surge,37.91,-40.0,0.0,0.0
2025-06-22 11:00:00,2025,6,22,11,173,6,25,-5.8,1.5,0.0,0.0,0.0,35.02,Polar Night,18.88,35.02,0.0,0.0
2025-06-22 12:00:00,2025,6,22,12,173,6,25,-4.8,5.4,0.0,0.0,1.52,38.71,Polar Night,18.88,0.0,39.43,11.04
2025-06-22 13:00:00,2025,6,22,13,173,6,26,-4.2,2.6,0.0,0.0,0.0,38.24,Polar Night,18.88,0.0,40.48,11.33
2025-06-22 14:00:00,2025,6,22,14,173,6,25,-4.4,2.5,0.0,0.0,0.0,38.71,Polar Night,18.88,0.0,40.95,11.47
2025-06-22 15:00:00,2025,6,22,15,173,6,25,-5.8,9.3,0.0,0.0,27.44,36.08,Polar Night,18.88,0.0,15.0,4.2
2025-06-22 16:00:00,2025,6,22,16,173,6,23,-5.5,5.7,0.0,0.0,2.16,39.51,Polar Night,18.88,0.0,39.59,11.09
2025-06-22 17:00:00,2025,6,22,17,173,6,22,-6.2,9.4,0.0,0.0,28.77,38.45,Polar Night,18.88,0.0,15.0,4.2
2025-06-22 18:00:00,2025,6,22,18,173,6,25,-6.7,4.3,0.0,0.0,0.24,44.27,Polar Night,18.88,0.0,46.27,12.96
2025-06-22 19:00:00,2025,6,22,19,173,6,24,-7.1,4.2,0.0,0.0,0.19,40.66,Polar Night,18.88,0.0,42.71,11.96
2025-06-22 20:00:00,2025,6,22,20,173,6,24,-6.2,6.0,0.0,0.0,2.96,36.48,Polar Night,18.88,0.0,35.76,10.01
2025-06-22 21:00:00,2025,6,22,21,173,6,25,-5.8,11.1,0.0,0.0,58.32,34.64,Polar Night,29.77,-23.68,0.0,0.0
2025-06-22 22:00:00,2025,6,22,22,173,6,24,-4.9,15.2,0.0,0.0,80.0,34.34,High Wind Surge,48.17,-40.0,0.0,0.0
2025-06-22 23:00:00,2025,6,22,23,173,6,26,-2.7,13.2,0.0,0.0,80.0,30.0,Polar Night,66.57,-40.0,0.0,0.0
2025-06-23 00:00:00,2025,6,23,0,174,0,25,-3.4,14.3,0.0,0.0,80.0,31.05,High Wind Surge,84.97,-40.0,0.0,0.0
2025-06-23 01:00:00,2025,6,23,1,174,0,24,-3.3,24.4,0.0,0.0,80.0,30.18,Blizzard / Extreme Storm,94.2,-20.05,0.0,0.0
2025-06-23 02:00:00,2025,6,23,2,174,0,25,-3.4,14.8,0.0,0.0,80.0,31.43,High Wind Surge,94.94,-1.6,0.0,0.0
2025-06-23 03:00:00,2025,6,23,3,174,0,24,-3.2,19.6,0.0,0.0,80.0,36.16,High Wind Surge,94.99,-0.13,0.0,0.0
2025-06-23 04:00:00,2025,6,23,4,174,0,25,-4.7,20.1,0.0,0.0,80.0,31.44,High Wind Surge,95.0,-0.01,0.0,0.0
2025-06-23 05:00:00,2025,6,23,5,174,0,24,-6.9,18.1,0.0,0.0,80.0,34.23,High Wind Surge,95.0,-0.0,0.0,0.0
2025-06-23 06:00:00,2025,6,23,6,174,0,24,-7.3,20.8,0.0,0.0,80.0,32.02,High Wind Surge,95.0,-0.0,0.0,0.0
2025-06-23 07:00:00,2025,6,23,7,174,0,25,-7.2,18.5,0.0,0.0,80.0,34.8,High Wind Surge,95.0,-0.0,0.0,0.0
2025-06-23 08:00:00,2025,6,23,8,174,0,25,-7.4,28.3,0.0,0.0,0.0,38.52,Blizzard / Extreme Storm,74.07,38.52,0.0,0.0
2025-06-23 09:00:00,2025,6,23,9,174,0,25,-8.6,25.2,0.0,0.0,0.0,40.64,Blizzard / Extreme Storm,51.98,40.64,0.0,0.0
2025-06-23 10:00:00,2025,6,23,10,174,0,24,-7.6,27.6,0.0,0.0,0.0,36.14,Blizzard / Extreme Storm,32.34,36.14,0.0,0.0
2025-06-23 11:00:00,2025,6,23,11,174,0,23,-6.9,24.4,0.0,0.0,80.0,34.35,Blizzard / Extreme Storm,50.74,-40.0,0.0,0.0
2025-06-23 12:00:00,2025,6,23,12,174,0,24,-5.3,24.8,0.0,0.0,80.0,32.62,Blizzard / Extreme Storm,69.14,-40.0,0.0,0.0
2025-06-23 13:00:00,2025,6,23,13,174,0,25,-5.2,25.3,0.0,0.0,0.0,37.93,Blizzard / Extreme Storm,48.52,37.93,0.0,0.0
2025-06-23 14:00:00,2025,6,23,14,174,0,24,-5.6,27.8,0.0,0.0,0.0,39.86,Blizzard / Extreme Storm,26.86,39.86,0.0,0.0
2025-06-23 15:00:00,2025,6,23,15,174,0,24,-5.4,18.0,0.0,0.0,80.0,33.8,High Wind Surge,45.26,-40.0,0.0,0.0
2025-06-23 16:00:00,2025,6,23,16,174,0,25,-6.1,19.4,0.0,0.0,80.0,36.62,High Wind Surge,63.66,-40.0,0.0,0.0
2025-06-23 17:00:00,2025,6,23,17,174,0,24,-6.4,21.7,0.0,0.0,80.0,40.83,High Wind Surge,81.68,-39.17,0.0,0.0
2025-06-23 18:00:00,2025,6,23,18,174,0,23,-6.8,25.1,0.0,0.0,0.0,37.54,Blizzard / Extreme Storm,61.28,37.54,0.0,0.0
2025-06-23 19:00:00,2025,6,23,19,174,0,24,-7.1,25.0,0.0,0.0,80.0,38.39,Blizzard / Extreme Storm,79.68,-40.0,0.0,0.0
2025-06-23 20:00:00,2025,6,23,20,174,0,24,-5.7,16.6,0.0,0.0,80.0,38.55,High Wind Surge,93.77,-30.65,0.0,0.0
2025-06-23 21:00:00,2025,6,23,21,174,0,24,-5.4,10.9,0.0,0.0,54.11,36.26,Polar Night,94.9,-2.45,0.0,0.0
2025-06-23 22:00:00,2025,6,23,22,174,0,24,-4.6,8.4,0.0,0.0,17.28,31.63,Polar Night,87.1,14.35,0.0,0.0
2025-06-23 23:00:00,2025,6,23,23,174,0,25,-3.9,16.2,0.0,0.0,80.0,34.03,High Wind Surge,94.37,-15.79,0.0,0.0
2025-06-24 00:00:00,2025,6,24,0,175,1,24,-5.8,7.6,0.0,0.0,10.68,31.02,Polar Night,83.31,20.34,0.0,0.0
2025-06-24 01:00:00,2025,6,24,1,175,1,25,-5.1,3.6,0.0,0.0,0.02,30.13,Polar Night,66.95,30.11,0.0,0.0
2025-06-24 02:00:00,2025,6,24,2,175,1,26,-5.8,12.1,0.0,0.0,80.0,33.17,Polar Night,85.35,-40.0,0.0,0.0
2025-06-24 03:00:00,2025,6,24,3,175,1,24,-4.8,2.6,0.0,0.0,0.0,35.5,Polar Night,66.06,35.5,0.0,0.0
2025-06-24 04:00:00,2025,6,24,4,175,1,25,-5.9,8.5,0.0,0.0,18.26,37.66,Polar Night,55.51,19.4,0.0,0.0
2025-06-24 05:00:00,2025,6,24,5,175,1,24,-5.5,7.4,0.0,0.0,9.35,33.06,Polar Night,42.63,23.71,0.0,0.0
2025-06-24 06:00:00,2025,6,24,6,175,1,24,-5.0,2.4,0.0,0.0,0.0,35.95,Polar Night,23.09,35.95,0.0,0.0
2025-06-24 07:00:00,2025,6,24,7,175,1,24,-5.1,4.9,0.0,0.0,0.75,40.6,Polar Night,19.73,6.18,33.67,9.43
2025-06-24 08:00:00,2025,6,24,8,175,1,24,-4.6,3.2,0.0,0.0,0.0,36.86,Polar Night,19.73,0.0,37.4,10.47
2025-06-24 09:00:00,2025,6,24,9,175,1,25,-5.2,7.2,0.0,0.0,8.13,39.16,Polar Night,19.73,0.0,31.57,8.84
2025-06-24 10:00:00,2025,6,24,10,175,1,27,-3.3,6.1,0.0,0.0,3.27,41.5,Polar Night,19.73,0.0,38.77,10.85
2025-06-24 11:00:00,2025,6,24,11,175,1,24,-3.8,0.6,0.0,0.0,0.0,34.41,Polar Night,19.73,0.0,34.95,9.79
2025-06-24 12:00:00,2025,6,24,12,175,1,24,-2.6,14.0,0.0,0.0,80.0,34.67,High Wind Surge,38.13,-40.0,0.0,0.0
2025-06-24 13:00:00,2025,6,24,13,175,1,24,-3.8,5.0,0.0,0.0,0.88,40.17,Polar Night,18.42,36.26,15.0,4.2
2025-06-24 14:00:00,2025,6,24,14,175,1,25,-3.0,4.2,0.0,0.0,0.19,33.57,Polar Night,18.42,0.0,36.53,10.23
2025-06-24 15:00:00,2025,6,24,15,175,1,25,-3.1,3.9,0.0,0.0,0.08,36.38,Polar Night,18.42,0.0,39.45,11.05
2025-06-24 16:00:00,2025,6,24,16,175,1,26,-3.6,3.3,0.0,0.0,0.0,35.14,Polar Night,18.42,0.0,38.29,10.72
2025-06-24 17:00:00,2025,6,24,17,175,1,22,-4.4,19.0,0.0,0.0,80.0,39.34,High Wind Surge,36.82,-40.0,0.0,0.0
2025-06-24 18:00:00,2025,6,24,18,175,1,22,-5.2,4.5,0.0,0.0,0.37,33.56,Polar Night,18.79,33.19,0.0,0.0
2025-06-24 19:00:00,2025,6,24,19,175,1,24,-4.0,5.5,0.0,0.0,1.71,36.15,Polar Night,18.79,0.0,36.87,10.32
2025-06-24 20:00:00,2025,6,24,20,175,1,26,-4.8,10.6,0.0,0.0,48.17,35.0,Polar Night,24.84,-13.17,0.0,0.0
2025-06-24 21:00:00,2025,6,24,21,175,1,23,-5.0,7.6,0.0,0.0,10.68,33.06,Polar Night,19.58,9.69,15.0,4.2
2025-06-24 22:00:00,2025,6,24,22,175,1,21,-5.1,5.2,0.0,0.0,1.17,28.56,Polar Night,19.58,0.0,28.23,7.91
2025-06-24 23:00:00,2025,6,24,23,175,1,25,-4.1,11.1,0.0,0.0,58.32,33.0,Polar Night,31.23,-25.32,0.0,0.0
2025-06-25 00:00:00,2025,6,25,0,176,2,25,-4.4,8.8,0.0,0.0,21.41,34.84,Polar Night,23.93,13.43,0.0,0.0
2025-06-25 01:00:00,2025,6,25,1,176,2,23,-4.0,3.9,0.0,0.0,0.08,32.95,Polar Night,19.66,7.85,25.02,7.0
2025-06-25 02:00:00,2025,6,25,2,176,2,24,-5.5,7.6,0.0,0.0,10.68,34.83,Polar Night,19.66,0.0,24.83,6.95
2025-06-25 03:00:00,2025,6,25,3,176,2,24,-5.2,11.7,0.0,0.0,72.26,32.93,Polar Night,37.75,-39.33,0.0,0.0
2025-06-25 04:00:00,2025,6,25,4,176,2,25,-5.6,6.3,0.0,0.0,3.94,36.99,Polar Night,19.79,33.05,0.0,0.0
2025-06-25 05:00:00,2025,6,25,5,176,2,24,-6.6,8.6,0.0,0.0,19.27,36.89,Polar Night,19.79,0.0,18.04,5.05
2025-06-25 06:00:00,2025,6,25,6,176,2,25,-5.8,13.7,0.0,0.0,80.0,35.0,Polar Night,38.19,-40.0,0.0,0.0
2025-06-25 07:00:00,2025,6,25,7,176,2,22,-6.5,8.1,0.0,0.0,14.56,38.02,Polar Night,25.44,23.46,0.0,0.0
2025-06-25 08:00:00,2025,6,25,8,176,2,24,-5.6,2.6,0.0,0.0,0.0,36.36,Polar Night,19.53,10.88,25.48,7.14
2025-06-25 09:00:00,2025,6,25,9,176,2,23,-4.6,4.1,0.0,0.0,0.15,41.29,Polar Night,19.53,0.0,42.09,11.78
2025-06-25 10:00:00,2025,6,25,10,176,2,24,-4.8,7.1,0.0,0.0,7.56,38.94,Polar Night,19.53,0.0,32.33,9.05
2025-06-25 11:00:00,2025,6,25,11,176,2,24,-4.0,4.4,0.0,0.0,0.3,36.06,Polar Night,19.53,0.0,36.71,10.28
2025-06-25 12:00:00,2025,6,25,12,176,2,25,-3.3,13.0,0.0,0.0,80.0,35.71,Polar Night,37.93,-40.0,0.0,0.0
2025-06-25 13:00:00,2025,6,25,13,176,2,23,-2.9,5.5,0.0,0.0,1.71,34.17,Polar Night,20.29,32.46,0.0,0.0
2025-06-25 14:00:00,2025,6,25,14,176,2,25,-2.2,5.9,0.0,0.0,2.68,34.57,Polar Night,19.98,0.57,31.32,8.77
2025-06-25 15:00:00,2025,6,25,15,176,2,25,-3.4,8.2,0.0,0.0,15.43,36.83,Polar Night,19.98,0.0,21.45,6.01
2025-06-25 16:00:00,2025,6,25,16,176,2,26,-2.9,6.5,0.0,0.0,4.71,31.92,Polar Night,19.98,0.0,27.26,7.63
2025-06-25 17:00:00,2025,6,25,17,176,2,24,-3.6,5.3,0.0,0.0,1.34,35.4,Polar Night,19.98,0.0,34.11,9.55
2025-06-25 18:00:00,2025,6,25,18,176,2,25,-5.1,2.2,0.0,0.0,0.0,37.16,Polar Night,19.98,0.0,37.21,10.42
2025-06-25 19:00:00,2025,6,25,19,176,2,23,-5.7,7.2,0.0,0.0,8.13,37.23,Polar Night,19.98,0.0,29.15,8.16
2025-06-25 20:00:00,2025,6,25,20,176,2,22,-6.9,10.5,0.0,0.0,46.3,38.24,Polar Night,23.68,-8.06,0.0,0.0
2025-06-25 21:00:00,2025,6,25,21,176,2,25,-5.9,8.0,0.0,0.0,13.72,38.17,Polar Night,19.68,7.37,17.08,4.78
2025-06-25 22:00:00,2025,6,25,22,176,2,24,-5.9,5.3,0.0,0.0,1.34,35.56,Polar Night,19.68,0.0,34.86,9.76
2025-06-25 23:00:00,2025,6,25,23,176,2,26,-6.7,2.9,0.0,0.0,0.0,35.23,Polar Night,19.68,0.0,35.87,10.04
2025-06-26 00:00:00,2025,6,26,0,177,3,23,-6.5,9.6,0.0,0.0,31.55,37.25,Polar Night,19.68,0.0,15.0,4.2
2025-06-26 01:00:00,2025,6,26,1,177,3,25,-7.5,12.3,0.0,0.0,80.0,37.6,Polar Night,38.08,-40.0,0.0,0.0
2025-06-26 02:00:00,2025,6,26,2,177,3,26,-7.3,5.3,0.0,0.0,1.34,41.64,Polar Night,18.43,36.16,15.0,4.2
2025-06-26 03:00:00,2025,6,26,3,177,3,25,-7.5,8.5,0.0,0.0,18.26,37.71,Polar Night,18.43,0.0,22.59,6.33
2025-06-26 04:00:00,2025,6,26,4,177,3,25,-8.1,5.5,0.0,0.0,1.71,34.55,Polar Night,18.43,0.0,35.98,10.08
2025-06-26 05:00:00,2025,6,26,5,177,3,25,-7.3,6.3,0.0,0.0,3.94,35.42,Polar Night,18.43,0.0,34.62,9.69
2025-06-26 06:00:00,2025,6,26,6,177,3,23,-6.0,10.0,0.0,0.0,37.64,33.14,Polar Night,20.5,-4.5,0.0,0.0
2025-06-26 07:00:00,2025,6,26,7,177,3,26,-6.4,2.3,0.0,0.0,0.0,38.83,Polar Night,19.96,1.0,37.83,10.59
2025-06-26 08:00:00,2025,6,26,8,177,3,24,-5.2,6.6,0.0,0.0,5.12,39.96,Polar Night,19.96,0.0,34.93,9.78
2025-06-26 09:00:00,2025,6,26,9,177,3,25,-5.6,3.8,0.0,0.0,0.06,37.06,Polar Night,19.96,0.0,37.09,10.38
2025-06-26 10:00:00,2025,6,26,10,177,3,23,-5.3,4.9,0.0,0.0,0.75,35.53,Polar Night,19.96,0.0,34.87,9.76
2025-06-26 11:00:00,2025,6,26,11,177,3,23,-5.1,7.6,0.0,0.0,10.68,38.09,Polar Night,19.96,0.0,27.5,7.7
2025-06-26 12:00:00,2025,6,26,12,177,3,26,-4.8,1.4,0.0,0.0,0.0,35.58,Polar Night,19.96,0.0,35.67,9.99
2025-06-26 13:00:00,2025,6,26,13,177,3,24,-4.1,7.1,0.0,0.0,7.56,34.21,Polar Night,19.96,0.0,26.74,7.49
2025-06-26 14:00:00,2025,6,26,14,177,3,26,-4.7,4.4,0.0,0.0,0.3,38.49,Polar Night,19.96,0.0,38.28,10.72
2025-06-26 15:00:00,2025,6,26,15,177,3,24,-4.0,7.9,0.0,0.0,12.91,31.84,Polar Night,19.96,0.0,19.02,5.32
2025-06-26 16:00:00,2025,6,26,16,177,3,23,-4.9,3.1,0.0,0.0,0.0,35.44,Polar Night,19.96,0.0,35.53,9.95
2025-06-26 17:00:00,2025,6,26,17,177,3,25,-5.2,8.6,0.0,0.0,19.27,39.71,Polar Night,19.96,0.0,20.53,5.75
2025-06-26 18:00:00,2025,6,26,18,177,3,24,-6.3,7.6,0.0,0.0,10.68,33.46,Polar Night,19.96,0.0,22.87,6.4
2025-06-26 19:00:00,2025,6,26,19,177,3,25,-6.2,13.7,0.0,0.0,80.0,33.91,Polar Night,38.36,-40.0,0.0,0.0
2025-06-26 20:00:00,2025,6,26,20,177,3,25,-6.9,11.4,0.0,0.0,65.04,35.26,Polar Night,52.06,-29.78,0.0,0.0
2025-06-26 21:00:00,2025,6,26,21,177,3,23,-7.5,4.4,0.0,0.0,0.3,31.77,Polar Night,34.95,31.47,0.0,0.0
2025-06-26 22:00:00,2025,6,26,22,177,3,25,-6.4,1.4,0.0,0.0,0.0,39.87,Polar Night,18.7,29.9,15.0,4.2
2025-06-26 23:00:00,2025,6,26,23,177,3,27,-6.2,7.7,0.0,0.0,11.39,35.71,Polar Night,18.7,0.0,26.92,7.54
2025-06-27 00:00:00,2025,6,27,0,178,4,25,-5.6,7.2,0.0,0.0,8.13,32.86,Polar Night,18.7,0.0,27.33,7.65
2025-06-27 01:00:00,2025,6,27,1,178,4,24,-5.8,1.4,0.0,0.0,0.0,31.24,Polar Night,18.7,0.0,33.84,9.48
2025-06-27 02:00:00,2025,6,27,2,178,4,26,-6.1,2.8,0.0,0.0,0.0,40.62,Polar Night,18.7,0.0,43.22,12.1
2025-06-27 03:00:00,2025,6,27,3,178,4,25,-4.8,7.1,0.0,0.0,7.56,35.57,Polar Night,18.7,0.0,30.61,8.57
2025-06-27 04:00:00,2025,6,27,4,178,4,25,-5.6,11.4,0.0,0.0,65.04,34.21,Polar Night,32.88,-30.83,0.0,0.0
2025-06-27 05:00:00,2025,6,27,5,178,4,23,-6.1,11.3,0.0,0.0,62.75,37.53,Polar Night,44.48,-25.22,0.0,0.0
2025-06-27 06:00:00,2025,6,27,6,178,4,25,-7.7,3.2,0.0,0.0,0.0,37.08,Polar Night,24.33,37.08,0.0,0.0
2025-06-27 07:00:00,2025,6,27,7,178,4,26,-6.3,5.3,0.0,0.0,1.34,37.48,Polar Night,19.62,8.66,27.48,7.69
2025-06-27 08:00:00,2025,6,27,8,178,4,24,-5.7,1.7,0.0,0.0,0.0,36.08,Polar Night,19.62,0.0,36.83,10.31
2025-06-27 09:00:00,2025,6,27,9,178,4,26,-6.8,6.0,0.0,0.0,2.96,37.64,Polar Night,19.62,0.0,35.43,9.92
2025-06-27 10:00:00,2025,6,27,10,178,4,24,-6.3,8.8,0.0,0.0,21.41,35.5,Polar Night,19.62,0.0,15.0,4.2
2025-06-27 11:00:00,2025,6,27,11,178,4,24,-4.8,9.3,0.0,0.0,27.44,39.7,Polar Night,19.62,0.0,15.0,4.2
2025-06-27 12:00:00,2025,6,27,12,178,4,25,-3.7,6.3,0.0,0.0,3.94,35.15,Polar Night,19.62,0.0,31.96,8.95
2025-06-27 13:00:00,2025,6,27,13,178,4,24,-2.8,2.5,0.0,0.0,0.0,38.8,Polar Night,19.62,0.0,39.55,11.07
2025-06-27 14:00:00,2025,6,27,14,178,4,25,-2.5,5.3,0.0,0.0,1.34,33.47,Polar Night,19.62,0.0,32.88,9.21
2025-06-27 15:00:00,2025,6,27,15,178,4,24,-1.7,12.0,0.0,0.0,80.0,33.1,Polar Night,38.02,-40.0,0.0,0.0
2025-06-27 16:00:00,2025,6,27,16,178,4,24,-1.1,4.0,0.0,0.0,0.11,33.01,Polar Night,20.14,32.9,0.0,0.0
2025-06-27 17:00:00,2025,6,27,17,178,4,25,-1.7,4.8,0.0,0.0,0.64,32.69,Polar Night,19.99,0.29,31.76,8.89
2025-06-27 18:00:00,2025,6,27,18,178,4,25,-2.1,8.7,0.0,0.0,20.32,33.78,Polar Night,19.99,0.0,15.0,4.2
2025-06-27 19:00:00,2025,6,27,19,178,4,23,-3.4,8.6,0.0,0.0,19.27,36.9,Polar Night,19.99,0.0,17.65,4.94
2025-06-27 20:00:00,2025,6,27,20,178,4,23,-3.3,11.5,0.0,0.0,67.39,38.45,Polar Night,33.3,-28.94,0.0,0.0
2025-06-27 21:00:00,2025,6,27,21,178,4,25,-4.4,5.3,0.0,0.0,1.34,37.71,Polar Night,18.84,26.6,15.0,4.2
2025-06-27 22:00:00,2025,6,27,22,178,4,24,-5.0,6.4,0.0,0.0,4.31,30.89,Polar Night,18.84,0.0,28.89,8.09
2025-06-27 23:00:00,2025,6,27,23,178,4,24,-4.4,6.0,0.0,0.0,2.96,31.92,Polar Night,18.84,0.0,31.27,8.76
2025-06-28 00:00:00,2025,6,28,0,179,5,23,-3.0,11.9,0.0,0.0,77.36,30.71,Polar Night,37.24,-40.0,0.0,0.0
2025-06-28 01:00:00,2025,6,28,1,179,5,23,-2.8,9.0,0.0,0.0,23.7,36.26,Polar Night,30.42,12.56,0.0,0.0
2025-06-28 02:00:00,2025,6,28,2,179,5,22,-2.1,9.9,0.0,0.0,36.05,33.73,Polar Night,31.48,-2.32,0.0,0.0
2025-06-28 03:00:00,2025,6,28,3,179,5,24,-2.1,3.0,0.0,0.0,0.0,34.73,Polar Night,19.0,22.97,15.0,4.2
2025-06-28 04:00:00,2025,6,28,4,179,5,24,-1.8,9.3,0.0,0.0,27.44,29.7,Polar Night,19.0,0.0,15.0,4.2
2025-06-28 05:00:00,2025,6,28,5,179,5,24,-1.7,5.7,0.0,0.0,2.16,28.21,Polar Night,19.0,0.0,28.05,7.85
2025-06-28 06:00:00,2025,6,28,6,179,5,24,-3.4,1.3,0.0,0.0,0.0,34.1,Polar Night,19.0,0.0,36.1,10.11
2025-06-28 07:00:00,2025,6,28,7,179,5,25,-4.0,2.0,0.0,0.0,0.0,35.52,Polar Night,19.0,0.0,37.52,10.5
2025-06-28 08:00:00,2025,6,28,8,179,5,27,-3.9,8.0,0.0,0.0,13.72,38.01,Polar Night,19.0,0.0,26.29,7.36
2025-06-28 09:00:00,2025,6,28,9,179,5,23,-4.0,5.2,0.0,0.0,1.17,37.0,Polar Night,19.0,0.0,37.83,10.59
2025-06-28 10:00:00,2025,6,28,10,179,5,26,-5.0,10.5,0.0,0.0,46.3,36.78,Polar Night,23.38,-9.52,0.0,0.0
2025-06-28 11:00:00,2025,6,28,11,179,5,25,-4.7,8.6,0.0,0.0,19.27,39.7,Polar Night,19.71,6.76,15.0,4.2
2025-06-28 12:00:00,2025,6,28,12,179,5,24,-3.3,1.2,0.0,0.0,0.0,32.14,Polar Night,19.71,0.0,32.73,9.16
2025-06-28 13:00:00,2025,6,28,13,179,5,25,-2.7,8.1,0.0,0.0,14.56,35.97,Polar Night,19.71,0.0,22.0,6.16
2025-06-28 14:00:00,2025,6,28,14,179,5,24,-3.6,3.6,0.0,0.0,0.02,37.72,Polar Night,19.71,0.0,38.29,10.72
2025-06-28 15:00:00,2025,6,28,15,179,5,25,-3.3,5.6,0.0,0.0,1.93,40.4,Polar Night,19.71,0.0,39.06,10.94
2025-06-28 16:00:00,2025,6,28,16,179,5,26,-2.3,7.4,0.0,0.0,9.35,36.08,Polar Night,19.71,0.0,27.32,7.65
2025-06-28 17:00:00,2025,6,28,17,179,5,25,-2.3,10.6,0.0,0.0,48.17,38.54,Polar Night,24.14,-9.63,0.0,0.0
2025-06-28 18:00:00,2025,6,28,18,179,5,25,-3.0,5.9,0.0,0.0,2.68,38.9,Polar Night,19.64,8.27,27.95,7.83
2025-06-28 19:00:00,2025,6,28,19,179,5,24,-2.1,9.5,0.0,0.0,30.14,40.74,Polar Night,19.64,0.0,15.0,4.2
2025-06-28 20:00:00,2025,6,28,20,179,5,23,-2.7,9.2,0.0,0.0,26.15,35.81,Polar Night,19.64,0.0,15.0,4.2
2025-06-28 21:00:00,2025,6,28,21,179,5,24,-2.7,5.6,0.0,0.0,1.93,40.48,Polar Night,19.64,0.0,39.27,11.0
2025-06-28 22:00:00,2025,6,28,22,179,5,26,-3.2,6.3,0.0,0.0,3.94,34.97,Polar Night,19.64,0.0,31.75,8.89
2025-06-28 23:00:00,2025,6,28,23,179,5,23,-4.9,8.2,0.0,0.0,15.43,29.75,Polar Night,19.64,0.0,15.04,4.21
2025-06-29 00:00:00,2025,6,29,0,180,6,23,-5.3,1.4,0.0,0.0,0.0,33.95,Polar Night,19.64,0.0,34.67,9.71
2025-06-29 01:00:00,2025,6,29,1,180,6,25,-6.4,11.0,0.0,0.0,56.19,32.84,Polar Night,30.38,-23.35,0.0,0.0
2025-06-29 02:00:00,2025,6,29,2,180,6,24,-5.7,9.0,0.0,0.0,23.7,38.22,Polar Night,22.49,14.52,0.0,0.0
2025-06-29 03:00:00,2025,6,29,3,180,6,24,-4.4,4.1,0.0,0.0,0.15,33.84,Polar Night,19.78,4.98,28.71,8.04
2025-06-29 04:00:00,2025,6,29,4,180,6,24,-3.9,14.5,0.0,0.0,80.0,29.75,High Wind Surge,38.18,-40.0,0.0,0.0
2025-06-29 05:00:00,2025,6,29,5,180,6,23,-2.6,3.5,0.0,0.0,0.01,34.06,Polar Night,19.68,34.05,0.0,0.0
2025-06-29 06:00:00,2025,6,29,6,180,6,24,-2.4,11.5,0.0,0.0,67.39,35.22,Polar Night,34.48,-32.17,0.0,0.0
2025-06-29 07:00:00,2025,6,29,7,180,6,25,-1.5,4.8,0.0,0.0,0.64,33.78,Polar Night,18.74,28.95,15.0,4.2
2025-06-29 08:00:00,2025,6,29,8,180,6,23,-0.3,8.9,0.0,0.0,22.54,32.08,Polar Night,18.74,0.0,15.0,4.2
2025-06-29 09:00:00,2025,6,29,9,180,6,23,-1.1,5.9,0.0,0.0,2.68,34.3,Polar Night,18.74,0.0,34.14,9.56
2025-06-29 10:00:00,2025,6,29,10,180,6,24,-1.7,8.6,0.0,0.0,19.27,30.07,Polar Night,18.74,0.0,15.0,4.2
2025-06-29 11:00:00,2025,6,29,11,180,6,25,-2.5,3.2,0.0,0.0,0.0,37.32,Polar Night,18.74,0.0,39.84,11.15
2025-06-29 12:00:00,2025,6,29,12,180,6,24,-2.3,4.3,0.0,0.0,0.24,39.27,Polar Night,18.74,0.0,41.55,11.63
2025-06-29 13:00:00,2025,6,29,13,180,6,24,-2.9,2.6,0.0,0.0,0.0,33.87,Polar Night,18.74,0.0,36.39,10.19
2025-06-29 14:00:00,2025,6,29,14,180,6,25,-3.8,10.4,0.0,0.0,44.47,41.12,Polar Night,20.28,-3.35,0.0,0.0
2025-06-29 15:00:00,2025,6,29,15,180,6,23,-3.8,4.6,0.0,0.0,0.45,38.31,Polar Night,19.98,0.56,37.3,10.44
2025-06-29 16:00:00,2025,6,29,16,180,6,25,-3.2,8.1,0.0,0.0,14.56,35.87,Polar Night,19.98,0.0,21.36,5.98
2025-06-29 17:00:00,2025,6,29,17,180,6,25,-3.3,9.7,0.0,0.0,33.01,37.73,Polar Night,19.98,0.0,15.0,4.2
2025-06-29 18:00:00,2025,6,29,18,180,6,24,-3.3,11.2,0.0,0.0,60.51,39.79,Polar Night,29.51,-20.72,0.0,0.0
2025-06-29 19:00:00,2025,6,29,19,180,6,26,-2.6,2.6,0.0,0.0,0.0,36.32,Polar Night,19.17,19.01,17.31,4.85
2025-06-29 20:00:00,2025,6,29,20,180,6,23,-2.6,11.0,0.0,0.0,56.19,35.9,Polar Night,28.51,-20.29,0.0,0.0
2025-06-29 21:00:00,2025,6,29,21,180,6,26,-2.7,3.6,0.0,0.0,0.02,34.7,Polar Night,19.26,17.01,17.67,4.95
2025-06-29 22:00:00,2025,6,29,22,180,6,25,-2.3,8.6,0.0,0.0,19.27,31.76,Polar Night,19.26,0.0,15.0,4.2
2025-06-29 23:00:00,2025,6,29,23,180,6,24,-2.3,8.5,0.0,0.0,18.26,33.6,Polar Night,19.26,0.0,16.82,4.71
2025-06-30 00:00:00,2025,6,30,0,181,0,24,-2.9,0.8,0.0,0.0,0.0,31.84,Polar Night,19.26,0.0,33.32,9.33
2025-06-30 01:00:00,2025,6,30,1,181,0,24,-4.6,3.9,0.0,0.0,0.08,32.31,Polar Night,19.26,0.0,33.71,9.44
2025-06-30 02:00:00,2025,6,30,2,181,0,26,-5.3,6.2,0.0,0.0,3.6,37.4,Polar Night,19.26,0.0,35.28,9.88
2025-06-30 03:00:00,2025,6,30,3,181,0,23,-5.9,5.6,0.0,0.0,1.93,35.54,Polar Night,19.26,0.0,35.09,9.83
2025-06-30 04:00:00,2025,6,30,4,181,0,24,-5.8,11.6,0.0,0.0,69.8,33.27,Polar Night,36.06,-36.53,0.0,0.0
2025-06-30 05:00:00,2025,6,30,5,181,0,26,-5.8,5.1,0.0,0.0,1.02,39.28,Polar Night,18.6,32.13,15.0,4.2
2025-06-30 06:00:00,2025,6,30,6,181,0,24,-5.9,12.2,0.0,0.0,80.0,39.83,Polar Night,37.0,-40.0,0.0,0.0
2025-06-30 07:00:00,2025,6,30,7,181,0,25,-4.2,6.0,0.0,0.0,2.96,39.35,Polar Night,18.52,34.01,15.0,4.2
2025-06-30 08:00:00,2025,6,30,8,181,0,26,-4.2,13.3,0.0,0.0,80.0,34.18,Polar Night,36.92,-40.0,0.0,0.0
2025-06-30 09:00:00,2025,6,30,9,181,0,24,-3.7,8.6,0.0,0.0,19.27,37.11,Polar Night,27.23,17.84,0.0,0.0
2025-06-30 10:00:00,2025,6,30,10,181,0,25,-4.0,9.8,0.0,0.0,34.51,38.14,Polar Night,25.25,3.63,0.0,0.0
2025-06-30 11:00:00,2025,6,30,11,181,0,23,-4.2,2.6,0.0,0.0,0.0,32.16,Polar Night,19.54,10.51,21.65,6.06
2025-06-30 12:00:00,2025,6,30,12,181,0,25,-2.9,7.1,0.0,0.0,7.56,38.82,Polar Night,19.54,0.0,32.17,9.01
2025-06-30 13:00:00,2025,6,30,13,181,0,25,-3.5,3.1,0.0,0.0,0.0,36.81,Polar Night,19.54,0.0,37.72,10.56
2025-06-30 14:00:00,2025,6,30,14,181,0,25,-2.2,4.6,0.0,0.0,0.45,38.12,Polar Night,19.54,0.0,38.58,10.8
2025-06-30 15:00:00,2025,6,30,15,181,0,24,-2.7,7.4,0.0,0.0,9.35,34.58,Polar Night,19.54,0.0,26.14,7.32
2025-06-30 16:00:00,2025,6,30,16,181,0,23,-2.9,8.5,0.0,0.0,18.26,36.36,Polar Night,19.54,0.0,19.01,5.32
2025-06-30 17:00:00,2025,6,30,17,181,0,25,-2.2,1.6,0.0,0.0,0.0,36.65,Polar Night,19.54,0.0,37.56,10.52
2025-06-30 18:00:00,2025,6,30,18,181,0,22,-2.9,6.6,0.0,0.0,5.12,35.27,Polar Night,19.54,0.0,31.06,8.7
2025-06-30 19:00:00,2025,6,30,19,181,0,24,-4.2,6.9,0.0,0.0,6.51,37.7,Polar Night,19.54,0.0,32.1,8.99
2025-06-30 20:00:00,2025,6,30,20,181,0,25,-5.2,2.3,0.0,0.0,0.0,37.22,Polar Night,19.54,0.0,38.13,10.68
2025-06-30 21:00:00,2025,6,30,21,181,0,25,-5.9,6.3,0.0,0.0,3.94,35.13,Polar Night,19.54,0.0,32.1,8.99
2025-06-30 22:00:00,2025,6,30,22,181,0,26,-5.9,8.3,0.0,0.0,16.34,29.87,Polar Night,19.54,0.0,15.0,4.2
2025-06-30 23:00:00,2025,6,30,23,181,0,26,-7.3,1.9,0.0,0.0,0.0,34.48,Polar Night,19.54,0.0,35.39,9.91
2025-07-01 00:00:00,2025,7,1,0,182,1,24,-8.7,8.9,0.0,0.0,22.54,38.62,Polar Night,19.54,0.0,16.99,4.76
2025-07-01 01:00:00,2025,7,1,1,182,1,25,-7.5,7.0,0.0,0.0,7.02,33.36,Polar Night,19.54,0.0,27.25,7.63
2025-07-01 02:00:00,2025,7,1,2,182,1,24,-7.9,9.9,0.0,0.0,36.05,38.7,Polar Night,19.54,0.0,15.0,4.2
2025-07-01 03:00:00,2025,7,1,3,182,1,23,-7.7,3.8,0.0,0.0,0.06,39.16,Polar Night,19.54,0.0,40.01,11.2
2025-07-01 04:00:00,2025,7,1,4,182,1,24,-7.2,9.9,0.0,0.0,36.05,36.7,Polar Night,19.54,0.0,15.0,4.2
2025-07-01 05:00:00,2025,7,1,5,182,1,24,-5.7,2.5,0.0,0.0,0.0,33.98,Polar Night,19.54,0.0,34.89,9.77
2025-07-01 06:00:00,2025,7,1,6,182,1,22,-4.0,5.5,0.0,0.0,1.71,35.26,Polar Night,19.54,0.0,34.46,9.65
2025-07-01 07:00:00,2025,7,1,7,182,1,25,-4.5,3.7,0.0,0.0,0.04,39.93,Polar Night,19.54,0.0,40.8,11.42
2025-07-01 08:00:00,2025,7,1,8,182,1,24,-2.4,10.6,0.0,0.0,48.17,34.56,Polar Night,25.8,-13.61,0.0,0.0
2025-07-01 09:00:00,2025,7,1,9,182,1,23,-2.0,8.2,0.0,0.0,15.43,34.69,Polar Night,19.5,11.61,15.0,4.2
2025-07-01 10:00:00,2025,7,1,10,182,1,25,-1.6,1.3,0.0,0.0,0.0,32.83,Polar Night,19.5,0.0,33.84,9.48
2025-07-01 11:00:00,2025,7,1,11,182,1,25,-1.6,0.8,0.0,0.0,0.0,35.58,Polar Night,19.5,0.0,36.59,10.25
2025-07-01 12:00:00,2025,7,1,12,182,1,25,-3.0,4.5,0.0,0.0,0.37,30.75,Polar Night,19.5,0.0,31.39,8.79
2025-07-01 13:00:00,2025,7,1,13,182,1,24,-2.4,3.1,0.0,0.0,0.0,34.39,Polar Night,19.5,0.0,35.4,9.91
2025-07-01 14:00:00,2025,7,1,14,182,1,25,-3.7,7.5,0.0,0.0,10.0,34.31,Polar Night,19.5,0.0,25.32,7.09
2025-07-01 15:00:00,2025,7,1,15,182,1,25,-4.0,7.8,0.0,0.0,12.14,36.45,Polar Night,19.5,0.0,25.32,7.09
2025-07-01 16:00:00,2025,7,1,16,182,1,25,-5.5,12.3,0.0,0.0,80.0,35.8,Polar Night,37.9,-40.0,0.0,0.0
2025-07-01 17:00:00,2025,7,1,17,182,1,24,-5.5,12.7,0.0,0.0,80.0,32.66,Polar Night,56.3,-40.0,0.0,0.0
2025-07-01 18:00:00,2025,7,1,18,182,1,25,-4.5,7.8,0.0,0.0,12.14,35.41,Polar Night,43.65,23.27,0.0,0.0
2025-07-01 19:00:00,2025,7,1,19,182,1,26,-6.3,0.6,0.0,0.0,0.0,37.55,Polar Night,23.24,37.55,0.0,0.0
2025-07-01 20:00:00,2025,7,1,20,182,1,24,-6.0,5.1,0.0,0.0,1.02,40.48,Polar Night,19.72,6.48,32.98,9.23
2025-07-01 21:00:00,2025,7,1,21,182,1,27,-5.9,6.4,0.0,0.0,4.31,37.18,Polar Night,19.72,0.0,33.43,9.36
2025-07-01 22:00:00,2025,7,1,22,182,1,24,-6.3,6.3,0.0,0.0,3.94,32.73,Polar Night,19.72,0.0,29.35,8.22
2025-07-01 23:00:00,2025,7,1,23,182,1,25,-5.9,7.2,0.0,0.0,8.13,31.78,Polar Night,19.72,0.0,24.21,6.78
2025-07-02 00:00:00,2025,7,2,0,183,2,24,-6.2,13.1,0.0,0.0,80.0,37.63,Polar Night,38.12,-40.0,0.0,0.0
2025-07-02 01:00:00,2025,7,2,1,183,2,25,-4.2,10.8,0.0,0.0,52.08,32.93,Polar Night,46.93,-19.15,0.0,0.0
2025-07-02 02:00:00,2025,7,2,2,183,2,23,-4.6,2.7,0.0,0.0,0.0,34.04,Polar Night,28.43,34.04,0.0,0.0
2025-07-02 03:00:00,2025,7,2,3,183,2,24,-4.4,4.3,0.0,0.0,0.24,29.56,Polar Night,19.27,16.85,15.0,4.2
2025-07-02 04:00:00,2025,7,2,4,183,2,23,-3.7,9.9,0.0,0.0,36.05,28.29,Polar Night,22.84,-7.76,0.0,0.0
2025-07-02 05:00:00,2025,7,2,5,183,2,25,-3.9,9.8,0.0,0.0,34.51,31.0,Polar Night,24.45,-3.51,0.0,0.0
2025-07-02 06:00:00,2025,7,2,6,183,2,25,-4.1,4.4,0.0,0.0,0.3,37.47,Polar Night,19.61,8.9,28.27,7.91
2025-07-02 07:00:00,2025,7,2,7,183,2,25,-5.1,8.5,0.0,0.0,18.26,34.76,Polar Night,19.61,0.0,17.27,4.84
2025-07-02 08:00:00,2025,7,2,8,183,2,22,-4.9,7.9,0.0,0.0,12.91,34.74,Polar Night,19.61,0.0,22.6,6.33
2025-07-02 09:00:00,2025,7,2,9,183,2,27,-4.8,6.1,0.0,0.0,3.27,37.99,Polar Night,19.61,0.0,35.49,9.94
2025-07-02 10:00:00,2025,7,2,10,183,2,25,-4.5,3.7,0.0,0.0,0.04,35.48,Polar Night,19.61,0.0,36.21,10.14
2025-07-02 11:00:00,2025,7,2,11,183,2,24,-4.0,10.9,0.0,0.0,54.11,37.52,Polar Night,27.24,-16.59,0.0,0.0
2025-07-02 12:00:00,2025,7,2,12,183,2,25,-3.7,8.0,0.0,0.0,13.72,34.36,Polar Night,19.37,14.49,15.0,4.2
2025-07-02 13:00:00,2025,7,2,13,183,2,25,-3.0,3.4,0.0,0.0,0.01,33.16,Polar Night,19.37,0.0,34.41,9.63
2025-07-02 14:00:00,2025,7,2,14,183,2,24,-3.6,8.2,0.0,0.0,15.43,42.81,Polar Night,19.37,0.0,28.64,8.02
2025-07-02 15:00:00,2025,7,2,15,183,2,25,-3.3,8.7,0.0,0.0,20.32,33.8,Polar Night,19.37,0.0,15.0,4.2
2025-07-02 16:00:00,2025,7,2,16,183,2,24,-3.1,10.9,0.0,0.0,54.11,37.63,Polar Night,26.95,-16.48,0.0,0.0
2025-07-02 17:00:00,2025,7,2,17,183,2,24,-3.2,3.9,0.0,0.0,0.08,33.36,Polar Night,19.4,13.9,19.38,5.43
2025-07-02 18:00:00,2025,7,2,18,183,2,24,-3.6,15.3,0.0,0.0,80.0,32.17,High Wind Surge,37.8,-40.0,0.0,0.0
2025-07-02 19:00:00,2025,7,2,19,183,2,23,-4.0,3.2,0.0,0.0,0.0,35.75,Polar Night,18.45,35.59,15.0,4.2
2025-07-02 20:00:00,2025,7,2,20,183,2,25,-3.3,7.2,0.0,0.0,8.13,32.79,Polar Night,18.45,0.0,27.75,7.77
2025-07-02 21:00:00,2025,7,2,21,183,2,25,-3.6,7.7,0.0,0.0,11.39,35.38,Polar Night,18.45,0.0,27.08,7.58
2025-07-02 22:00:00,2025,7,2,22,183,2,25,-4.5,5.6,0.0,0.0,1.93,31.72,Polar Night,18.45,0.0,32.88,9.21
2025-07-02 23:00:00,2025,7,2,23,183,2,25,-4.4,6.1,0.0,0.0,3.27,36.76,Polar Night,18.45,0.0,36.58,10.24
2025-07-03 00:00:00,2025,7,3,0,184,3,25,-5.2,11.0,0.0,0.0,56.19,30.38,Polar Night,30.33,-25.81,0.0,0.0
2025-07-03 01:00:00,2025,7,3,1,184,3,24,-4.6,7.6,0.0,0.0,10.68,35.26,Polar Night,19.1,20.65,15.0,4.2
2025-07-03 02:00:00,2025,7,3,2,184,3,25,-5.9,6.3,0.0,0.0,3.94,35.47,Polar Night,19.1,0.0,33.33,9.33
2025-07-03 03:00:00,2025,7,3,3,184,3,23,-5.0,2.9,0.0,0.0,0.0,33.08,Polar Night,19.1,0.0,34.88,9.77
2025-07-03 04:00:00,2025,7,3,4,184,3,24,-5.4,0.7,0.0,0.0,0.0,32.27,Polar Night,19.1,0.0,34.07,9.54
2025-07-03 05:00:00,2025,7,3,5,184,3,24,-5.4,2.9,0.0,0.0,0.0,34.6,Polar Night,19.1,0.0,36.4,10.19
2025-07-03 06:00:00,2025,7,3,6,184,3,26,-4.4,12.9,0.0,0.0,80.0,34.41,Polar Night,37.5,-40.0,0.0,0.0
2025-07-03 07:00:00,2025,7,3,7,184,3,25,-4.9,8.9,0.0,0.0,22.54,38.33,Polar Night,28.92,15.79,0.0,0.0
2025-07-03 08:00:00,2025,7,3,8,184,3,25,-3.9,13.5,0.0,0.0,80.0,35.92,Polar Night,47.32,-40.0,0.0,0.0
2025-07-03 09:00:00,2025,7,3,9,184,3,26,-4.5,1.5,0.0,0.0,0.0,34.53,Polar Night,28.55,34.53,0.0,0.0
2025-07-03 10:00:00,2025,7,3,10,184,3,24,-3.9,8.0,0.0,0.0,13.72,38.44,Polar Night,19.26,17.11,15.0,4.2
2025-07-03 11:00:00,2025,7,3,11,184,3,25,-4.9,1.7,0.0,0.0,0.0,37.33,Polar Night,19.26,0.0,38.82,10.87
2025-07-03 12:00:00,2025,7,3,12,184,3,24,-4.3,9.2,0.0,0.0,26.15,35.01,Polar Night,19.26,0.0,15.0,4.2
2025-07-03 13:00:00,2025,7,3,13,184,3,25,-5.0,5.3,0.0,0.0,1.34,34.91,Polar Night,19.26,0.0,35.06,9.82
2025-07-03 14:00:00,2025,7,3,14,184,3,24,-5.3,2.5,0.0,0.0,0.0,39.6,Polar Night,19.26,0.0,41.09,11.5
2025-07-03 15:00:00,2025,7,3,15,184,3,24,-3.9,6.9,0.0,0.0,6.51,39.71,Polar Night,19.26,0.0,34.69,9.71
2025-07-03 16:00:00,2025,7,3,16,184,3,25,-3.9,4.4,0.0,0.0,0.3,38.03,Polar Night,19.26,0.0,39.22,10.98
2025-07-03 17:00:00,2025,7,3,17,184,3,25,-2.8,7.8,0.0,0.0,12.14,37.37,Polar Night,19.26,0.0,26.72,7.48
2025-07-03 18:00:00,2025,7,3,18,184,3,24,-3.6,7.8,0.0,0.0,12.14,38.95,Polar Night,19.26,0.0,28.3,7.92
2025-07-03 19:00:00,2025,7,3,19,184,3,24,-2.5,8.2,0.0,0.0,15.43,34.29,Polar Night,19.26,0.0,20.35,5.7
2025-07-03 20:00:00,2025,7,3,20,184,3,23,-1.9,16.0,0.0,0.0,80.0,39.73,High Wind Surge,37.66,-40.0,0.0,0.0
2025-07-03 21:00:00,2025,7,3,21,184,3,22,-3.2,5.3,0.0,0.0,1.34,32.38,Polar Night,20.79,31.04,0.0,0.0
2025-07-03 22:00:00,2025,7,3,22,184,3,25,-2.9,6.0,0.0,0.0,2.96,31.9,Polar Night,19.93,1.57,27.37,7.66
2025-07-03 23:00:00,2025,7,3,23,184,3,25,-2.6,9.5,0.0,0.0,30.14,30.35,Polar Night,19.93,0.0,15.0,4.2
2025-07-04 00:00:00,2025,7,4,0,185,4,25,-2.7,7.0,0.0,0.0,7.02,32.52,Polar Night,19.93,0.0,25.64,7.18
2025-07-04 01:00:00,2025,7,4,1,185,4,23,-3.0,1.6,0.0,0.0,0.0,36.48,Polar Night,19.93,0.0,36.62,10.25
2025-07-04 02:00:00,2025,7,4,2,185,4,24,-3.3,10.1,0.0,0.0,39.28,32.0,Polar Night,23.28,-7.28,0.0,0.0
2025-07-04 03:00:00,2025,7,4,3,185,4,22,-4.7,1.8,0.0,0.0,0.0,34.27,Polar Night,19.71,6.56,27.71,7.76
2025-07-04 04:00:00,2025,7,4,4,185,4,26,-4.7,3.4,0.0,0.0,0.01,26.8,Polar Night,19.71,0.0,27.36,7.66
2025-07-04 05:00:00,2025,7,4,5,185,4,23,-5.7,2.6,0.0,0.0,0.0,35.25,Polar Night,19.71,0.0,35.82,10.03
2025-07-04 06:00:00,2025,7,4,6,185,4,26,-5.6,2.3,0.0,0.0,0.0,37.24,Polar Night,19.71,0.0,37.81,10.59
2025-07-04 07:00:00,2025,7,4,7,185,4,25,-4.1,1.3,0.0,0.0,0.0,37.05,Polar Night,19.71,0.0,37.62,10.53
2025-07-04 08:00:00,2025,7,4,8,185,4,24,-4.6,1.9,0.0,0.0,0.0,34.1,Polar Night,19.71,0.0,34.67,9.71
2025-07-04 09:00:00,2025,7,4,9,185,4,23,-3.1,5.8,0.0,0.0,2.41,32.3,Polar Night,19.71,0.0,30.46,8.53
2025-07-04 10:00:00,2025,7,4,10,185,4,25,-2.3,4.2,0.0,0.0,0.19,34.01,Polar Night,19.71,0.0,34.39,9.63
2025-07-04 11:00:00,2025,7,4,11,185,4,24,-2.2,2.9,0.0,0.0,0.0,31.95,Polar Night,19.71,0.0,32.52,9.11
2025-07-04 12:00:00,2025,7,4,12,185,4,25,-2.3,7.8,0.0,0.0,12.14,39.33,Polar Night,19.71,0.0,27.76,7.77
2025-07-04 13:00:00,2025,7,4,13,185,4,24,-4.0,3.9,0.0,0.0,0.08,37.49,Polar Night,19.71,0.0,37.98,10.63
2025-07-04 14:00:00,2025,7,4,14,185,4,23,-3.8,1.1,0.0,0.0,0.0,39.44,Polar Night,19.71,0.0,40.01,11.2
2025-07-04 15:00:00,2025,7,4,15,185,4,22,-5.5,5.6,0.0,0.0,1.93,36.03,Polar Night,19.71,0.0,34.67,9.71
2025-07-04 16:00:00,2025,7,4,16,185,4,25,-6.5,4.7,0.0,0.0,0.54,36.63,Polar Night,19.71,0.0,36.66,10.26
2025-07-04 17:00:00,2025,7,4,17,185,4,24,-7.4,4.8,0.0,0.0,0.64,37.11,Polar Night,19.71,0.0,37.04,10.37
2025-07-04 18:00:00,2025,7,4,18,185,4,24,-6.2,5.8,0.0,0.0,2.41,36.81,Polar Night,19.71,0.0,34.97,9.79
2025-07-04 19:00:00,2025,7,4,19,185,4,25,-5.6,7.9,0.0,0.0,12.91,36.63,Polar Night,19.71,0.0,24.29,6.8
2025-07-04 20:00:00,2025,7,4,20,185,4,26,-5.0,7.3,0.0,0.0,8.73,40.82,Polar Night,19.71,0.0,32.66,9.14
2025-07-04 21:00:00,2025,7,4,21,185,4,24,-3.7,12.2,0.0,0.0,80.0,38.38,Polar Night,38.11,-40.0,0.0,0.0
2025-07-04 22:00:00,2025,7,4,22,185,4,24,-3.2,6.5,0.0,0.0,4.71,33.2,Polar Night,22.63,28.49,0.0,0.0
2025-07-04 23:00:00,2025,7,4,23,185,4,25,-1.7,6.1,0.0,0.0,3.27,27.46,Polar Night,19.77,5.26,18.93,5.3
2025-07-05 00:00:00,2025,7,5,0,186,5,23,-3.0,3.8,0.0,0.0,0.06,32.89,Polar Night,19.77,0.0,33.29,9.32
2025-07-05 01:00:00,2025,7,5,1,186,5,25,-3.4,8.8,0.0,0.0,21.41,32.11,Polar Night,19.77,0.0,15.0,4.2
2025-07-05 02:00:00,2025,7,5,2,186,5,25,-3.5,3.1,0.0,0.0,0.0,36.47,Polar Night,19.77,0.0,36.93,10.34
2025-07-05 03:00:00,2025,7,5,3,186,5,25,-4.6,6.2,0.0,0.0,3.6,36.02,Polar Night,19.77,0.0,32.88,9.21
2025-07-05 04:00:00,2025,7,5,4,186,5,23,-2.9,5.6,0.0,0.0,1.93,32.44,Polar Night,19.77,0.0,30.97,8.67
2025-07-05 05:00:00,2025,7,5,5,186,5,24,-3.7,7.8,0.0,0.0,12.14,27.65,Polar Night,19.77,0.0,15.97,4.47
2025-07-05 06:00:00,2025,7,5,6,186,5,24,-3.2,11.6,0.0,0.0,69.8,32.18,Polar Night,37.08,-37.62,0.0,0.0
2025-07-05 07:00:00,2025,7,5,7,186,5,25,-2.4,12.5,0.0,0.0,80.0,33.83,Polar Night,55.48,-40.0,0.0,0.0
2025-07-05 08:00:00,2025,7,5,8,186,5,25,-2.1,3.3,0.0,0.0,0.0,36.26,Polar Night,35.77,36.26,0.0,0.0
2025-07-05 09:00:00,2025,7,5,9,186,5,26,-1.2,4.3,0.0,0.0,0.24,32.06,Polar Night,18.63,31.54,15.0,4.2
2025-07-05 10:00:00,2025,7,5,10,186,5,24,-2.7,9.6,0.0,0.0,31.55,36.0,Polar Night,18.63,0.0,15.0,4.2
2025-07-05 11:00:00,2025,7,5,11,186,5,24,-3.4,6.5,0.0,0.0,4.71,30.32,Polar Night,18.63,0.0,28.35,7.94
2025-07-05 12:00:00,2025,7,5,12,186,5,26,-3.7,5.9,0.0,0.0,2.68,33.32,Polar Night,18.63,0.0,33.38,9.35
2025-07-05 13:00:00,2025,7,5,13,186,5,25,-4.0,8.3,0.0,0.0,16.34,34.47,Polar Night,18.63,0.0,20.87,5.84
2025-07-05 14:00:00,2025,7,5,14,186,5,26,-4.2,7.2,0.0,0.0,8.13,35.8,Polar Night,18.63,0.0,30.41,8.52
2025-07-05 15:00:00,2025,7,5,15,186,5,25,-3.5,13.7,0.0,0.0,80.0,37.26,Polar Night,37.03,-40.0,0.0,0.0
2025-07-05 16:00:00,2025,7,5,16,186,5,23,-3.6,7.0,0.0,0.0,7.02,31.54,Polar Night,23.7,24.52,0.0,0.0
2025-07-05 17:00:00,2025,7,5,17,186,5,23,-3.6,6.0,0.0,0.0,2.96,34.07,Polar Night,19.68,7.41,23.7,6.64
2025-07-05 18:00:00,2025,7,5,18,186,5,23,-2.7,6.7,0.0,0.0,5.56,33.46,Polar Night,19.68,0.0,28.54,7.99
2025-07-05 19:00:00,2025,7,5,19,186,5,25,-2.3,9.5,0.0,0.0,30.14,37.11,Polar Night,19.68,0.0,15.0,4.2
2025-07-05 20:00:00,2025,7,5,20,186,5,26,-2.2,7.3,0.0,0.0,8.73,35.18,Polar Night,19.68,0.0,27.09,7.59
2025-07-05 21:00:00,2025,7,5,21,186,5,26,-3.2,7.6,0.0,0.0,10.68,33.99,Polar Night,19.68,0.0,23.95,6.71
2025-07-05 22:00:00,2025,7,5,22,186,5,25,-2.7,13.7,0.0,0.0,80.0,29.66,Polar Night,38.08,-40.0,0.0,0.0
2025-07-05 23:00:00,2025,7,5,23,186,5,26,-0.0,7.4,0.0,0.0,9.35,29.16,Polar Night,27.31,19.81,0.0,0.0
2025-07-06 00:00:00,2025,7,6,0,187,6,24,-0.7,5.3,0.0,0.0,1.34,26.52,Polar Night,19.36,14.62,15.0,4.2
2025-07-06 01:00:00,2025,7,6,1,187,6,23,-2.4,8.1,0.0,0.0,14.56,35.77,Polar Night,19.36,0.0,22.48,6.29
2025-07-06 02:00:00,2025,7,6,2,187,6,25,-3.4,7.8,0.0,0.0,12.14,32.87,Polar Night,19.36,0.0,22.0,6.16
2025-07-06 03:00:00,2025,7,6,3,187,6,25,-3.0,1.0,0.0,0.0,0.0,30.3,Polar Night,19.36,0.0,31.57,8.84
2025-07-06 04:00:00,2025,7,6,4,187,6,25,-4.5,6.0,0.0,0.0,2.96,31.07,Polar Night,19.36,0.0,29.38,8.23
2025-07-06 05:00:00,2025,7,6,5,187,6,25,-6.4,8.7,0.0,0.0,20.32,32.12,Polar Night,19.36,0.0,15.0,4.2
2025-07-06 06:00:00,2025,7,6,6,187,6,25,-6.1,6.3,0.0,0.0,3.94,35.84,Polar Night,19.36,0.0,33.17,9.29
2025-07-06 07:00:00,2025,7,6,7,187,6,26,-4.3,9.1,0.0,0.0,24.91,33.1,Polar Night,19.36,0.0,15.0,4.2
2025-07-06 08:00:00,2025,7,6,8,187,6,26,-3.1,5.9,0.0,0.0,2.68,35.89,Polar Night,19.36,0.0,34.48,9.65
2025-07-06 09:00:00,2025,7,6,9,187,6,25,-2.8,14.7,0.0,0.0,80.0,37.2,High Wind Surge,37.76,-40.0,0.0,0.0
2025-07-06 10:00:00,2025,7,6,10,187,6,25,-2.9,4.5,0.0,0.0,0.37,34.38,Polar Night,19.28,34.01,0.0,0.0
2025-07-06 11:00:00,2025,7,6,11,187,6,25,-2.3,2.5,0.0,0.0,0.0,32.86,Polar Night,19.28,0.0,34.3,9.6
2025-07-06 12:00:00,2025,7,6,12,187,6,24,-2.0,5.7,0.0,0.0,2.16,36.91,Polar Night,19.28,0.0,36.19,10.13
2025-07-06 13:00:00,2025,7,6,13,187,6,25,-2.6,6.7,0.0,0.0,5.56,32.79,Polar Night,19.28,0.0,28.67,8.03
2025-07-06 14:00:00,2025,7,6,14,187,6,23,-4.3,5.0,0.0,0.0,0.88,35.5,Polar Night,19.28,0.0,36.06,10.1
2025-07-06 15:00:00,2025,7,6,15,187,6,26,-5.2,4.1,0.0,0.0,0.15,38.2,Polar Night,19.28,0.0,39.49,11.06
2025-07-06 16:00:00,2025,7,6,16,187,6,23,-4.6,7.9,0.0,0.0,12.91,34.91,Polar Night,19.28,0.0,23.44,6.56
2025-07-06 17:00:00,2025,7,6,17,187,6,25,-6.4,5.3,0.0,0.0,1.34,35.47,Polar Night,19.28,0.0,35.57,9.96
2025-07-06 18:00:00,2025,7,6,18,187,6,24,-6.9,7.5,0.0,0.0,10.0,37.1,Polar Night,19.28,0.0,28.54,7.99
2025-07-06 19:00:00,2025,7,6,19,187,6,25,-7.6,9.1,0.0,0.0,24.91,40.22,Polar Night,19.28,0.0,16.75,4.69
2025-07-06 20:00:00,2025,7,6,20,187,6,24,-5.2,8.9,0.0,0.0,22.54,35.4,Polar Night,19.28,0.0,15.0,4.2
2025-07-06 21:00:00,2025,7,6,21,187,6,23,-5.0,5.2,0.0,0.0,1.17,37.86,Polar Night,19.28,0.0,38.13,10.68
2025-07-06 22:00:00,2025,7,6,22,187,6,25,-3.8,6.9,0.0,0.0,6.51,32.55,Polar Night,19.28,0.0,27.48,7.69
2025-07-06 23:00:00,2025,7,6,23,187,6,24,-3.7,5.9,0.0,0.0,2.68,31.38,Polar Night,19.28,0.0,30.14,8.44
2025-07-07 00:00:00,2025,7,7,0,188,0,25,-4.1,10.5,0.0,0.0,46.3,31.59,Polar Night,26.05,-14.71,0.0,0.0
2025-07-07 01:00:00,2025,7,7,1,188,0,25,-3.7,10.7,0.0,0.0,50.1,33.69,Polar Night,33.6,-16.41,0.0,0.0
2025-07-07 02:00:00,2025,7,7,2,188,0,25,-5.9,5.0,0.0,0.0,0.88,37.58,Polar Night,18.82,27.19,15.0,4.2
2025-07-07 03:00:00,2025,7,7,3,188,0,24,-6.0,2.5,0.0,0.0,0.0,34.92,Polar Night,18.82,0.0,37.28,10.44
2025-07-07 04:00:00,2025,7,7,4,188,0,24,-6.9,3.3,0.0,0.0,0.0,32.88,Polar Night,18.82,0.0,35.24,9.87
2025-07-07 05:00:00,2025,7,7,5,188,0,24,-6.1,5.2,0.0,0.0,1.17,37.43,Polar Night,18.82,0.0,38.62,10.81
2025-07-07 06:00:00,2025,7,7,6,188,0,25,-4.6,6.9,0.0,0.0,6.51,31.57,Polar Night,18.82,0.0,27.42,7.68
2025-07-07 07:00:00,2025,7,7,7,188,0,26,-4.3,7.7,0.0,0.0,11.39,41.56,Polar Night,18.82,0.0,32.53,9.11
2025-07-07 08:00:00,2025,7,7,8,188,0,24,-3.4,4.9,0.0,0.0,0.75,35.47,Polar Night,18.82,0.0,37.08,10.38
2025-07-07 09:00:00,2025,7,7,9,188,0,26,-2.6,7.9,0.0,0.0,12.91,33.77,Polar Night,18.82,0.0,23.22,6.5
2025-07-07 10:00:00,2025,7,7,10,188,0,22,-2.0,12.2,0.0,0.0,80.0,35.52,Polar Night,37.22,-40.0,0.0,0.0
2025-07-07 11:00:00,2025,7,7,11,188,0,23,-1.7,7.7,0.0,0.0,11.39,33.47,Polar Night,25.22,22.08,0.0,0.0
2025-07-07 12:00:00,2025,7,7,12,188,0,24,-2.8,3.2,0.0,0.0,0.0,36.53,Polar Night,19.55,10.44,26.09,7.31
2025-07-07 13:00:00,2025,7,7,13,188,0,23,-2.8,7.0,0.0,0.0,7.02,35.3,Polar Night,19.55,0.0,29.19,8.17
2025-07-07 14:00:00,2025,7,7,14,188,0,23,-2.4,6.7,0.0,0.0,5.56,31.33,Polar Night,19.55,0.0,26.68,7.47
2025-07-07 15:00:00,2025,7,7,15,188,0,25,-2.0,10.5,0.0,0.0,46.3,34.99,Polar Night,24.75,-11.31,0.0,0.0
2025-07-07 16:00:00,2025,7,7,16,188,0,24,-2.5,5.0,0.0,0.0,0.88,36.45,Polar Night,19.59,9.5,26.07,7.3
2025-07-07 17:00:00,2025,7,7,17,188,0,25,-2.0,5.6,0.0,0.0,1.93,35.45,Polar Night,19.59,0.0,34.35,9.62
2025-07-07 18:00:00,2025,7,7,18,188,0,25,-2.0,7.2,0.0,0.0,8.13,38.31,Polar Night,19.59,0.0,31.01,8.68
2025-07-07 19:00:00,2025,7,7,19,188,0,25,-2.2,6.5,0.0,0.0,4.71,36.1,Polar Night,19.59,0.0,32.22,9.02
2025-07-07 20:00:00,2025,7,7,20,188,0,25,-3.3,8.4,0.0,0.0,17.28,35.54,Polar Night,19.59,0.0,19.09,5.34
2025-07-07 21:00:00,2025,7,7,21,188,0,24,-4.3,1.6,0.0,0.0,0.0,37.07,Polar Night,19.59,0.0,37.9,10.61
2025-07-07 22:00:00,2025,7,7,22,188,0,23,-3.5,6.9,0.0,0.0,6.51,31.3,Polar Night,19.59,0.0,25.62,7.17
2025-07-07 23:00:00,2025,7,7,23,188,0,26,-4.1,2.8,0.0,0.0,0.0,34.52,Polar Night,19.59,0.0,35.35,9.9
2025-07-08 00:00:00,2025,7,8,0,189,1,24,-4.0,4.7,0.0,0.0,0.54,34.02,Polar Night,19.59,0.0,34.31,9.61
2025-07-08 01:00:00,2025,7,8,1,189,1,24,-5.0,7.8,0.0,0.0,12.14,30.77,Polar Night,19.59,0.0,19.46,5.45
2025-07-08 02:00:00,2025,7,8,2,189,1,24,-5.0,3.2,0.0,0.0,0.0,35.8,Polar Night,19.59,0.0,36.63,10.26
2025-07-08 03:00:00,2025,7,8,3,189,1,24,-5.1,4.7,0.0,0.0,0.54,39.53,Polar Night,19.59,0.0,39.82,11.15
2025-07-08 04:00:00,2025,7,8,4,189,1,24,-6.3,8.2,0.0,0.0,15.43,36.21,Polar Night,19.59,0.0,21.61,6.05
2025-07-08 05:00:00,2025,7,8,5,189,1,25,-6.3,7.7,0.0,0.0,11.39,29.98,Polar Night,19.59,0.0,19.42,5.44
2025-07-08 06:00:00,2025,7,8,6,189,1,25,-6.6,2.5,0.0,0.0,0.0,34.22,Polar Night,19.59,0.0,35.05,9.81
2025-07-08 07:00:00,2025,7,8,7,189,1,24,-5.6,7.0,0.0,0.0,7.02,34.32,Polar Night,19.59,0.0,28.13,7.88
2025-07-08 08:00:00,2025,7,8,8,189,1,24,-5.2,3.1,0.0,0.0,0.0,36.49,Polar Night,19.59,0.0,37.32,10.45
2025-07-08 09:00:00,2025,7,8,9,189,1,26,-5.4,4.2,0.0,0.0,0.19,39.78,Polar Night,19.59,0.0,40.42,11.32
2025-07-08 10:00:00,2025,7,8,10,189,1,25,-5.0,5.9,0.0,0.0,2.68,35.62,Polar Night,19.59,0.0,33.77,9.45
2025-07-08 11:00:00,2025,7,8,11,189,1,27,-4.8,2.7,0.0,0.0,0.0,42.67,Polar Night,19.59,0.0,43.5,12.18
2025-07-08 12:00:00,2025,7,8,12,189,1,26,-3.7,16.2,0.0,0.0,80.0,29.59,High Wind Surge,37.99,-40.0,0.0,0.0
2025-07-08 13:00:00,2025,7,8,13,189,1,26,-3.4,3.3,0.0,0.0,0.0,35.94,Polar Night,18.45,35.94,0.0,0.0
2025-07-08 14:00:00,2025,7,8,14,189,1,23,-3.8,9.2,0.0,0.0,26.15,36.77,Polar Night,18.45,0.0,15.0,4.2
2025-07-08 15:00:00,2025,7,8,15,189,1,25,-3.0,9.8,0.0,0.0,34.51,32.87,Polar Night,19.21,-1.64,0.0,0.0
2025-07-08 16:00:00,2025,7,8,16,189,1,24,-1.7,16.4,0.0,0.0,80.0,31.88,High Wind Surge,37.61,-40.0,0.0,0.0
2025-07-08 17:00:00,2025,7,8,17,189,1,24,-1.3,5.7,0.0,0.0,2.16,36.19,Polar Night,19.11,34.03,0.0,0.0
2025-07-08 18:00:00,2025,7,8,18,189,1,25,-1.8,10.6,0.0,0.0,48.17,39.84,Polar Night,22.95,-8.33,0.0,0.0
2025-07-08 19:00:00,2025,7,8,19,189,1,25,-1.6,13.0,0.0,0.0,80.0,39.98,Polar Night,41.35,-40.0,0.0,0.0
2025-07-08 20:00:00,2025,7,8,20,189,1,25,-0.5,3.4,0.0,0.0,0.01,33.18,Polar Night,23.32,33.17,0.0,0.0
2025-07-08 21:00:00,2025,7,8,21,189,1,24,-0.3,6.1,0.0,0.0,3.27,36.92,Polar Night,19.71,6.64,27.01,7.56
2025-07-08 22:00:00,2025,7,8,22,189,1,25,-1.2,2.0,0.0,0.0,0.0,31.06,Polar Night,19.71,0.0,31.64,8.86
2025-07-08 23:00:00,2025,7,8,23,189,1,24,-1.2,7.4,0.0,0.0,9.35,33.31,Polar Night,19.71,0.0,24.54,6.87
2025-07-09 00:00:00,2025,7,9,0,190,2,25,-2.3,7.0,0.0,0.0,7.02,31.53,Polar Night,19.71,0.0,25.09,7.02
2025-07-09 01:00:00,2025,7,9,1,190,2,24,-3.8,3.7,0.0,0.0,0.04,30.13,Polar Night,19.71,0.0,30.67,8.59
2025-07-09 02:00:00,2025,7,9,2,190,2,24,-4.6,9.4,0.0,0.0,28.77,37.57,Polar Night,19.71,0.0,15.0,4.2
2025-07-09 03:00:00,2025,7,9,3,190,2,25,-5.2,1.6,0.0,0.0,0.0,38.89,Polar Night,19.71,0.0,39.47,11.05
2025-07-09 04:00:00,2025,7,9,4,190,2,23,-5.9,9.5,0.0,0.0,30.14,33.28,Polar Night,19.71,0.0,15.0,4.2
2025-07-09 05:00:00,2025,7,9,5,190,2,26,-6.0,1.3,0.0,0.0,0.0,37.39,Polar Night,19.71,0.0,37.97,10.63
2025-07-09 06:00:00,2025,7,9,6,190,2,23,-6.3,7.7,0.0,0.0,11.39,34.27,Polar Night,19.71,0.0,23.46,6.57
2025-07-09 07:00:00,2025,7,9,7,190,2,24,-5.6,2.3,0.0,0.0,0.0,42.97,Polar Night,19.71,0.0,43.55,12.19
2025-07-09 08:00:00,2025,7,9,8,190,2,25,-5.9,4.2,0.0,0.0,0.19,34.36,Polar Night,19.71,0.0,34.75,9.73
2025-07-09 09:00:00,2025,7,9,9,190,2,25,-6.7,8.4,0.0,0.0,17.28,38.25,Polar Night,19.71,0.0,21.55,6.03
2025-07-09 10:00:00,2025,7,9,10,190,2,24,-5.3,4.4,0.0,0.0,0.3,33.68,Polar Night,19.71,0.0,33.96,9.51
2025-07-09 11:00:00,2025,7,9,11,190,2,24,-6.4,6.4,0.0,0.0,4.31,34.15,Polar Night,19.71,0.0,30.42,8.52
2025-07-09 12:00:00,2025,7,9,12,190,2,25,-5.5,11.5,0.0,0.0,67.39,37.5,Polar Night,33.46,-29.89,0.0,0.0
2025-07-09 13:00:00,2025,7,9,13,190,2,24,-4.6,1.8,0.0,0.0,0.0,35.64,Polar Night,18.83,26.92,15.0,4.2
2025-07-09 14:00:00,2025,7,9,14,190,2,26,-3.8,9.6,0.0,0.0,31.55,34.34,Polar Night,18.83,0.0,15.0,4.2
2025-07-09 15:00:00,2025,7,9,15,190,2,25,-3.4,2.1,0.0,0.0,0.0,38.31,Polar Night,18.83,0.0,40.65,11.38
2025-07-09 16:00:00,2025,7,9,16,190,2,25,-3.9,2.9,0.0,0.0,0.0,39.84,Polar Night,18.83,0.0,42.18,11.81
2025-07-09 17:00:00,2025,7,9,17,190,2,24,-3.0,2.8,0.0,0.0,0.0,36.85,Polar Night,18.83,0.0,39.19,10.97
2025-07-09 18:00:00,2025,7,9,18,190,2,24,-1.4,16.3,0.0,0.0,80.0,29.68,High Wind Surge,37.23,-40.0,0.0,0.0
2025-07-09 19:00:00,2025,7,9,19,190,2,24,-1.8,3.5,0.0,0.0,0.01,35.52,Polar Night,18.5,34.46,15.0,4.2
2025-07-09 20:00:00,2025,7,9,20,190,2,23,-2.4,11.1,0.0,0.0,58.32,35.6,Polar Night,28.95,-22.72,0.0,0.0
2025-07-09 21:00:00,2025,7,9,21,190,2,25,-2.4,15.7,0.0,0.0,80.0,33.36,High Wind Surge,47.35,-40.0,0.0,0.0
2025-07-09 22:00:00,2025,7,9,22,190,2,24,-3.5,5.3,0.0,0.0,1.34,33.61,Polar Night,29.81,32.27,0.0,0.0
2025-07-09 23:00:00,2025,7,9,23,190,2,25,-4.3,7.5,0.0,0.0,10.0,32.29,Polar Night,19.15,19.63,15.0,4.2
2025-07-10 00:00:00,2025,7,10,0,191,3,23,-5.0,9.1,0.0,0.0,24.91,31.61,Polar Night,19.15,0.0,15.0,4.2
2025-07-10 01:00:00,2025,7,10,1,191,3,26,-5.3,5.4,0.0,0.0,1.52,31.56,Polar Night,19.15,0.0,31.75,8.89
2025-07-10 02:00:00,2025,7,10,2,191,3,24,-5.0,3.3,0.0,0.0,0.0,35.96,Polar Night,19.15,0.0,37.67,10.55
2025-07-10 03:00:00,2025,7,10,3,191,3,25,-3.7,5.7,0.0,0.0,2.16,36.34,Polar Night,19.15,0.0,35.89,10.05
2025-07-10 04:00:00,2025,7,10,4,191,3,25,-4.6,9.0,0.0,0.0,23.7,33.43,Polar Night,19.15,0.0,15.0,4.2
2025-07-10 05:00:00,2025,7,10,5,191,3,24,-3.3,9.1,0.0,0.0,24.91,35.06,Polar Night,19.15,0.0,15.0,4.2
2025-07-10 06:00:00,2025,7,10,6,191,3,25,-4.0,4.0,0.0,0.0,0.11,37.15,Polar Night,19.15,0.0,38.75,10.85
2025-07-10 07:00:00,2025,7,10,7,191,3,23,-3.6,3.4,0.0,0.0,0.01,36.0,Polar Night,19.15,0.0,37.7,10.56
2025-07-10 08:00:00,2025,7,10,8,191,3,26,-4.3,11.7,0.0,0.0,72.26,37.04,Polar Night,35.35,-35.22,0.0,0.0
2025-07-10 09:00:00,2025,7,10,9,191,3,25,-5.4,1.7,0.0,0.0,0.0,38.89,Polar Night,18.67,30.7,15.0,4.2
2025-07-10 10:00:00,2025,7,10,10,191,3,24,-3.6,8.6,0.0,0.0,19.27,33.93,Polar Night,18.67,0.0,17.33,4.85
2025-07-10 11:00:00,2025,7,10,11,191,3,24,-2.8,1.8,0.0,0.0,0.0,36.79,Polar Night,18.67,0.0,39.46,11.05
2025-07-10 12:00:00,2025,7,10,12,191,3,25,-2.1,10.0,0.0,0.0,37.64,35.62,Polar Night,19.59,-2.02,0.0,0.0
2025-07-10 13:00:00,2025,7,10,13,191,3,24,-1.5,11.3,0.0,0.0,62.75,31.18,Polar Night,34.12,-31.57,0.0,0.0
2025-07-10 14:00:00,2025,7,10,14,191,3,24,-1.0,4.6,0.0,0.0,0.45,30.83,Polar Night,18.77,28.23,15.0,4.2
2025-07-10 15:00:00,2025,7,10,15,191,3,24,-0.9,2.2,0.0,0.0,0.0,31.53,Polar Night,18.77,0.0,33.99,9.52
2025-07-10 16:00:00,2025,7,10,16,191,3,23,-1.6,6.1,0.0,0.0,3.27,35.45,Polar Night,18.77,0.0,34.64,9.7
2025-07-10 17:00:00,2025,7,10,17,191,3,26,-3.3,4.6,0.0,0.0,0.45,35.64,Polar Night,18.77,0.0,37.65,10.54
2025-07-10 18:00:00,2025,7,10,18,191,3,24,-5.2,5.6,0.0,0.0,1.93,37.16,Polar Night,18.77,0.0,37.69,10.55
2025-07-10 19:00:00,2025,7,10,19,191,3,25,-6.5,7.8,0.0,0.0,12.14,41.96,Polar Night,18.77,0.0,32.28,9.04
2025-07-10 20:00:00,2025,7,10,20,191,3,25,-6.9,3.8,0.0,0.0,0.06,39.95,Polar Night,18.77,0.0,42.35,11.86
2025-07-10 21:00:00,2025,7,10,21,191,3,24,-6.8,5.1,0.0,0.0,1.02,36.81,Polar Night,18.77,0.0,38.25,10.71
2025-07-10 22:00:00,2025,7,10,22,191,3,24,-6.4,9.2,0.0,0.0,26.15,32.45,Polar Night,18.77,0.0,15.0,4.2
2025-07-10 23:00:00,2025,7,10,23,191,3,25,-6.1,7.6,0.0,0.0,10.68,35.67,Polar Night,18.77,0.0,27.45,7.68
2025-07-11 00:00:00,2025,7,11,0,192,4,24,-5.1,4.8,0.0,0.0,0.64,31.52,Polar Night,18.77,0.0,33.34,9.33
2025-07-11 01:00:00,2025,7,11,1,192,4,26,-5.1,7.8,0.0,0.0,12.14,37.5,Polar Night,18.77,0.0,27.82,7.79
2025-07-11 02:00:00,2025,7,11,2,192,4,26,-6.0,9.0,0.0,0.0,23.7,35.66,Polar Night,18.77,0.0,15.0,4.2
2025-07-11 03:00:00,2025,7,11,3,192,4,25,-6.3,7.1,0.0,0.0,7.56,35.38,Polar Night,18.77,0.0,30.28,8.48
2025-07-11 04:00:00,2025,7,11,4,192,4,24,-6.9,4.0,0.0,0.0,0.11,32.91,Polar Night,18.77,0.0,35.26,9.87
2025-07-11 05:00:00,2025,7,11,5,192,4,23,-6.8,0.2,0.0,0.0,0.0,36.56,Polar Night,18.77,0.0,39.02,10.92
2025-07-11 06:00:00,2025,7,11,6,192,4,24,-6.2,9.4,0.0,0.0,28.77,37.59,Polar Night,18.77,0.0,15.0,4.2
2025-07-11 07:00:00,2025,7,11,7,192,4,25,-5.2,9.7,0.0,0.0,33.01,37.23,Polar Night,18.77,0.0,15.0,4.2
2025-07-11 08:00:00,2025,7,11,8,192,4,25,-3.4,8.2,0.0,0.0,15.43,38.54,Polar Night,18.77,0.0,25.57,7.16
2025-07-11 09:00:00,2025,7,11,9,192,4,22,-3.0,2.2,0.0,0.0,0.0,33.86,Polar Night,18.77,0.0,36.32,10.17
2025-07-11 10:00:00,2025,7,11,10,192,4,24,-2.6,7.1,0.0,0.0,7.56,35.11,Polar Night,18.77,0.0,30.01,8.4
2025-07-11 11:00:00,2025,7,11,11,192,4,25,-3.1,9.7,0.0,0.0,33.01,41.21,Polar Night,18.77,0.0,15.0,4.2
2025-07-11 12:00:00,2025,7,11,12,192,4,24,-4.4,5.4,0.0,0.0,1.52,35.69,Polar Night,18.77,0.0,36.63,10.26
2025-07-11 13:00:00,2025,7,11,13,192,4,26,-4.2,3.7,0.0,0.0,0.04,38.51,Polar Night,18.77,0.0,40.93,11.46
2025-07-11 14:00:00,2025,7,11,14,192,4,25,-4.7,7.1,0.0,0.0,7.56,36.22,Polar Night,18.77,0.0,31.12,8.71
2025-07-11 15:00:00,2025,7,11,15,192,4,26,-5.3,9.8,0.0,0.0,34.51,38.69,Polar Night,18.77,0.0,15.0,4.2
2025-07-11 16:00:00,2025,7,11,16,192,4,24,-5.4,1.8,0.0,0.0,0.0,39.11,Polar Night,18.77,0.0,41.57,11.64
2025-07-11 17:00:00,2025,7,11,17,192,4,25,-5.6,7.2,0.0,0.0,8.13,35.61,Polar Night,18.77,0.0,29.94,8.38
2025-07-11 18:00:00,2025,7,11,18,192,4,26,-4.7,7.6,0.0,0.0,10.68,35.78,Polar Night,18.77,0.0,27.56,7.72
2025-07-11 19:00:00,2025,7,11,19,192,4,26,-4.8,7.2,0.0,0.0,8.13,39.03,Polar Night,18.77,0.0,33.36,9.34
2025-07-11 20:00:00,2025,7,11,20,192,4,23,-5.1,7.7,0.0,0.0,11.39,37.2,Polar Night,18.77,0.0,28.27,7.91
2025-07-11 21:00:00,2025,7,11,21,192,4,24,-5.8,7.5,0.0,0.0,10.0,40.6,Polar Night,18.77,0.0,33.06,9.26
2025-07-11 22:00:00,2025,7,11,22,192,4,24,-5.6,2.9,0.0,0.0,0.0,34.99,Polar Night,18.77,0.0,37.45,10.48
2025-07-11 23:00:00,2025,7,11,23,192,4,25,-5.4,4.0,0.0,0.0,0.11,39.03,Polar Night,18.77,0.0,41.38,11.59
2025-07-12 00:00:00,2025,7,12,0,193,5,25,-5.7,7.4,0.0,0.0,9.35,36.35,Polar Night,18.77,0.0,29.46,8.25
2025-07-12 01:00:00,2025,7,12,1,193,5,24,-6.8,1.1,0.0,0.0,0.0,39.92,Polar Night,18.77,0.0,42.38,11.87
2025-07-12 02:00:00,2025,7,12,2,193,5,25,-6.6,7.5,0.0,0.0,10.0,39.51,Polar Night,18.77,0.0,31.97,8.95
2025-07-12 03:00:00,2025,7,12,3,193,5,22,-5.2,7.8,0.0,0.0,12.14,31.99,Polar Night,18.77,0.0,22.31,6.25
2025-07-12 04:00:00,2025,7,12,4,193,5,26,-5.2,4.0,0.0,0.0,0.11,38.15,Polar Night,18.77,0.0,40.5,11.34
2025-07-12 05:00:00,2025,7,12,5,193,5,24,-4.8,7.2,0.0,0.0,8.13,36.07,Polar Night,18.77,0.0,30.4,8.51
2025-07-12 06:00:00,2025,7,12,6,193,5,25,-4.8,6.6,0.0,0.0,5.12,36.11,Polar Night,18.77,0.0,33.45,9.36
2025-07-12 07:00:00,2025,7,12,7,193,5,24,-4.6,4.2,0.0,0.0,0.19,39.73,Polar Night,18.77,0.0,42.0,11.76
2025-07-12 08:00:00,2025,7,12,8,193,5,26,-3.8,6.0,0.0,0.0,2.96,36.09,Polar Night,18.77,0.0,35.59,9.96
2025-07-12 09:00:00,2025,7,12,9,193,5,22,-3.3,11.4,0.0,0.0,65.04,35.92,Polar Night,32.17,-29.12,0.0,0.0
2025-07-12 10:00:00,2025,7,12,10,193,5,24,-2.6,5.7,0.0,0.0,2.16,34.22,Polar Night,18.94,24.34,15.0,4.2
2025-07-12 11:00:00,2025,7,12,11,193,5,24,-2.0,7.5,0.0,0.0,10.0,40.59,Polar Night,18.94,0.0,32.71,9.16
2025-07-12 12:00:00,2025,7,12,12,193,5,24,-1.3,1.5,0.0,0.0,0.0,32.41,Polar Night,18.94,0.0,34.53,9.67
2025-07-12 13:00:00,2025,7,12,13,193,5,26,-0.3,2.3,0.0,0.0,0.0,31.04,Polar Night,18.94,0.0,33.16,9.28
2025-07-12 14:00:00,2025,7,12,14,193,5,24,-2.0,2.3,0.0,0.0,0.0,32.78,Polar Night,18.94,0.0,34.9,9.77
2025-07-12 15:00:00,2025,7,12,15,193,5,25,-2.1,9.1,0.0,0.0,24.91,35.1,Polar Night,18.94,0.0,15.0,4.2
2025-07-12 16:00:00,2025,7,12,16,193,5,25,-2.7,5.0,0.0,0.0,0.88,35.54,Polar Night,18.94,0.0,36.78,10.3
2025-07-12 17:00:00,2025,7,12,17,193,5,26,-2.5,3.9,0.0,0.0,0.08,38.11,Polar Night,18.94,0.0,40.15,11.24
2025-07-12 18:00:00,2025,7,12,18,193,5,24,-2.4,8.7,0.0,0.0,20.32,35.2,Polar Night,18.94,0.0,17.0,4.76
2025-07-12 19:00:00,2025,7,12,19,193,5,24,-3.4,3.4,0.0,0.0,0.01,34.63,Polar Night,18.94,0.0,36.74,10.29
2025-07-12 20:00:00,2025,7,12,20,193,5,26,-2.4,4.1,0.0,0.0,0.15,37.02,Polar Night,18.94,0.0,38.99,10.92
2025-07-12 21:00:00,2025,7,12,21,193,5,25,-2.6,5.7,0.0,0.0,2.16,38.53,Polar Night,18.94,0.0,38.49,10.78
2025-07-12 22:00:00,2025,7,12,22,193,5,23,-2.4,4.9,0.0,0.0,0.75,32.22,Polar Night,18.94,0.0,33.59,9.4
2025-07-12 23:00:00,2025,7,12,23,193,5,24,-4.1,8.9,0.0,0.0,22.54,35.37,Polar Night,18.94,0.0,15.0,4.2
2025-07-13 00:00:00,2025,7,13,0,194,6,25,-4.6,8.5,0.0,0.0,18.26,33.99,Polar Night,18.94,0.0,17.85,5.0
2025-07-13 01:00:00,2025,7,13,1,194,6,25,-4.5,10.8,0.0,0.0,52.08,33.06,Polar Night,27.69,-19.02,0.0,0.0
2025-07-13 02:00:00,2025,7,13,2,194,6,24,-4.6,17.5,0.0,0.0,80.0,35.32,High Wind Surge,46.09,-40.0,0.0,0.0
2025-07-13 03:00:00,2025,7,13,3,194,6,22,-5.2,19.6,0.0,0.0,80.0,34.16,High Wind Surge,64.49,-40.0,0.0,0.0
2025-07-13 04:00:00,2025,7,13,4,194,6,25,-5.8,20.1,0.0,0.0,80.0,37.19,High Wind Surge,82.89,-40.0,0.0,0.0
2025-07-13 05:00:00,2025,7,13,5,194,6,23,-4.5,22.2,0.0,0.0,80.0,37.14,Blizzard / Extreme Storm,94.03,-24.22,0.0,0.0
2025-07-13 06:00:00,2025,7,13,6,194,6,22,-5.2,20.0,0.0,0.0,80.0,33.31,High Wind Surge,94.92,-1.94,0.0,0.0
2025-07-13 07:00:00,2025,7,13,7,194,6,22,-5.5,21.9,0.0,0.0,80.0,38.37,High Wind Surge,94.99,-0.15,0.0,0.0
2025-07-13 08:00:00,2025,7,13,8,194,6,25,-5.6,22.1,0.0,0.0,80.0,40.54,Blizzard / Extreme Storm,95.0,-0.01,0.0,0.0
2025-07-13 09:00:00,2025,7,13,9,194,6,25,-5.4,25.4,0.0,0.0,0.0,38.74,Blizzard / Extreme Storm,73.95,38.74,0.0,0.0
2025-07-13 10:00:00,2025,7,13,10,194,6,24,-5.4,23.6,0.0,0.0,80.0,38.65,Blizzard / Extreme Storm,92.35,-40.0,0.0,0.0
2025-07-13 11:00:00,2025,7,13,11,194,6,26,-5.9,20.1,0.0,0.0,80.0,38.8,High Wind Surge,94.79,-5.31,0.0,0.0
2025-07-13 12:00:00,2025,7,13,12,194,6,25,-6.0,27.3,0.0,0.0,0.0,38.81,Blizzard / Extreme Storm,73.7,38.81,0.0,0.0
2025-07-13 13:00:00,2025,7,13,13,194,6,26,-5.9,26.9,0.0,0.0,0.0,39.74,Blizzard / Extreme Storm,52.1,39.74,0.0,0.0
2025-07-13 14:00:00,2025,7,13,14,194,6,23,-4.6,27.7,0.0,0.0,0.0,34.9,Blizzard / Extreme Storm,33.13,34.9,0.0,0.0
2025-07-13 15:00:00,2025,7,13,15,194,6,24,-3.8,21.4,0.0,0.0,80.0,31.92,High Wind Surge,51.53,-40.0,0.0,0.0
2025-07-13 16:00:00,2025,7,13,16,194,6,23,-3.7,21.8,0.0,0.0,80.0,35.53,High Wind Surge,69.93,-40.0,0.0,0.0
2025-07-13 17:00:00,2025,7,13,17,194,6,24,-3.6,21.4,0.0,0.0,80.0,35.6,High Wind Surge,88.33,-40.0,0.0,0.0
2025-07-13 18:00:00,2025,7,13,18,194,6,24,-2.5,22.5,0.0,0.0,80.0,39.25,Blizzard / Extreme Storm,94.47,-13.34,0.0,0.0
2025-07-13 19:00:00,2025,7,13,19,194,6,25,-1.4,18.3,0.0,0.0,80.0,35.46,High Wind Surge,94.96,-1.07,0.0,0.0
2025-07-13 20:00:00,2025,7,13,20,194,6,25,-2.9,19.6,0.0,0.0,80.0,37.25,High Wind Surge,95.0,-0.09,0.0,0.0
2025-07-13 21:00:00,2025,7,13,21,194,6,25,-2.7,16.5,0.0,0.0,80.0,34.66,High Wind Surge,95.0,-0.01,0.0,0.0
2025-07-13 22:00:00,2025,7,13,22,194,6,25,-3.7,16.0,0.0,0.0,80.0,31.62,High Wind Surge,95.0,-0.0,0.0,0.0
2025-07-13 23:00:00,2025,7,13,23,194,6,27,-4.7,18.5,0.0,0.0,80.0,32.2,High Wind Surge,95.0,-0.0,0.0,0.0
2025-07-14 00:00:00,2025,7,14,0,195,0,24,-5.1,19.0,0.0,0.0,80.0,30.79,High Wind Surge,95.0,-0.0,0.0,0.0
2025-07-14 01:00:00,2025,7,14,1,195,0,24,-5.6,8.3,0.0,0.0,16.34,36.14,Polar Night,84.24,19.8,0.0,0.0
2025-07-14 02:00:00,2025,7,14,2,195,0,25,-6.1,12.3,0.0,0.0,80.0,35.67,Polar Night,94.14,-21.52,0.0,0.0
2025-07-14 03:00:00,2025,7,14,3,195,0,24,-6.6,5.2,0.0,0.0,1.17,38.76,Polar Night,73.71,37.59,0.0,0.0
2025-07-14 04:00:00,2025,7,14,4,195,0,26,-5.8,4.2,0.0,0.0,0.19,36.27,Polar Night,54.1,36.08,0.0,0.0
2025-07-14 05:00:00,2025,7,14,5,195,0,24,-5.3,8.2,0.0,0.0,15.43,34.7,Polar Night,43.63,19.27,0.0,0.0
2025-07-14 06:00:00,2025,7,14,6,195,0,24,-4.7,8.6,0.0,0.0,19.27,28.69,Polar Night,38.51,9.42,0.0,0.0
2025-07-14 07:00:00,2025,7,14,7,195,0,24,-4.2,9.6,0.0,0.0,31.55,41.24,Polar Night,33.24,9.69,0.0,0.0
2025-07-14 08:00:00,2025,7,14,8,195,0,25,-4.1,6.1,0.0,0.0,3.27,36.84,Polar Night,18.85,26.48,15.0,4.2
2025-07-14 09:00:00,2025,7,14,9,195,0,24,-4.7,10.3,0.0,0.0,42.69,31.64,Polar Night,23.93,-11.05,0.0,0.0
2025-07-14 10:00:00,2025,7,14,10,195,0,24,-4.4,3.3,0.0,0.0,0.0,37.18,Polar Night,19.66,7.86,29.32,8.21
2025-07-14 11:00:00,2025,7,14,11,195,0,26,-4.1,4.1,0.0,0.0,0.15,35.06,Polar Night,19.66,0.0,35.59,9.97
2025-07-14 12:00:00,2025,7,14,12,195,0,24,-4.9,3.0,0.0,0.0,0.0,34.88,Polar Night,19.66,0.0,35.56,9.96
2025-07-14 13:00:00,2025,7,14,13,195,0,25,-4.7,9.4,0.0,0.0,28.77,37.86,Polar Night,19.66,0.0,15.0,4.2
2025-07-14 14:00:00,2025,7,14,14,195,0,25,-3.8,3.9,0.0,0.0,0.08,35.05,Polar Night,19.66,0.0,35.65,9.98
2025-07-14 15:00:00,2025,7,14,15,195,0,23,-2.9,3.2,0.0,0.0,0.0,37.72,Polar Night,19.66,0.0,38.4,10.75
2025-07-14 16:00:00,2025,7,14,16,195,0,25,-3.4,7.4,0.0,0.0,9.35,35.93,Polar Night,19.66,0.0,27.26,7.63
2025-07-14 17:00:00,2025,7,14,17,195,0,23,-2.8,2.3,0.0,0.0,0.0,36.07,Polar Night,19.66,0.0,36.75,10.29
2025-07-14 18:00:00,2025,7,14,18,195,0,25,-4.1,1.7,0.0,0.0,0.0,38.16,Polar Night,19.66,0.0,38.84,10.88
2025-07-14 19:00:00,2025,7,14,19,195,0,24,-4.4,2.7,0.0,0.0,0.0,37.25,Polar Night,19.66,0.0,37.93,10.62
2025-07-14 20:00:00,2025,7,14,20,195,0,25,-4.2,0.2,0.0,0.0,0.0,37.35,Polar Night,19.66,0.0,38.03,10.65
2025-07-14 21:00:00,2025,7,14,21,195,0,26,-4.8,8.2,0.0,0.0,15.43,37.97,Polar Night,19.66,0.0,23.22,6.5
2025-07-14 22:00:00,2025,7,14,22,195,0,25,-3.5,6.8,0.0,0.0,6.02,36.69,Polar Night,19.66,0.0,31.35,8.78
2025-07-14 23:00:00,2025,7,14,23,195,0,25,-4.4,3.8,0.0,0.0,0.06,35.74,Polar Night,19.66,0.0,36.36,10.18
2025-07-15 00:00:00,2025,7,15,0,196,1,24,-2.9,4.0,0.0,0.0,0.11,30.57,Polar Night,19.66,0.0,31.14,8.72
2025-07-15 01:00:00,2025,7,15,1,196,1,24,-3.3,9.6,0.0,0.0,31.55,29.82,Polar Night,20.45,-1.73,0.0,0.0
2025-07-15 02:00:00,2025,7,15,2,196,1,26,-2.1,6.3,0.0,0.0,3.94,30.14,Polar Night,19.96,0.91,25.29,7.08
2025-07-15 03:00:00,2025,7,15,3,196,1,24,-1.1,8.2,0.0,0.0,15.43,32.01,Polar Night,19.96,0.0,16.66,4.66
2025-07-15 04:00:00,2025,7,15,4,196,1,23,-1.4,5.9,0.0,0.0,2.68,28.2,Polar Night,19.96,0.0,25.6,7.17
2025-07-15 05:00:00,2025,7,15,5,196,1,25,-1.9,4.0,0.0,0.0,0.11,30.13,Polar Night,19.96,0.0,30.1,8.43
2025-07-15 06:00:00,2025,7,15,6,196,1,24,-1.7,13.7,0.0,0.0,80.0,28.04,Polar Night,38.36,-40.0,0.0,0.0
2025-07-15 07:00:00,2025,7,15,7,196,1,24,-2.3,6.9,0.0,0.0,6.51,37.37,Polar Night,21.59,30.86,0.0,0.0
2025-07-15 08:00:00,2025,7,15,8,196,1,23,-3.5,2.9,0.0,0.0,0.0,37.26,Polar Night,19.86,3.18,34.08,9.54
2025-07-15 09:00:00,2025,7,15,9,196,1,24,-4.0,5.5,0.0,0.0,1.71,38.52,Polar Night,19.86,0.0,37.09,10.38
2025-07-15 10:00:00,2025,7,15,10,196,1,24,-4.9,4.8,0.0,0.0,0.64,35.81,Polar Night,19.86,0.0,35.45,9.92
2025-07-15 11:00:00,2025,7,15,11,196,1,25,-4.2,3.8,0.0,0.0,0.06,32.42,Polar Night,19.86,0.0,32.64,9.14
2025-07-15 12:00:00,2025,7,15,12,196,1,25,-4.6,12.1,0.0,0.0,80.0,35.03,Polar Night,38.26,-40.0,0.0,0.0
2025-07-15 13:00:00,2025,7,15,13,196,1,25,-3.9,10.7,0.0,0.0,50.1,33.22,Polar Night,46.03,-16.88,0.0,0.0
2025-07-15 14:00:00,2025,7,15,14,196,1,24,-4.8,3.7,0.0,0.0,0.04,33.53,Polar Night,27.83,33.49,0.0,0.0
2025-07-15 15:00:00,2025,7,15,15,196,1,24,-4.8,5.0,0.0,0.0,0.88,39.76,Polar Night,19.32,15.65,23.23,6.5
2025-07-15 16:00:00,2025,7,15,16,196,1,25,-3.7,8.9,0.0,0.0,22.54,35.82,Polar Night,19.32,0.0,15.0,4.2
2025-07-15 17:00:00,2025,7,15,17,196,1,26,-3.9,3.8,0.0,0.0,0.06,37.66,Polar Night,19.32,0.0,38.96,10.91
2025-07-15 18:00:00,2025,7,15,18,196,1,25,-3.7,7.1,0.0,0.0,7.56,39.2,Polar Night,19.32,0.0,33.0,9.24
2025-07-15 19:00:00,2025,7,15,19,196,1,24,-3.8,8.2,0.0,0.0,15.43,33.62,Polar Night,19.32,0.0,19.55,5.47
2025-07-15 20:00:00,2025,7,15,20,196,1,24,-3.0,7.7,0.0,0.0,11.39,37.11,Polar Night,19.32,0.0,27.08,7.58
2025-07-15 21:00:00,2025,7,15,21,196,1,23,-3.9,8.3,0.0,0.0,16.34,32.27,Polar Night,19.32,0.0,17.29,4.84
2025-07-15 22:00:00,2025,7,15,22,196,1,25,-4.3,8.3,0.0,0.0,16.34,34.19,Polar Night,19.32,0.0,19.21,5.38
2025-07-15 23:00:00,2025,7,15,23,196,1,25,-3.7,13.3,0.0,0.0,80.0,35.78,Polar Night,37.72,-40.0,0.0,0.0
2025-07-16 00:00:00,2025,7,16,0,197,2,25,-3.3,5.0,0.0,0.0,0.88,29.96,Polar Night,21.92,29.08,0.0,0.0
2025-07-16 01:00:00,2025,7,16,1,197,2,24,-3.5,10.7,0.0,0.0,50.1,34.82,Polar Night,28.94,-15.28,0.0,0.0
2025-07-16 02:00:00,2025,7,16,2,197,2,26,-3.6,1.2,0.0,0.0,0.0,33.81,Polar Night,19.22,17.89,15.92,4.46
2025-07-16 03:00:00,2025,7,16,3,197,2,24,-2.7,4.5,0.0,0.0,0.37,31.01,Polar Night,19.22,0.0,32.2,9.01
2025-07-16 04:00:00,2025,7,16,4,197,2,25,-2.5,1.8,0.0,0.0,0.0,29.21,Polar Night,19.22,0.0,30.77,8.61
2025-07-16 05:00:00,2025,7,16,5,197,2,24,-4.4,7.7,0.0,0.0,11.39,34.02,Polar Night,19.22,0.0,24.19,6.77
2025-07-16 06:00:00,2025,7,16,6,197,2,24,-5.5,2.6,0.0,0.0,0.0,35.48,Polar Night,19.22,0.0,37.04,10.37
2025-07-16 07:00:00,2025,7,16,7,197,2,25,-4.8,10.1,0.0,0.0,39.28,36.47,Polar Night,20.51,-2.81,0.0,0.0
2025-07-16 08:00:00,2025,7,16,8,197,2,25,-5.9,7.6,0.0,0.0,10.68,35.64,Polar Night,19.96,1.03,23.93,6.7
2025-07-16 09:00:00,2025,7,16,9,197,2,25,-5.8,1.4,0.0,0.0,0.0,39.92,Polar Night,19.96,0.0,40.01,11.2
2025-07-16 10:00:00,2025,7,16,10,197,2,25,-6.3,8.4,0.0,0.0,17.28,41.35,Polar Night,19.96,0.0,24.16,6.76
2025-07-16 11:00:00,2025,7,16,11,197,2,24,-5.5,10.4,0.0,0.0,44.47,39.83,Polar Night,22.09,-4.64,0.0,0.0
2025-07-16 12:00:00,2025,7,16,12,197,2,27,-4.2,7.8,0.0,0.0,12.14,41.48,Polar Night,19.82,4.18,25.16,7.05
2025-07-16 13:00:00,2025,7,16,13,197,2,26,-4.6,1.4,0.0,0.0,0.0,35.83,Polar Night,19.82,0.0,36.19,10.13
2025-07-16 14:00:00,2025,7,16,14,197,2,25,-2.4,10.3,0.0,0.0,42.69,31.93,Polar Night,24.77,-10.76,0.0,0.0
2025-07-16 15:00:00,2025,7,16,15,197,2,25,-2.9,8.6,0.0,0.0,19.27,36.87,Polar Night,19.59,9.54,15.0,4.2
2025-07-16 16:00:00,2025,7,16,16,197,2,26,-1.9,5.3,0.0,0.0,1.34,34.43,Polar Night,19.59,0.0,33.92,9.5
2025-07-16 17:00:00,2025,7,16,17,197,2,25,-1.1,4.8,0.0,0.0,0.64,36.96,Polar Night,19.59,0.0,37.15,10.4
2025-07-16 18:00:00,2025,7,16,18,197,2,25,-1.8,6.1,0.0,0.0,3.27,32.42,Polar Night,19.59,0.0,29.98,8.39
2025-07-16 19:00:00,2025,7,16,19,197,2,24,-1.6,10.5,0.0,0.0,46.3,32.11,Polar Night,26.11,-14.19,0.0,0.0
2025-07-16 20:00:00,2025,7,16,20,197,2,24,-2.6,4.2,0.0,0.0,0.19,35.44,Polar Night,19.47,12.23,23.02,6.45
2025-07-16 21:00:00,2025,7,16,21,197,2,21,-2.4,2.6,0.0,0.0,0.0,34.52,Polar Night,19.47,0.0,35.58,9.96
2025-07-16 22:00:00,2025,7,16,22,197,2,25,-3.3,10.4,0.0,0.0,44.47,34.5,Polar Night,24.05,-9.97,0.0,0.0
2025-07-16 23:00:00,2025,7,16,23,197,2,24,-4.0,1.3,0.0,0.0,0.0,32.87,Polar Night,19.65,8.11,24.76,6.93
2025-07-17 00:00:00,2025,7,17,0,198,3,26,-4.3,11.4,0.0,0.0,65.04,28.98,Polar Night,36.24,-36.06,0.0,0.0
2025-07-17 01:00:00,2025,7,17,1,198,3,25,-4.4,4.6,0.0,0.0,0.45,42.26,Polar Night,18.59,32.47,15.0,4.2
2025-07-17 02:00:00,2025,7,17,2,198,3,23,-5.0,6.4,0.0,0.0,4.31,33.74,Polar Night,18.59,0.0,32.25,9.03
2025-07-17 03:00:00,2025,7,17,3,198,3,24,-5.1,3.0,0.0,0.0,0.0,41.17,Polar Night,18.59,0.0,43.99,12.32
2025-07-17 04:00:00,2025,7,17,4,198,3,23,-5.1,11.2,0.0,0.0,60.51,33.42,Polar Night,31.05,-27.09,0.0,0.0
2025-07-17 05:00:00,2025,7,17,5,198,3,25,-4.5,8.8,0.0,0.0,21.41,31.08,Polar Night,25.79,9.67,0.0,0.0
2025-07-17 06:00:00,2025,7,17,6,198,3,25,-4.8,11.8,0.0,0.0,74.78,33.14,Polar Night,44.19,-40.0,0.0,0.0
2025-07-17 07:00:00,2025,7,17,7,198,3,25,-4.4,8.0,0.0,0.0,13.72,39.72,Polar Night,30.06,26.0,0.0,0.0
2025-07-17 08:00:00,2025,7,17,8,198,3,24,-4.0,3.5,0.0,0.0,0.01,37.87,Polar Night,19.12,20.13,17.73,4.97
2025-07-17 09:00:00,2025,7,17,9,198,3,25,-3.9,4.7,0.0,0.0,0.54,37.36,Polar Night,19.12,0.0,38.57,10.8
2025-07-17 10:00:00,2025,7,17,10,198,3,23,-3.6,6.2,0.0,0.0,3.6,35.52,Polar Night,19.12,0.0,33.67,9.43
2025-07-17 11:00:00,2025,7,17,11,198,3,25,-3.5,7.3,0.0,0.0,8.73,36.62,Polar Night,19.12,0.0,29.64,8.3
2025-07-17 12:00:00,2025,7,17,12,198,3,25,-2.0,11.8,0.0,0.0,74.78,34.79,Polar Night,37.52,-39.99,0.0,0.0
2025-07-17 13:00:00,2025,7,17,13,198,3,25,-2.4,5.3,0.0,0.0,1.34,38.46,Polar Night,18.48,35.04,15.0,4.2
2025-07-17 14:00:00,2025,7,17,14,198,3,25,-1.9,8.2,0.0,0.0,15.43,37.38,Polar Night,18.48,0.0,25.0,7.0
2025-07-17 15:00:00,2025,7,17,15,198,3,25,-1.0,13.1,0.0,0.0,80.0,32.06,Polar Night,36.88,-40.0,0.0,0.0
2025-07-17 16:00:00,2025,7,17,16,198,3,26,-0.7,3.2,0.0,0.0,0.0,30.84,Polar Night,20.12,30.84,0.0,0.0
2025-07-17 17:00:00,2025,7,17,17,198,3,24,-1.0,10.4,0.0,0.0,44.47,31.0,Polar Night,26.31,-13.47,0.0,0.0
2025-07-17 18:00:00,2025,7,17,18,198,3,25,-2.2,5.6,0.0,0.0,1.93,34.43,Polar Night,19.45,12.62,19.88,5.57
2025-07-17 19:00:00,2025,7,17,19,198,3,23,-1.6,8.6,0.0,0.0,19.27,34.73,Polar Night,19.45,0.0,16.56,4.64
2025-07-17 20:00:00,2025,7,17,20,198,3,24,-2.4,4.5,0.0,0.0,0.37,34.98,Polar Night,19.45,0.0,35.71,10.0
2025-07-17 21:00:00,2025,7,17,21,198,3,25,-3.6,4.9,0.0,0.0,0.75,37.94,Polar Night,19.45,0.0,38.29,10.72
2025-07-17 22:00:00,2025,7,17,22,198,3,26,-5.3,1.4,0.0,0.0,0.0,34.49,Polar Night,19.45,0.0,35.59,9.96
2025-07-17 23:00:00,2025,7,17,23,198,3,24,-5.2,13.7,0.0,0.0,80.0,38.01,Polar Night,37.85,-40.0,0.0,0.0
2025-07-18 00:00:00,2025,7,18,0,199,4,24,-4.6,9.6,0.0,0.0,31.55,34.84,Polar Night,36.06,3.29,0.0,0.0
2025-07-18 01:00:00,2025,7,18,1,199,4,24,-6.6,2.5,0.0,0.0,0.0,35.11,Polar Night,18.6,32.13,15.0,4.2
2025-07-18 02:00:00,2025,7,18,2,199,4,24,-6.3,19.7,0.0,0.0,80.0,31.07,High Wind Surge,37.0,-40.0,0.0,0.0
2025-07-18 03:00:00,2025,7,18,3,199,4,25,-6.3,7.2,0.0,0.0,8.13,35.93,Polar Night,21.89,27.8,0.0,0.0
2025-07-18 04:00:00,2025,7,18,4,199,4,23,-3.7,10.2,0.0,0.0,40.96,33.93,Polar Night,25.13,-7.03,0.0,0.0
2025-07-18 05:00:00,2025,7,18,5,199,4,26,-4.2,2.1,0.0,0.0,0.0,31.91,Polar Night,19.55,10.26,21.65,6.06
2025-07-18 06:00:00,2025,7,18,6,199,4,24,-4.5,5.4,0.0,0.0,1.52,30.6,Polar Night,19.55,0.0,29.97,8.39
2025-07-18 07:00:00,2025,7,18,7,199,4,25,-4.0,7.9,0.0,0.0,12.91,39.4,Polar Night,19.55,0.0,27.38,7.67
2025-07-18 08:00:00,2025,7,18,8,199,4,23,-3.3,2.7,0.0,0.0,0.0,33.03,Polar Night,19.55,0.0,33.92,9.5
2025-07-18 09:00:00,2025,7,18,9,199,4,25,-3.1,6.2,0.0,0.0,3.6,36.41,Polar Night,19.55,0.0,33.7,9.44
2025-07-18 10:00:00,2025,7,18,10,199,4,25,-4.9,5.8,0.0,0.0,2.41,37.42,Polar Night,19.55,0.0,35.9,10.05
2025-07-18 11:00:00,2025,7,18,11,199,4,25,-4.0,3.8,0.0,0.0,0.06,37.78,Polar Night,19.55,0.0,38.61,10.81
2025-07-18 12:00:00,2025,7,18,12,199,4,24,-4.4,4.6,0.0,0.0,0.45,34.22,Polar Night,19.55,0.0,34.66,9.71
2025-07-18 13:00:00,2025,7,18,13,199,4,25,-3.4,13.5,0.0,0.0,80.0,35.92,Polar Night,37.95,-40.0,0.0,0.0
2025-07-18 14:00:00,2025,7,18,14,199,4,23,-3.0,4.5,0.0,0.0,0.37,32.8,Polar Night,20.33,32.43,0.0,0.0
2025-07-18 15:00:00,2025,7,18,15,199,4,24,-2.4,3.8,0.0,0.0,0.06,35.31,Polar Night,19.97,0.66,34.59,9.69
2025-07-18 16:00:00,2025,7,18,16,199,4,26,-1.6,6.6,0.0,0.0,5.12,36.47,Polar Night,19.97,0.0,31.41,8.79
2025-07-18 17:00:00,2025,7,18,17,199,4,25,-1.6,7.9,0.0,0.0,12.91,37.11,Polar Night,19.97,0.0,24.26,6.79
2025-07-18 18:00:00,2025,7,18,18,199,4,25,0.1,10.2,0.0,0.0,40.96,37.4,Polar Night,21.61,-3.56,0.0,0.0
2025-07-18 19:00:00,2025,7,18,19,199,4,24,0.4,12.3,0.0,0.0,80.0,32.66,Polar Night,40.01,-40.0,0.0,0.0
2025-07-18 20:00:00,2025,7,18,20,199,4,25,-0.6,6.8,0.0,0.0,6.02,33.41,Polar Night,25.12,27.39,0.0,0.0
2025-07-18 21:00:00,2025,7,18,21,199,4,25,-0.5,12.3,0.0,0.0,80.0,37.22,Polar Night,43.52,-40.0,0.0,0.0
2025-07-18 22:00:00,2025,7,18,22,199,4,22,-1.6,17.5,0.0,0.0,80.0,32.33,High Wind Surge,61.92,-40.0,0.0,0.0
2025-07-18 23:00:00,2025,7,18,23,199,4,25,-1.8,21.3,0.0,0.0,80.0,34.78,High Wind Surge,80.32,-40.0,0.0,0.0
2025-07-19 00:00:00,2025,7,19,0,200,5,24,-3.6,18.6,0.0,0.0,80.0,37.7,High Wind Surge,93.83,-29.35,0.0,0.0
2025-07-19 01:00:00,2025,7,19,1,200,5,26,-4.6,14.6,0.0,0.0,80.0,31.89,High Wind Surge,94.91,-2.35,0.0,0.0
2025-07-19 02:00:00,2025,7,19,2,200,5,23,-6.8,19.3,0.0,0.0,80.0,37.03,High Wind Surge,94.99,-0.19,0.0,0.0
2025-07-19 03:00:00,2025,7,19,3,200,5,21,-7.1,17.2,0.0,0.0,80.0,33.31,High Wind Surge,95.0,-0.02,0.0,0.0
2025-07-19 04:00:00,2025,7,19,4,200,5,25,-7.0,24.6,0.0,0.0,80.0,39.49,Blizzard / Extreme Storm,95.0,-0.0,0.0,0.0
2025-07-19 05:00:00,2025,7,19,5,200,5,25,-6.7,18.7,0.0,0.0,80.0,32.39,High Wind Surge,95.0,-0.0,0.0,0.0
2025-07-19 06:00:00,2025,7,19,6,200,5,23,-5.8,20.8,0.0,0.0,80.0,36.55,High Wind Surge,95.0,-0.0,0.0,0.0
2025-07-19 07:00:00,2025,7,19,7,200,5,24,-4.8,23.2,0.0,0.0,80.0,35.54,Blizzard / Extreme Storm,95.0,-0.0,0.0,0.0
2025-07-19 08:00:00,2025,7,19,8,200,5,27,-3.5,23.9,0.0,0.0,80.0,38.37,Blizzard / Extreme Storm,95.0,-0.0,0.0,0.0
2025-07-19 09:00:00,2025,7,19,9,200,5,24,-3.0,23.5,0.0,0.0,80.0,38.74,Blizzard / Extreme Storm,95.0,-0.0,0.0,0.0
2025-07-19 10:00:00,2025,7,19,10,200,5,25,-1.2,23.9,0.0,0.0,80.0,32.96,Blizzard / Extreme Storm,95.0,-0.0,0.0,0.0
2025-07-19 11:00:00,2025,7,19,11,200,5,24,-1.2,26.0,0.0,0.0,0.0,30.55,Blizzard / Extreme Storm,78.4,30.55,0.0,0.0
2025-07-19 12:00:00,2025,7,19,12,200,5,22,-0.8,22.4,0.0,0.0,80.0,32.58,Blizzard / Extreme Storm,93.67,-33.21,0.0,0.0
2025-07-19 13:00:00,2025,7,19,13,200,5,24,-1.3,23.3,0.0,0.0,80.0,33.33,Blizzard / Extreme Storm,94.89,-2.66,0.0,0.0
2025-07-19 14:00:00,2025,7,19,14,200,5,24,-0.9,20.5,0.0,0.0,80.0,30.78,High Wind Surge,94.99,-0.21,0.0,0.0
2025-07-19 15:00:00,2025,7,19,15,200,5,24,-1.0,20.0,0.0,0.0,80.0,29.05,High Wind Surge,95.0,-0.02,0.0,0.0
2025-07-19 16:00:00,2025,7,19,16,200,5,24,-3.1,21.2,0.0,0.0,80.0,38.69,High Wind Surge,95.0,-0.0,0.0,0.0
2025-07-19 17:00:00,2025,7,19,17,200,5,25,-3.8,18.9,0.0,0.0,80.0,40.25,High Wind Surge,95.0,-0.0,0.0,0.0
2025-07-19 18:00:00,2025,7,19,18,200,5,24,-5.4,19.9,0.0,0.0,80.0,35.87,High Wind Surge,95.0,-0.0,0.0,0.0
2025-07-19 19:00:00,2025,7,19,19,200,5,23,-6.0,16.8,0.0,0.0,80.0,36.74,High Wind Surge,95.0,-0.0,0.0,0.0
2025-07-19 20:00:00,2025,7,19,20,200,5,25,-5.5,17.9,0.0,0.0,80.0,39.81,High Wind Surge,95.0,-0.0,0.0,0.0
2025-07-19 21:00:00,2025,7,19,21,200,5,23,-5.8,12.7,0.0,0.0,80.0,39.38,Polar Night,95.0,-0.0,0.0,0.0
2025-07-19 22:00:00,2025,7,19,22,200,5,22,-5.1,11.4,0.0,0.0,65.04,37.97,Polar Night,95.0,-0.0,0.0,0.0
2025-07-19 23:00:00,2025,7,19,23,200,5,25,-4.9,11.4,0.0,0.0,65.04,35.56,Polar Night,95.0,-0.0,0.0,0.0
2025-07-20 00:00:00,2025,7,20,0,201,6,25,-5.1,5.6,0.0,0.0,1.93,31.59,Polar Night,78.88,29.66,0.0,0.0
2025-07-20 01:00:00,2025,7,20,1,201,6,24,-5.1,5.3,0.0,0.0,1.34,35.92,Polar Night,60.09,34.58,0.0,0.0
2025-07-20 02:00:00,2025,7,20,2,201,6,23,-5.9,7.4,0.0,0.0,9.35,32.59,Polar Night,47.46,23.24,0.0,0.0
2025-07-20 03:00:00,2025,7,20,3,201,6,24,-6.7,1.4,0.0,0.0,0.0,34.98,Polar Night,28.45,34.98,0.0,0.0
2025-07-20 04:00:00,2025,7,20,4,201,6,24,-6.3,5.8,0.0,0.0,2.41,37.63,Polar Night,19.27,16.89,18.33,5.13
2025-07-20 05:00:00,2025,7,20,5,201,6,23,-6.9,7.2,0.0,0.0,8.13,32.82,Polar Night,19.27,0.0,26.16,7.32
2025-07-20 06:00:00,2025,7,20,6,201,6,24,-6.1,13.5,0.0,0.0,80.0,34.51,Polar Night,37.67,-40.0,0.0,0.0
2025-07-20 07:00:00,2025,7,20,7,201,6,25,-6.9,10.7,0.0,0.0,50.1,35.78,Polar Night,44.25,-14.32,0.0,0.0
2025-07-20 08:00:00,2025,7,20,8,201,6,26,-6.6,4.4,0.0,0.0,0.3,36.49,Polar Night,24.58,36.19,0.0,0.0
2025-07-20 09:00:00,2025,7,20,9,201,6,24,-6.6,6.4,0.0,0.0,4.31,36.9,Polar Night,19.6,9.17,23.42,6.56
2025-07-20 10:00:00,2025,7,20,10,201,6,25,-6.8,1.9,0.0,0.0,0.0,42.84,Polar Night,19.6,0.0,43.64,12.22
2025-07-20 11:00:00,2025,7,20,11,201,6,23,-6.7,4.1,0.0,0.0,0.15,38.08,Polar Night,19.6,0.0,38.73,10.84
2025-07-20 12:00:00,2025,7,20,12,201,6,25,-6.1,9.1,0.0,0.0,24.91,44.85,Polar Night,19.6,0.0,20.74,5.81
2025-07-20 13:00:00,2025,7,20,13,201,6,24,-4.8,2.9,0.0,0.0,0.0,39.31,Polar Night,19.6,0.0,40.11,11.23
2025-07-20 14:00:00,2025,7,20,14,201,6,25,-3.6,4.2,0.0,0.0,0.19,38.82,Polar Night,19.6,0.0,39.43,11.04
2025-07-20 15:00:00,2025,7,20,15,201,6,24,-2.6,12.4,0.0,0.0,80.0,32.54,Polar Night,38.0,-40.0,0.0,0.0
2025-07-20 16:00:00,2025,7,20,16,201,6,26,-3.7,9.8,0.0,0.0,34.51,36.4,Polar Night,36.97,1.89,0.0,0.0
2025-07-20 17:00:00,2025,7,20,17,201,6,24,-4.0,9.2,0.0,0.0,26.15,33.46,Polar Night,33.0,7.31,0.0,0.0
2025-07-20 18:00:00,2025,7,20,18,201,6,25,-4.1,10.4,0.0,0.0,44.47,35.97,Polar Night,36.91,-8.5,0.0,0.0
2025-07-20 19:00:00,2025,7,20,19,201,6,24,-4.7,8.8,0.0,0.0,21.41,35.7,Polar Night,29.15,14.29,0.0,0.0
2025-07-20 20:00:00,2025,7,20,20,201,6,24,-7.5,2.8,0.0,0.0,0.0,38.84,Polar Night,19.2,18.29,20.55,5.75
2025-07-20 21:00:00,2025,7,20,21,201,6,24,-7.2,6.4,0.0,0.0,4.31,40.78,Polar Night,19.2,0.0,38.06,10.66
2025-07-20 22:00:00,2025,7,20,22,201,6,24,-5.9,5.8,0.0,0.0,2.41,33.89,Polar Night,19.2,0.0,33.07,9.26
2025-07-20 23:00:00,2025,7,20,23,201,6,24,-5.0,4.7,0.0,0.0,0.54,35.98,Polar Night,19.2,0.0,37.03,10.37
2025-07-21 00:00:00,2025,7,21,0,202,0,24,-5.6,9.9,0.0,0.0,36.05,30.66,Polar Night,21.68,-5.39,0.0,0.0
2025-07-21 01:00:00,2025,7,21,1,202,0,25,-4.9,6.0,0.0,0.0,2.96,35.13,Polar Night,19.85,3.37,28.8,8.06
2025-07-21 02:00:00,2025,7,21,2,202,0,25,-3.7,2.0,0.0,0.0,0.0,32.02,Polar Night,19.85,0.0,32.31,9.05
2025-07-21 03:00:00,2025,7,21,3,202,0,25,-4.4,4.4,0.0,0.0,0.3,34.27,Polar Night,19.85,0.0,34.26,9.59
2025-07-21 04:00:00,2025,7,21,4,202,0,25,-5.3,3.9,0.0,0.0,0.08,36.47,Polar Night,19.85,0.0,36.68,10.27
2025-07-21 05:00:00,2025,7,21,5,202,0,23,-4.7,10.9,0.0,0.0,54.11,29.83,Polar Night,31.02,-24.28,0.0,0.0
2025-07-21 06:00:00,2025,7,21,6,202,0,25,-5.2,7.7,0.0,0.0,11.39,37.91,Polar Night,19.04,22.04,15.0,4.2
2025-07-21 07:00:00,2025,7,21,7,202,0,23,-4.6,6.8,0.0,0.0,6.02,35.94,Polar Night,19.04,0.0,31.84,8.91
2025-07-21 08:00:00,2025,7,21,8,202,0,25,-4.0,6.4,0.0,0.0,4.31,41.32,Polar Night,19.04,0.0,38.93,10.9
2025-07-21 09:00:00,2025,7,21,9,202,0,25,-4.2,7.7,0.0,0.0,11.39,36.99,Polar Night,19.04,0.0,27.52,7.7
2025-07-21 10:00:00,2025,7,21,10,202,0,23,-3.4,8.8,0.0,0.0,21.41,38.83,Polar Night,19.04,0.0,19.34,5.41
2025-07-21 11:00:00,2025,7,21,11,202,0,25,-3.7,6.8,0.0,0.0,6.02,36.59,Polar Night,19.04,0.0,32.49,9.1
2025-07-21 12:00:00,2025,7,21,12,202,0,24,-1.9,12.2,0.0,0.0,80.0,35.41,Polar Night,37.44,-40.0,0.0,0.0
2025-07-21 13:00:00,2025,7,21,13,202,0,24,-2.3,14.1,0.0,0.0,80.0,35.34,High Wind Surge,55.84,-40.0,0.0,0.0
2025-07-21 14:00:00,2025,7,21,14,202,0,26,-2.7,16.7,0.0,0.0,80.0,35.49,High Wind Surge,74.24,-40.0,0.0,0.0
2025-07-21 15:00:00,2025,7,21,15,202,0,24,-2.4,7.9,0.0,0.0,12.91,34.48,Polar Night,62.52,21.57,0.0,0.0
2025-07-21 16:00:00,2025,7,21,16,202,0,24,-1.4,12.0,0.0,0.0,80.0,34.93,Polar Night,80.92,-40.0,0.0,0.0
2025-07-21 17:00:00,2025,7,21,17,202,0,25,-1.1,5.5,0.0,0.0,1.71,35.86,Polar Night,62.36,34.15,0.0,0.0
2025-07-21 18:00:00,2025,7,21,18,202,0,25,-1.4,10.3,0.0,0.0,42.69,35.3,Polar Night,65.76,-7.39,0.0,0.0
2025-07-21 19:00:00,2025,7,21,19,202,0,24,-1.3,11.4,0.0,0.0,65.04,35.59,Polar Night,79.31,-29.45,0.0,0.0
2025-07-21 20:00:00,2025,7,21,20,202,0,26,-0.5,11.3,0.0,0.0,62.75,30.59,Polar Night,93.74,-31.39,0.0,0.0
2025-07-21 21:00:00,2025,7,21,21,202,0,25,-0.0,9.9,0.0,0.0,36.05,35.93,Polar Night,93.8,-0.12,0.0,0.0
2025-07-21 22:00:00,2025,7,21,22,202,0,22,-1.5,5.5,0.0,0.0,1.71,28.96,Polar Night,78.99,27.25,0.0,0.0
2025-07-21 23:00:00,2025,7,21,23,202,0,24,-3.3,3.3,0.0,0.0,0.0,28.48,Polar Night,63.51,28.48,0.0,0.0
2025-07-22 00:00:00,2025,7,22,0,203,1,24,-3.9,4.9,0.0,0.0,0.75,37.66,Polar Night,43.45,36.91,0.0,0.0
2025-07-22 01:00:00,2025,7,22,1,203,1,25,-5.0,9.0,0.0,0.0,23.7,37.61,Polar Night,35.89,13.91,0.0,0.0
2025-07-22 02:00:00,2025,7,22,2,203,1,22,-6.1,4.0,0.0,0.0,0.11,34.24,Polar Night,18.62,31.78,15.0,4.2
2025-07-22 03:00:00,2025,7,22,3,203,1,27,-7.3,6.1,0.0,0.0,3.27,38.91,Polar Night,18.62,0.0,38.4,10.75
2025-07-22 04:00:00,2025,7,22,4,203,1,25,-5.5,6.9,0.0,0.0,6.51,33.63,Polar Night,18.62,0.0,29.88,8.37
2025-07-22 05:00:00,2025,7,22,5,203,1,25,-4.6,7.2,0.0,0.0,8.13,32.61,Polar Night,18.62,0.0,27.24,7.63
2025-07-22 06:00:00,2025,7,22,6,203,1,26,-4.4,12.1,0.0,0.0,80.0,32.36,Polar Night,37.02,-40.0,0.0,0.0
2025-07-22 07:00:00,2025,7,22,7,203,1,27,-4.5,7.8,0.0,0.0,12.14,36.14,Polar Night,23.97,24.0,0.0,0.0
2025-07-22 08:00:00,2025,7,22,8,203,1,25,-4.8,9.2,0.0,0.0,26.15,36.62,Polar Night,19.65,7.95,15.0,4.2
2025-07-22 09:00:00,2025,7,22,9,203,1,25,-4.7,7.0,0.0,0.0,7.02,35.41,Polar Night,19.65,0.0,29.08,8.14
2025-07-22 10:00:00,2025,7,22,10,203,1,25,-5.1,9.9,0.0,0.0,36.05,30.37,Polar Night,22.27,-5.68,0.0,0.0
2025-07-22 11:00:00,2025,7,22,11,203,1,24,-4.8,4.3,0.0,0.0,0.24,36.46,Polar Night,19.8,4.53,31.69,8.87
2025-07-22 12:00:00,2025,7,22,12,203,1,24,-4.5,3.8,0.0,0.0,0.06,34.27,Polar Night,19.8,0.0,34.6,9.69
2025-07-22 13:00:00,2025,7,22,13,203,1,24,-3.3,11.8,0.0,0.0,74.78,36.54,Polar Night,37.39,-38.24,0.0,0.0
2025-07-22 14:00:00,2025,7,22,14,203,1,24,-2.4,8.1,0.0,0.0,14.56,34.52,Polar Night,26.55,19.96,0.0,0.0
2025-07-22 15:00:00,2025,7,22,15,203,1,23,-1.1,7.9,0.0,0.0,12.91,35.39,Polar Night,19.43,13.09,15.0,4.2
2025-07-22 16:00:00,2025,7,22,16,203,1,24,-2.3,6.0,0.0,0.0,2.96,35.08,Polar Night,19.43,0.0,33.26,9.31
2025-07-22 17:00:00,2025,7,22,17,203,1,23,-1.7,5.2,0.0,0.0,1.17,31.08,Polar Night,19.43,0.0,31.05,8.69
2025-07-22 18:00:00,2025,7,22,18,203,1,25,-1.9,6.8,0.0,0.0,6.02,31.93,Polar Night,19.43,0.0,27.05,7.57
2025-07-22 19:00:00,2025,7,22,19,203,1,24,-3.5,2.8,0.0,0.0,0.0,32.84,Polar Night,19.43,0.0,33.98,9.51
2025-07-22 20:00:00,2025,7,22,20,203,1,25,-3.8,5.9,0.0,0.0,2.68,34.36,Polar Night,19.43,0.0,32.82,9.19
2025-07-22 21:00:00,2025,7,22,21,203,1,24,-5.8,5.9,0.0,0.0,2.68,35.91,Polar Night,19.43,0.0,34.37,9.62
2025-07-22 22:00:00,2025,7,22,22,203,1,28,-4.9,6.6,0.0,0.0,5.12,36.95,Polar Night,19.43,0.0,32.97,9.23
2025-07-22 23:00:00,2025,7,22,23,203,1,26,-5.9,7.5,0.0,0.0,10.0,35.44,Polar Night,19.43,0.0,26.58,7.44
2025-07-23 00:00:00,2025,7,23,0,204,2,23,-7.6,13.0,0.0,0.0,80.0,30.95,Polar Night,37.83,-40.0,0.0,0.0
2025-07-23 01:00:00,2025,7,23,1,204,2,25,-6.5,7.7,0.0,0.0,11.39,33.02,Polar Night,26.08,21.63,0.0,0.0
2025-07-23 02:00:00,2025,7,23,2,204,2,24,-6.5,10.8,0.0,0.0,52.08,34.9,Polar Night,33.98,-17.18,0.0,0.0
2025-07-23 03:00:00,2025,7,23,3,204,2,23,-6.4,6.8,0.0,0.0,6.02,32.2,Polar Night,19.75,26.18,0.0,0.0
2025-07-23 04:00:00,2025,7,23,4,204,2,23,-6.1,7.4,0.0,0.0,9.35,34.68,Polar Night,19.75,0.0,25.83,7.23
2025-07-23 05:00:00,2025,7,23,5,204,2,25,-5.9,2.1,0.0,0.0,0.0,32.66,Polar Night,19.75,0.0,33.16,9.28
2025-07-23 06:00:00,2025,7,23,6,204,2,24,-4.7,3.0,0.0,0.0,0.0,33.31,Polar Night,19.75,0.0,33.81,9.47
2025-07-23 07:00:00,2025,7,23,7,204,2,25,-5.0,7.0,0.0,0.0,7.02,35.99,Polar Night,19.75,0.0,29.47,8.25
2025-07-23 08:00:00,2025,7,23,8,204,2,25,-5.5,5.4,0.0,0.0,1.52,38.07,Polar Night,19.75,0.0,37.05,10.37
2025-07-23 09:00:00,2025,7,23,9,204,2,26,-5.2,9.4,0.0,0.0,28.77,41.52,Polar Night,19.75,0.0,15.0,4.2
2025-07-23 10:00:00,2025,7,23,10,204,2,24,-5.2,6.7,0.0,0.0,5.56,39.45,Polar Night,19.75,0.0,34.39,9.63
2025-07-23 11:00:00,2025,7,23,11,204,2,25,-5.4,10.8,0.0,0.0,52.08,35.01,Polar Night,27.6,-17.07,0.0,0.0
2025-07-23 12:00:00,2025,7,23,12,204,2,25,-5.1,13.8,0.0,0.0,80.0,43.77,Polar Night,44.27,-36.23,0.0,0.0
2025-07-23 13:00:00,2025,7,23,13,204,2,24,-5.9,3.1,0.0,0.0,0.0,40.7,Polar Night,22.15,40.7,0.0,0.0
2025-07-23 14:00:00,2025,7,23,14,204,2,24,-5.7,5.4,0.0,0.0,1.52,35.88,Polar Night,19.81,4.3,30.06,8.42
2025-07-23 15:00:00,2025,7,23,15,204,2,26,-4.5,7.8,0.0,0.0,12.14,35.22,Polar Night,19.81,0.0,23.45,6.57
2025-07-23 16:00:00,2025,7,23,16,204,2,25,-5.1,4.6,0.0,0.0,0.45,38.34,Polar Night,19.81,0.0,38.26,10.71
2025-07-23 17:00:00,2025,7,23,17,204,2,25,-3.8,4.3,0.0,0.0,0.24,38.28,Polar Night,19.81,0.0,38.41,10.76
2025-07-23 18:00:00,2025,7,23,18,204,2,24,-3.1,9.6,0.0,0.0,31.55,40.06,Polar Night,19.81,0.0,15.0,4.2
2025-07-23 19:00:00,2025,7,23,19,204,2,23,-2.2,14.4,0.0,0.0,80.0,35.89,High Wind Surge,38.21,-40.0,0.0,0.0
2025-07-23 20:00:00,2025,7,23,20,204,2,24,-1.3,9.1,0.0,0.0,24.91,32.64,Polar Night,34.01,7.73,0.0,0.0
2025-07-23 21:00:00,2025,7,23,21,204,2,24,-2.0,6.5,0.0,0.0,4.71,33.55,Polar Night,18.78,28.02,15.0,4.2
2025-07-23 22:00:00,2025,7,23,22,204,2,23,-1.2,5.8,0.0,0.0,2.41,32.37,Polar Night,18.78,0.0,32.4,9.07
2025-07-23 23:00:00,2025,7,23,23,204,2,24,-1.7,6.6,0.0,0.0,5.12,28.04,Polar Night,18.78,0.0,25.36,7.1
2025-07-24 00:00:00,2025,7,24,0,205,3,23,-2.6,6.0,0.0,0.0,2.96,35.59,Polar Night,18.78,0.0,35.07,9.82
2025-07-24 01:00:00,2025,7,24,1,205,3,23,-2.5,6.3,0.0,0.0,3.94,30.42,Polar Night,18.78,0.0,28.92,8.1
2025-07-24 02:00:00,2025,7,24,2,205,3,25,-2.0,3.7,0.0,0.0,0.04,34.23,Polar Night,18.78,0.0,36.63,10.26
2025-07-24 03:00:00,2025,7,24,3,205,3,25,-1.5,11.2,0.0,0.0,60.51,34.46,Polar Night,30.76,-26.05,0.0,0.0
2025-07-24 04:00:00,2025,7,24,4,205,3,24,-1.8,8.8,0.0,0.0,21.41,39.11,Polar Night,21.14,17.7,0.0,0.0
2025-07-24 05:00:00,2025,7,24,5,205,3,23,-3.7,8.0,0.0,0.0,13.72,31.92,Polar Night,19.9,2.29,15.91,4.45
2025-07-24 06:00:00,2025,7,24,6,205,3,23,-3.5,12.6,0.0,0.0,80.0,31.84,Polar Night,38.3,-40.0,0.0,0.0
2025-07-24 07:00:00,2025,7,24,7,205,3,24,-3.7,4.5,0.0,0.0,0.37,35.27,Polar Night,19.33,34.9,0.0,0.0
2025-07-24 08:00:00,2025,7,24,8,205,3,25,-3.4,2.3,0.0,0.0,0.0,36.65,Polar Night,19.33,0.0,37.98,10.64
2025-07-24 09:00:00,2025,7,24,9,205,3,25,-2.7,9.8,0.0,0.0,34.51,34.08,Polar Night,19.53,-0.43,0.0,0.0
2025-07-24 10:00:00,2025,7,24,10,205,3,24,-3.4,18.2,0.0,0.0,80.0,38.9,High Wind Surge,37.93,-40.0,0.0,0.0
2025-07-24 11:00:00,2025,7,24,11,205,3,23,-1.0,7.0,0.0,0.0,7.02,36.24,Polar Night,22.05,29.22,0.0,0.0
2025-07-24 12:00:00,2025,7,24,12,205,3,25,-0.1,2.0,0.0,0.0,0.0,33.1,Polar Night,19.82,4.1,29.0,8.12
2025-07-24 13:00:00,2025,7,24,13,205,3,24,0.3,9.1,0.0,0.0,24.91,31.54,Polar Night,19.82,0.0,15.0,4.2
2025-07-24 14:00:00,2025,7,24,14,205,3,24,0.9,2.2,0.0,0.0,0.0,32.23,Polar Night,19.82,0.0,32.59,9.12
2025-07-24 15:00:00,2025,7,24,15,205,3,26,-0.0,6.6,0.0,0.0,5.12,32.84,Polar Night,19.82,0.0,28.08,7.86
2025-07-24 16:00:00,2025,7,24,16,205,3,25,-0.2,4.4,0.0,0.0,0.3,35.05,Polar Night,19.82,0.0,35.11,9.83
2025-07-24 17:00:00,2025,7,24,17,205,3,25,-0.6,11.5,0.0,0.0,67.39,34.6,Polar Night,34.91,-32.79,0.0,0.0
2025-07-24 18:00:00,2025,7,24,18,205,3,23,-1.9,5.9,0.0,0.0,2.68,36.45,Polar Night,18.7,29.81,15.0,4.2
2025-07-24 19:00:00,2025,7,24,19,205,3,25,-2.1,11.1,0.0,0.0,58.32,38.96,Polar Night,27.61,-19.36,0.0,0.0
2025-07-24 20:00:00,2025,7,24,20,205,3,26,-2.8,4.6,0.0,0.0,0.45,36.86,Polar Night,19.34,15.22,21.19,5.93
2025-07-24 21:00:00,2025,7,24,21,205,3,24,-3.0,5.3,0.0,0.0,1.34,37.05,Polar Night,19.34,0.0,37.03,10.37
2025-07-24 22:00:00,2025,7,24,22,205,3,26,-4.0,12.5,0.0,0.0,80.0,39.69,Polar Night,37.74,-40.0,0.0,0.0
2025-07-24 23:00:00,2025,7,24,23,205,3,26,-4.5,3.7,0.0,0.0,0.04,35.35,Polar Night,18.55,35.31,0.0,0.0
2025-07-25 00:00:00,2025,7,25,0,206,4,26,-4.8,7.0,0.0,0.0,7.02,32.92,Polar Night,18.55,0.0,28.8,8.07
2025-07-25 01:00:00,2025,7,25,1,206,4,25,-4.5,5.3,0.0,0.0,1.34,33.54,Polar Night,18.55,0.0,35.1,9.83
2025-07-25 02:00:00,2025,7,25,2,206,4,25,-5.0,9.1,0.0,0.0,24.91,29.92,Polar Night,18.55,0.0,15.0,4.2
2025-07-25 03:00:00,2025,7,25,3,206,4,26,-4.2,2.9,0.0,0.0,0.0,35.06,Polar Night,18.55,0.0,37.96,10.63
2025-07-25 04:00:00,2025,7,25,4,206,4,25,-2.7,5.8,0.0,0.0,2.41,30.98,Polar Night,18.55,0.0,31.47,8.81
2025-07-25 05:00:00,2025,7,25,5,206,4,24,-2.2,8.2,0.0,0.0,15.43,29.54,Polar Night,18.55,0.0,17.01,4.76
2025-07-25 06:00:00,2025,7,25,6,206,4,24,-2.1,5.5,0.0,0.0,1.71,29.53,Polar Night,18.55,0.0,30.72,8.6
2025-07-25 07:00:00,2025,7,25,7,206,4,25,-2.1,2.0,0.0,0.0,0.0,38.1,Polar Night,18.55,0.0,41.0,11.48
2025-07-25 08:00:00,2025,7,25,8,206,4,23,-1.2,8.2,0.0,0.0,15.43,33.23,Polar Night,18.55,0.0,20.7,5.8
2025-07-25 09:00:00,2025,7,25,9,206,4,24,-2.2,6.3,0.0,0.0,3.94,36.88,Polar Night,18.55,0.0,35.84,10.04
2025-07-25 10:00:00,2025,7,25,10,206,4,26,-1.6,0.9,0.0,0.0,0.0,36.18,Polar Night,18.55,0.0,39.08,10.94
2025-07-25 11:00:00,2025,7,25,11,206,4,22,-2.3,7.3,0.0,0.0,8.73,34.85,Polar Night,18.55,0.0,29.02,8.13
2025-07-25 12:00:00,2025,7,25,12,206,4,26,-2.3,11.7,0.0,0.0,72.26,34.78,Polar Night,35.79,-37.48,0.0,0.0
2025-07-25 13:00:00,2025,7,25,13,206,4,26,-2.5,2.7,0.0,0.0,0.0,37.13,Polar Night,18.63,31.58,15.0,4.2
2025-07-25 14:00:00,2025,7,25,14,206,4,24,-3.1,7.1,0.0,0.0,7.56,34.58,Polar Night,18.63,0.0,29.77,8.33
2025-07-25 15:00:00,2025,7,25,15,206,4,25,-2.1,8.5,0.0,0.0,18.26,35.63,Polar Night,18.63,0.0,20.12,5.63
2025-07-25 16:00:00,2025,7,25,16,206,4,25,-3.7,2.2,0.0,0.0,0.0,39.21,Polar Night,18.63,0.0,41.96,11.75
2025-07-25 17:00:00,2025,7,25,17,206,4,26,-3.2,1.2,0.0,0.0,0.0,39.71,Polar Night,18.63,0.0,42.46,11.89
2025-07-25 18:00:00,2025,7,25,18,206,4,25,-3.2,6.0,0.0,0.0,2.96,34.98,Polar Night,18.63,0.0,34.77,9.73
2025-07-25 19:00:00,2025,7,25,19,206,4,23,-4.4,9.3,0.0,0.0,27.44,37.2,Polar Night,18.63,0.0,15.0,4.2
2025-07-25 20:00:00,2025,7,25,20,206,4,25,-5.5,3.3,0.0,0.0,0.0,39.25,Polar Night,18.63,0.0,42.0,11.76
2025-07-25 21:00:00,2025,7,25,21,206,4,24,-6.6,10.0,0.0,0.0,37.64,38.86,Polar Night,18.63,0.0,15.0,4.2
2025-07-25 22:00:00,2025,7,25,22,206,4,25,-5.9,7.7,0.0,0.0,11.39,36.67,Polar Night,18.63,0.0,28.03,7.85
2025-07-25 23:00:00,2025,7,25,23,206,4,24,-5.7,4.9,0.0,0.0,0.75,36.33,Polar Night,18.63,0.0,38.33,10.73
2025-07-26 00:00:00,2025,7,26,0,207,5,26,-6.3,6.4,0.0,0.0,4.31,39.87,Polar Night,18.63,0.0,38.31,10.73
2025-07-26 01:00:00,2025,7,26,1,207,5,26,-5.4,13.4,0.0,0.0,80.0,39.99,Polar Night,37.03,-40.0,0.0,0.0
2025-07-26 02:00:00,2025,7,26,2,207,5,24,-5.6,3.8,0.0,0.0,0.06,33.91,Polar Night,18.63,33.85,0.0,0.0
2025-07-26 03:00:00,2025,7,26,3,207,5,23,-4.9,6.3,0.0,0.0,3.94,37.73,Polar Night,18.63,0.0,36.53,10.23
2025-07-26 04:00:00,2025,7,26,4,207,5,24,-5.5,7.4,0.0,0.0,9.35,35.34,Polar Night,18.63,0.0,28.73,8.04
2025-07-26 05:00:00,2025,7,26,5,207,5,25,-6.8,3.0,0.0,0.0,0.0,34.99,Polar Night,18.63,0.0,37.73,10.56
2025-07-26 06:00:00,2025,7,26,6,207,5,25,-5.3,1.7,0.0,0.0,0.0,35.83,Polar Night,18.63,0.0,38.57,10.8
2025-07-26 07:00:00,2025,7,26,7,207,5,26,-5.8,1.0,0.0,0.0,0.0,37.78,Polar Night,18.63,0.0,40.52,11.35
2025-07-26 08:00:00,2025,7,26,8,207,5,25,-5.1,4.8,0.0,0.0,0.64,37.38,Polar Night,18.63,0.0,39.48,11.05
2025-07-26 09:00:00,2025,7,26,9,207,5,25,-6.6,2.2,0.0,0.0,0.0,35.88,Polar Night,18.63,0.0,38.62,10.81
2025-07-26 10:00:00,2025,7,26,10,207,5,25,-5.5,9.5,0.0,0.0,30.14,37.99,Polar Night,18.63,0.0,15.0,4.2
2025-07-26 11:00:00,2025,7,26,11,207,5,23,-4.3,17.5,0.0,0.0,80.0,38.53,High Wind Surge,37.03,-40.0,0.0,0.0
2025-07-26 12:00:00,2025,7,26,12,207,5,24,-4.6,2.0,0.0,0.0,0.0,38.57,Polar Night,18.52,34.06,15.0,4.2
2025-07-26 13:00:00,2025,7,26,13,207,5,26,-5.0,5.7,0.0,0.0,2.16,38.67,Polar Night,18.52,0.0,39.47,11.05
2025-07-26 14:00:00,2025,7,26,14,207,5,24,-4.0,1.3,0.0,0.0,0.0,40.66,Polar Night,18.52,0.0,43.62,12.21
2025-07-26 15:00:00,2025,7,26,15,207,5,25,-3.1,3.0,0.0,0.0,0.0,41.33,Polar Night,18.52,0.0,44.29,12.4
2025-07-26 16:00:00,2025,7,26,16,207,5,24,-3.9,4.8,0.0,0.0,0.64,37.49,Polar Night,18.52,0.0,39.81,11.15
2025-07-26 17:00:00,2025,7,26,17,207,5,23,-3.0,5.4,0.0,0.0,1.52,39.22,Polar Night,18.52,0.0,40.66,11.39
2025-07-26 18:00:00,2025,7,26,18,207,5,24,-3.6,12.3,0.0,0.0,80.0,36.89,Polar Night,36.92,-40.0,0.0,0.0
2025-07-26 19:00:00,2025,7,26,19,207,5,25,-2.4,5.4,0.0,0.0,1.52,35.69,Polar Night,18.53,33.84,15.0,4.2
2025-07-26 20:00:00,2025,7,26,20,207,5,24,-2.9,6.3,0.0,0.0,3.94,37.9,Polar Night,18.53,0.0,36.9,10.33
2025-07-26 21:00:00,2025,7,26,21,207,5,24,-2.4,4.1,0.0,0.0,0.15,34.94,Polar Night,18.53,0.0,37.73,10.57
2025-07-26 22:00:00,2025,7,26,22,207,5,24,-2.2,0.2,0.0,0.0,0.0,25.87,Polar Night,18.53,0.0,28.81,8.07
2025-07-26 23:00:00,2025,7,26,23,207,5,26,-3.5,11.1,0.0,0.0,58.32,32.52,Polar Night,30.4,-25.8,0.0,0.0
2025-07-27 00:00:00,2025,7,27,0,208,6,24,-3.1,2.3,0.0,0.0,0.0,28.68,Polar Night,19.1,20.79,15.0,4.2
2025-07-27 01:00:00,2025,7,27,1,208,6,26,-3.7,13.3,0.0,0.0,80.0,32.35,Polar Night,37.5,-40.0,0.0,0.0
2025-07-27 02:00:00,2025,7,27,2,208,6,26,-3.2,2.9,0.0,0.0,0.0,31.58,Polar Night,20.33,31.58,0.0,0.0
2025-07-27 03:00:00,2025,7,27,3,208,6,24,-4.3,7.2,0.0,0.0,8.13,32.0,Polar Night,19.97,0.67,23.2,6.5
2025-07-27 04:00:00,2025,7,27,4,208,6,23,-3.8,19.5,0.0,0.0,80.0,30.13,High Wind Surge,38.37,-40.0,0.0,0.0
2025-07-27 05:00:00,2025,7,27,5,208,6,22,-3.5,3.0,0.0,0.0,0.0,29.32,Polar Night,22.44,29.32,0.0,0.0
2025-07-27 06:00:00,2025,7,27,6,208,6,23,-3.2,5.6,0.0,0.0,1.93,30.69,Polar Night,19.79,4.87,23.89,6.69
2025-07-27 07:00:00,2025,7,27,7,208,6,23,-2.4,9.1,0.0,0.0,24.91,33.85,Polar Night,19.79,0.0,15.0,4.2
2025-07-27 08:00:00,2025,7,27,8,208,6,26,-3.2,1.5,0.0,0.0,0.0,35.67,Polar Night,19.79,0.0,36.09,10.11
2025-07-27 09:00:00,2025,7,27,9,208,6,25,-3.3,8.1,0.0,0.0,14.56,36.79,Polar Night,19.79,0.0,22.65,6.34
2025-07-27 10:00:00,2025,7,27,10,208,6,25,-3.8,2.3,0.0,0.0,0.0,38.28,Polar Night,19.79,0.0,38.7,10.84
2025-07-27 11:00:00,2025,7,27,11,208,6,22,-4.7,4.0,0.0,0.0,0.11,33.63,Polar Night,19.79,0.0,33.94,9.5
2025-07-27 12:00:00,2025,7,27,12,208,6,23,-5.4,3.3,0.0,0.0,0.0,34.84,Polar Night,19.79,0.0,35.26,9.87
2025-07-27 13:00:00,2025,7,27,13,208,6,25,-6.6,11.3,0.0,0.0,62.75,42.78,Polar Night,28.97,-19.97,0.0,0.0
2025-07-27 14:00:00,2025,7,27,14,208,6,25,-6.7,3.5,0.0,0.0,0.01,40.59,Polar Night,19.22,17.95,22.63,6.34
2025-07-27 15:00:00,2025,7,27,15,208,6,24,-6.0,1.6,0.0,0.0,0.0,35.88,Polar Night,19.22,0.0,37.44,10.48
2025-07-27 16:00:00,2025,7,27,16,208,6,25,-7.3,7.1,0.0,0.0,7.56,36.01,Polar Night,19.22,0.0,30.01,8.4
2025-07-27 17:00:00,2025,7,27,17,208,6,26,-6.4,5.0,0.0,0.0,0.88,37.57,Polar Night,19.22,0.0,38.25,10.71
2025-07-27 18:00:00,2025,7,27,18,208,6,24,-4.7,5.5,0.0,0.0,1.71,36.21,Polar Night,19.22,0.0,36.06,10.1
2025-07-27 19:00:00,2025,7,27,19,208,6,25,-3.8,2.8,0.0,0.0,0.0,38.22,Polar Night,19.22,0.0,39.78,11.14
2025-07-27 20:00:00,2025,7,27,20,208,6,25,-3.8,8.7,0.0,0.0,20.32,30.76,Polar Night,19.22,0.0,15.0,4.2
2025-07-27 21:00:00,2025,7,27,21,208,6,27,-3.6,7.2,0.0,0.0,8.13,34.65,Polar Night,19.22,0.0,28.08,7.86
2025-07-27 22:00:00,2025,7,27,22,208,6,22,-2.7,5.1,0.0,0.0,1.02,36.22,Polar Night,19.22,0.0,36.76,10.29
2025-07-27 23:00:00,2025,7,27,23,208,6,25,-3.2,3.4,0.0,0.0,0.01,32.77,Polar Night,19.22,0.0,34.32,9.61
2025-07-28 00:00:00,2025,7,28,0,209,0,24,-4.7,7.1,0.0,0.0,7.56,33.8,Polar Night,19.22,0.0,27.8,7.78
2025-07-28 01:00:00,2025,7,28,1,209,0,25,-5.7,9.1,0.0,0.0,24.91,33.2,Polar Night,19.22,0.0,15.0,4.2
2025-07-28 02:00:00,2025,7,28,2,209,0,24,-4.6,4.7,0.0,0.0,0.54,35.54,Polar Night,19.22,0.0,36.56,10.24
2025-07-28 03:00:00,2025,7,28,3,209,0,24,-5.5,1.3,0.0,0.0,0.0,29.74,Polar Night,19.22,0.0,31.3,8.76
2025-07-28 04:00:00,2025,7,28,4,209,0,25,-4.9,3.8,0.0,0.0,0.06,32.95,Polar Night,19.22,0.0,34.45,9.65
2025-07-28 05:00:00,2025,7,28,5,209,0,28,-4.9,8.0,0.0,0.0,13.72,29.45,Polar Night,19.22,0.0,17.29,4.84
2025-07-28 06:00:00,2025,7,28,6,209,0,25,-3.7,15.4,0.0,0.0,80.0,33.06,High Wind Surge,37.62,-40.0,0.0,0.0
2025-07-28 07:00:00,2025,7,28,7,209,0,24,-2.9,1.0,0.0,0.0,0.0,34.38,Polar Night,18.93,34.38,0.0,0.0
2025-07-28 08:00:00,2025,7,28,8,209,0,24,-3.9,4.6,0.0,0.0,0.45,32.17,Polar Night,18.93,0.0,33.85,9.48
2025-07-28 09:00:00,2025,7,28,9,209,0,24,-3.0,2.0,0.0,0.0,0.0,38.1,Polar Night,18.93,0.0,40.23,11.26
2025-07-28 10:00:00,2025,7,28,10,209,0,23,-3.3,4.7,0.0,0.0,0.54,37.17,Polar Night,18.93,0.0,38.76,10.85
2025-07-28 11:00:00,2025,7,28,11,209,0,24,-3.7,5.5,0.0,0.0,1.71,38.67,Polar Night,18.93,0.0,39.09,10.95
2025-07-28 12:00:00,2025,7,28,12,209,0,25,-5.1,13.5,0.0,0.0,80.0,33.73,Polar Night,37.33,-40.0,0.0,0.0
2025-07-28 13:00:00,2025,7,28,13,209,0,23,-6.2,5.9,0.0,0.0,2.68,35.11,Polar Night,19.71,32.43,0.0,0.0
2025-07-28 14:00:00,2025,7,28,14,209,0,26,-6.5,14.5,0.0,0.0,80.0,41.89,High Wind Surge,37.24,-38.11,0.0,0.0
2025-07-28 15:00:00,2025,7,28,15,209,0,25,-6.2,12.5,0.0,0.0,80.0,40.34,Polar Night,55.48,-39.66,0.0,0.0
2025-07-28 16:00:00,2025,7,28,16,209,0,24,-6.1,18.3,0.0,0.0,80.0,41.4,High Wind Surge,73.24,-38.6,0.0,0.0
2025-07-28 17:00:00,2025,7,28,17,209,0,24,-6.6,16.7,0.0,0.0,80.0,37.67,High Wind Surge,91.64,-40.0,0.0,0.0
2025-07-28 18:00:00,2025,7,28,18,209,0,26,-6.3,13.3,0.0,0.0,80.0,38.46,Polar Night,94.73,-6.72,0.0,0.0
2025-07-28 19:00:00,2025,7,28,19,209,0,25,-5.1,25.5,0.0,0.0,0.0,39.03,Blizzard / Extreme Storm,73.52,39.03,0.0,0.0
2025-07-28 20:00:00,2025,7,28,20,209,0,25,-4.8,16.6,0.0,0.0,80.0,33.89,High Wind Surge,91.92,-40.0,0.0,0.0
2025-07-28 21:00:00,2025,7,28,21,209,0,24,-5.4,22.4,0.0,0.0,80.0,37.86,Blizzard / Extreme Storm,94.75,-6.16,0.0,0.0
2025-07-28 22:00:00,2025,7,28,22,209,0,25,-6.0,26.8,0.0,0.0,0.0,41.17,Blizzard / Extreme Storm,72.38,41.17,0.0,0.0
2025-07-28 23:00:00,2025,7,28,23,209,0,24,-5.3,19.2,0.0,0.0,80.0,33.2,High Wind Surge,90.78,-40.0,0.0,0.0
2025-07-29 00:00:00,2025,7,29,0,210,1,22,-5.8,24.2,0.0,0.0,80.0,30.03,Blizzard / Extreme Storm,94.66,-8.44,0.0,0.0
2025-07-29 01:00:00,2025,7,29,1,210,1,27,-6.1,27.6,0.0,0.0,0.0,36.36,Blizzard / Extreme Storm,74.9,36.36,0.0,0.0
2025-07-29 02:00:00,2025,7,29,2,210,1,25,-4.8,33.0,0.0,0.0,0.0,31.68,Blizzard / Extreme Storm,57.68,31.68,0.0,0.0
2025-07-29 03:00:00,2025,7,29,3,210,1,25,-4.9,26.4,0.0,0.0,0.0,33.74,Blizzard / Extreme Storm,39.35,33.74,0.0,0.0
2025-07-29 04:00:00,2025,7,29,4,210,1,24,-4.9,22.2,0.0,0.0,80.0,36.51,Blizzard / Extreme Storm,57.75,-40.0,0.0,0.0
2025-07-29 05:00:00,2025,7,29,5,210,1,24,-4.5,25.6,0.0,0.0,0.0,34.89,Blizzard / Extreme Storm,38.79,34.89,0.0,0.0
2025-07-29 06:00:00,2025,7,29,6,210,1,24,-4.5,25.1,0.0,0.0,0.0,32.27,Blizzard / Extreme Storm,21.25,32.27,0.0,0.0
2025-07-29 07:00:00,2025,7,29,7,210,1,23,-3.8,24.4,0.0,0.0,80.0,37.92,Blizzard / Extreme Storm,39.65,-40.0,0.0,0.0
2025-07-29 08:00:00,2025,7,29,8,210,1,27,-6.4,25.5,0.0,0.0,0.0,34.99,Blizzard / Extreme Storm,20.63,34.99,0.0,0.0
2025-07-29 09:00:00,2025,7,29,9,210,1,23,-6.1,16.6,0.0,0.0,80.0,38.04,High Wind Surge,39.03,-40.0,0.0,0.0
2025-07-29 10:00:00,2025,7,29,10,210,1,23,-5.2,15.7,0.0,0.0,80.0,35.91,High Wind Surge,57.43,-40.0,0.0,0.0
2025-07-29 11:00:00,2025,7,29,11,210,1,24,-5.2,19.3,0.0,0.0,80.0,31.32,High Wind Surge,75.83,-40.0,0.0,0.0
2025-07-29 12:00:00,2025,7,29,12,210,1,26,-5.1,23.1,10.9,0.65,80.0,34.81,Blizzard / Extreme Storm,93.47,-38.34,0.0,0.0
2025-07-29 13:00:00,2025,7,29,13,210,1,25,-5.4,14.7,0.0,0.0,80.0,37.68,High Wind Surge,94.88,-3.07,0.0,0.0
2025-07-29 14:00:00,2025,7,29,14,210,1,23,-3.4,20.2,0.0,0.0,80.0,37.39,High Wind Surge,94.99,-0.25,0.0,0.0
2025-07-29 15:00:00,2025,7,29,15,210,1,26,-2.9,17.6,0.0,0.0,80.0,36.24,High Wind Surge,95.0,-0.02,0.0,0.0
2025-07-29 16:00:00,2025,7,29,16,210,1,25,-3.9,14.8,0.0,0.0,80.0,35.85,High Wind Surge,95.0,-0.0,0.0,0.0
2025-07-29 17:00:00,2025,7,29,17,210,1,25,-3.5,13.2,0.0,0.0,80.0,38.32,Polar Night,95.0,-0.0,0.0,0.0
2025-07-29 18:00:00,2025,7,29,18,210,1,25,-3.3,11.1,0.0,0.0,58.32,36.83,Polar Night,95.0,-0.0,0.0,0.0
2025-07-29 19:00:00,2025,7,29,19,210,1,27,-3.3,9.7,0.0,0.0,33.01,39.33,Polar Night,91.57,6.32,0.0,0.0
2025-07-29 20:00:00,2025,7,29,20,210,1,27,-3.1,8.1,0.0,0.0,14.56,38.12,Polar Night,78.76,23.56,0.0,0.0
2025-07-29 21:00:00,2025,7,29,21,210,1,24,-4.9,1.3,0.0,0.0,0.0,35.21,Polar Night,59.62,35.21,0.0,0.0
2025-07-29 22:00:00,2025,7,29,22,210,1,26,-4.5,3.0,0.0,0.0,0.0,35.6,Polar Night,40.28,35.6,0.0,0.0
2025-07-29 23:00:00,2025,7,29,23,210,1,25,-6.0,3.0,0.0,0.0,0.0,37.24,Polar Night,20.04,37.24,0.0,0.0
2025-07-30 00:00:00,2025,7,30,0,211,2,25,-4.5,1.3,0.0,0.0,0.0,37.21,Polar Night,20.0,0.08,37.13,10.4
2025-07-30 01:00:00,2025,7,30,1,211,2,23,-5.3,2.8,0.0,0.0,0.0,32.56,Polar Night,20.0,0.0,32.57,9.12
2025-07-30 02:00:00,2025,7,30,2,211,2,24,-5.9,11.7,0.0,0.0,72.26,33.64,Polar Night,37.76,-38.62,0.0,0.0
2025-07-30 03:00:00,2025,7,30,3,211,2,24,-4.4,7.8,0.0,0.0,12.14,35.62,Polar Night,25.0,23.48,0.0,0.0
2025-07-30 04:00:00,2025,7,30,4,211,2,25,-5.0,4.7,0.0,0.0,0.54,36.19,Polar Night,19.57,10.0,25.65,7.18
2025-07-30 05:00:00,2025,7,30,5,211,2,26,-4.4,9.3,0.0,0.0,27.44,32.57,Polar Night,19.57,0.0,15.0,4.2
2025-07-30 06:00:00,2025,7,30,6,211,2,22,-4.9,6.2,0.0,0.0,3.6,31.69,Polar Night,19.57,0.0,28.96,8.11
2025-07-30 07:00:00,2025,7,30,7,211,2,24,-3.9,3.1,0.0,0.0,0.0,35.16,Polar Night,19.57,0.0,36.03,10.09
2025-07-30 08:00:00,2025,7,30,8,211,2,26,-3.0,10.8,0.0,0.0,52.08,36.46,Polar Night,26.75,-15.62,0.0,0.0
2025-07-30 09:00:00,2025,7,30,9,211,2,24,-2.8,4.9,0.0,0.0,0.75,33.2,Polar Night,19.41,13.5,18.95,5.31
2025-07-30 10:00:00,2025,7,30,10,211,2,25,-2.0,8.2,0.0,0.0,15.43,36.22,Polar Night,19.41,0.0,21.96,6.15
2025-07-30 11:00:00,2025,7,30,11,211,2,25,-1.5,4.5,0.0,0.0,0.37,30.47,Polar Night,19.41,0.0,31.27,8.76
2025-07-30 12:00:00,2025,7,30,12,211,2,25,-2.4,6.3,37.8,2.42,3.94,33.39,Overcast / Moderate,19.41,0.0,28.2,7.9
2025-07-30 13:00:00,2025,7,30,13,211,2,24,-3.4,9.6,0.0,0.0,31.55,36.33,Polar Night,19.41,0.0,15.0,4.2
2025-07-30 14:00:00,2025,7,30,14,211,2,23,-4.4,3.2,0.0,0.0,0.0,33.97,Polar Night,19.41,0.0,35.14,9.84
2025-07-30 15:00:00,2025,7,30,15,211,2,23,-4.9,14.1,0.0,0.0,80.0,35.6,High Wind Surge,37.81,-40.0,0.0,0.0
2025-07-30 16:00:00,2025,7,30,16,211,2,25,-4.8,2.2,0.0,0.0,0.0,36.95,Polar Night,18.45,35.63,15.0,4.2
2025-07-30 17:00:00,2025,7,30,17,211,2,25,-4.6,6.6,0.0,0.0,5.12,42.42,Polar Night,18.45,0.0,40.4,11.31
2025-07-30 18:00:00,2025,7,30,18,211,2,24,-4.3,11.6,0.0,0.0,69.8,33.28,Polar Night,35.25,-36.52,0.0,0.0
2025-07-30 19:00:00,2025,7,30,19,211,2,24,-2.9,12.5,0.0,0.0,80.0,36.08,Polar Night,53.65,-40.0,0.0,0.0
2025-07-30 20:00:00,2025,7,30,20,211,2,24,-3.1,4.0,0.0,0.0,0.11,33.08,Polar Night,35.73,32.97,0.0,0.0
2025-07-30 21:00:00,2025,7,30,21,211,2,26,-2.4,3.1,0.0,0.0,0.0,33.16,Polar Night,18.63,31.46,15.0,4.2
2025-07-30 22:00:00,2025,7,30,22,211,2,24,-1.6,8.5,0.0,0.0,18.26,29.13,Polar Night,18.63,0.0,15.0,4.2
2025-07-30 23:00:00,2025,7,30,23,211,2,23,-1.1,1.7,0.0,0.0,0.0,30.34,Polar Night,18.63,0.0,33.08,9.26
2025-07-31 00:00:00,2025,7,31,0,212,3,25,-0.8,6.2,0.0,0.0,3.6,34.52,Polar Night,18.63,0.0,33.66,9.42
2025-07-31 01:00:00,2025,7,31,1,212,3,24,-2.1,9.4,0.0,0.0,28.77,34.63,Polar Night,18.63,0.0,15.0,4.2
2025-07-31 02:00:00,2025,7,31,2,212,3,25,-2.0,6.8,0.0,0.0,6.02,30.69,Polar Night,18.63,0.0,27.41,7.67
2025-07-31 03:00:00,2025,7,31,3,212,3,26,-3.3,3.6,0.0,0.0,0.02,32.36,Polar Night,18.63,0.0,35.08,9.82
2025-07-31 04:00:00,2025,7,31,4,212,3,24,-4.2,6.2,0.0,0.0,3.6,34.75,Polar Night,18.63,0.0,33.89,9.49
2025-07-31 05:00:00,2025,7,31,5,212,3,25,-4.7,11.7,0.0,0.0,72.26,34.0,Polar Night,36.23,-38.26,0.0,0.0
2025-07-31 06:00:00,2025,7,31,6,212,3,23,-5.3,7.4,0.0,0.0,9.35,32.29,Polar Night,23.76,22.94,0.0,0.0
2025-07-31 07:00:00,2025,7,31,7,212,3,24,-4.4,8.4,0.0,0.0,17.28,38.27,Polar Night,19.67,7.53,15.0,4.2
2025-07-31 08:00:00,2025,7,31,8,212,3,25,-5.1,4.9,0.0,0.0,0.75,41.54,Polar Night,19.67,0.0,41.44,11.6
2025-07-31 09:00:00,2025,7,31,9,212,3,23,-3.2,3.6,0.0,0.0,0.02,38.02,Polar Night,19.67,0.0,38.65,10.82
2025-07-31 10:00:00,2025,7,31,10,212,3,25,-2.8,4.2,0.0,0.0,0.19,39.16,Polar Night,19.67,0.0,39.62,11.09
2025-07-31 11:00:00,2025,7,31,11,212,3,25,-2.8,6.6,31.8,2.04,5.12,35.42,Overcast / Moderate,19.67,0.0,28.91,8.1
2025-07-31 12:00:00,2025,7,31,12,212,3,25,-2.8,4.4,33.3,2.08,0.3,33.06,Overcast / Moderate,19.67,0.0,31.33,8.77
2025-07-31 13:00:00,2025,7,31,13,212,3,26,-3.0,6.7,30.5,1.95,5.56,31.26,Overcast / Moderate,19.67,0.0,24.4,6.83
2025-07-31 14:00:00,2025,7,31,14,212,3,25,-1.3,8.3,0.0,0.0,16.34,29.46,Polar Night,19.67,0.0,15.0,4.2
2025-07-31 15:00:00,2025,7,31,15,212,3,26,-2.1,8.6,0.0,0.0,19.27,35.08,Polar Night,19.67,0.0,16.46,4.61
2025-07-31 16:00:00,2025,7,31,16,212,3,24,-2.6,3.3,0.0,0.0,0.0,36.54,Polar Night,19.67,0.0,37.19,10.41
2025-07-31 17:00:00,2025,7,31,17,212,3,25,-2.6,8.8,0.0,0.0,21.41,37.72,Polar Night,19.67,0.0,16.96,4.75
2025-07-31 18:00:00,2025,7,31,18,212,3,25,-1.5,7.9,0.0,0.0,12.91,35.4,Polar Night,19.67,0.0,23.14,6.48
2025-07-31 19:00:00,2025,7,31,19,212,3,23,-2.2,0.9,0.0,0.0,0.0,32.82,Polar Night,19.67,0.0,33.47,9.37
2025-07-31 20:00:00,2025,7,31,20,212,3,25,-3.2,2.0,0.0,0.0,0.0,37.7,Polar Night,19.67,0.0,38.35,10.74
2025-07-31 21:00:00,2025,7,31,21,212,3,27,-2.6,7.6,0.0,0.0,10.68,33.31,Polar Night,19.67,0.0,23.28,6.52
2025-07-31 22:00:00,2025,7,31,22,212,3,24,-2.8,5.3,0.0,0.0,1.34,29.46,Polar Night,19.67,0.0,28.77,8.06
2025-07-31 23:00:00,2025,7,31,23,212,3,25,-2.3,3.1,0.0,0.0,0.0,33.59,Polar Night,19.67,0.0,34.24,9.59
2025-08-01 00:00:00,2025,8,1,0,213,4,25,-4.0,1.7,0.0,0.0,0.0,30.25,Overcast / Moderate,19.67,0.0,30.9,8.65
2025-08-01 01:00:00,2025,8,1,1,213,4,24,-4.1,3.3,0.0,0.0,0.0,31.28,Overcast / Moderate,19.67,0.0,31.93,8.94
2025-08-01 02:00:00,2025,8,1,2,213,4,23,-3.3,13.0,0.0,0.0,80.0,29.94,Overcast / Moderate,38.07,-40.0,0.0,0.0
2025-08-01 03:00:00,2025,8,1,3,213,4,24,-4.6,8.5,0.0,0.0,18.26,33.99,Overcast / Moderate,29.52,15.73,0.0,0.0
2025-08-01 04:00:00,2025,8,1,4,213,4,23,-4.8,6.5,0.0,0.0,4.71,34.98,Overcast / Moderate,19.17,19.05,15.0,4.2
2025-08-01 05:00:00,2025,8,1,5,213,4,26,-5.2,12.3,0.0,0.0,80.0,35.98,Overcast / Moderate,37.57,-40.0,0.0,0.0
2025-08-01 06:00:00,2025,8,1,6,213,4,24,-5.2,7.4,0.0,0.0,9.35,32.57,Overcast / Moderate,24.95,23.22,0.0,0.0
2025-08-01 07:00:00,2025,8,1,7,213,4,24,-5.2,8.5,0.0,0.0,18.26,36.8,Overcast / Moderate,19.57,9.9,15.0,4.2
2025-08-01 08:00:00,2025,8,1,8,213,4,25,-5.8,4.4,0.0,0.0,0.3,39.85,Overcast / Moderate,19.57,0.0,40.41,11.32
2025-08-01 09:00:00,2025,8,1,9,213,4,23,-5.2,7.1,0.0,0.0,7.56,35.55,Overcast / Moderate,19.57,0.0,28.85,8.08
2025-08-01 10:00:00,2025,8,1,10,213,4,24,-4.2,3.1,0.0,0.0,0.0,34.19,Overcast / Moderate,19.57,0.0,35.05,9.81
2025-08-01 11:00:00,2025,8,1,11,213,4,25,-3.3,5.5,31.1,1.96,1.71,34.54,Overcast / Moderate,19.57,0.0,31.73,8.88
2025-08-01 12:00:00,2025,8,1,12,213,4,26,-3.1,1.5,39.2,2.47,0.0,34.82,Overcast / Moderate,19.57,0.0,33.21,9.3
2025-08-01 13:00:00,2025,8,1,13,213,4,25,-2.7,3.8,36.1,2.32,0.06,35.77,Overcast / Moderate,19.57,0.0,34.25,9.59
2025-08-01 14:00:00,2025,8,1,14,213,4,25,-2.2,2.2,0.0,0.0,0.0,35.25,Overcast / Moderate,19.57,0.0,36.11,10.11
2025-08-01 15:00:00,2025,8,1,15,213,4,25,-1.3,5.3,0.0,0.0,1.34,34.22,Overcast / Moderate,19.57,0.0,33.74,9.45
2025-08-01 16:00:00,2025,8,1,16,213,4,25,-1.7,10.1,0.0,0.0,39.28,32.94,Overcast / Moderate,22.49,-6.34,0.0,0.0
2025-08-01 17:00:00,2025,8,1,17,213,4,25,-2.4,5.3,0.0,0.0,1.34,33.14,Overcast / Moderate,19.78,4.97,26.83,7.51
2025-08-01 18:00:00,2025,8,1,18,213,4,23,-1.6,9.9,0.0,0.0,36.05,35.8,Overcast / Moderate,19.9,-0.25,0.0,0.0
2025-08-01 19:00:00,2025,8,1,19,213,4,25,-1.4,7.7,0.0,0.0,11.39,35.57,Overcast / Moderate,19.9,0.0,24.38,6.83
2025-08-01 20:00:00,2025,8,1,20,213,4,23,-2.5,6.4,0.0,0.0,4.31,33.76,Overcast / Moderate,19.9,0.0,29.65,8.3
2025-08-01 21:00:00,2025,8,1,21,213,4,25,-3.5,4.0,0.0,0.0,0.11,36.15,Overcast / Moderate,19.9,0.0,36.24,10.15
2025-08-01 22:00:00,2025,8,1,22,213,4,24,-3.2,11.7,0.0,0.0,72.26,35.55,Overcast / Moderate,36.79,-36.71,0.0,0.0
2025-08-01 23:00:00,2025,8,1,23,213,4,27,-3.7,1.9,0.0,0.0,0.0,33.36,Overcast / Moderate,18.66,33.36,0.0,0.0
2025-08-02 00:00:00,2025,8,2,0,214,5,24,-4.2,8.1,0.0,0.0,14.56,33.25,Overcast / Moderate,18.66,0.0,21.38,5.99
2025-08-02 01:00:00,2025,8,2,1,214,5,23,-4.8,7.4,0.0,0.0,9.35,37.33,Overcast / Moderate,18.66,0.0,30.67,8.59
2025-08-02 02:00:00,2025,8,2,2,214,5,24,-5.7,5.8,0.0,0.0,2.41,37.07,Overcast / Moderate,18.66,0.0,37.35,10.46
2025-08-02 03:00:00,2025,8,2,3,214,5,25,-5.9,4.1,0.0,0.0,0.15,33.16,Overcast / Moderate,18.66,0.0,35.7,10.0
2025-08-02 04:00:00,2025,8,2,4,214,5,26,-6.6,5.7,0.0,0.0,2.16,38.17,Overcast / Moderate,18.66,0.0,38.7,10.84
2025-08-02 05:00:00,2025,8,2,5,214,5,24,-6.7,10.6,0.0,0.0,48.17,34.72,Overcast / Moderate,24.84,-13.45,0.0,0.0
2025-08-02 06:00:00,2025,8,2,6,214,5,23,-7.4,10.0,0.0,0.0,37.64,32.83,Overcast / Moderate,27.05,-4.81,0.0,0.0
2025-08-02 07:00:00,2025,8,2,7,214,5,25,-7.6,12.3,0.0,0.0,80.0,42.63,Overcast / Moderate,44.24,-37.37,0.0,0.0
2025-08-02 08:00:00,2025,8,2,8,214,5,23,-5.7,4.7,0.0,0.0,0.54,35.47,Overcast / Moderate,25.26,34.93,0.0,0.0
2025-08-02 09:00:00,2025,8,2,9,214,5,24,-4.4,5.3,0.0,0.0,1.34,35.35,Overcast / Moderate,19.54,10.52,23.49,6.58
2025-08-02 10:00:00,2025,8,2,10,214,5,24,-3.6,1.1,0.0,0.0,0.0,35.07,Overcast / Moderate,19.54,0.0,35.98,10.08
2025-08-02 11:00:00,2025,8,2,11,214,5,24,-3.9,12.4,37.2,2.37,80.0,41.34,Overcast / Moderate,37.94,-40.0,0.0,0.0
2025-08-02 12:00:00,2025,8,2,12,214,5,25,-2.5,4.8,50.3,3.22,0.64,33.16,Overcast / Moderate,22.02,29.3,0.0,0.0
2025-08-02 13:00:00,2025,8,2,13,214,5,24,-2.3,5.5,31.9,1.99,1.71,33.54,Overcast / Moderate,19.82,4.04,25.8,7.22
2025-08-02 14:00:00,2025,8,2,14,214,5,24,-3.0,11.3,0.0,0.0,62.75,34.71,Overcast / Moderate,32.72,-28.04,0.0,0.0
2025-08-02 15:00:00,2025,8,2,15,214,5,24,-4.4,6.5,0.0,0.0,4.71,37.94,Overcast / Moderate,18.89,25.45,15.0,4.2
2025-08-02 16:00:00,2025,8,2,16,214,5,25,-4.8,6.9,0.0,0.0,6.51,37.09,Overcast / Moderate,18.89,0.0,32.79,9.18
2025-08-02 17:00:00,2025,8,2,17,214,5,25,-3.5,3.4,0.0,0.0,0.01,34.62,Overcast / Moderate,18.89,0.0,36.82,10.31
2025-08-02 18:00:00,2025,8,2,18,214,5,25,-4.1,6.3,0.0,0.0,3.94,38.3,Overcast / Moderate,18.89,0.0,36.57,10.24
2025-08-02 19:00:00,2025,8,2,19,214,5,25,-3.9,11.6,0.0,0.0,69.8,39.98,Overcast / Moderate,32.61,-29.82,0.0,0.0
2025-08-02 20:00:00,2025,8,2,20,214,5,25,-3.4,6.8,0.0,0.0,6.02,32.16,Overcast / Moderate,18.9,25.22,15.0,4.2
2025-08-02 21:00:00,2025,8,2,21,214,5,25,-3.0,4.2,0.0,0.0,0.19,34.21,Overcast / Moderate,18.9,0.0,36.21,10.14
2025-08-02 22:00:00,2025,8,2,22,214,5,23,-2.9,1.4,0.0,0.0,0.0,33.36,Overcast / Moderate,18.9,0.0,35.55,9.95
2025-08-02 23:00:00,2025,8,2,23,214,5,25,-4.4,4.9,0.0,0.0,0.75,30.55,Overcast / Moderate,18.9,0.0,31.99,8.96
2025-08-03 00:00:00,2025,8,3,0,215,6,25,-4.5,6.9,0.0,0.0,6.51,33.32,Overcast / Moderate,18.9,0.0,29.0,8.12
2025-08-03 01:00:00,2025,8,3,1,215,6,25,-5.2,1.7,0.0,0.0,0.0,37.41,Overcast / Moderate,18.9,0.0,39.6,11.09
2025-08-03 02:00:00,2025,8,3,2,215,6,24,-5.6,7.3,0.0,0.0,8.73,35.88,Overcast / Moderate,18.9,0.0,29.34,8.22
2025-08-03 03:00:00,2025,8,3,3,215,6,24,-6.1,6.5,0.0,0.0,4.71,36.0,Overcast / Moderate,18.9,0.0,33.48,9.38
2025-08-03 04:00:00,2025,8,3,4,215,6,24,-6.9,9.2,0.0,0.0,26.15,37.16,Overcast / Moderate,18.9,0.0,15.0,4.2
2025-08-03 05:00:00,2025,8,3,5,215,6,25,-6.5,1.4,0.0,0.0,0.0,36.02,Overcast / Moderate,18.9,0.0,38.21,10.7
2025-08-03 06:00:00,2025,8,3,6,215,6,26,-7.3,9.1,0.0,0.0,24.91,35.18,Overcast / Moderate,18.9,0.0,15.0,4.2
2025-08-03 07:00:00,2025,8,3,7,215,6,24,-7.8,6.5,0.0,0.0,4.71,41.58,Overcast / Moderate,18.9,0.0,39.06,10.94
2025-08-03 08:00:00,2025,8,3,8,215,6,25,-7.7,5.2,0.0,0.0,1.17,38.25,Overcast / Moderate,18.9,0.0,39.27,11.0
2025-08-03 09:00:00,2025,8,3,9,215,6,25,-7.6,13.4,0.0,0.0,80.0,38.96,Overcast / Moderate,37.3,-40.0,0.0,0.0
2025-08-03 10:00:00,2025,8,3,10,215,6,24,-7.8,3.3,0.0,0.0,0.0,35.03,Overcast / Moderate,18.5,34.61,15.0,4.2
2025-08-03 11:00:00,2025,8,3,11,215,6,24,-6.4,6.7,47.3,3.09,5.56,36.93,Overcast / Moderate,18.5,0.0,31.29,8.76
2025-08-03 12:00:00,2025,8,3,12,215,6,25,-5.9,4.8,48.7,3.11,0.64,38.29,Overcast / Moderate,18.5,0.0,37.55,10.51
2025-08-03 13:00:00,2025,8,3,13,215,6,25,-3.7,6.5,41.7,2.66,4.71,36.51,Overcast / Moderate,18.5,0.0,32.15,9.0
2025-08-03 14:00:00,2025,8,3,14,215,6,27,-2.6,6.8,0.0,0.0,6.02,38.62,Overcast / Moderate,18.5,0.0,35.61,9.97
2025-08-03 15:00:00,2025,8,3,15,215,6,24,-3.4,2.4,0.0,0.0,0.0,34.78,Overcast / Moderate,18.5,0.0,37.79,10.58
2025-08-03 16:00:00,2025,8,3,16,215,6,25,-3.0,7.8,0.0,0.0,12.14,34.92,Overcast / Moderate,18.5,0.0,25.79,7.22
2025-08-03 17:00:00,2025,8,3,17,215,6,24,-4.0,7.5,0.0,0.0,10.0,34.97,Overcast / Moderate,18.5,0.0,27.98,7.83
2025-08-03 18:00:00,2025,8,3,18,215,6,24,-5.3,9.0,0.0,0.0,23.7,37.9,Overcast / Moderate,18.5,0.0,17.21,4.82
2025-08-03 19:00:00,2025,8,3,19,215,6,24,-7.1,2.4,0.0,0.0,0.0,42.51,Overcast / Moderate,18.5,0.0,45.52,12.75
2025-08-03 20:00:00,2025,8,3,20,215,6,25,-7.8,4.6,0.0,0.0,0.45,33.74,Overcast / Moderate,18.5,0.0,36.3,10.16
2025-08-03 21:00:00,2025,8,3,21,215,6,27,-5.6,7.7,0.0,0.0,11.39,37.34,Overcast / Moderate,18.5,0.0,28.96,8.11
2025-08-03 22:00:00,2025,8,3,22,215,6,24,-5.3,3.0,0.0,0.0,0.0,33.22,Overcast / Moderate,18.5,0.0,36.23,10.14
2025-08-03 23:00:00,2025,8,3,23,215,6,23,-5.1,8.0,0.0,0.0,13.72,28.4,Overcast / Moderate,18.5,0.0,17.69,4.95
2025-08-04 00:00:00,2025,8,4,0,216,0,25,-3.6,2.0,0.0,0.0,0.0,32.72,Overcast / Moderate,18.5,0.0,35.73,10.0
2025-08-04 01:00:00,2025,8,4,1,216,0,22,-1.9,4.9,0.0,0.0,0.75,30.24,Overcast / Moderate,18.5,0.0,32.5,9.1
2025-08-04 02:00:00,2025,8,4,2,216,0,24,-1.2,10.1,0.0,0.0,39.28,29.92,Overcast / Moderate,22.8,-9.36,0.0,0.0
2025-08-04 03:00:00,2025,8,4,3,216,0,25,-2.8,9.1,0.0,0.0,24.91,29.67,Overcast / Moderate,20.21,4.76,0.0,0.0
2025-08-04 04:00:00,2025,8,4,4,216,0,25,-4.5,7.6,0.0,0.0,10.68,33.49,Overcast / Moderate,19.98,0.43,22.38,6.27
2025-08-04 05:00:00,2025,8,4,5,216,0,25,-5.8,10.5,0.0,0.0,46.3,31.77,Overcast / Moderate,26.67,-14.53,0.0,0.0
2025-08-04 06:00:00,2025,8,4,6,216,0,24,-5.0,8.3,0.0,0.0,16.34,31.76,Overcast / Moderate,19.42,13.33,15.0,4.2
2025-08-04 07:00:00,2025,8,4,7,216,0,24,-5.9,6.5,0.0,0.0,4.71,37.25,Overcast / Moderate,19.42,0.0,33.7,9.44
2025-08-04 08:00:00,2025,8,4,8,216,0,24,-6.8,14.3,0.0,0.0,80.0,40.97,High Wind Surge,37.37,-39.03,0.0,0.0
2025-08-04 09:00:00,2025,8,4,9,216,0,23,-7.4,8.1,0.0,0.0,14.56,39.55,Overcast / Moderate,23.79,24.99,0.0,0.0
2025-08-04 10:00:00,2025,8,4,10,216,0,25,-6.5,7.2,0.0,0.0,8.13,40.08,Overcast / Moderate,19.67,7.59,24.36,6.82
2025-08-04 11:00:00,2025,8,4,11,216,0,23,-5.3,5.5,36.7,2.3,1.71,41.85,Overcast / Moderate,19.67,0.0,38.5,10.78
2025-08-04 12:00:00,2025,8,4,12,216,0,24,-5.7,11.2,51.3,3.26,60.51,38.7,Overcast / Moderate,31.2,-25.07,0.0,0.0
2025-08-04 13:00:00,2025,8,4,13,216,0,24,-5.8,4.6,42.8,2.73,0.45,35.05,Overcast / Moderate,19.03,22.4,15.0,4.2
2025-08-04 14:00:00,2025,8,4,14,216,0,25,-6.5,0.8,0.0,0.0,0.0,37.13,Overcast / Moderate,19.03,0.0,39.08,10.94
2025-08-04 15:00:00,2025,8,4,15,216,0,26,-5.8,3.6,0.0,0.0,0.02,36.22,Overcast / Moderate,19.03,0.0,38.15,10.68
2025-08-04 16:00:00,2025,8,4,16,216,0,23,-4.7,2.7,0.0,0.0,0.0,36.16,Overcast / Moderate,19.03,0.0,38.11,10.67
2025-08-04 17:00:00,2025,8,4,17,216,0,23,-4.4,4.8,0.0,0.0,0.64,35.24,Overcast / Moderate,19.03,0.0,36.55,10.23
2025-08-04 18:00:00,2025,8,4,18,216,0,24,-4.3,9.8,0.0,0.0,34.51,34.19,Overcast / Moderate,19.17,-0.32,0.0,0.0
2025-08-04 19:00:00,2025,8,4,19,216,0,25,-4.7,7.7,0.0,0.0,11.39,39.5,Overcast / Moderate,19.17,0.0,29.76,8.33
2025-08-04 20:00:00,2025,8,4,20,216,0,25,-5.9,3.4,0.0,0.0,0.01,40.58,Overcast / Moderate,19.17,0.0,42.22,11.82
2025-08-04 21:00:00,2025,8,4,21,216,0,24,-6.0,9.3,0.0,0.0,27.44,38.27,Overcast / Moderate,19.17,0.0,15.0,4.2
2025-08-04 22:00:00,2025,8,4,22,216,0,24,-7.4,6.3,0.0,0.0,3.94,33.17,Overcast / Moderate,19.17,0.0,30.88,8.65
2025-08-04 23:00:00,2025,8,4,23,216,0,25,-7.5,6.4,0.0,0.0,4.31,36.26,Overcast / Moderate,19.17,0.0,33.6,9.41
2025-08-05 00:00:00,2025,8,5,0,217,1,26,-6.1,5.1,0.0,0.0,1.02,33.59,Overcast / Moderate,19.17,0.0,34.22,9.58
2025-08-05 01:00:00,2025,8,5,1,217,1,23,-5.3,10.4,0.0,0.0,44.47,37.1,Overcast / Moderate,22.56,-7.37,0.0,0.0
2025-08-05 02:00:00,2025,8,5,2,217,1,24,-2.1,4.8,0.0,0.0,0.64,28.71,Overcast / Moderate,19.78,5.13,22.94,6.42
2025-08-05 03:00:00,2025,8,5,3,217,1,25,-1.5,2.5,0.0,0.0,0.0,33.1,Overcast / Moderate,19.78,0.0,33.55,9.39
2025-08-05 04:00:00,2025,8,5,4,217,1,24,-1.4,4.6,0.0,0.0,0.45,32.76,Overcast / Moderate,19.78,0.0,32.76,9.17
2025-08-05 05:00:00,2025,8,5,5,217,1,26,-1.3,8.4,0.0,0.0,17.28,33.76,Overcast / Moderate,19.78,0.0,16.93,4.74
2025-08-05 06:00:00,2025,8,5,6,217,1,24,-2.1,7.8,0.0,0.0,12.14,32.19,Overcast / Moderate,19.78,0.0,20.5,5.74
2025-08-05 07:00:00,2025,8,5,7,217,1,24,-1.3,3.6,0.0,0.0,0.02,33.47,Overcast / Moderate,19.78,0.0,33.9,9.49
2025-08-05 08:00:00,2025,8,5,8,217,1,25,-3.1,2.7,0.0,0.0,0.0,41.97,Overcast / Moderate,19.78,0.0,42.42,11.88
2025-08-05 09:00:00,2025,8,5,9,217,1,24,-3.1,7.8,0.0,0.0,12.14,33.45,Overcast / Moderate,19.78,0.0,21.76,6.09
2025-08-05 10:00:00,2025,8,5,10,217,1,23,-3.4,7.9,0.0,0.0,12.91,37.32,Overcast / Moderate,19.78,0.0,24.86,6.96
2025-08-05 11:00:00,2025,8,5,11,217,1,24,-3.0,5.2,56.2,3.63,1.17,35.62,Overcast / Moderate,19.78,0.0,31.27,8.75
2025-08-05 12:00:00,2025,8,5,12,217,1,26,-2.9,10.1,54.7,3.45,39.28,37.05,Overcast / Moderate,22.39,-5.68,0.0,0.0
2025-08-05 13:00:00,2025,8,5,13,217,1,24,-3.9,14.2,46.2,2.92,80.0,37.09,High Wind Surge,40.79,-40.0,0.0,0.0
2025-08-05 14:00:00,2025,8,5,14,217,1,24,-3.8,3.7,0.0,0.0,0.04,33.46,Overcast / Moderate,22.63,33.42,0.0,0.0
2025-08-05 15:00:00,2025,8,5,15,217,1,25,-3.7,7.0,0.0,0.0,7.02,33.09,Overcast / Moderate,19.77,5.25,20.82,5.83
2025-08-05 16:00:00,2025,8,5,16,217,1,24,-2.6,0.6,0.0,0.0,0.0,32.08,Overcast / Moderate,19.77,0.0,32.54,9.11
2025-08-05 17:00:00,2025,8,5,17,217,1,24,-3.1,8.3,0.0,0.0,16.34,34.53,Overcast / Moderate,19.77,0.0,18.65,5.22
2025-08-05 18:00:00,2025,8,5,18,217,1,25,-4.0,5.6,0.0,0.0,1.93,37.29,Overcast / Moderate,19.77,0.0,35.82,10.03
2025-08-05 19:00:00,2025,8,5,19,217,1,25,-4.3,3.6,0.0,0.0,0.02,35.17,Overcast / Moderate,19.77,0.0,35.61,9.97
2025-08-05 20:00:00,2025,8,5,20,217,1,27,-3.4,8.8,0.0,0.0,21.41,33.32,Overcast / Moderate,19.77,0.0,15.0,4.2
2025-08-05 21:00:00,2025,8,5,21,217,1,25,-3.4,9.6,0.0,0.0,31.55,38.51,Overcast / Moderate,19.77,0.0,15.0,4.2
2025-08-05 22:00:00,2025,8,5,22,217,1,26,-4.4,2.7,0.0,0.0,0.0,30.0,Overcast / Moderate,19.77,0.0,30.46,8.53
2025-08-05 23:00:00,2025,8,5,23,217,1,24,-5.2,1.7,0.0,0.0,0.0,35.22,Overcast / Moderate,19.77,0.0,35.68,9.99
2025-08-06 00:00:00,2025,8,6,0,218,2,23,-5.6,4.9,0.0,0.0,0.75,32.23,Overcast / Moderate,19.77,0.0,31.94,8.94
2025-08-06 01:00:00,2025,8,6,1,218,2,25,-5.2,7.4,0.0,0.0,9.35,37.28,Overcast / Moderate,19.77,0.0,28.39,7.95
2025-08-06 02:00:00,2025,8,6,2,218,2,25,-5.8,9.3,0.0,0.0,27.44,33.37,Overcast / Moderate,19.77,0.0,15.0,4.2
2025-08-06 03:00:00,2025,8,6,3,218,2,23,-6.7,6.7,0.0,0.0,5.56,30.53,Overcast / Moderate,19.77,0.0,25.43,7.12
2025-08-06 04:00:00,2025,8,6,4,218,2,24,-6.0,7.0,0.0,0.0,7.02,34.52,Overcast / Moderate,19.77,0.0,27.96,7.83
2025-08-06 05:00:00,2025,8,6,5,218,2,25,-5.5,9.4,0.0,0.0,28.77,32.36,Overcast / Moderate,19.77,0.0,15.0,4.2
2025-08-06 06:00:00,2025,8,6,6,218,2,25,-4.8,6.6,0.0,0.0,5.12,35.96,Overcast / Moderate,19.77,0.0,31.3,8.76
2025-08-06 07:00:00,2025,8,6,7,218,2,25,-4.9,7.3,0.0,0.0,8.73,38.17,Overcast / Moderate,19.77,0.0,29.9,8.37
2025-08-06 08:00:00,2025,8,6,8,218,2,25,-5.0,6.4,0.0,0.0,4.31,35.84,Overcast / Moderate,19.77,0.0,31.99,8.96
2025-08-06 09:00:00,2025,8,6,9,218,2,24,-4.3,10.7,0.0,0.0,50.1,34.04,Overcast / Moderate,27.16,-16.06,0.0,0.0
2025-08-06 10:00:00,2025,8,6,10,218,2,24,-3.5,4.0,0.0,0.0,0.11,33.2,Overcast / Moderate,19.38,14.32,18.77,5.26
2025-08-06 11:00:00,2025,8,6,11,218,2,23,-3.5,4.3,50.8,3.22,0.24,34.13,Overcast / Moderate,19.38,0.0,31.92,8.94
2025-08-06 12:00:00,2025,8,6,12,218,2,26,-3.6,2.9,66.7,4.28,0.0,40.12,Overcast / Moderate,19.38,0.0,37.09,10.38
2025-08-06 13:00:00,2025,8,6,13,218,2,25,-3.7,9.7,60.8,3.93,33.01,36.08,Overcast / Moderate,19.77,-0.86,0.0,0.0
2025-08-06 14:00:00,2025,8,6,14,218,2,24,-3.2,5.5,0.0,0.0,1.71,38.09,Overcast / Moderate,19.77,0.0,36.83,10.31
2025-08-06 15:00:00,2025,8,6,15,218,2,24,-3.7,5.0,0.0,0.0,0.88,32.39,Overcast / Moderate,19.77,0.0,31.96,8.95
2025-08-06 16:00:00,2025,8,6,16,218,2,27,-4.4,14.5,0.0,0.0,80.0,32.86,High Wind Surge,38.17,-40.0,0.0,0.0
2025-08-06 17:00:00,2025,8,6,17,218,2,23,-3.5,11.9,0.0,0.0,77.36,33.23,Overcast / Moderate,56.57,-40.0,0.0,0.0
2025-08-06 18:00:00,2025,8,6,18,218,2,24,-4.3,13.8,0.0,0.0,80.0,38.19,Overcast / Moderate,74.97,-40.0,0.0,0.0
2025-08-06 19:00:00,2025,8,6,19,218,2,25,-5.2,3.1,0.0,0.0,0.0,36.84,Overcast / Moderate,54.95,36.84,0.0,0.0
2025-08-06 20:00:00,2025,8,6,20,218,2,25,-6.4,11.0,0.0,0.0,56.19,40.69,Overcast / Moderate,62.08,-15.5,0.0,0.0
2025-08-06 21:00:00,2025,8,6,21,218,2,25,-6.8,4.8,0.0,0.0,0.64,41.93,Overcast / Moderate,39.64,41.29,0.0,0.0
2025-08-06 22:00:00,2025,8,6,22,218,2,26,-6.7,0.9,0.0,0.0,0.0,33.18,Overcast / Moderate,21.61,33.18,0.0,0.0
2025-08-06 23:00:00,2025,8,6,23,218,2,25,-8.4,5.4,0.0,0.0,1.52,38.72,Overcast / Moderate,19.86,3.22,33.98,9.52
2025-08-07 00:00:00,2025,8,7,0,219,3,23,-8.2,6.4,0.0,0.0,4.31,39.53,Overcast / Moderate,19.86,0.0,35.5,9.94
2025-08-07 01:00:00,2025,8,7,1,219,3,24,-7.2,2.7,0.0,0.0,0.0,38.1,Overcast / Moderate,19.86,0.0,38.38,10.75
2025-08-07 02:00:00,2025,8,7,2,219,3,25,-6.3,6.6,0.0,0.0,5.12,31.07,Overcast / Moderate,19.86,0.0,26.23,7.34
2025-08-07 03:00:00,2025,8,7,3,219,3,27,-5.9,9.7,0.0,0.0,33.01,30.55,Overcast / Moderate,20.99,-2.46,0.0,0.0
2025-08-07 04:00:00,2025,8,7,4,219,3,23,-6.1,5.3,0.0,0.0,1.34,33.36,Overcast / Moderate,19.91,1.98,30.04,8.41
2025-08-07 05:00:00,2025,8,7,5,219,3,26,-5.2,5.0,0.0,0.0,0.88,33.42,Overcast / Moderate,19.91,0.0,32.71,9.16
2025-08-07 06:00:00,2025,8,7,6,219,3,25,-5.1,4.9,0.0,0.0,0.75,36.27,Overcast / Moderate,19.91,0.0,35.69,9.99
2025-08-07 07:00:00,2025,8,7,7,219,3,25,-5.4,11.7,0.0,0.0,72.26,35.3,Overcast / Moderate,36.92,-36.96,0.0,0.0
2025-08-07 08:00:00,2025,8,7,8,219,3,24,-4.2,1.8,0.0,0.0,0.0,37.51,Overcast / Moderate,18.53,33.83,15.0,4.2
2025-08-07 09:00:00,2025,8,7,9,219,3,24,-3.3,5.8,0.0,0.0,2.41,33.09,Overcast / Moderate,18.53,0.0,33.62,9.41
2025-08-07 10:00:00,2025,8,7,10,219,3,25,-1.8,4.3,34.2,2.21,0.24,35.88,Overcast / Moderate,18.53,0.0,36.37,10.18
2025-08-07 11:00:00,2025,8,7,11,219,3,25,-2.0,11.0,53.4,3.36,56.19,34.02,Overcast / Moderate,30.27,-25.53,0.0,0.0
2025-08-07 12:00:00,2025,8,7,12,219,3,25,-1.8,2.5,66.1,4.18,0.0,35.91,Overcast / Moderate,19.11,20.55,15.0,4.2
2025-08-07 13:00:00,2025,8,7,13,219,3,24,-2.3,5.5,55.5,3.51,1.71,34.14,Overcast / Moderate,19.11,0.0,30.71,8.6
2025-08-07 14:00:00,2025,8,7,14,219,3,24,-4.0,5.5,29.4,1.87,1.71,30.8,Overcast / Moderate,19.11,0.0,29.01,8.12
2025-08-07 15:00:00,2025,8,7,15,219,3,23,-3.3,10.9,0.0,0.0,54.11,36.72,Overcast / Moderate,27.11,-17.39,0.0,0.0
2025-08-07 16:00:00,2025,8,7,16,219,3,25,-5.1,3.8,0.0,0.0,0.06,40.42,Overcast / Moderate,19.38,14.21,26.15,7.32
2025-08-07 17:00:00,2025,8,7,17,219,3,25,-3.7,7.6,0.0,0.0,10.68,34.35,Overcast / Moderate,19.38,0.0,24.91,6.97
2025-08-07 18:00:00,2025,8,7,18,219,3,24,-4.5,3.0,0.0,0.0,0.0,38.72,Overcast / Moderate,19.38,0.0,39.96,11.19
2025-08-07 19:00:00,2025,8,7,19,219,3,24,-4.4,12.8,0.0,0.0,80.0,35.09,Overcast / Moderate,37.78,-40.0,0.0,0.0
2025-08-07 20:00:00,2025,8,7,20,219,3,24,-4.3,7.1,0.0,0.0,7.56,33.17,Overcast / Moderate,23.86,25.61,0.0,0.0
2025-08-07 21:00:00,2025,8,7,21,219,3,23,-5.6,7.4,0.0,0.0,9.35,35.65,Overcast / Moderate,19.66,7.73,18.57,5.2
2025-08-07 22:00:00,2025,8,7,22,219,3,24,-5.0,5.7,0.0,0.0,2.16,33.41,Overcast / Moderate,19.66,0.0,31.92,8.94
2025-08-07 23:00:00,2025,8,7,23,219,3,23,-6.0,5.0,0.0,0.0,0.88,31.11,Overcast / Moderate,19.66,0.0,30.9,8.65
2025-08-08 00:00:00,2025,8,8,0,220,4,24,-5.7,3.8,0.0,0.0,0.06,37.77,Overcast / Moderate,19.66,0.0,38.38,10.75
2025-08-08 01:00:00,2025,8,8,1,220,4,24,-5.3,7.2,0.0,0.0,8.13,30.27,Overcast / Moderate,19.66,0.0,22.81,6.39
2025-08-08 02:00:00,2025,8,8,2,220,4,23,-5.4,12.8,0.0,0.0,80.0,32.6,Overcast / Moderate,38.06,-40.0,0.0,0.0
2025-08-08 03:00:00,2025,8,8,3,220,4,27,-5.9,5.1,0.0,0.0,1.02,32.88,Overcast / Moderate,20.75,31.86,0.0,0.0
2025-08-08 04:00:00,2025,8,8,4,220,4,26,-7.0,10.8,0.0,0.0,52.08,39.18,Overcast / Moderate,26.68,-12.9,0.0,0.0
2025-08-08 05:00:00,2025,8,8,5,220,4,24,-6.6,3.1,0.0,0.0,0.0,31.3,Overcast / Moderate,19.42,13.37,17.93,5.02
2025-08-08 06:00:00,2025,8,8,6,220,4,25,-7.4,12.1,0.0,0.0,80.0,37.95,Overcast / Moderate,37.82,-40.0,0.0,0.0
2025-08-08 07:00:00,2025,8,8,7,220,4,25,-6.2,5.0,0.0,0.0,0.88,38.81,Overcast / Moderate,18.45,35.64,15.0,4.2
2025-08-08 08:00:00,2025,8,8,8,220,4,26,-6.1,5.3,0.0,0.0,1.34,35.47,Overcast / Moderate,18.45,0.0,37.23,10.42
2025-08-08 09:00:00,2025,8,8,9,220,4,24,-5.8,6.0,0.0,0.0,2.96,36.79,Overcast / Moderate,18.45,0.0,36.93,10.34
2025-08-08 10:00:00,2025,8,8,10,220,4,26,-4.7,8.4,35.2,2.26,17.28,37.08,Overcast / Moderate,18.45,0.0,20.64,5.78
2025-08-08 11:00:00,2025,8,8,11,220,4,24,-4.3,8.4,63.4,4.06,17.28,38.01,Overcast / Moderate,18.45,0.0,19.77,5.54
2025-08-08 12:00:00,2025,8,8,12,220,4,23,-2.4,6.1,55.3,3.42,3.27,33.16,Overcast / Moderate,18.45,0.0,29.57,8.28
2025-08-08 13:00:00,2025,8,8,13,220,4,25,-2.9,6.5,59.8,3.79,4.71,37.42,Overcast / Moderate,18.45,0.0,32.02,8.97
2025-08-08 14:00:00,2025,8,8,14,220,4,26,-2.0,1.4,23.5,1.44,0.0,35.64,Overcast / Moderate,18.45,0.0,37.3,10.44
2025-08-08 15:00:00,2025,8,8,15,220,4,27,-2.5,4.6,0.0,0.0,0.45,37.36,Overcast / Moderate,18.45,0.0,40.01,11.2
2025-08-08 16:00:00,2025,8,8,16,220,4,23,-3.2,5.0,0.0,0.0,0.88,33.17,Overcast / Moderate,18.45,0.0,35.39,9.91
2025-08-08 17:00:00,2025,8,8,17,220,4,25,-4.7,6.8,0.0,0.0,6.02,36.59,Overcast / Moderate,18.45,0.0,33.67,9.43
2025-08-08 18:00:00,2025,8,8,18,220,4,24,-4.7,6.8,0.0,0.0,6.02,37.12,Overcast / Moderate,18.45,0.0,34.2,9.58
2025-08-08 19:00:00,2025,8,8,19,220,4,25,-5.3,8.3,0.0,0.0,16.34,37.85,Overcast / Moderate,18.45,0.0,24.61,6.89
2025-08-08 20:00:00,2025,8,8,20,220,4,23,-5.6,8.4,0.0,0.0,17.28,37.07,Overcast / Moderate,18.45,0.0,22.89,6.41
2025-08-08 21:00:00,2025,8,8,21,220,4,23,-4.5,4.0,0.0,0.0,0.11,41.58,Overcast / Moderate,18.45,0.0,44.57,12.48
2025-08-08 22:00:00,2025,8,8,22,220,4,24,-4.9,9.0,0.0,0.0,23.7,35.23,Overcast / Moderate,18.45,0.0,15.0,4.2
2025-08-08 23:00:00,2025,8,8,23,220,4,25,-4.9,1.2,0.0,0.0,0.0,35.83,Overcast / Moderate,18.45,0.0,38.93,10.9
2025-08-09 00:00:00,2025,8,9,0,221,5,24,-5.0,8.4,0.0,0.0,17.28,34.49,Overcast / Moderate,18.45,0.0,20.31,5.69
2025-08-09 01:00:00,2025,8,9,1,221,5,25,-5.4,2.6,0.0,0.0,0.0,35.72,Overcast / Moderate,18.45,0.0,38.82,10.87
2025-08-09 02:00:00,2025,8,9,2,221,5,26,-5.9,8.5,0.0,0.0,18.26,35.47,Overcast / Moderate,18.45,0.0,20.31,5.69
2025-08-09 03:00:00,2025,8,9,3,221,5,25,-6.7,6.5,0.0,0.0,4.71,39.9,Overcast / Moderate,18.45,0.0,38.29,10.72
2025-08-09 04:00:00,2025,8,9,4,221,5,26,-6.4,5.8,0.0,0.0,2.41,35.2,Overcast / Moderate,18.45,0.0,35.89,10.05
2025-08-09 05:00:00,2025,8,9,5,221,5,25,-6.0,8.1,0.0,0.0,14.56,36.91,Overcast / Moderate,18.45,0.0,25.45,7.13
2025-08-09 06:00:00,2025,8,9,6,221,5,23,-7.2,1.6,0.0,0.0,0.0,40.52,Overcast / Moderate,18.45,0.0,43.62,12.21
2025-08-09 07:00:00,2025,8,9,7,221,5,26,-7.2,3.9,0.0,0.0,0.08,41.05,Overcast / Moderate,18.45,0.0,44.07,12.34
2025-08-09 08:00:00,2025,8,9,8,221,5,24,-6.9,7.3,0.0,0.0,8.73,37.78,Overcast / Moderate,18.45,0.0,32.15,9.0
2025-08-09 09:00:00,2025,8,9,9,221,5,25,-6.8,10.1,0.0,0.0,39.28,36.93,Overcast / Moderate,19.53,-2.35,0.0,0.0
2025-08-09 10:00:00,2025,8,9,10,221,5,26,-6.9,5.3,34.7,2.21,1.34,37.95,Overcast / Moderate,19.53,0.0,35.34,9.89
2025-08-09 11:00:00,2025,8,9,11,221,5,25,-7.2,4.2,52.5,3.3,0.19,40.05,Overcast / Moderate,19.53,0.0,37.5,10.5
2025-08-09 12:00:00,2025,8,9,12,221,5,23,-6.7,6.5,67.7,4.29,4.71,42.46,Overcast / Moderate,19.53,0.0,34.4,9.63
2025-08-09 13:00:00,2025,8,9,13,221,5,24,-5.4,7.4,78.2,5.11,9.35,38.88,Overcast / Moderate,19.53,0.0,25.36,7.1
2025-08-09 14:00:00,2025,8,9,14,221,5,26,-4.6,5.6,37.1,2.36,1.93,36.5,Overcast / Moderate,19.53,0.0,33.15,9.28
2025-08-09 15:00:00,2025,8,9,15,221,5,24,-4.5,10.7,0.0,0.0,50.1,35.93,Overcast / Moderate,26.05,-14.17,0.0,0.0
2025-08-09 16:00:00,2025,8,9,16,221,5,25,-2.8,6.5,0.0,0.0,4.71,35.39,Overcast / Moderate,19.47,12.1,18.58,5.2
2025-08-09 17:00:00,2025,8,9,17,221,5,25,-2.9,1.5,0.0,0.0,0.0,32.49,Overcast / Moderate,19.47,0.0,33.54,9.39
2025-08-09 18:00:00,2025,8,9,18,221,5,25,-2.3,3.9,0.0,0.0,0.08,34.25,Overcast / Moderate,19.47,0.0,35.22,9.86
2025-08-09 19:00:00,2025,8,9,19,221,5,25,-3.4,5.9,0.0,0.0,2.68,34.96,Overcast / Moderate,19.47,0.0,33.33,9.33
2025-08-09 20:00:00,2025,8,9,20,221,5,24,-4.9,8.2,0.0,0.0,15.43,43.94,Overcast / Moderate,19.47,0.0,29.56,8.28
2025-08-09 21:00:00,2025,8,9,21,221,5,24,-5.1,3.9,0.0,0.0,0.08,39.46,Overcast / Moderate,19.47,0.0,40.43,11.32
2025-08-09 22:00:00,2025,8,9,22,221,5,25,-6.6,14.1,0.0,0.0,80.0,32.6,High Wind Surge,37.87,-40.0,0.0,0.0
2025-08-09 23:00:00,2025,8,9,23,221,5,25,-5.8,4.8,0.0,0.0,0.64,30.76,Overcast / Moderate,21.5,30.12,0.0,0.0
2025-08-10 00:00:00,2025,8,10,0,222,6,24,-6.3,6.6,0.0,0.0,5.12,31.58,Overcast / Moderate,19.87,3.01,23.45,6.57
2025-08-10 01:00:00,2025,8,10,1,222,6,26,-6.5,1.1,0.0,0.0,0.0,38.96,Overcast / Moderate,19.87,0.0,39.22,10.98
2025-08-10 02:00:00,2025,8,10,2,222,6,24,-6.7,10.8,0.0,0.0,52.08,31.77,Overcast / Moderate,29.21,-20.31,0.0,0.0
2025-08-10 03:00:00,2025,8,10,3,222,6,24,-6.9,9.3,0.0,0.0,27.44,39.32,Overcast / Moderate,22.76,11.88,0.0,0.0
2025-08-10 04:00:00,2025,8,10,4,222,6,24,-6.9,3.6,0.0,0.0,0.02,35.89,Overcast / Moderate,19.76,5.51,30.36,8.5
2025-08-10 05:00:00,2025,8,10,5,222,6,24,-7.3,12.0,0.0,0.0,80.0,34.98,Overcast / Moderate,38.16,-40.0,0.0,0.0
2025-08-10 06:00:00,2025,8,10,6,222,6,24,-8.2,4.7,0.0,0.0,0.54,33.41,Overcast / Moderate,20.3,32.87,0.0,0.0
2025-08-10 07:00:00,2025,8,10,7,222,6,26,-7.3,8.1,0.0,0.0,14.56,42.65,Overcast / Moderate,19.97,0.59,27.5,7.7
2025-08-10 08:00:00,2025,8,10,8,222,6,24,-5.3,9.7,0.0,0.0,33.01,38.66,Overcast / Moderate,19.97,0.0,15.0,4.2
2025-08-10 09:00:00,2025,8,10,9,222,6,25,-4.9,8.7,0.0,0.0,20.32,39.59,Overcast / Moderate,19.97,0.0,19.32,5.41
2025-08-10 10:00:00,2025,8,10,10,222,6,24,-4.9,11.6,48.1,3.12,69.8,36.31,Overcast / Moderate,36.81,-36.61,0.0,0.0
2025-08-10 11:00:00,2025,8,10,11,222,6,24,-4.3,10.4,72.3,4.63,44.47,38.21,Overcast / Moderate,41.82,-10.89,0.0,0.0
2025-08-10 12:00:00,2025,8,10,12,222,6,23,-3.9,16.5,78.7,5.0,80.0,39.6,High Wind Surge,60.22,-40.0,0.0,0.0
2025-08-10 13:00:00,2025,8,10,13,222,6,24,-3.5,3.5,63.2,3.98,0.01,37.43,Overcast / Moderate,42.05,33.44,0.0,0.0
2025-08-10 14:00:00,2025,8,10,14,222,6,24,-5.2,4.6,35.2,2.21,0.45,34.58,Overcast / Moderate,24.7,31.92,0.0,0.0
2025-08-10 15:00:00,2025,8,10,15,222,6,25,-3.8,7.5,0.0,0.0,10.0,37.82,Overcast / Moderate,19.59,9.4,18.42,5.16
2025-08-10 16:00:00,2025,8,10,16,222,6,25,-3.3,8.6,0.0,0.0,19.27,38.03,Overcast / Moderate,19.59,0.0,19.58,5.48
2025-08-10 17:00:00,2025,8,10,17,222,6,23,-4.0,6.6,0.0,0.0,5.12,40.17,Overcast / Moderate,19.59,0.0,35.87,10.04
2025-08-10 18:00:00,2025,8,10,18,222,6,26,-4.2,2.2,0.0,0.0,0.0,38.63,Overcast / Moderate,19.59,0.0,39.45,11.05
2025-08-10 19:00:00,2025,8,10,19,222,6,25,-5.0,10.0,0.0,0.0,37.64,40.17,Overcast / Moderate,19.59,0.0,15.0,4.2
2025-08-10 20:00:00,2025,8,10,20,222,6,25,-3.9,13.1,0.0,0.0,80.0,38.13,Overcast / Moderate,37.99,-40.0,0.0,0.0
2025-08-10 21:00:00,2025,8,10,21,222,6,24,-5.9,5.5,0.0,0.0,1.71,34.36,Overcast / Moderate,20.25,32.65,0.0,0.0
2025-08-10 22:00:00,2025,8,10,22,222,6,24,-6.7,3.9,0.0,0.0,0.08,37.22,Overcast / Moderate,19.98,0.49,36.65,10.26
2025-08-10 23:00:00,2025,8,10,23,222,6,25,-6.8,1.2,0.0,0.0,0.0,35.73,Overcast / Moderate,19.98,0.0,35.77,10.02
2025-08-11 00:00:00,2025,8,11,0,223,0,25,-6.7,4.0,0.0,0.0,0.11,40.35,Overcast / Moderate,19.98,0.0,40.28,11.28
2025-08-11 01:00:00,2025,8,11,1,223,0,23,-6.7,8.2,0.0,0.0,15.43,31.33,Overcast / Moderate,19.98,0.0,15.94,4.46
2025-08-11 02:00:00,2025,8,11,2,223,0,24,-8.4,11.4,0.0,0.0,65.04,33.59,Overcast / Moderate,34.45,-31.45,0.0,0.0
2025-08-11 03:00:00,2025,8,11,3,223,0,24,-8.0,2.5,0.0,0.0,0.0,37.93,Overcast / Moderate,18.74,28.89,15.0,4.2
2025-08-11 04:00:00,2025,8,11,4,223,0,25,-7.7,6.8,0.0,0.0,6.02,39.89,Overcast / Moderate,18.74,0.0,36.38,10.19
2025-08-11 05:00:00,2025,8,11,5,223,0,26,-7.6,8.1,0.0,0.0,14.56,35.95,Overcast / Moderate,18.74,0.0,23.9,6.69
2025-08-11 06:00:00,2025,8,11,6,223,0,24,-7.1,4.4,0.0,0.0,0.3,35.16,Overcast / Moderate,18.74,0.0,37.37,10.46
2025-08-11 07:00:00,2025,8,11,7,223,0,24,-6.3,6.9,0.0,0.0,6.51,38.56,Overcast / Moderate,18.74,0.0,34.56,9.68
2025-08-11 08:00:00,2025,8,11,8,223,0,24,-5.4,8.4,0.0,0.0,17.28,36.16,Overcast / Moderate,18.74,0.0,21.39,5.99
2025-08-11 09:00:00,2025,8,11,9,223,0,24,-4.8,10.0,0.0,0.0,37.64,39.39,Overcast / Moderate,18.74,0.0,15.0,4.2
2025-08-11 10:00:00,2025,8,11,10,223,0,24,-5.8,5.9,50.0,3.23,2.68,36.46,Overcast / Moderate,18.74,0.0,33.06,9.26
2025-08-11 11:00:00,2025,8,11,11,223,0,25,-5.5,8.7,56.9,3.54,20.32,39.54,Overcast / Moderate,18.74,0.0,18.19,5.09
2025-08-11 12:00:00,2025,8,11,12,223,0,23,-5.2,4.6,85.7,5.49,0.45,33.57,Overcast / Moderate,18.74,0.0,30.14,8.44
2025-08-11 13:00:00,2025,8,11,13,223,0,25,-5.9,3.8,54.2,3.36,0.06,42.39,Overcast / Moderate,18.74,0.0,41.48,11.62
2025-08-11 14:00:00,2025,8,11,14,223,0,23,-6.2,3.5,52.6,3.42,0.01,32.32,Overcast / Moderate,18.74,0.0,31.4,8.79
2025-08-11 15:00:00,2025,8,11,15,223,0,24,-4.9,5.1,0.0,0.0,1.02,34.34,Overcast / Moderate,18.74,0.0,35.83,10.03
2025-08-11 16:00:00,2025,8,11,16,223,0,24,-2.6,1.6,0.0,0.0,0.0,40.9,Overcast / Moderate,18.74,0.0,43.41,12.16
2025-08-11 17:00:00,2025,8,11,17,223,0,26,-2.1,4.4,0.0,0.0,0.3,35.84,Overcast / Moderate,18.74,0.0,38.05,10.65
2025-08-11 18:00:00,2025,8,11,18,223,0,24,-2.1,7.7,0.0,0.0,11.39,33.25,Overcast / Moderate,18.74,0.0,24.37,6.82
2025-08-11 19:00:00,2025,8,11,19,223,0,22,-3.3,7.7,0.0,0.0,11.39,31.91,Overcast / Moderate,18.74,0.0,23.03,6.45
2025-08-11 20:00:00,2025,8,11,20,223,0,23,-3.5,2.2,0.0,0.0,0.0,34.51,Overcast / Moderate,18.74,0.0,37.02,10.37
2025-08-11 21:00:00,2025,8,11,21,223,0,25,-5.3,4.5,0.0,0.0,0.37,38.37,Overcast / Moderate,18.74,0.0,40.51,11.34
2025-08-11 22:00:00,2025,8,11,22,223,0,25,-6.7,6.9,0.0,0.0,6.51,36.58,Overcast / Moderate,18.74,0.0,32.58,9.12
2025-08-11 23:00:00,2025,8,11,23,223,0,25,-7.4,4.8,0.0,0.0,0.64,36.69,Overcast / Moderate,18.74,0.0,38.56,10.8
2025-08-12 00:00:00,2025,8,12,0,224,1,25,-9.7,5.6,0.0,0.0,1.93,33.14,Overcast / Moderate,18.74,0.0,33.72,9.44
2025-08-12 01:00:00,2025,8,12,1,224,1,26,-8.4,8.3,0.0,0.0,16.34,37.19,Overcast / Moderate,18.74,0.0,23.36,6.54
2025-08-12 02:00:00,2025,8,12,2,224,1,24,-7.7,0.8,0.0,0.0,0.0,36.74,Overcast / Moderate,18.74,0.0,39.25,10.99
2025-08-12 03:00:00,2025,8,12,3,224,1,25,-6.5,4.4,0.0,0.0,0.3,36.08,Overcast / Moderate,18.74,0.0,38.29,10.72
2025-08-12 04:00:00,2025,8,12,4,224,1,23,-6.9,3.1,0.0,0.0,0.0,35.16,Overcast / Moderate,18.74,0.0,37.67,10.55
2025-08-12 05:00:00,2025,8,12,5,224,1,24,-7.0,2.9,0.0,0.0,0.0,32.3,Overcast / Moderate,18.74,0.0,34.81,9.75
2025-08-12 06:00:00,2025,8,12,6,224,1,23,-7.0,13.0,0.0,0.0,80.0,32.85,Overcast / Moderate,37.14,-40.0,0.0,0.0
2025-08-12 07:00:00,2025,8,12,7,224,1,24,-7.3,5.2,0.0,0.0,1.17,41.83,Overcast / Moderate,18.51,34.29,15.0,4.2
2025-08-12 08:00:00,2025,8,12,8,224,1,24,-6.9,6.5,0.0,0.0,4.71,36.56,Overcast / Moderate,18.51,0.0,34.83,9.75
2025-08-12 09:00:00,2025,8,12,9,224,1,25,-8.1,8.6,0.0,0.0,19.27,37.94,Overcast / Moderate,18.51,0.0,21.65,6.06
2025-08-12 10:00:00,2025,8,12,10,224,1,25,-6.2,1.8,47.4,3.01,0.0,37.58,Overcast / Moderate,18.51,0.0,37.55,10.51
2025-08-12 11:00:00,2025,8,12,11,224,1,24,-5.6,4.1,80.8,5.18,0.15,34.48,Overcast / Moderate,18.51,0.0,32.13,9.0
2025-08-12 12:00:00,2025,8,12,12,224,1,24,-3.8,9.9,82.9,5.24,36.05,37.75,Overcast / Moderate,20.14,-3.54,0.0,0.0
2025-08-12 13:00:00,2025,8,12,13,224,1,23,-4.3,10.4,58.5,3.62,44.47,33.03,Overcast / Moderate,27.07,-15.06,0.0,0.0
2025-08-12 14:00:00,2025,8,12,14,224,1,26,-4.6,5.2,52.4,3.35,1.17,40.17,Overcast / Moderate,19.39,14.13,21.52,6.03
2025-08-12 15:00:00,2025,8,12,15,224,1,24,-5.4,5.2,0.0,0.0,1.17,34.01,Overcast / Moderate,19.39,0.0,34.07,9.54
2025-08-12 16:00:00,2025,8,12,16,224,1,24,-6.2,8.8,0.0,0.0,21.41,37.27,Overcast / Moderate,19.39,0.0,17.09,4.78
2025-08-12 17:00:00,2025,8,12,17,224,1,26,-5.7,4.5,0.0,0.0,0.37,39.15,Overcast / Moderate,19.39,0.0,40.01,11.2
2025-08-12 18:00:00,2025,8,12,18,224,1,23,-5.1,2.8,0.0,0.0,0.0,38.77,Overcast / Moderate,19.39,0.0,40.0,11.2
2025-08-12 19:00:00,2025,8,12,19,224,1,23,-5.0,4.2,0.0,0.0,0.19,36.16,Overcast / Moderate,19.39,0.0,37.2,10.42
2025-08-12 20:00:00,2025,8,12,20,224,1,23,-5.2,5.3,0.0,0.0,1.34,35.12,Overcast / Moderate,19.39,0.0,35.01,9.8
2025-08-12 21:00:00,2025,8,12,21,224,1,24,-3.9,1.9,0.0,0.0,0.0,39.79,Overcast / Moderate,19.39,0.0,41.02,11.49
2025-08-12 22:00:00,2025,8,12,22,224,1,25,-4.2,6.1,0.0,0.0,3.27,33.94,Overcast / Moderate,19.39,0.0,31.9,8.93
2025-08-12 23:00:00,2025,8,12,23,224,1,25,-5.4,8.6,0.0,0.0,19.27,33.96,Overcast / Moderate,19.39,0.0,15.92,4.46
2025-08-13 00:00:00,2025,8,13,0,225,2,27,-7.7,6.4,0.0,0.0,4.31,31.99,Overcast / Moderate,19.39,0.0,28.91,8.09
2025-08-13 01:00:00,2025,8,13,1,225,2,22,-7.1,2.2,0.0,0.0,0.0,35.5,Overcast / Moderate,19.39,0.0,36.73,10.28
2025-08-13 02:00:00,2025,8,13,2,225,2,25,-7.3,5.8,0.0,0.0,2.41,35.8,Overcast / Moderate,19.39,0.0,34.62,9.69
2025-08-13 03:00:00,2025,8,13,3,225,2,24,-8.1,8.3,0.0,0.0,16.34,32.81,Overcast / Moderate,19.39,0.0,17.7,4.96
2025-08-13 04:00:00,2025,8,13,4,225,2,24,-7.9,2.0,0.0,0.0,0.0,34.09,Overcast / Moderate,19.39,0.0,35.32,9.89
2025-08-13 05:00:00,2025,8,13,5,225,2,24,-7.4,2.0,0.0,0.0,0.0,35.9,Overcast / Moderate,19.39,0.0,37.13,10.4
2025-08-13 06:00:00,2025,8,13,6,225,2,24,-6.6,5.2,0.0,0.0,1.17,36.24,Overcast / Moderate,19.39,0.0,36.3,10.16
2025-08-13 07:00:00,2025,8,13,7,225,2,26,-7.8,3.6,0.0,0.0,0.02,37.32,Overcast / Moderate,19.39,0.0,38.53,10.79
2025-08-13 08:00:00,2025,8,13,8,225,2,25,-8.3,12.1,0.0,0.0,80.0,37.37,Overcast / Moderate,37.79,-40.0,0.0,0.0
2025-08-13 09:00:00,2025,8,13,9,225,2,25,-6.4,7.0,0.0,0.0,7.02,38.76,Overcast / Moderate,20.54,31.74,0.0,0.0
2025-08-13 10:00:00,2025,8,13,10,225,2,26,-6.2,4.5,59.8,3.87,0.37,36.56,Overcast / Moderate,19.95,1.07,31.25,8.75
2025-08-13 11:00:00,2025,8,13,11,225,2,23,-5.9,8.2,76.5,4.85,15.43,36.9,Overcast / Moderate,19.95,0.0,16.71,4.68
2025-08-13 12:00:00,2025,8,13,12,225,2,23,-5.1,5.2,106.6,6.92,1.17,41.24,Overcast / Moderate,19.95,0.0,33.24,9.31
2025-08-13 13:00:00,2025,8,13,13,225,2,22,-4.0,3.0,89.8,5.77,0.0,35.52,Overcast / Moderate,19.95,0.0,29.84,8.36
2025-08-13 14:00:00,2025,8,13,14,225,2,24,-2.6,4.0,54.5,3.45,0.11,37.83,Overcast / Moderate,19.95,0.0,34.36,9.62
2025-08-13 15:00:00,2025,8,13,15,225,2,25,-4.2,7.6,0.0,0.0,10.68,33.7,Overcast / Moderate,19.95,0.0,23.11,6.47
2025-08-13 16:00:00,2025,8,13,16,225,2,25,-4.3,1.9,0.0,0.0,0.0,34.97,Overcast / Moderate,19.95,0.0,35.06,9.82
2025-08-13 17:00:00,2025,8,13,17,225,2,25,-4.6,4.3,0.0,0.0,0.24,35.14,Overcast / Moderate,19.95,0.0,34.99,9.8
2025-08-13 18:00:00,2025,8,13,18,225,2,23,-3.5,3.8,0.0,0.0,0.06,32.84,Overcast / Moderate,19.95,0.0,32.87,9.2
2025-08-13 19:00:00,2025,8,13,19,225,2,25,-3.0,3.7,0.0,0.0,0.04,31.5,Overcast / Moderate,19.95,0.0,31.55,8.83
2025-08-13 20:00:00,2025,8,13,20,225,2,25,-3.1,8.0,0.0,0.0,13.72,36.47,Overcast / Moderate,19.95,0.0,22.84,6.4
2025-08-13 21:00:00,2025,8,13,21,225,2,25,-3.4,9.8,0.0,0.0,34.51,37.18,Overcast / Moderate,19.95,0.0,15.0,4.2
2025-08-13 22:00:00,2025,8,13,22,225,2,23,-3.3,8.4,0.0,0.0,17.28,30.02,Overcast / Moderate,19.95,0.0,15.0,4.2
2025-08-13 23:00:00,2025,8,13,23,225,2,25,-3.5,7.6,0.0,0.0,10.68,31.1,Overcast / Moderate,19.95,0.0,20.51,5.74
2025-08-14 00:00:00,2025,8,14,0,226,3,23,-4.7,11.6,0.0,0.0,69.8,33.63,Overcast / Moderate,36.59,-36.17,0.0,0.0
2025-08-14 01:00:00,2025,8,14,1,226,3,24,-4.3,2.0,0.0,0.0,0.0,33.4,Overcast / Moderate,18.56,33.18,15.0,4.2
2025-08-14 02:00:00,2025,8,14,2,226,3,25,-5.8,3.3,0.0,0.0,0.0,37.27,Overcast / Moderate,18.56,0.0,40.16,11.24
2025-08-14 03:00:00,2025,8,14,3,226,3,25,-5.4,5.6,0.0,0.0,1.93,37.22,Overcast / Moderate,18.56,0.0,38.18,10.69
2025-08-14 04:00:00,2025,8,14,4,226,3,24,-5.7,5.2,0.0,0.0,1.17,32.72,Overcast / Moderate,18.56,0.0,34.44,9.64
2025-08-14 05:00:00,2025,8,14,5,226,3,25,-5.2,5.6,0.0,0.0,1.93,34.06,Overcast / Moderate,18.56,0.0,35.02,9.8
2025-08-14 06:00:00,2025,8,14,6,226,3,23,-5.4,3.7,0.0,0.0,0.04,31.45,Overcast / Moderate,18.56,0.0,34.3,9.6
2025-08-14 07:00:00,2025,8,14,7,226,3,26,-5.0,3.2,0.0,0.0,0.0,41.52,Overcast / Moderate,18.56,0.0,44.41,12.43
2025-08-14 08:00:00,2025,8,14,8,226,3,24,-5.0,6.4,0.0,0.0,4.31,37.74,Overcast / Moderate,18.56,0.0,36.32,10.17
2025-08-14 09:00:00,2025,8,14,9,226,3,26,-4.1,11.9,0.0,0.0,77.36,39.57,Overcast / Moderate,35.94,-37.79,0.0,0.0
2025-08-14 10:00:00,2025,8,14,10,226,3,24,-3.5,5.4,58.5,3.71,1.52,35.04,Overcast / Moderate,19.74,29.81,0.0,0.0
2025-08-14 11:00:00,2025,8,14,11,226,3,24,-2.5,1.7,91.0,5.79,0.0,37.75,Overcast / Moderate,19.74,0.0,32.48,9.09
2025-08-14 12:00:00,2025,8,14,12,226,3,24,-3.0,8.3,115.4,7.48,16.34,37.43,Overcast / Moderate,19.74,0.0,15.0,4.2
2025-08-14 13:00:00,2025,8,14,13,226,3,25,-4.6,4.5,71.3,4.45,0.37,40.31,Overcast / Moderate,19.74,0.0,36.01,10.08
2025-08-14 14:00:00,2025,8,14,14,226,3,24,-2.9,4.1,55.1,3.47,0.15,32.14,Overcast / Moderate,19.74,0.0,29.04,8.13
2025-08-14 15:00:00,2025,8,14,15,226,3,25,-4.8,4.8,0.0,0.0,0.64,37.45,Overcast / Moderate,19.74,0.0,37.33,10.45
2025-08-14 16:00:00,2025,8,14,16,226,3,24,-6.5,8.5,0.0,0.0,18.26,40.94,Overcast / Moderate,19.74,0.0,23.2,6.5
2025-08-14 17:00:00,2025,8,14,17,226,3,23,-7.9,9.7,0.0,0.0,33.01,36.56,Overcast / Moderate,19.74,0.0,15.0,4.2
2025-08-14 18:00:00,2025,8,14,18,226,3,24,-7.0,7.1,0.0,0.0,7.56,39.87,Overcast / Moderate,19.74,0.0,32.83,9.19
2025-08-14 19:00:00,2025,8,14,19,226,3,23,-5.6,4.8,0.0,0.0,0.64,38.6,Overcast / Moderate,19.74,0.0,38.48,10.77
2025-08-14 20:00:00,2025,8,14,20,226,3,25,-6.8,4.7,0.0,0.0,0.54,40.52,Overcast / Moderate,19.74,0.0,40.5,11.34
2025-08-14 21:00:00,2025,8,14,21,226,3,23,-6.2,2.9,0.0,0.0,0.0,38.46,Overcast / Moderate,19.74,0.0,38.98,10.91
2025-08-14 22:00:00,2025,8,14,22,226,3,25,-5.3,12.1,0.0,0.0,80.0,35.85,Overcast / Moderate,38.14,-40.0,0.0,0.0
2025-08-14 23:00:00,2025,8,14,23,226,3,24,-4.9,7.6,0.0,0.0,10.68,34.88,Overcast / Moderate,24.99,24.2,0.0,0.0
2025-08-15 00:00:00,2025,8,15,0,227,4,24,-4.9,1.4,0.0,0.0,0.0,36.76,Overcast / Moderate,19.57,9.97,26.79,7.5
2025-08-15 01:00:00,2025,8,15,1,227,4,25,-6.1,7.8,0.0,0.0,12.14,33.11,Overcast / Moderate,19.57,0.0,21.84,6.11
2025-08-15 02:00:00,2025,8,15,2,227,4,25,-7.3,5.8,0.0,0.0,2.41,36.66,Overcast / Moderate,19.57,0.0,35.12,9.83
2025-08-15 03:00:00,2025,8,15,3,227,4,24,-7.5,13.8,0.0,0.0,80.0,38.79,Overcast / Moderate,37.97,-40.0,0.0,0.0
2025-08-15 04:00:00,2025,8,15,4,227,4,24,-6.9,9.7,0.0,0.0,33.01,33.34,Overcast / Moderate,37.79,0.33,0.0,0.0
2025-08-15 05:00:00,2025,8,15,5,227,4,23,-7.0,3.4,0.0,0.0,0.01,33.43,Overcast / Moderate,19.62,33.42,0.0,0.0
2025-08-15 06:00:00,2025,8,15,6,227,4,24,-7.3,8.4,0.0,0.0,17.28,36.91,Overcast / Moderate,19.62,0.0,20.38,5.71
2025-08-15 07:00:00,2025,8,15,7,227,4,24,-6.5,6.2,0.0,0.0,3.6,41.65,Overcast / Moderate,19.62,0.0,38.8,10.86
2025-08-15 08:00:00,2025,8,15,8,227,4,25,-5.8,3.5,0.0,0.0,0.01,37.68,Overcast / Moderate,19.62,0.0,38.42,10.76
2025-08-15 09:00:00,2025,8,15,9,227,4,24,-5.2,8.2,0.0,0.0,15.43,37.46,Overcast / Moderate,19.62,0.0,22.78,6.38
2025-08-15 10:00:00,2025,8,15,10,227,4,25,-5.8,6.7,46.3,2.87,5.56,38.93,Overcast / Moderate,19.62,0.0,31.25,8.75
2025-08-15 11:00:00,2025,8,15,11,227,4,24,-6.0,1.4,66.4,4.12,0.0,36.6,Overcast / Moderate,19.62,0.0,33.23,9.31
2025-08-15 12:00:00,2025,8,15,12,227,4,24,-5.6,7.6,104.2,6.68,10.68,43.0,Overcast / Moderate,19.62,0.0,26.39,7.39
2025-08-15 13:00:00,2025,8,15,13,227,4,26,-6.2,7.5,83.3,5.28,10.0,36.35,Overcast / Moderate,19.62,0.0,21.82,6.11
2025-08-15 14:00:00,2025,8,15,14,227,4,25,-6.3,3.1,54.5,3.43,0.0,38.62,Overcast / Moderate,19.62,0.0,35.94,10.06
2025-08-15 15:00:00,2025,8,15,15,227,4,24,-6.0,5.0,0.0,0.0,0.88,38.09,Overcast / Moderate,19.62,0.0,37.96,10.63
2025-08-15 16:00:00,2025,8,15,16,227,4,24,-6.9,7.1,0.0,0.0,7.56,33.02,Overcast / Moderate,19.62,0.0,26.21,7.34
2025-08-15 17:00:00,2025,8,15,17,227,4,24,-6.6,3.0,0.0,0.0,0.0,36.16,Overcast / Moderate,19.62,0.0,36.91,10.34
2025-08-15 18:00:00,2025,8,15,18,227,4,24,-5.9,10.2,0.0,0.0,40.96,34.36,Overcast / Moderate,22.66,-6.6,0.0,0.0
2025-08-15 19:00:00,2025,8,15,19,227,4,24,-6.1,1.4,0.0,0.0,0.0,39.7,Overcast / Moderate,19.77,5.32,34.38,9.63
2025-08-15 20:00:00,2025,8,15,20,227,4,25,-6.1,2.6,0.0,0.0,0.0,34.01,Overcast / Moderate,19.77,0.0,34.47,9.65
2025-08-15 21:00:00,2025,8,15,21,227,4,24,-6.5,2.8,0.0,0.0,0.0,40.55,Overcast / Moderate,19.77,0.0,41.01,11.48
2025-08-15 22:00:00,2025,8,15,22,227,4,23,-6.4,6.5,0.0,0.0,4.71,31.76,Overcast / Moderate,19.77,0.0,27.51,7.7
2025-08-15 23:00:00,2025,8,15,23,227,4,26,-6.3,7.4,0.0,0.0,9.35,37.68,Overcast / Moderate,19.77,0.0,28.79,8.06
2025-08-16 00:00:00,2025,8,16,0,228,5,25,-7.4,5.5,0.0,0.0,1.71,32.39,Overcast / Moderate,19.77,0.0,31.14,8.72
2025-08-16 01:00:00,2025,8,16,1,228,5,23,-6.4,4.5,0.0,0.0,0.37,35.77,Overcast / Moderate,19.77,0.0,35.86,10.04
2025-08-16 02:00:00,2025,8,16,2,228,5,24,-5.1,9.5,0.0,0.0,30.14,36.28,Overcast / Moderate,19.77,0.0,15.0,4.2
2025-08-16 03:00:00,2025,8,16,3,228,5,25,-5.2,2.1,0.0,0.0,0.0,35.67,Overcast / Moderate,19.77,0.0,36.13,10.12
2025-08-16 04:00:00,2025,8,16,4,228,5,26,-4.3,4.4,0.0,0.0,0.3,30.72,Overcast / Moderate,19.77,0.0,30.88,8.65
2025-08-16 05:00:00,2025,8,16,5,228,5,23,-4.8,1.6,0.0,0.0,0.0,36.33,Overcast / Moderate,19.77,0.0,36.79,10.3
2025-08-16 06:00:00,2025,8,16,6,228,5,25,-4.6,1.0,0.0,0.0,0.0,35.15,Overcast / Moderate,19.77,0.0,35.61,9.97
2025-08-16 07:00:00,2025,8,16,7,228,5,26,-5.7,5.1,0.0,0.0,1.02,32.39,Overcast / Moderate,19.77,0.0,31.83,8.91
2025-08-16 08:00:00,2025,8,16,8,228,5,24,-5.8,3.6,0.0,0.0,0.02,37.95,Overcast / Moderate,19.77,0.0,38.39,10.75
2025-08-16 09:00:00,2025,8,16,9,228,5,24,-4.7,4.3,0.0,0.0,0.24,43.93,Overcast / Moderate,19.77,0.0,44.15,12.36
2025-08-16 10:00:00,2025,8,16,10,228,5,23,-4.5,9.7,76.0,4.9,33.01,39.14,Overcast / Moderate,19.77,0.0,15.0,4.2
2025-08-16 11:00:00,2025,8,16,11,228,5,24,-3.5,3.3,68.5,4.21,0.0,34.7,Overcast / Moderate,19.77,0.0,30.95,8.67
2025-08-16 12:00:00,2025,8,16,12,228,5,24,-2.9,9.1,117.4,7.53,24.91,36.86,Overcast / Moderate,19.77,0.0,15.0,4.2
2025-08-16 13:00:00,2025,8,16,13,228,5,25,-2.2,7.9,113.7,7.34,12.91,34.33,Overcast / Moderate,19.77,0.0,15.0,4.2
2025-08-16 14:00:00,2025,8,16,14,228,5,26,-3.2,4.8,51.1,3.15,0.64,38.95,Overcast / Moderate,19.77,0.0,35.62,9.97
2025-08-16 15:00:00,2025,8,16,15,228,5,24,-3.0,6.7,0.0,0.0,5.56,33.53,Overcast / Moderate,19.77,0.0,28.43,7.96
2025-08-16 16:00:00,2025,8,16,16,228,5,23,-2.4,5.8,0.0,0.0,2.41,37.79,Overcast / Moderate,19.77,0.0,35.84,10.04
2025-08-16 17:00:00,2025,8,16,17,228,5,24,-3.2,2.9,0.0,0.0,0.0,38.02,Overcast / Moderate,19.77,0.0,38.48,10.78
2025-08-16 18:00:00,2025,8,16,18,228,5,25,-4.0,11.3,0.0,0.0,62.75,38.27,Overcast / Moderate,31.03,-24.48,0.0,0.0
2025-08-16 19:00:00,2025,8,16,19,228,5,25,-4.1,6.9,0.0,0.0,6.51,41.92,Overcast / Moderate,19.04,22.06,15.0,4.2
2025-08-16 20:00:00,2025,8,16,20,228,5,24,-3.3,10.7,0.0,0.0,50.1,38.31,Overcast / Moderate,24.46,-11.79,0.0,0.0
2025-08-16 21:00:00,2025,8,16,21,228,5,25,-4.5,9.8,0.0,0.0,34.51,39.6,Overcast / Moderate,21.7,5.09,0.0,0.0
2025-08-16 22:00:00,2025,8,16,22,228,5,26,-6.5,2.3,0.0,0.0,0.0,38.24,Overcast / Moderate,19.85,3.4,34.84,9.76
2025-08-16 23:00:00,2025,8,16,23,228,5,25,-6.4,3.7,0.0,0.0,0.04,36.92,Overcast / Moderate,19.85,0.0,37.18,10.41
2025-08-17 00:00:00,2025,8,17,0,229,6,24,-6.0,3.1,0.0,0.0,0.0,35.78,Overcast / Moderate,19.85,0.0,36.08,10.1
2025-08-17 01:00:00,2025,8,17,1,229,6,24,-6.1,9.9,0.0,0.0,36.05,33.0,Overcast / Moderate,21.26,-3.05,0.0,0.0
2025-08-17 02:00:00,2025,8,17,2,229,6,24,-6.3,10.4,0.0,0.0,44.47,33.19,Overcast / Moderate,26.44,-11.28,0.0,0.0
2025-08-17 03:00:00,2025,8,17,3,229,6,26,-6.4,6.5,0.0,0.0,4.71,36.43,Overcast / Moderate,19.44,12.89,18.83,5.27
2025-08-17 04:00:00,2025,8,17,4,229,6,24,-5.1,2.6,0.0,0.0,0.0,35.47,Overcast / Moderate,19.44,0.0,36.59,10.25
2025-08-17 05:00:00,2025,8,17,5,229,6,24,-5.2,3.0,0.0,0.0,0.0,34.06,Overcast / Moderate,19.44,0.0,35.18,9.85
2025-08-17 06:00:00,2025,8,17,6,229,6,24,-5.7,9.6,0.0,0.0,31.55,33.19,Overcast / Moderate,19.44,0.0,15.0,4.2
2025-08-17 07:00:00,2025,8,17,7,229,6,26,-6.1,14.7,0.0,0.0,80.0,38.25,High Wind Surge,37.84,-40.0,0.0,0.0
2025-08-17 08:00:00,2025,8,17,8,229,6,26,-7.2,9.2,0.0,0.0,26.15,39.28,Overcast / Moderate,30.7,13.13,0.0,0.0
2025-08-17 09:00:00,2025,8,17,9,229,6,25,-7.0,9.1,28.7,1.84,24.91,39.6,Overcast / Moderate,23.72,12.85,0.0,0.0
2025-08-17 10:00:00,2025,8,17,10,229,6,25,-7.0,15.4,89.6,5.89,80.0,38.36,High Wind Surge,42.12,-40.0,0.0,0.0
2025-08-17 11:00:00,2025,8,17,11,229,6,25,-6.7,14.2,99.3,6.35,80.0,41.61,High Wind Surge,60.52,-40.0,0.0,0.0
2025-08-17 12:00:00,2025,8,17,12,229,6,22,-5.3,24.4,47.3,2.83,80.0,36.32,Blizzard / Extreme Storm,78.92,-40.0,0.0,0.0
2025-08-17 13:00:00,2025,8,17,13,229,6,25,-5.3,22.3,51.8,3.13,80.0,36.03,Blizzard / Extreme Storm,93.71,-32.16,0.0,0.0
2025-08-17 14:00:00,2025,8,17,14,229,6,25,-3.9,24.7,33.8,2.02,80.0,36.39,Blizzard / Extreme Storm,94.9,-2.57,0.0,0.0
2025-08-17 15:00:00,2025,8,17,15,229,6,25,-3.3,23.3,15.5,0.93,80.0,33.39,Blizzard / Extreme Storm,94.99,-0.21,0.0,0.0
2025-08-17 16:00:00,2025,8,17,16,229,6,24,-2.3,23.0,0.0,0.0,80.0,40.08,Blizzard / Extreme Storm,95.0,-0.02,0.0,0.0
2025-08-17 17:00:00,2025,8,17,17,229,6,24,-2.5,21.7,0.0,0.0,80.0,36.83,High Wind Surge,95.0,-0.0,0.0,0.0
2025-08-17 18:00:00,2025,8,17,18,229,6,24,-4.0,26.1,0.0,0.0,0.0,36.29,Blizzard / Extreme Storm,75.28,36.29,0.0,0.0
2025-08-17 19:00:00,2025,8,17,19,229,6,26,-3.5,24.2,0.0,0.0,80.0,40.18,Blizzard / Extreme Storm,93.42,-39.45,0.0,0.0
2025-08-17 20:00:00,2025,8,17,20,229,6,24,-2.9,19.7,0.0,0.0,80.0,34.98,High Wind Surge,94.87,-3.16,0.0,0.0
2025-08-17 21:00:00,2025,8,17,21,229,6,27,-3.7,17.5,0.0,0.0,80.0,37.05,High Wind Surge,94.99,-0.25,0.0,0.0
2025-08-17 22:00:00,2025,8,17,22,229,6,25,-4.8,10.9,0.0,0.0,54.11,32.17,Overcast / Moderate,95.0,-0.02,0.0,0.0
2025-08-17 23:00:00,2025,8,17,23,229,6,23,-4.3,10.2,0.0,0.0,40.96,30.78,Overcast / Moderate,95.0,-0.0,0.0,0.0
2025-08-18 00:00:00,2025,8,18,0,230,0,24,-3.3,13.0,0.0,0.0,80.0,33.12,Overcast / Moderate,95.0,-0.0,0.0,0.0
2025-08-18 01:00:00,2025,8,18,1,230,0,24,-3.9,9.2,0.0,0.0,26.15,35.71,Overcast / Moderate,89.8,9.56,0.0,0.0
2025-08-18 02:00:00,2025,8,18,2,230,0,22,-5.5,5.7,0.0,0.0,2.16,31.62,Overcast / Moderate,73.79,29.46,0.0,0.0
2025-08-18 03:00:00,2025,8,18,3,230,0,26,-5.4,9.8,0.0,0.0,34.51,34.0,Overcast / Moderate,74.03,-0.51,0.0,0.0
2025-08-18 04:00:00,2025,8,18,4,230,0,25,-5.6,6.3,0.0,0.0,3.94,34.02,Overcast / Moderate,57.68,30.08,0.0,0.0
2025-08-18 05:00:00,2025,8,18,5,230,0,25,-5.8,5.3,0.0,0.0,1.34,36.61,Overcast / Moderate,38.51,35.27,0.0,0.0
2025-08-18 06:00:00,2025,8,18,6,230,0,25,-6.1,3.3,0.0,0.0,0.0,33.83,Overcast / Moderate,20.13,33.83,0.0,0.0
2025-08-18 07:00:00,2025,8,18,7,230,0,23,-6.2,9.7,0.0,0.0,33.01,39.51,Overcast / Moderate,19.99,0.25,15.0,4.2
2025-08-18 08:00:00,2025,8,18,8,230,0,24,-5.3,7.0,0.0,0.0,7.02,39.08,Overcast / Moderate,19.99,0.0,32.08,8.98
2025-08-18 09:00:00,2025,8,18,9,230,0,25,-4.6,2.5,24.1,1.49,0.0,35.46,Overcast / Moderate,19.99,0.0,33.99,9.52
2025-08-18 10:00:00,2025,8,18,10,230,0,23,-4.5,7.7,74.7,4.74,11.39,35.62,Overcast / Moderate,19.99,0.0,19.51,5.46
2025-08-18 11:00:00,2025,8,18,11,230,0,22,-5.3,5.7,107.7,6.89,2.16,36.8,Overcast / Moderate,19.99,0.0,27.77,7.78
2025-08-18 12:00:00,2025,8,18,12,230,0,24,-5.5,9.6,106.6,6.75,31.55,36.35,Overcast / Moderate,20.89,-1.95,0.0,0.0
2025-08-18 13:00:00,2025,8,18,13,230,0,24,-4.6,11.6,125.2,8.14,69.8,34.53,Overcast / Moderate,39.29,-40.0,0.0,0.0
2025-08-18 14:00:00,2025,8,18,14,230,0,25,-5.6,7.2,81.5,5.23,8.13,41.57,Overcast / Moderate,23.95,28.21,0.0,0.0
2025-08-18 15:00:00,2025,8,18,15,230,0,25,-7.3,8.5,37.5,2.44,18.26,34.69,Overcast / Moderate,19.66,7.91,15.0,4.2
2025-08-18 16:00:00,2025,8,18,16,230,0,25,-6.7,1.9,0.0,0.0,0.0,39.27,Overcast / Moderate,19.66,0.0,39.96,11.19
2025-08-18 17:00:00,2025,8,18,17,230,0,25,-5.9,6.8,0.0,0.0,6.02,41.5,Overcast / Moderate,19.66,0.0,36.17,10.13
2025-08-18 18:00:00,2025,8,18,18,230,0,26,-5.5,12.3,0.0,0.0,80.0,36.12,Overcast / Moderate,38.06,-40.0,0.0,0.0
2025-08-18 19:00:00,2025,8,18,19,230,0,23,-6.8,13.2,0.0,0.0,80.0,38.14,Overcast / Moderate,56.46,-40.0,0.0,0.0
2025-08-18 20:00:00,2025,8,18,20,230,0,25,-5.8,17.1,0.0,0.0,80.0,40.27,High Wind Surge,74.73,-39.73,0.0,0.0
2025-08-18 21:00:00,2025,8,18,21,230,0,25,-4.6,23.9,0.0,0.0,80.0,29.51,Blizzard / Extreme Storm,93.13,-40.0,0.0,0.0
2025-08-18 22:00:00,2025,8,18,22,230,0,23,-6.6,18.6,0.0,0.0,80.0,34.73,High Wind Surge,94.85,-3.74,0.0,0.0
2025-08-18 23:00:00,2025,8,18,23,230,0,23,-6.2,19.2,0.0,0.0,80.0,30.63,High Wind Surge,94.99,-0.3,0.0,0.0
2025-08-19 00:00:00,2025,8,19,0,231,1,24,-6.6,25.7,0.0,0.0,0.0,37.48,Blizzard / Extreme Storm,74.62,37.48,0.0,0.0
2025-08-19 01:00:00,2025,8,19,1,231,1,24,-6.4,27.7,0.0,0.0,0.0,32.94,Blizzard / Extreme Storm,56.72,32.94,0.0,0.0
2025-08-19 02:00:00,2025,8,19,2,231,1,25,-7.2,27.8,0.0,0.0,0.0,40.19,Blizzard / Extreme Storm,34.87,40.19,0.0,0.0
2025-08-19 03:00:00,2025,8,19,3,231,1,24,-8.6,24.2,0.0,0.0,80.0,34.18,Blizzard / Extreme Storm,53.27,-40.0,0.0,0.0
2025-08-19 04:00:00,2025,8,19,4,231,1,24,-7.3,24.9,0.0,0.0,80.0,36.72,Blizzard / Extreme Storm,71.67,-40.0,0.0,0.0
2025-08-19 05:00:00,2025,8,19,5,231,1,24,-7.9,20.9,0.0,0.0,80.0,33.85,High Wind Surge,90.07,-40.0,0.0,0.0
2025-08-19 06:00:00,2025,8,19,6,231,1,26,-8.0,12.4,0.0,0.0,80.0,35.95,Overcast / Moderate,94.61,-9.85,0.0,0.0
2025-08-19 07:00:00,2025,8,19,7,231,1,25,-6.9,15.8,0.0,0.0,80.0,38.83,High Wind Surge,94.97,-0.79,0.0,0.0
2025-08-19 08:00:00,2025,8,19,8,231,1,24,-7.4,7.0,0.0,0.0,7.02,38.93,Overcast / Moderate,77.63,31.91,0.0,0.0
2025-08-19 09:00:00,2025,8,19,9,231,1,24,-6.4,4.0,34.6,2.19,0.11,42.26,Overcast / Moderate,55.91,39.96,0.0,0.0
2025-08-19 10:00:00,2025,8,19,10,231,1,26,-7.0,5.4,89.0,5.76,1.52,42.83,Overcast / Moderate,36.59,35.55,0.0,0.0
2025-08-19 11:00:00,2025,8,19,11,231,1,24,-7.2,4.7,104.0,6.63,0.54,36.85,Overcast / Moderate,20.46,29.68,0.0,0.0
2025-08-19 12:00:00,2025,8,19,12,231,1,26,-6.9,4.8,135.5,8.81,0.64,39.3,Overcast / Moderate,19.96,0.92,28.93,8.1
2025-08-19 13:00:00,2025,8,19,13,231,1,25,-7.3,3.4,88.4,5.55,0.01,36.23,Overcast / Moderate,19.96,0.0,30.75,8.61
2025-08-19 14:00:00,2025,8,19,14,231,1,24,-6.6,4.5,78.1,4.97,0.37,34.79,Overcast / Moderate,19.96,0.0,29.53,8.27
2025-08-19 15:00:00,2025,8,19,15,231,1,27,-6.7,1.2,34.0,2.15,0.0,37.72,Overcast / Moderate,19.96,0.0,35.65,9.98
2025-08-19 16:00:00,2025,8,19,16,231,1,23,-5.2,6.1,0.0,0.0,3.27,41.08,Overcast / Moderate,19.96,0.0,37.89,10.61
2025-08-19 17:00:00,2025,8,19,17,231,1,24,-3.7,9.0,0.0,0.0,23.7,31.88,Overcast / Moderate,19.96,0.0,15.0,4.2
2025-08-19 18:00:00,2025,8,19,18,231,1,23,-3.7,10.4,0.0,0.0,44.47,37.19,Overcast / Moderate,23.31,-7.28,0.0,0.0
2025-08-19 19:00:00,2025,8,19,19,231,1,25,-4.5,9.7,0.0,0.0,33.01,38.19,Overcast / Moderate,20.49,5.18,0.0,0.0
2025-08-19 20:00:00,2025,8,19,20,231,1,26,-3.6,5.6,0.0,0.0,1.93,34.86,Overcast / Moderate,19.96,0.99,31.94,8.94
2025-08-19 21:00:00,2025,8,19,21,231,1,26,-4.1,8.5,0.0,0.0,18.26,38.7,Overcast / Moderate,19.96,0.0,20.53,5.75
2025-08-19 22:00:00,2025,8,19,22,231,1,26,-5.5,4.5,0.0,0.0,0.37,36.27,Overcast / Moderate,19.96,0.0,35.99,10.08
2025-08-19 23:00:00,2025,8,19,23,231,1,24,-7.5,1.9,0.0,0.0,0.0,35.65,Overcast / Moderate,19.96,0.0,35.74,10.01
2025-08-20 00:00:00,2025,8,20,0,232,2,24,-8.4,7.9,0.0,0.0,12.91,36.04,Overcast / Moderate,19.96,0.0,23.22,6.5
2025-08-20 01:00:00,2025,8,20,1,232,2,23,-8.3,7.7,0.0,0.0,11.39,35.52,Overcast / Moderate,19.96,0.0,24.22,6.78
2025-08-20 02:00:00,2025,8,20,2,232,2,27,-9.8,9.4,0.0,0.0,28.77,36.0,Overcast / Moderate,19.96,0.0,15.0,4.2
2025-08-20 03:00:00,2025,8,20,3,232,2,25,-9.0,7.3,0.0,0.0,8.73,37.5,Overcast / Moderate,19.96,0.0,28.86,8.08
2025-08-20 04:00:00,2025,8,20,4,232,2,24,-8.8,3.2,0.0,0.0,0.0,35.46,Overcast / Moderate,19.96,0.0,35.55,9.95
2025-08-20 05:00:00,2025,8,20,5,232,2,26,-8.7,10.2,0.0,0.0,40.96,37.48,Overcast / Moderate,21.56,-3.48,0.0,0.0
2025-08-20 06:00:00,2025,8,20,6,232,2,24,-8.2,7.5,0.0,0.0,10.0,34.74,Overcast / Moderate,19.86,3.12,21.62,6.05
2025-08-20 07:00:00,2025,8,20,7,232,2,25,-8.0,9.5,0.0,0.0,30.14,38.02,Overcast / Moderate,19.86,0.0,15.0,4.2
2025-08-20 08:00:00,2025,8,20,8,232,2,24,-6.9,9.1,0.0,0.0,24.91,37.13,Overcast / Moderate,19.86,0.0,15.0,4.2
2025-08-20 09:00:00,2025,8,20,9,232,2,25,-6.8,4.6,40.5,2.58,0.45,41.94,Overcast / Moderate,19.86,0.0,39.18,10.97
2025-08-20 10:00:00,2025,8,20,10,232,2,24,-6.2,2.2,82.7,5.26,0.0,34.53,Overcast / Moderate,19.86,0.0,29.54,8.27
2025-08-20 11:00:00,2025,8,20,11,232,2,23,-5.3,3.4,125.5,8.09,0.01,41.38,Overcast / Moderate,19.86,0.0,33.55,9.39
2025-08-20 12:00:00,2025,8,20,12,232,2,25,-4.6,2.5,104.8,6.56,0.0,39.04,Overcast / Moderate,19.86,0.0,32.75,9.17
2025-08-20 13:00:00,2025,8,20,13,232,2,26,-3.5,4.1,117.7,7.49,0.15,32.73,Overcast / Moderate,19.86,0.0,25.36,7.1
2025-08-20 14:00:00,2025,8,20,14,232,2,24,-4.5,6.0,76.8,4.82,2.96,35.25,Overcast / Moderate,19.86,0.0,27.74,7.77
2025-08-20 15:00:00,2025,8,20,15,232,2,25,-4.7,11.3,43.5,2.78,62.75,33.14,Overcast / Moderate,34.76,-32.39,0.0,0.0
2025-08-20 16:00:00,2025,8,20,16,232,2,23,-4.1,10.6,0.0,0.0,48.17,37.67,Overcast / Moderate,39.59,-10.5,0.0,0.0
2025-08-20 17:00:00,2025,8,20,17,232,2,24,-4.7,8.4,0.0,0.0,17.28,40.04,Overcast / Moderate,27.22,22.76,0.0,0.0
2025-08-20 18:00:00,2025,8,20,18,232,2,24,-6.7,1.3,0.0,0.0,0.0,38.92,Overcast / Moderate,19.37,14.45,24.47,6.85
2025-08-20 19:00:00,2025,8,20,19,232,2,25,-7.8,4.9,0.0,0.0,0.75,42.56,Overcast / Moderate,19.37,0.0,43.07,12.06
2025-08-20 20:00:00,2025,8,20,20,232,2,25,-7.2,8.0,0.0,0.0,13.72,39.53,Overcast / Moderate,19.37,0.0,27.07,7.58
2025-08-20 21:00:00,2025,8,20,21,232,2,25,-8.6,2.9,0.0,0.0,0.0,42.54,Overcast / Moderate,19.37,0.0,43.8,12.26
2025-08-20 22:00:00,2025,8,20,22,232,2,26,-9.1,9.4,0.0,0.0,28.77,38.1,Overcast / Moderate,19.37,0.0,15.0,4.2
2025-08-20 23:00:00,2025,8,20,23,232,2,25,-9.5,11.5,0.0,0.0,67.39,37.49,Overcast / Moderate,33.13,-29.9,0.0,0.0
2025-08-21 00:00:00,2025,8,21,0,233,3,25,-7.9,5.1,0.0,0.0,1.02,38.19,Overcast / Moderate,18.86,26.25,15.0,4.2
2025-08-21 01:00:00,2025,8,21,1,233,3,24,-8.1,8.3,0.0,0.0,16.34,35.8,Overcast / Moderate,18.86,0.0,21.74,6.09
2025-08-21 02:00:00,2025,8,21,2,233,3,24,-9.0,3.1,0.0,0.0,0.0,40.51,Overcast / Moderate,18.86,0.0,42.79,11.98
2025-08-21 03:00:00,2025,8,21,3,233,3,24,-8.2,8.1,0.0,0.0,14.56,35.48,Overcast / Moderate,18.86,0.0,23.2,6.5
2025-08-21 04:00:00,2025,8,21,4,233,3,24,-9.5,1.2,0.0,0.0,0.0,38.66,Overcast / Moderate,18.86,0.0,40.94,11.46
2025-08-21 05:00:00,2025,8,21,5,233,3,24,-8.4,3.2,0.0,0.0,0.0,34.65,Overcast / Moderate,18.86,0.0,36.93,10.34
2025-08-21 06:00:00,2025,8,21,6,233,3,24,-8.6,8.3,0.0,0.0,16.34,32.64,Overcast / Moderate,18.86,0.0,18.58,5.2
2025-08-21 07:00:00,2025,8,21,7,233,3,23,-8.6,8.3,0.0,0.0,16.34,40.32,Overcast / Moderate,18.86,0.0,26.26,7.35
2025-08-21 08:00:00,2025,8,21,8,233,3,24,-8.3,7.6,0.0,0.0,10.68,35.04,Overcast / Moderate,18.86,0.0,26.64,7.46
2025-08-21 09:00:00,2025,8,21,9,233,3,25,-6.8,6.1,45.8,2.92,3.27,44.14,Overcast / Moderate,18.86,0.0,40.23,11.27
2025-08-21 10:00:00,2025,8,21,10,233,3,23,-5.2,7.9,73.9,4.61,12.91,35.99,Overcast / Moderate,18.86,0.0,20.75,5.81
2025-08-21 11:00:00,2025,8,21,11,233,3,25,-5.0,9.1,115.8,7.35,24.91,37.22,Overcast / Moderate,18.86,0.0,15.0,4.2
2025-08-21 12:00:00,2025,8,21,12,233,3,26,-4.4,13.4,115.5,7.26,80.0,36.54,Overcast / Moderate,37.26,-40.0,0.0,0.0
2025-08-21 13:00:00,2025,8,21,13,233,3,26,-3.8,10.9,98.4,6.13,54.11,37.22,Overcast / Moderate,47.85,-23.02,0.0,0.0
2025-08-21 14:00:00,2025,8,21,14,233,3,26,-3.9,9.3,70.3,4.35,27.44,37.79,Overcast / Moderate,44.59,6.0,0.0,0.0
2025-08-21 15:00:00,2025,8,21,15,233,3,25,-4.7,8.1,56.1,3.64,14.56,35.09,Overcast / Moderate,35.41,16.89,0.0,0.0
2025-08-21 16:00:00,2025,8,21,16,233,3,26,-6.0,7.0,0.0,0.0,7.02,32.13,Overcast / Moderate,21.76,25.11,0.0,0.0
2025-08-21 17:00:00,2025,8,21,17,233,3,24,-7.8,2.8,0.0,0.0,0.0,36.42,Overcast / Moderate,19.85,3.52,32.9,9.21
2025-08-21 18:00:00,2025,8,21,18,233,3,24,-7.5,3.3,0.0,0.0,0.0,37.73,Overcast / Moderate,19.85,0.0,38.04,10.65
2025-08-21 19:00:00,2025,8,21,19,233,3,22,-8.2,9.7,0.0,0.0,33.01,39.48,Overcast / Moderate,19.85,0.0,15.0,4.2
2025-08-21 20:00:00,2025,8,21,20,233,3,26,-7.0,9.5,0.0,0.0,30.14,39.72,Overcast / Moderate,19.85,0.0,15.0,4.2
2025-08-21 21:00:00,2025,8,21,21,233,3,26,-6.5,7.3,0.0,0.0,8.73,40.77,Overcast / Moderate,19.85,0.0,32.35,9.06
2025-08-21 22:00:00,2025,8,21,22,233,3,24,-6.0,5.8,0.0,0.0,2.41,30.51,Overcast / Moderate,19.85,0.0,28.41,7.95
2025-08-21 23:00:00,2025,8,21,23,233,3,24,-4.7,1.3,0.0,0.0,0.0,31.41,Overcast / Moderate,19.85,0.0,31.72,8.88
2025-08-22 00:00:00,2025,8,22,0,234,4,24,-5.9,4.8,0.0,0.0,0.64,33.44,Overcast / Moderate,19.85,0.0,33.11,9.27
2025-08-22 01:00:00,2025,8,22,1,234,4,25,-4.5,5.6,0.0,0.0,1.93,37.52,Overcast / Moderate,19.85,0.0,35.9,10.05
2025-08-22 02:00:00,2025,8,22,2,234,4,26,-5.3,6.2,0.0,0.0,3.6,41.32,Overcast / Moderate,19.85,0.0,38.03,10.65
2025-08-22 03:00:00,2025,8,22,3,234,4,23,-5.7,11.9,0.0,0.0,77.36,30.81,Overcast / Moderate,38.25,-40.0,0.0,0.0
2025-08-22 04:00:00,2025,8,22,4,234,4,25,-6.4,2.7,0.0,0.0,0.0,37.86,Overcast / Moderate,18.41,36.49,15.0,4.2
2025-08-22 05:00:00,2025,8,22,5,234,4,24,-7.3,6.5,0.0,0.0,4.71,35.81,Overcast / Moderate,18.41,0.0,34.27,9.6
2025-08-22 06:00:00,2025,8,22,6,234,4,25,-6.6,5.2,0.0,0.0,1.17,36.67,Overcast / Moderate,18.41,0.0,38.67,10.83
2025-08-22 07:00:00,2025,8,22,7,234,4,25,-7.4,15.5,0.0,0.0,80.0,35.91,High Wind Surge,36.81,-40.0,0.0,0.0
2025-08-22 08:00:00,2025,8,22,8,234,4,24,-7.7,10.4,0.0,0.0,44.47,42.48,Overcast / Moderate,37.73,-1.99,0.0,0.0
2025-08-22 09:00:00,2025,8,22,9,234,4,24,-8.6,5.8,62.1,4.08,2.41,34.22,Overcast / Moderate,22.66,27.73,0.0,0.0
2025-08-22 10:00:00,2025,8,22,10,234,4,24,-8.8,20.3,34.4,2.06,80.0,36.63,High Wind Surge,41.06,-40.0,0.0,0.0
2025-08-22 11:00:00,2025,8,22,11,234,4,25,-7.4,6.4,133.3,8.62,4.31,38.54,Overcast / Moderate,27.14,25.61,0.0,0.0
2025-08-22 12:00:00,2025,8,22,12,234,4,25,-7.8,3.3,94.1,5.84,0.0,38.03,Overcast / Moderate,19.38,14.28,17.91,5.02
2025-08-22 13:00:00,2025,8,22,13,234,4,25,-8.0,6.8,92.9,5.8,6.02,39.73,Overcast / Moderate,19.38,0.0,29.15,8.16
2025-08-22 14:00:00,2025,8,22,14,234,4,23,-6.6,3.9,83.2,5.24,0.08,36.21,Overcast / Moderate,19.38,0.0,32.13,9.0
2025-08-22 15:00:00,2025,8,22,15,234,4,24,-6.4,7.5,58.9,3.82,10.0,37.23,Overcast / Moderate,19.38,0.0,24.65,6.9
2025-08-22 16:00:00,2025,8,22,16,234,4,25,-6.1,12.2,0.0,0.0,80.0,37.78,Overcast / Moderate,37.78,-40.0,0.0,0.0
2025-08-22 17:00:00,2025,8,22,17,234,4,25,-7.3,9.2,0.0,0.0,26.15,38.58,Overcast / Moderate,31.02,12.43,0.0,0.0
2025-08-22 18:00:00,2025,8,22,18,234,4,25,-6.1,4.4,0.0,0.0,0.3,38.61,Overcast / Moderate,19.04,22.05,16.26,4.55
2025-08-22 19:00:00,2025,8,22,19,234,4,26,-4.8,4.6,0.0,0.0,0.45,39.85,Overcast / Moderate,19.04,0.0,41.32,11.57
2025-08-22 20:00:00,2025,8,22,20,234,4,26,-5.4,2.1,0.0,0.0,0.0,36.18,Overcast / Moderate,19.04,0.0,38.1,10.67
2025-08-22 21:00:00,2025,8,22,21,234,4,25,-4.5,4.5,0.0,0.0,0.37,40.41,Overcast / Moderate,19.04,0.0,41.96,11.75
2025-08-22 22:00:00,2025,8,22,22,234,4,24,-4.6,2.5,0.0,0.0,0.0,33.69,Overcast / Moderate,19.04,0.0,35.61,9.97
2025-08-22 23:00:00,2025,8,22,23,234,4,22,-3.2,6.3,0.0,0.0,3.94,35.25,Overcast / Moderate,19.04,0.0,33.23,9.3
2025-08-23 00:00:00,2025,8,23,0,235,5,24,-4.1,8.3,0.0,0.0,16.34,32.34,Overcast / Moderate,19.04,0.0,17.92,5.02
2025-08-23 01:00:00,2025,8,23,1,235,5,24,-5.0,8.8,0.0,0.0,21.41,31.7,Overcast / Moderate,19.04,0.0,15.0,4.2
2025-08-23 02:00:00,2025,8,23,2,235,5,25,-5.6,2.0,0.0,0.0,0.0,34.73,Overcast / Moderate,19.04,0.0,36.65,10.26
2025-08-23 03:00:00,2025,8,23,3,235,5,24,-6.3,4.9,0.0,0.0,0.75,41.25,Overcast / Moderate,19.04,0.0,42.42,11.88
2025-08-23 04:00:00,2025,8,23,4,235,5,24,-4.9,4.5,0.0,0.0,0.37,30.38,Overcast / Moderate,19.04,0.0,31.93,8.94
2025-08-23 05:00:00,2025,8,23,5,235,5,23,-5.7,2.6,0.0,0.0,0.0,35.87,Overcast / Moderate,19.04,0.0,37.79,10.58
2025-08-23 06:00:00,2025,8,23,6,235,5,24,-4.9,5.1,0.0,0.0,1.02,34.24,Overcast / Moderate,19.04,0.0,35.14,9.84
2025-08-23 07:00:00,2025,8,23,7,235,5,25,-5.2,4.6,0.0,0.0,0.45,38.58,Overcast / Moderate,19.04,0.0,40.05,11.21
2025-08-23 08:00:00,2025,8,23,8,235,5,26,-5.4,7.5,0.0,0.0,10.0,35.05,Overcast / Moderate,19.04,0.0,26.97,7.55
2025-08-23 09:00:00,2025,8,23,9,235,5,24,-5.5,10.8,51.8,3.27,52.08,38.59,Overcast / Moderate,26.75,-16.76,0.0,0.0
2025-08-23 10:00:00,2025,8,23,10,235,5,25,-6.2,5.9,101.4,6.48,2.68,39.06,Overcast / Moderate,19.41,13.5,16.4,4.59
2025-08-23 11:00:00,2025,8,23,11,235,5,25,-6.7,8.7,149.5,9.73,20.32,34.98,Overcast / Moderate,19.41,0.0,15.0,4.2
2025-08-23 12:00:00,2025,8,23,12,235,5,24,-8.0,3.1,101.5,6.33,0.0,39.65,Overcast / Moderate,19.41,0.0,34.49,9.66
2025-08-23 13:00:00,2025,8,23,13,235,5,25,-7.4,11.0,96.1,5.99,56.19,38.61,Overcast / Moderate,30.26,-23.57,0.0,0.0
2025-08-23 14:00:00,2025,8,23,14,235,5,24,-7.1,6.0,93.7,5.95,2.96,37.76,Overcast / Moderate,19.11,20.51,15.0,4.2
2025-08-23 15:00:00,2025,8,23,15,235,5,25,-6.6,9.2,63.7,4.13,26.15,38.5,Overcast / Moderate,19.11,0.0,15.0,4.2
2025-08-23 16:00:00,2025,8,23,16,235,5,25,-6.5,10.8,0.0,0.0,52.08,41.26,Overcast / Moderate,24.09,-10.82,0.0,0.0
2025-08-23 17:00:00,2025,8,23,17,235,5,25,-6.5,15.3,0.0,0.0,80.0,39.69,High Wind Surge,42.49,-40.0,0.0,0.0
2025-08-23 18:00:00,2025,8,23,18,235,5,24,-5.1,19.5,0.0,0.0,80.0,34.54,High Wind Surge,60.89,-40.0,0.0,0.0
2025-08-23 19:00:00,2025,8,23,19,235,5,25,-6.6,29.8,0.0,0.0,0.0,39.86,Blizzard / Extreme Storm,39.22,39.86,0.0,0.0
2025-08-23 20:00:00,2025,8,23,20,235,5,27,-6.3,25.4,0.0,0.0,0.0,38.97,Blizzard / Extreme Storm,18.33,38.44,15.0,4.2
2025-08-23 21:00:00,2025,8,23,21,235,5,23,-6.4,22.4,0.0,0.0,80.0,36.23,Blizzard / Extreme Storm,36.73,-40.0,0.0,0.0
2025-08-23 22:00:00,2025,8,23,22,235,5,24,-6.8,24.7,0.0,0.0,80.0,32.12,Blizzard / Extreme Storm,55.13,-40.0,0.0,0.0
2025-08-23 23:00:00,2025,8,23,23,235,5,25,-7.4,25.4,0.0,0.0,0.0,37.9,Blizzard / Extreme Storm,34.53,37.9,0.0,0.0
2025-08-24 00:00:00,2025,8,24,0,236,6,25,-7.9,27.5,0.0,0.0,0.0,34.83,Blizzard / Extreme Storm,18.74,29.06,15.0,4.2
2025-08-24 01:00:00,2025,8,24,1,236,6,24,-7.0,25.7,0.0,0.0,0.0,37.64,Blizzard / Extreme Storm,18.74,0.0,40.17,11.25
2025-08-24 02:00:00,2025,8,24,2,236,6,22,-7.7,22.9,0.0,0.0,80.0,32.78,Blizzard / Extreme Storm,37.14,-40.0,0.0,0.0
2025-08-24 03:00:00,2025,8,24,3,236,6,26,-7.5,22.4,0.0,0.0,80.0,41.16,Blizzard / Extreme Storm,55.0,-38.84,0.0,0.0
2025-08-24 04:00:00,2025,8,24,4,236,6,25,-7.2,21.4,0.0,0.0,80.0,42.32,High Wind Surge,72.34,-37.68,0.0,0.0
2025-08-24 05:00:00,2025,8,24,5,236,6,23,-7.2,13.5,0.0,0.0,80.0,36.66,Overcast / Moderate,90.74,-40.0,0.0,0.0
2025-08-24 06:00:00,2025,8,24,6,236,6,24,-8.1,11.8,0.0,0.0,74.78,39.44,Overcast / Moderate,94.66,-8.53,0.0,0.0
2025-08-24 07:00:00,2025,8,24,7,236,6,26,-7.7,13.6,0.0,0.0,80.0,38.65,Overcast / Moderate,94.97,-0.68,0.0,0.0
2025-08-24 08:00:00,2025,8,24,8,236,6,26,-7.0,13.0,0.0,0.0,80.0,37.88,Overcast / Moderate,95.0,-0.05,0.0,0.0
2025-08-24 09:00:00,2025,8,24,9,236,6,25,-7.6,5.5,58.4,3.72,1.71,42.35,Overcast / Moderate,74.93,36.92,0.0,0.0
2025-08-24 10:00:00,2025,8,24,10,236,6,24,-8.1,14.4,106.4,6.84,80.0,39.77,High Wind Surge,93.33,-40.0,0.0,0.0
2025-08-24 11:00:00,2025,8,24,11,236,6,25,-7.5,3.8,149.0,9.67,0.06,35.86,Overcast / Moderate,79.13,26.13,0.0,0.0
2025-08-24 12:00:00,2025,8,24,12,236,6,24,-7.1,5.6,155.1,10.03,1.93,38.84,Overcast / Moderate,64.52,26.88,0.0,0.0
2025-08-24 13:00:00,2025,8,24,13,236,6,26,-8.1,5.3,149.8,9.75,1.34,37.03,Overcast / Moderate,50.42,25.94,0.0,0.0
2025-08-24 14:00:00,2025,8,24,14,236,6,24,-9.2,12.0,85.8,5.41,80.0,39.76,Overcast / Moderate,68.82,-40.0,0.0,0.0
2025-08-24 15:00:00,2025,8,24,15,236,6,24,-8.2,4.5,57.4,3.66,0.37,42.09,Overcast / Moderate,48.14,38.06,0.0,0.0
2025-08-24 16:00:00,2025,8,24,16,236,6,26,-7.1,6.0,0.0,0.0,2.96,42.99,Overcast / Moderate,26.38,40.03,0.0,0.0
2025-08-24 17:00:00,2025,8,24,17,236,6,24,-7.6,3.5,0.0,0.0,0.01,39.71,Overcast / Moderate,19.44,12.77,26.93,7.54
2025-08-24 18:00:00,2025,8,24,18,236,6,26,-7.4,6.5,0.0,0.0,4.71,42.91,Overcast / Moderate,19.44,0.0,39.31,11.01
2025-08-24 19:00:00,2025,8,24,19,236,6,24,-7.5,10.3,0.0,0.0,42.69,37.8,Overcast / Moderate,21.69,-4.89,0.0,0.0
2025-08-24 20:00:00,2025,8,24,20,236,6,24,-6.8,4.6,0.0,0.0,0.45,42.67,Overcast / Moderate,19.85,3.39,38.83,10.87
2025-08-24 21:00:00,2025,8,24,21,236,6,24,-7.9,9.6,0.0,0.0,31.55,37.44,Overcast / Moderate,19.85,0.0,15.0,4.2
2025-08-24 22:00:00,2025,8,24,22,236,6,25,-8.9,11.4,0.0,0.0,65.04,34.99,Overcast / Moderate,33.68,-30.05,0.0,0.0
2025-08-24 23:00:00,2025,8,24,23,236,6,23,-7.2,2.2,0.0,0.0,0.0,34.15,Overcast / Moderate,18.81,27.35,15.0,4.2
2025-08-25 00:00:00,2025,8,25,0,237,0,24,-7.7,8.8,0.0,0.0,21.41,34.03,Overcast / Moderate,18.81,0.0,15.0,4.2
2025-08-25 01:00:00,2025,8,25,1,237,0,23,-7.8,4.2,0.0,0.0,0.19,37.05,Overcast / Moderate,18.81,0.0,39.24,10.99
2025-08-25 02:00:00,2025,8,25,2,237,0,25,-8.2,3.4,0.0,0.0,0.01,39.61,Overcast / Moderate,18.81,0.0,41.98,11.75
2025-08-25 03:00:00,2025,8,25,3,237,0,25,-7.4,7.2,0.0,0.0,8.13,35.92,Overcast / Moderate,18.81,0.0,30.17,8.45
2025-08-25 04:00:00,2025,8,25,4,237,0,23,-8.1,8.3,0.0,0.0,16.34,36.76,Overcast / Moderate,18.81,0.0,22.8,6.38
2025-08-25 05:00:00,2025,8,25,5,237,0,26,-9.7,5.4,0.0,0.0,1.52,34.37,Overcast / Moderate,18.81,0.0,35.23,9.86
2025-08-25 06:00:00,2025,8,25,6,237,0,27,-8.5,1.6,0.0,0.0,0.0,37.38,Overcast / Moderate,18.81,0.0,39.76,11.13
2025-08-25 07:00:00,2025,8,25,7,237,0,25,-7.8,11.4,0.0,0.0,65.04,43.94,Overcast / Moderate,28.52,-21.1,0.0,0.0
2025-08-25 08:00:00,2025,8,25,8,237,0,24,-7.1,8.5,0.0,0.0,18.26,42.18,Overcast / Moderate,19.26,17.03,15.0,4.2
2025-08-25 09:00:00,2025,8,25,9,237,0,27,-6.3,4.3,76.6,4.98,0.24,36.35,Overcast / Moderate,19.26,0.0,32.61,9.13
2025-08-25 10:00:00,2025,8,25,10,237,0,23,-5.0,6.3,96.1,6.03,3.94,35.63,Overcast / Moderate,19.26,0.0,27.14,7.6
2025-08-25 11:00:00,2025,8,25,11,237,0,25,-4.8,1.4,122.5,7.7,0.0,45.78,Overcast / Moderate,19.26,0.0,39.56,11.08
2025-08-25 12:00:00,2025,8,25,12,237,0,25,-5.6,4.9,168.1,10.88,0.75,38.91,Overcast / Moderate,19.26,0.0,28.76,8.05
2025-08-25 13:00:00,2025,8,25,13,237,0,26,-6.3,6.5,147.2,9.47,4.71,42.53,Overcast / Moderate,19.26,0.0,29.83,8.35
2025-08-25 14:00:00,2025,8,25,14,237,0,25,-5.6,6.4,126.5,8.19,4.31,41.85,Overcast / Moderate,19.26,0.0,30.83,8.63
2025-08-25 15:00:00,2025,8,25,15,237,0,24,-6.5,3.8,74.0,4.79,0.06,35.41,Overcast / Moderate,19.26,0.0,32.04,8.97
2025-08-25 16:00:00,2025,8,25,16,237,0,24,-6.0,9.1,0.0,0.0,24.91,39.63,Overcast / Moderate,19.26,0.0,16.2,4.54
2025-08-25 17:00:00,2025,8,25,17,237,0,24,-4.9,4.6,0.0,0.0,0.45,37.46,Overcast / Moderate,19.26,0.0,38.49,10.78
2025-08-25 18:00:00,2025,8,25,18,237,0,23,-5.0,7.0,0.0,0.0,7.02,41.08,Overcast / Moderate,19.26,0.0,35.54,9.95
2025-08-25 19:00:00,2025,8,25,19,237,0,25,-5.1,4.3,0.0,0.0,0.24,42.4,Overcast / Moderate,19.26,0.0,43.64,12.22
2025-08-25 20:00:00,2025,8,25,20,237,0,24,-6.0,5.7,0.0,0.0,2.16,35.74,Overcast / Moderate,19.26,0.0,35.06,9.82
2025-08-25 21:00:00,2025,8,25,21,237,0,23,-7.0,3.7,0.0,0.0,0.04,46.83,Overcast / Moderate,19.26,0.0,48.27,13.52
2025-08-25 22:00:00,2025,8,25,22,237,0,26,-7.8,7.5,0.0,0.0,10.0,36.82,Overcast / Moderate,19.26,0.0,28.3,7.92
2025-08-25 23:00:00,2025,8,25,23,237,0,24,-8.0,5.7,0.0,0.0,2.16,37.7,Overcast / Moderate,19.26,0.0,37.02,10.37
2025-08-26 00:00:00,2025,8,26,0,238,1,23,-8.0,1.1,0.0,0.0,0.0,29.28,Overcast / Moderate,19.26,0.0,30.76,8.61
2025-08-26 01:00:00,2025,8,26,1,238,1,24,-7.5,1.4,0.0,0.0,0.0,38.27,Overcast / Moderate,19.26,0.0,39.75,11.13
2025-08-26 02:00:00,2025,8,26,2,238,1,25,-7.7,6.1,0.0,0.0,3.27,30.72,Overcast / Moderate,19.26,0.0,28.93,8.1
2025-08-26 03:00:00,2025,8,26,3,238,1,23,-6.8,3.5,0.0,0.0,0.01,34.65,Overcast / Moderate,19.26,0.0,36.12,10.11
2025-08-26 04:00:00,2025,8,26,4,238,1,25,-7.3,7.1,0.0,0.0,7.56,34.43,Overcast / Moderate,19.26,0.0,28.35,7.94
2025-08-26 05:00:00,2025,8,26,5,238,1,23,-9.2,5.5,0.0,0.0,1.71,37.97,Overcast / Moderate,19.26,0.0,37.74,10.57
2025-08-26 06:00:00,2025,8,26,6,238,1,26,-8.7,7.7,0.0,0.0,11.39,37.52,Overcast / Moderate,19.26,0.0,27.61,7.73
2025-08-26 07:00:00,2025,8,26,7,238,1,25,-8.1,12.7,0.0,0.0,80.0,41.21,Overcast / Moderate,37.1,-38.79,0.0,0.0
2025-08-26 08:00:00,2025,8,26,8,238,1,24,-7.6,6.5,0.0,0.0,4.71,42.13,Overcast / Moderate,18.51,34.21,15.0,4.2
2025-08-26 09:00:00,2025,8,26,9,238,1,24,-8.3,9.2,49.0,3.04,26.15,37.04,Overcast / Moderate,18.51,0.0,15.0,4.2
2025-08-26 10:00:00,2025,8,26,10,238,1,24,-8.4,8.8,99.1,6.27,21.41,39.11,Overcast / Moderate,18.51,0.0,15.0,4.2
2025-08-26 11:00:00,2025,8,26,11,238,1,25,-6.6,11.7,175.1,11.47,72.26,36.5,Overcast / Moderate,36.91,-40.0,0.0,0.0
2025-08-26 12:00:00,2025,8,26,12,238,1,24,-6.7,3.8,132.2,8.33,0.06,36.04,Overcast / Moderate,21.89,27.65,0.0,0.0
2025-08-26 13:00:00,2025,8,26,13,238,1,24,-7.2,9.8,169.4,11.07,34.51,43.55,Overcast / Moderate,22.82,-2.03,0.0,0.0
2025-08-26 14:00:00,2025,8,26,14,238,1,25,-6.3,11.3,89.4,5.57,62.75,35.22,Overcast / Moderate,38.05,-33.1,0.0,0.0
2025-08-26 15:00:00,2025,8,26,15,238,1,24,-6.4,5.4,86.0,5.62,1.52,36.06,Overcast / Moderate,22.33,28.92,0.0,0.0
2025-08-26 16:00:00,2025,8,26,16,238,1,24,-4.8,4.7,0.0,0.0,0.54,42.41,Overcast / Moderate,19.8,4.66,37.21,10.42
2025-08-26 17:00:00,2025,8,26,17,238,1,22,-5.1,12.7,0.0,0.0,80.0,36.13,Overcast / Moderate,38.2,-40.0,0.0,0.0
2025-08-26 18:00:00,2025,8,26,18,238,1,25,-6.3,7.5,0.0,0.0,10.0,38.23,Overcast / Moderate,22.86,28.23,0.0,0.0
2025-08-26 19:00:00,2025,8,26,19,238,1,25,-6.5,5.3,0.0,0.0,1.34,39.54,Overcast / Moderate,19.75,5.71,32.49,9.1
2025-08-26 20:00:00,2025,8,26,20,238,1,24,-7.1,9.3,0.0,0.0,27.44,35.63,Overcast / Moderate,19.75,0.0,15.0,4.2
2025-08-26 21:00:00,2025,8,26,21,238,1,26,-7.0,4.6,0.0,0.0,0.45,36.96,Overcast / Moderate,19.75,0.0,37.01,10.36
2025-08-26 22:00:00,2025,8,26,22,238,1,25,-9.1,3.4,0.0,0.0,0.01,35.62,Overcast / Moderate,19.75,0.0,36.11,10.11
2025-08-26 23:00:00,2025,8,26,23,238,1,23,-9.4,6.7,0.0,0.0,5.56,39.56,Overcast / Moderate,19.75,0.0,34.5,9.66
2025-08-27 00:00:00,2025,8,27,0,239,2,25,-9.0,6.9,0.0,0.0,6.51,38.76,Overcast / Moderate,19.75,0.0,32.75,9.17
2025-08-27 01:00:00,2025,8,27,1,239,2,25,-8.7,9.8,0.0,0.0,34.51,35.28,Overcast / Moderate,19.75,0.0,15.0,4.2
2025-08-27 02:00:00,2025,8,27,2,239,2,25,-9.0,5.9,0.0,0.0,2.68,36.75,Overcast / Moderate,19.75,0.0,34.57,9.68
2025-08-27 03:00:00,2025,8,27,3,239,2,24,-9.4,9.6,0.0,0.0,31.55,39.12,Overcast / Moderate,19.75,0.0,15.0,4.2
2025-08-27 04:00:00,2025,8,27,4,239,2,25,-9.0,4.7,0.0,0.0,0.54,31.12,Overcast / Moderate,19.75,0.0,31.08,8.7
2025-08-27 05:00:00,2025,8,27,5,239,2,24,-8.4,7.0,0.0,0.0,7.02,37.18,Overcast / Moderate,19.75,0.0,30.66,8.58
2025-08-27 06:00:00,2025,8,27,6,239,2,25,-8.3,3.8,0.0,0.0,0.06,38.45,Overcast / Moderate,19.75,0.0,38.89,10.89
2025-08-27 07:00:00,2025,8,27,7,239,2,23,-9.1,5.3,0.0,0.0,1.34,37.5,Overcast / Moderate,19.75,0.0,36.66,10.26
2025-08-27 08:00:00,2025,8,27,8,239,2,24,-10.1,10.3,0.0,0.0,42.69,42.52,Overcast / Moderate,19.83,-0.17,0.0,0.0
2025-08-27 09:00:00,2025,8,27,9,239,2,26,-9.1,3.8,78.4,5.06,0.06,40.88,Overcast / Moderate,19.83,0.0,36.1,10.11
2025-08-27 10:00:00,2025,8,27,10,239,2,24,-8.3,9.6,122.9,7.91,31.55,44.07,Overcast / Moderate,19.83,0.0,15.0,4.2
2025-08-27 11:00:00,2025,8,27,11,239,2,24,-9.0,4.4,108.8,6.8,0.3,38.76,Overcast / Moderate,19.83,0.0,32.0,8.96
2025-08-27 12:00:00,2025,8,27,12,239,2,24,-8.3,1.5,123.2,7.72,0.0,41.02,Overcast / Moderate,19.83,0.0,33.64,9.42
2025-08-27 13:00:00,2025,8,27,13,239,2,23,-6.7,2.7,166.5,10.79,0.0,34.32,Overcast / Moderate,19.83,0.0,23.87,6.68
2025-08-27 14:00:00,2025,8,27,14,239,2,22,-6.5,8.7,114.9,7.31,20.32,37.69,Overcast / Moderate,19.83,0.0,15.0,4.2
2025-08-27 15:00:00,2025,8,27,15,239,2,24,-7.8,4.3,73.0,4.66,0.24,41.21,Overcast / Moderate,19.83,0.0,36.65,10.26
2025-08-27 16:00:00,2025,8,27,16,239,2,25,-7.7,7.7,0.0,0.0,11.39,38.13,Overcast / Moderate,19.83,0.0,27.08,7.58
2025-08-27 17:00:00,2025,8,27,17,239,2,24,-7.4,8.2,0.0,0.0,15.43,41.67,Overcast / Moderate,19.83,0.0,26.58,7.44
2025-08-27 18:00:00,2025,8,27,18,239,2,24,-7.9,5.0,0.0,0.0,0.88,41.55,Overcast / Moderate,19.83,0.0,41.01,11.48
2025-08-27 19:00:00,2025,8,27,19,239,2,25,-8.6,6.1,0.0,0.0,3.27,40.48,Overcast / Moderate,19.83,0.0,37.55,10.51
2025-08-27 20:00:00,2025,8,27,20,239,2,26,-7.6,5.5,0.0,0.0,1.71,39.04,Overcast / Moderate,19.83,0.0,37.67,10.55
2025-08-27 21:00:00,2025,8,27,21,239,2,24,-8.0,12.5,0.0,0.0,80.0,31.61,Overcast / Moderate,38.23,-40.0,0.0,0.0
2025-08-27 22:00:00,2025,8,27,22,239,2,24,-8.8,4.8,0.0,0.0,0.64,35.1,Overcast / Moderate,19.5,34.46,0.0,0.0
2025-08-27 23:00:00,2025,8,27,23,239,2,24,-7.6,3.5,0.0,0.0,0.01,38.57,Overcast / Moderate,19.5,0.0,39.56,11.08
2025-08-28 00:00:00,2025,8,28,0,240,3,25,-7.0,5.2,0.0,0.0,1.17,34.9,Overcast / Moderate,19.5,0.0,34.73,9.72
2025-08-28 01:00:00,2025,8,28,1,240,3,26,-7.2,7.9,0.0,0.0,12.91,37.08,Overcast / Moderate,19.5,0.0,25.17,7.05
2025-08-28 02:00:00,2025,8,28,2,240,3,24,-7.1,8.2,0.0,0.0,15.43,34.29,Overcast / Moderate,19.5,0.0,19.86,5.56
2025-08-28 03:00:00,2025,8,28,3,240,3,25,-5.9,11.8,0.0,0.0,74.78,31.19,Overcast / Moderate,37.9,-40.0,0.0,0.0
2025-08-28 04:00:00,2025,8,28,4,240,3,25,-5.0,10.8,0.0,0.0,52.08,35.95,Overcast / Moderate,45.32,-16.13,0.0,0.0
2025-08-28 05:00:00,2025,8,28,5,240,3,24,-5.9,4.5,0.0,0.0,0.37,31.47,Overcast / Moderate,28.42,31.1,0.0,0.0
2025-08-28 06:00:00,2025,8,28,6,240,3,25,-5.8,5.9,0.0,0.0,2.68,34.03,Overcast / Moderate,19.27,16.84,15.0,4.2
2025-08-28 07:00:00,2025,8,28,7,240,3,23,-6.3,8.7,0.0,0.0,20.32,38.61,Overcast / Moderate,19.27,0.0,19.75,5.53
2025-08-28 08:00:00,2025,8,28,8,240,3,23,-6.7,11.6,0.0,0.0,69.8,36.3,Overcast / Moderate,34.68,-33.5,0.0,0.0
2025-08-28 09:00:00,2025,8,28,9,240,3,25,-6.9,4.9,88.6,5.72,0.75,42.77,Overcast / Moderate,18.72,29.36,15.0,4.2
2025-08-28 10:00:00,2025,8,28,10,240,3,24,-7.2,5.8,113.7,7.21,2.41,43.65,Overcast / Moderate,18.72,0.0,36.58,10.24
2025-08-28 11:00:00,2025,8,28,11,240,3,25,-8.1,11.1,164.7,10.66,58.32,37.72,Overcast / Moderate,33.1,-31.26,0.0,0.0
2025-08-28 12:00:00,2025,8,28,12,240,3,24,-8.7,5.1,151.1,9.64,1.02,37.92,Overcast / Moderate,18.86,26.21,15.0,4.2
2025-08-28 13:00:00,2025,8,28,13,240,3,24,-8.6,6.1,168.5,10.95,3.27,38.67,Overcast / Moderate,18.86,0.0,26.73,7.48
2025-08-28 14:00:00,2025,8,28,14,240,3,24,-9.2,11.3,136.4,8.87,62.75,43.1,Overcast / Moderate,31.98,-28.52,0.0,0.0
2025-08-28 15:00:00,2025,8,28,15,240,3,23,-9.1,9.4,89.6,5.83,28.77,41.01,Overcast / Moderate,28.5,6.41,0.0,0.0
2025-08-28 16:00:00,2025,8,28,16,240,3,26,-9.2,4.1,0.0,0.0,0.15,42.79,Overcast / Moderate,19.26,16.99,25.65,7.18
2025-08-28 17:00:00,2025,8,28,17,240,3,23,-8.3,4.8,0.0,0.0,0.64,42.49,Overcast / Moderate,19.26,0.0,43.33,12.13
2025-08-28 18:00:00,2025,8,28,18,240,3,24,-7.4,5.0,0.0,0.0,0.88,36.61,Overcast / Moderate,19.26,0.0,37.21,10.42
2025-08-28 19:00:00,2025,8,28,19,240,3,23,-7.6,11.5,0.0,0.0,67.39,39.93,Overcast / Moderate,31.89,-27.46,0.0,0.0
2025-08-28 20:00:00,2025,8,28,20,240,3,25,-6.4,18.7,0.0,0.0,80.0,38.59,High Wind Surge,50.29,-40.0,0.0,0.0
2025-08-28 21:00:00,2025,8,28,21,240,3,24,-5.7,9.1,0.0,0.0,24.91,38.67,Overcast / Moderate,42.81,13.76,0.0,0.0
2025-08-28 22:00:00,2025,8,28,22,240,3,24,-5.6,6.2,0.0,0.0,3.6,37.19,Overcast / Moderate,24.56,33.59,0.0,0.0
2025-08-28 23:00:00,2025,8,28,23,240,3,25,-5.9,0.8,0.0,0.0,0.0,34.38,Overcast / Moderate,19.6,9.12,25.26,7.07
2025-08-29 00:00:00,2025,8,29,0,241,4,25,-6.5,8.2,0.0,0.0,15.43,33.47,Overcast / Moderate,19.6,0.0,18.83,5.27
2025-08-29 01:00:00,2025,8,29,1,241,4,25,-5.6,5.4,0.0,0.0,1.52,31.91,Overcast / Moderate,19.6,0.0,31.18,8.73
2025-08-29 02:00:00,2025,8,29,2,241,4,24,-5.8,7.5,0.0,0.0,10.0,38.86,Overcast / Moderate,19.6,0.0,29.65,8.3
2025-08-29 03:00:00,2025,8,29,3,241,4,23,-5.7,7.3,0.0,0.0,8.73,34.08,Overcast / Moderate,19.6,0.0,26.14,7.32
2025-08-29 04:00:00,2025,8,29,4,241,4,25,-5.9,6.1,0.0,0.0,3.27,31.34,Overcast / Moderate,19.6,0.0,28.86,8.08
2025-08-29 05:00:00,2025,8,29,5,241,4,24,-5.7,12.4,0.0,0.0,80.0,37.85,Overcast / Moderate,38.0,-40.0,0.0,0.0
2025-08-29 06:00:00,2025,8,29,6,241,4,25,-5.0,1.3,0.0,0.0,0.0,29.81,Overcast / Moderate,21.8,29.81,0.0,0.0
2025-08-29 07:00:00,2025,8,29,7,241,4,24,-5.9,8.3,0.0,0.0,16.34,33.87,Overcast / Moderate,19.84,3.6,15.0,4.2
2025-08-29 08:00:00,2025,8,29,8,241,4,25,-6.6,5.5,29.8,1.91,1.71,37.83,Overcast / Moderate,19.84,0.0,34.52,9.67
2025-08-29 09:00:00,2025,8,29,9,241,4,23,-7.2,8.3,87.9,5.64,16.34,37.01,Overcast / Moderate,19.84,0.0,15.34,4.3
2025-08-29 10:00:00,2025,8,29,10,241,4,26,-6.6,7.9,144.4,9.34,12.91,39.74,Overcast / Moderate,19.84,0.0,17.8,4.98
2025-08-29 11:00:00,2025,8,29,11,241,4,24,-6.2,0.8,176.3,11.4,0.0,33.15,Overcast / Moderate,19.84,0.0,22.06,6.18
2025-08-29 12:00:00,2025,8,29,12,241,4,25,-6.9,4.5,170.6,10.94,0.37,39.66,Overcast / Moderate,19.84,0.0,28.66,8.03
2025-08-29 13:00:00,2025,8,29,13,241,4,24,-7.3,3.6,175.3,11.36,0.02,41.99,Overcast / Moderate,19.84,0.0,30.92,8.66
2025-08-29 14:00:00,2025,8,29,14,241,4,25,-6.9,3.3,115.6,7.3,0.0,36.39,Overcast / Moderate,19.84,0.0,29.4,8.23
2025-08-29 15:00:00,2025,8,29,15,241,4,23,-7.4,8.5,91.7,5.92,18.26,37.58,Overcast / Moderate,19.84,0.0,15.0,4.2
2025-08-29 16:00:00,2025,8,29,16,241,4,25,-8.8,4.0,31.8,2.07,0.11,38.26,Overcast / Moderate,19.84,0.0,36.39,10.19
2025-08-29 17:00:00,2025,8,29,17,241,4,24,-10.1,6.1,0.0,0.0,3.27,41.7,Overcast / Moderate,19.84,0.0,38.74,10.85
2025-08-29 18:00:00,2025,8,29,18,241,4,25,-9.9,4.1,0.0,0.0,0.15,38.4,Overcast / Moderate,19.84,0.0,38.56,10.8
2025-08-29 19:00:00,2025,8,29,19,241,4,25,-8.3,7.0,0.0,0.0,7.02,36.89,Overcast / Moderate,19.84,0.0,30.18,8.45
2025-08-29 20:00:00,2025,8,29,20,241,4,23,-8.6,8.4,0.0,0.0,17.28,39.05,Overcast / Moderate,19.84,0.0,22.08,6.18
2025-08-29 21:00:00,2025,8,29,21,241,4,24,-8.1,4.9,0.0,0.0,0.75,40.24,Overcast / Moderate,19.84,0.0,39.8,11.14
2025-08-29 22:00:00,2025,8,29,22,241,4,25,-6.8,7.2,0.0,0.0,8.13,35.81,Overcast / Moderate,19.84,0.0,27.99,7.84
2025-08-29 23:00:00,2025,8,29,23,241,4,27,-7.1,9.8,0.0,0.0,34.51,34.99,Overcast / Moderate,19.84,0.0,15.0,4.2
2025-08-30 00:00:00,2025,8,30,0,242,5,24,-7.2,2.5,0.0,0.0,0.0,37.19,Overcast / Moderate,19.84,0.0,37.5,10.5
2025-08-30 01:00:00,2025,8,30,1,242,5,25,-8.2,8.3,0.0,0.0,16.34,37.06,Overcast / Moderate,19.84,0.0,21.03,5.89
2025-08-30 02:00:00,2025,8,30,2,242,5,24,-8.0,4.8,0.0,0.0,0.64,33.2,Overcast / Moderate,19.84,0.0,32.87,9.2
2025-08-30 03:00:00,2025,8,30,3,242,5,26,-8.4,2.8,0.0,0.0,0.0,30.16,Overcast / Moderate,19.84,0.0,30.47,8.53
2025-08-30 04:00:00,2025,8,30,4,242,5,23,-9.6,6.7,0.0,0.0,5.56,38.41,Overcast / Moderate,19.84,0.0,33.16,9.29
2025-08-30 05:00:00,2025,8,30,5,242,5,25,-8.6,3.9,0.0,0.0,0.08,36.14,Overcast / Moderate,19.84,0.0,36.37,10.18
2025-08-30 06:00:00,2025,8,30,6,242,5,23,-7.8,9.7,0.0,0.0,33.01,32.98,Overcast / Moderate,19.86,-0.03,0.0,0.0
2025-08-30 07:00:00,2025,8,30,7,242,5,22,-7.2,1.7,0.0,0.0,0.0,42.09,Overcast / Moderate,19.86,0.0,42.38,11.87
2025-08-30 08:00:00,2025,8,30,8,242,5,25,-7.7,2.6,36.4,2.35,0.0,43.48,Overcast / Moderate,19.86,0.0,41.42,11.6
2025-08-30 09:00:00,2025,8,30,9,242,5,25,-8.0,6.5,95.8,6.18,4.71,42.85,Overcast / Moderate,19.86,0.0,32.25,9.03
2025-08-30 10:00:00,2025,8,30,10,242,5,24,-8.3,7.1,153.0,9.96,7.56,40.11,Overcast / Moderate,19.86,0.0,22.88,6.41
2025-08-30 11:00:00,2025,8,30,11,242,5,24,-7.5,8.5,159.6,10.2,18.26,31.03,Overcast / Moderate,19.86,0.0,15.0,4.2
2025-08-30 12:00:00,2025,8,30,12,242,5,28,-8.8,4.2,148.2,9.38,0.19,44.24,Overcast / Moderate,19.86,0.0,34.96,9.79
2025-08-30 13:00:00,2025,8,30,13,242,5,24,-9.4,10.0,125.0,7.85,37.64,38.07,Overcast / Moderate,23.27,-7.42,0.0,0.0
2025-08-30 14:00:00,2025,8,30,14,242,5,25,-8.3,12.8,148.8,9.66,80.0,38.49,Overcast / Moderate,41.67,-40.0,0.0,0.0
2025-08-30 15:00:00,2025,8,30,15,242,5,24,-8.4,6.3,98.5,6.38,3.94,41.87,Overcast / Moderate,24.52,31.55,0.0,0.0
2025-08-30 16:00:00,2025,8,30,16,242,5,25,-6.5,8.9,30.3,1.91,22.54,43.62,Overcast / Moderate,19.61,9.05,15.0,4.2
2025-08-30 17:00:00,2025,8,30,17,242,5,24,-7.5,6.5,0.0,0.0,4.71,42.8,Overcast / Moderate,19.61,0.0,38.88,10.89
2025-08-30 18:00:00,2025,8,30,18,242,5,24,-7.7,2.1,0.0,0.0,0.0,39.53,Overcast / Moderate,19.61,0.0,40.32,11.29
2025-08-30 19:00:00,2025,8,30,19,242,5,26,-7.8,4.8,0.0,0.0,0.64,41.71,Overcast / Moderate,19.61,0.0,41.86,11.72
2025-08-30 20:00:00,2025,8,30,20,242,5,26,-9.1,2.4,0.0,0.0,0.0,38.07,Overcast / Moderate,19.61,0.0,38.86,10.88
2025-08-30 21:00:00,2025,8,30,21,242,5,25,-8.1,15.3,0.0,0.0,80.0,35.69,High Wind Surge,38.01,-40.0,0.0,0.0
2025-08-30 22:00:00,2025,8,30,22,242,5,22,-9.5,3.9,0.0,0.0,0.08,39.52,Overcast / Moderate,18.43,36.01,15.0,4.2
2025-08-30 23:00:00,2025,8,30,23,242,5,24,-10.7,7.5,0.0,0.0,10.0,38.95,Overcast / Moderate,18.43,0.0,32.08,8.98
2025-08-31 00:00:00,2025,8,31,0,243,6,27,-10.3,4.5,0.0,0.0,0.37,34.86,Overcast / Moderate,18.43,0.0,37.62,10.53
2025-08-31 01:00:00,2025,8,31,1,243,6,24,-11.1,7.7,0.0,0.0,11.39,38.33,Overcast / Moderate,18.43,0.0,30.07,8.42
2025-08-31 02:00:00,2025,8,31,2,243,6,26,-10.7,3.8,0.0,0.0,0.06,40.11,Overcast / Moderate,18.43,0.0,43.18,12.09
2025-08-31 03:00:00,2025,8,31,3,243,6,26,-11.7,9.2,0.0,0.0,26.15,41.59,Overcast / Moderate,18.43,0.0,18.57,5.2
2025-08-31 04:00:00,2025,8,31,4,243,6,25,-11.6,2.7,0.0,0.0,0.0,40.6,Overcast / Moderate,18.43,0.0,43.73,12.24
2025-08-31 05:00:00,2025,8,31,5,243,6,24,-10.4,11.0,0.0,0.0,56.19,37.01,Overcast / Moderate,27.26,-19.18,0.0,0.0
2025-08-31 06:00:00,2025,8,31,6,243,6,22,-10.3,10.0,0.0,0.0,37.64,35.3,Overcast / Moderate,28.33,-2.34,0.0,0.0
2025-08-31 07:00:00,2025,8,31,7,243,6,25,-9.2,8.0,0.0,0.0,13.72,40.86,Overcast / Moderate,19.28,16.67,15.0,4.2
2025-08-31 08:00:00,2025,8,31,8,243,6,24,-8.8,2.1,42.7,2.78,0.0,41.93,Overcast / Moderate,19.28,0.0,40.6,11.37
2025-08-31 09:00:00,2025,8,31,9,243,6,25,-8.6,3.8,107.0,6.96,0.06,42.38,Overcast / Moderate,19.28,0.0,36.81,10.31
2025-08-31 10:00:00,2025,8,31,10,243,6,23,-8.2,10.3,130.7,8.33,42.69,43.07,Overcast / Moderate,22.93,-7.95,0.0,0.0
2025-08-31 11:00:00,2025,8,31,11,243,6,24,-10.1,2.8,79.6,4.84,0.0,40.98,Overcast / Moderate,19.75,5.86,30.28,8.48
2025-08-31 12:00:00,2025,8,31,12,243,6,25,-9.6,3.2,173.7,11.17,0.0,38.09,Overcast / Moderate,19.75,0.0,27.43,7.68
2025-08-31 13:00:00,2025,8,31,13,243,6,25,-9.8,6.7,179.8,11.68,5.56,43.73,Overcast / Moderate,19.75,0.0,27.0,7.56
2025-08-31 14:00:00,2025,8,31,14,243,6,23,-10.7,4.4,158.8,10.41,0.3,41.21,Overcast / Moderate,19.75,0.0,31.01,8.68
2025-08-31 15:00:00,2025,8,31,15,243,6,26,-9.8,3.9,103.9,6.76,0.08,38.16,Overcast / Moderate,19.75,0.0,31.83,8.91
2025-08-31 16:00:00,2025,8,31,16,243,6,24,-9.1,7.0,40.0,2.58,7.02,41.7,Overcast / Moderate,19.75,0.0,32.61,9.13
2025-08-31 17:00:00,2025,8,31,17,243,6,23,-7.5,5.2,0.0,0.0,1.17,42.13,Overcast / Moderate,19.75,0.0,41.47,11.61
2025-08-31 18:00:00,2025,8,31,18,243,6,24,-8.3,3.1,0.0,0.0,0.0,40.5,Overcast / Moderate,19.75,0.0,41.01,11.48
2025-08-31 19:00:00,2025,8,31,19,243,6,25,-8.1,6.6,0.0,0.0,5.12,43.3,Overcast / Moderate,19.75,0.0,38.69,10.83
2025-08-31 20:00:00,2025,8,31,20,243,6,25,-8.5,5.3,0.0,0.0,1.34,38.83,Overcast / Moderate,19.75,0.0,38.0,10.64
2025-08-31 21:00:00,2025,8,31,21,243,6,26,-9.2,8.6,0.0,0.0,19.27,39.09,Overcast / Moderate,19.75,0.0,20.33,5.69
2025-08-31 22:00:00,2025,8,31,22,243,6,24,-9.6,2.6,0.0,0.0,0.0,39.46,Overcast / Moderate,19.75,0.0,39.97,11.19
2025-08-31 23:00:00,2025,8,31,23,243,6,24,-9.7,7.4,0.0,0.0,9.35,36.51,Overcast / Moderate,19.75,0.0,27.67,7.75
2025-09-01 00:00:00,2025,9,1,0,244,0,23,-10.7,5.8,0.0,0.0,2.41,40.94,Overcast / Moderate,19.75,0.0,39.04,10.93
2025-09-01 01:00:00,2025,9,1,1,244,0,25,-12.3,5.5,0.0,0.0,1.71,39.99,Overcast / Moderate,19.75,0.0,38.79,10.86
2025-09-01 02:00:00,2025,9,1,2,244,0,25,-11.8,4.0,0.0,0.0,0.11,42.23,Overcast / Moderate,19.75,0.0,42.63,11.94
2025-09-01 03:00:00,2025,9,1,3,244,0,24,-11.3,1.4,0.0,0.0,0.0,40.17,Overcast / Moderate,19.75,0.0,40.68,11.39
2025-09-01 04:00:00,2025,9,1,4,244,0,23,-12.9,10.1,0.0,0.0,39.28,37.33,Overcast / Moderate,20.64,-1.95,0.0,0.0
2025-09-01 05:00:00,2025,9,1,5,244,0,26,-12.6,4.8,0.0,0.0,0.64,35.02,Overcast / Moderate,19.94,1.28,33.1,9.27
2025-09-01 06:00:00,2025,9,1,6,244,0,23,-10.4,8.0,0.0,0.0,13.72,39.66,Overcast / Moderate,19.94,0.0,26.05,7.29
2025-09-01 07:00:00,2025,9,1,7,244,0,24,-7.8,12.6,0.0,0.0,80.0,40.58,Overcast / Moderate,38.08,-39.42,0.0,0.0
2025-09-01 08:00:00,2025,9,1,8,244,0,25,-7.2,6.9,43.5,2.78,6.51,36.52,Overcast / Moderate,23.28,27.23,0.0,0.0
2025-09-01 09:00:00,2025,9,1,9,244,0,23,-6.9,5.4,109.4,7.06,1.52,40.14,Overcast / Moderate,19.71,6.56,25.0,7.0
2025-09-01 10:00:00,2025,9,1,10,244,0,23,-6.6,4.3,153.8,9.89,0.24,41.4,Overcast / Moderate,19.71,0.0,31.84,8.92
2025-09-01 11:00:00,2025,9,1,11,244,0,22,-5.0,12.1,180.6,11.54,80.0,34.61,Overcast / Moderate,38.11,-40.0,0.0,0.0
2025-09-01 12:00:00,2025,9,1,12,244,0,25,-5.6,8.0,141.4,8.79,13.72,33.03,Overcast / Moderate,32.4,10.52,0.0,0.0
2025-09-01 13:00:00,2025,9,1,13,244,0,24,-6.9,7.8,180.8,11.62,12.14,40.92,Overcast / Moderate,23.07,17.16,0.0,0.0
2025-09-01 14:00:00,2025,9,1,14,244,0,27,-6.9,5.7,168.5,10.96,2.16,42.72,Overcast / Moderate,19.73,6.14,23.46,6.57
2025-09-01 15:00:00,2025,9,1,15,244,0,24,-6.2,10.1,79.7,4.97,39.28,36.14,Overcast / Moderate,23.46,-8.11,0.0,0.0
2025-09-01 16:00:00,2025,9,1,16,244,0,24,-3.6,8.3,47.4,3.03,16.34,37.96,Overcast / Moderate,19.7,6.93,15.0,4.2
2025-09-01 17:00:00,2025,9,1,17,244,0,24,-5.0,4.4,0.0,0.0,0.3,37.9,Overcast / Moderate,19.7,0.0,38.2,10.7
2025-09-01 18:00:00,2025,9,1,18,244,0,25,-4.3,7.2,0.0,0.0,8.13,36.62,Overcast / Moderate,19.7,0.0,29.09,8.15
2025-09-01 19:00:00,2025,9,1,19,244,0,24,-4.2,5.7,0.0,0.0,2.16,37.92,Overcast / Moderate,19.7,0.0,36.36,10.18
2025-09-01 20:00:00,2025,9,1,20,244,0,25,-5.1,0.7,0.0,0.0,0.0,36.24,Overcast / Moderate,19.7,0.0,36.84,10.32
2025-09-01 21:00:00,2025,9,1,21,244,0,24,-5.7,9.5,0.0,0.0,30.14,34.84,Overcast / Moderate,19.7,0.0,15.0,4.2
2025-09-01 22:00:00,2025,9,1,22,244,0,23,-8.0,2.8,0.0,0.0,0.0,36.92,Overcast / Moderate,19.7,0.0,37.52,10.51
2025-09-01 23:00:00,2025,9,1,23,244,0,23,-7.8,6.4,0.0,0.0,4.31,36.43,Overcast / Moderate,19.7,0.0,32.72,9.16
2025-09-02 00:00:00,2025,9,2,0,245,1,22,-8.1,4.9,0.0,0.0,0.75,29.4,Overcast / Moderate,19.7,0.0,29.25,8.19
2025-09-02 01:00:00,2025,9,2,1,245,1,24,-8.3,5.0,0.0,0.0,0.88,33.39,Overcast / Moderate,19.7,0.0,33.11,9.27
2025-09-02 02:00:00,2025,9,2,2,245,1,24,-6.9,6.1,0.0,0.0,3.27,33.61,Overcast / Moderate,19.7,0.0,30.94,8.66
2025-09-02 03:00:00,2025,9,2,3,245,1,24,-6.6,17.3,0.0,0.0,80.0,36.38,High Wind Surge,38.1,-40.0,0.0,0.0
2025-09-02 04:00:00,2025,9,2,4,245,1,26,-6.4,5.5,0.0,0.0,1.71,31.54,Overcast / Moderate,21.89,29.83,0.0,0.0
2025-09-02 05:00:00,2025,9,2,5,245,1,26,-7.6,3.5,0.0,0.0,0.01,35.45,Overcast / Moderate,19.84,3.77,31.67,8.87
2025-09-02 06:00:00,2025,9,2,6,245,1,24,-9.2,7.3,0.0,0.0,8.73,41.86,Overcast / Moderate,19.84,0.0,33.46,9.37
2025-09-02 07:00:00,2025,9,2,7,245,1,23,-7.8,4.0,0.0,0.0,0.11,38.99,Overcast / Moderate,19.84,0.0,39.21,10.98
2025-09-02 08:00:00,2025,9,2,8,245,1,24,-8.6,2.6,49.9,3.21,0.0,40.09,Overcast / Moderate,19.84,0.0,37.21,10.42
2025-09-02 09:00:00,2025,9,2,9,245,1,24,-8.7,1.8,124.3,8.14,0.0,39.69,Overcast / Moderate,19.84,0.0,31.88,8.93
2025-09-02 10:00:00,2025,9,2,10,245,1,24,-8.4,1.2,131.5,8.33,0.0,42.08,Overcast / Moderate,19.84,0.0,34.08,9.54
2025-09-02 11:00:00,2025,9,2,11,245,1,24,-6.5,5.7,114.0,7.0,2.16,38.3,Overcast / Moderate,19.84,0.0,29.47,8.25
2025-09-02 12:00:00,2025,9,2,12,245,1,24,-5.3,5.7,165.2,10.38,2.16,36.75,Overcast / Moderate,19.84,0.0,24.54,6.87
2025-09-02 13:00:00,2025,9,2,13,245,1,24,-6.9,3.5,200.7,13.01,0.01,38.88,Overcast / Moderate,19.84,0.0,26.19,7.33
2025-09-02 14:00:00,2025,9,2,14,245,1,24,-6.4,9.2,170.9,11.08,26.15,41.43,Overcast / Moderate,19.84,0.0,15.0,4.2
2025-09-02 15:00:00,2025,9,2,15,245,1,25,-7.3,2.9,73.3,4.53,0.0,40.15,Overcast / Moderate,19.84,0.0,35.95,10.07
2025-09-02 16:00:00,2025,9,2,16,245,1,25,-6.5,11.5,30.6,1.88,67.39,38.69,Overcast / Moderate,33.9,-30.58,0.0,0.0
2025-09-02 17:00:00,2025,9,2,17,245,1,24,-7.6,7.1,0.0,0.0,7.56,41.96,Overcast / Moderate,18.79,27.81,15.0,4.2
2025-09-02 18:00:00,2025,9,2,18,245,1,26,-7.1,1.4,0.0,0.0,0.0,38.03,Overcast / Moderate,18.79,0.0,40.45,11.33
2025-09-02 19:00:00,2025,9,2,19,245,1,24,-7.0,13.2,0.0,0.0,80.0,30.56,Overcast / Moderate,37.19,-40.0,0.0,0.0
2025-09-02 20:00:00,2025,9,2,20,245,1,23,-7.7,4.7,0.0,0.0,0.54,39.87,Overcast / Moderate,18.51,34.38,15.0,4.2
2025-09-02 21:00:00,2025,9,2,21,245,1,25,-8.3,5.9,0.0,0.0,2.68,40.98,Overcast / Moderate,18.51,0.0,41.29,11.56
2025-09-02 22:00:00,2025,9,2,22,245,1,24,-8.1,4.5,0.0,0.0,0.37,34.64,Overcast / Moderate,18.51,0.0,37.26,10.43
2025-09-02 23:00:00,2025,9,2,23,245,1,25,-8.6,8.5,0.0,0.0,18.26,36.11,Overcast / Moderate,18.51,0.0,20.84,5.84
2025-09-03 00:00:00,2025,9,3,0,246,2,22,-10.6,6.2,0.0,0.0,3.6,40.79,Overcast / Moderate,18.51,0.0,40.18,11.25
2025-09-03 01:00:00,2025,9,3,1,246,2,26,-11.2,3.0,0.0,0.0,0.0,40.08,Overcast / Moderate,18.51,0.0,43.07,12.06
2025-09-03 02:00:00,2025,9,3,2,246,2,25,-11.1,2.6,0.0,0.0,0.0,42.34,Overcast / Moderate,18.51,0.0,45.33,12.69
2025-09-03 03:00:00,2025,9,3,3,246,2,23,-9.8,8.5,0.0,0.0,18.26,37.93,Overcast / Moderate,18.51,0.0,22.66,6.34
2025-09-03 04:00:00,2025,9,3,4,246,2,23,-10.4,4.0,0.0,0.0,0.11,37.32,Overcast / Moderate,18.51,0.0,40.2,11.26
2025-09-03 05:00:00,2025,9,3,5,246,2,26,-11.0,3.0,0.0,0.0,0.0,40.57,Overcast / Moderate,18.51,0.0,43.56,12.2
2025-09-03 06:00:00,2025,9,3,6,246,2,24,-8.1,6.3,0.0,0.0,3.94,37.12,Overcast / Moderate,18.51,0.0,36.17,10.13
2025-09-03 07:00:00,2025,9,3,7,246,2,24,-7.4,9.4,0.0,0.0,28.77,39.97,Overcast / Moderate,18.51,0.0,15.0,4.2
2025-09-03 08:00:00,2025,9,3,8,246,2,22,-6.2,4.4,43.3,2.7,0.3,36.7,Overcast / Moderate,18.51,0.0,36.69,10.27
2025-09-03 09:00:00,2025,9,3,9,246,2,24,-7.4,4.4,129.0,8.4,0.3,37.44,Overcast / Moderate,18.51,0.0,31.73,8.88
2025-09-03 10:00:00,2025,9,3,10,246,2,24,-8.8,9.9,174.2,11.34,36.05,38.58,Overcast / Moderate,22.56,-8.81,0.0,0.0
2025-09-03 11:00:00,2025,9,3,11,246,2,25,-8.5,3.1,143.6,9.01,0.0,41.34,Overcast / Moderate,19.78,5.12,27.21,7.62
2025-09-03 12:00:00,2025,9,3,12,246,2,23,-11.3,7.4,222.8,14.66,9.35,43.07,Overcast / Moderate,19.78,0.0,19.5,5.46
2025-09-03 13:00:00,2025,9,3,13,246,2,23,-9.6,12.9,146.9,9.26,80.0,33.6,Overcast / Moderate,38.18,-40.0,0.0,0.0
2025-09-03 14:00:00,2025,9,3,14,246,2,25,-10.0,10.0,169.6,11.04,37.64,39.33,Overcast / Moderate,42.48,-9.35,0.0,0.0
2025-09-03 15:00:00,2025,9,3,15,246,2,26,-9.7,2.0,118.0,7.65,0.0,37.31,Overcast / Moderate,26.36,29.66,0.0,0.0
2025-09-03 16:00:00,2025,9,3,16,246,2,23,-8.0,4.8,57.6,3.72,0.64,37.73,Overcast / Moderate,19.45,12.72,20.65,5.78
2025-09-03 17:00:00,2025,9,3,17,246,2,26,-7.2,3.1,0.0,0.0,0.0,37.91,Overcast / Moderate,19.45,0.0,39.02,10.92
2025-09-03 18:00:00,2025,9,3,18,246,2,25,-5.3,12.6,0.0,0.0,80.0,38.01,Overcast / Moderate,37.85,-40.0,0.0,0.0
2025-09-03 19:00:00,2025,9,3,19,246,2,26,-6.2,15.0,0.0,0.0,80.0,39.13,High Wind Surge,56.25,-40.0,0.0,0.0
2025-09-03 20:00:00,2025,9,3,20,246,2,24,-7.0,4.0,0.0,0.0,0.11,43.9,Overcast / Moderate,32.45,43.79,0.0,0.0
2025-09-03 21:00:00,2025,9,3,21,246,2,22,-7.5,7.9,0.0,0.0,12.91,39.18,Overcast / Moderate,18.92,24.9,15.0,4.2
2025-09-03 22:00:00,2025,9,3,22,246,2,24,-7.9,10.0,0.0,0.0,37.64,37.64,Overcast / Moderate,18.92,0.0,15.0,4.2
2025-09-03 23:00:00,2025,9,3,23,246,2,26,-8.2,4.0,0.0,0.0,0.11,33.14,Overcast / Moderate,18.92,0.0,35.19,9.85
2025-09-04 00:00:00,2025,9,4,0,247,3,24,-9.0,3.5,0.0,0.0,0.01,36.03,Overcast / Moderate,18.92,0.0,38.18,10.69
2025-09-04 01:00:00,2025,9,4,1,247,3,24,-8.9,0.9,0.0,0.0,0.0,34.09,Overcast / Moderate,18.92,0.0,36.25,10.15
2025-09-04 02:00:00,2025,9,4,2,247,3,24,-9.3,5.5,0.0,0.0,1.71,38.59,Overcast / Moderate,18.92,0.0,39.04,10.93
2025-09-04 03:00:00,2025,9,4,3,247,3,22,-9.5,11.1,0.0,0.0,58.32,36.95,Overcast / Moderate,28.75,-21.37,0.0,0.0
2025-09-04 04:00:00,2025,9,4,4,247,3,26,-9.8,11.2,0.0,0.0,60.51,37.04,Overcast / Moderate,39.54,-23.47,0.0,0.0
2025-09-04 05:00:00,2025,9,4,5,247,3,24,-10.5,2.9,0.0,0.0,0.0,40.39,Overcast / Moderate,18.3,39.09,15.0,4.2
2025-09-04 06:00:00,2025,9,4,6,247,3,25,-9.9,3.7,0.0,0.0,0.04,37.09,Overcast / Moderate,18.3,0.0,40.45,11.33
2025-09-04 07:00:00,2025,9,4,7,247,3,24,-11.3,5.5,0.0,0.0,1.71,45.13,Overcast / Moderate,18.3,0.0,46.82,13.11
2025-09-04 08:00:00,2025,9,4,8,247,3,26,-10.8,9.1,42.2,2.64,24.91,45.41,Overcast / Moderate,18.3,0.0,21.26,5.95
2025-09-04 09:00:00,2025,9,4,9,247,3,25,-8.6,7.3,128.9,8.38,8.73,38.53,Overcast / Moderate,18.3,0.0,24.82,6.95
2025-09-04 10:00:00,2025,9,4,10,247,3,24,-8.4,6.4,108.2,6.7,4.31,42.4,Overcast / Moderate,18.3,0.0,34.79,9.74
2025-09-04 11:00:00,2025,9,4,11,247,3,24,-7.9,7.1,191.3,12.29,7.56,39.53,Overcast / Moderate,18.3,0.0,23.08,6.46
2025-09-04 12:00:00,2025,9,4,12,247,3,25,-7.0,2.5,198.1,12.67,0.0,37.93,Overcast / Moderate,18.3,0.0,28.66,8.02
2025-09-04 13:00:00,2025,9,4,13,247,3,23,-6.8,6.1,155.7,9.76,3.27,39.06,Overcast / Moderate,18.3,0.0,29.43,8.24
2025-09-04 14:00:00,2025,9,4,14,247,3,25,-6.6,15.9,194.2,12.69,80.0,34.65,High Wind Surge,36.7,-40.0,0.0,0.0
2025-09-04 15:00:00,2025,9,4,15,247,3,23,-7.2,2.4,107.1,6.79,0.0,37.03,Overcast / Moderate,20.27,30.24,0.0,0.0
2025-09-04 16:00:00,2025,9,4,16,247,3,26,-6.5,6.5,52.4,3.31,4.71,39.93,Overcast / Moderate,19.98,0.53,31.38,8.79
2025-09-04 17:00:00,2025,9,4,17,247,3,25,-5.4,4.6,0.0,0.0,0.45,36.98,Overcast / Moderate,19.98,0.0,36.58,10.24
2025-09-04 18:00:00,2025,9,4,18,247,3,25,-6.8,6.6,0.0,0.0,5.12,41.46,Overcast / Moderate,19.98,0.0,36.39,10.19
2025-09-04 19:00:00,2025,9,4,19,247,3,25,-6.3,7.0,0.0,0.0,7.02,37.4,Overcast / Moderate,19.98,0.0,30.43,8.52
2025-09-04 20:00:00,2025,9,4,20,247,3,23,-6.7,7.0,0.0,0.0,7.02,38.3,Overcast / Moderate,19.98,0.0,31.33,8.77
2025-09-04 21:00:00,2025,9,4,21,247,3,24,-7.9,10.2,0.0,0.0,40.96,38.94,Overcast / Moderate,20.91,-2.02,0.0,0.0
2025-09-04 22:00:00,2025,9,4,22,247,3,25,-8.4,5.4,0.0,0.0,1.52,32.81,Overcast / Moderate,19.92,1.81,29.48,8.25
2025-09-04 23:00:00,2025,9,4,23,247,3,25,-10.0,6.4,0.0,0.0,4.31,38.81,Overcast / Moderate,19.92,0.0,34.66,9.7
2025-09-05 00:00:00,2025,9,5,0,248,4,26,-10.0,0.9,0.0,0.0,0.0,38.84,Overcast / Moderate,19.92,0.0,39.0,10.92
2025-09-05 01:00:00,2025,9,5,1,248,4,25,-10.7,9.3,0.0,0.0,27.44,33.53,Overcast / Moderate,19.92,0.0,15.0,4.2
2025-09-05 02:00:00,2025,9,5,2,248,4,24,-11.4,4.2,0.0,0.0,0.19,32.5,Overcast / Moderate,19.92,0.0,32.47,9.09
2025-09-05 03:00:00,2025,9,5,3,248,4,24,-10.6,9.6,0.0,0.0,31.55,36.94,Overcast / Moderate,19.92,0.0,15.0,4.2
2025-09-05 04:00:00,2025,9,5,4,248,4,25,-11.0,4.3,0.0,0.0,0.24,41.66,Overcast / Moderate,19.92,0.0,41.58,11.64
2025-09-05 05:00:00,2025,9,5,5,248,4,22,-11.7,0.9,0.0,0.0,0.0,45.26,Overcast / Moderate,19.92,0.0,45.42,12.72
2025-09-05 06:00:00,2025,9,5,6,248,4,26,-11.4,3.2,0.0,0.0,0.0,34.54,Overcast / Moderate,19.92,0.0,34.7,9.72
2025-09-05 07:00:00,2025,9,5,7,248,4,25,-11.5,14.9,0.0,0.0,80.0,46.36,High Wind Surge,35.4,-33.64,0.0,0.0
2025-09-05 08:00:00,2025,9,5,8,248,4,26,-9.7,4.8,46.9,2.93,0.64,44.19,Overcast / Moderate,18.66,30.79,15.0,4.2
2025-09-05 09:00:00,2025,9,5,9,248,4,23,-10.6,2.7,151.1,10.02,0.0,39.46,Overcast / Moderate,18.66,0.0,32.12,8.99
2025-09-05 10:00:00,2025,9,5,10,248,4,26,-10.5,2.8,173.1,11.23,0.0,46.6,Overcast / Moderate,18.66,0.0,38.05,10.65
2025-09-05 11:00:00,2025,9,5,11,248,4,27,-8.6,4.7,150.4,9.43,0.54,41.98,Overcast / Moderate,18.66,0.0,34.69,9.71
2025-09-05 12:00:00,2025,9,5,12,248,4,23,-8.2,1.6,207.8,13.37,0.0,38.55,Overcast / Moderate,18.66,0.0,27.86,7.8
2025-09-05 13:00:00,2025,9,5,13,248,4,25,-6.9,6.4,204.0,13.12,4.31,34.39,Overcast / Moderate,18.66,0.0,19.64,5.5
2025-09-05 14:00:00,2025,9,5,14,248,4,25,-8.1,3.8,188.3,12.26,0.06,40.0,Overcast / Moderate,18.66,0.0,30.36,8.5
2025-09-05 15:00:00,2025,9,5,15,248,4,23,-6.2,6.5,130.6,8.4,4.71,37.73,Overcast / Moderate,18.66,0.0,27.3,7.64
2025-09-05 16:00:00,2025,9,5,16,248,4,25,-5.7,3.1,60.6,3.84,0.0,43.54,Overcast / Moderate,18.66,0.0,42.38,11.87
2025-09-05 17:00:00,2025,9,5,17,248,4,25,-5.2,5.7,0.0,0.0,2.16,35.2,Overcast / Moderate,18.66,0.0,35.72,10.0
2025-09-05 18:00:00,2025,9,5,18,248,4,24,-5.0,7.2,0.0,0.0,8.13,34.85,Overcast / Moderate,18.66,0.0,29.4,8.23
2025-09-05 19:00:00,2025,9,5,19,248,4,26,-5.9,2.0,0.0,0.0,0.0,37.16,Overcast / Moderate,18.66,0.0,39.84,11.15
2025-09-05 20:00:00,2025,9,5,20,248,4,23,-6.3,5.4,0.0,0.0,1.52,44.34,Overcast / Moderate,18.66,0.0,45.5,12.74
2025-09-05 21:00:00,2025,9,5,21,248,4,23,-8.1,4.6,0.0,0.0,0.45,36.17,Overcast / Moderate,18.66,0.0,38.4,10.75
2025-09-05 22:00:00,2025,9,5,22,248,4,25,-8.1,4.1,0.0,0.0,0.15,39.68,Overcast / Moderate,18.66,0.0,42.21,11.82
2025-09-05 23:00:00,2025,9,5,23,248,4,25,-8.7,7.2,0.0,0.0,8.13,32.96,Overcast / Moderate,18.66,0.0,27.51,7.7
2025-09-06 00:00:00,2025,9,6,0,249,5,24,-10.1,7.1,0.0,0.0,7.56,38.77,Overcast / Moderate,18.66,0.0,33.89,9.49
2025-09-06 01:00:00,2025,9,6,1,249,5,25,-12.2,7.5,0.0,0.0,10.0,39.73,Overcast / Moderate,18.66,0.0,32.41,9.07
2025-09-06 02:00:00,2025,9,6,2,249,5,25,-11.9,3.3,0.0,0.0,0.0,37.51,Overcast / Moderate,18.66,0.0,40.19,11.25
2025-09-06 03:00:00,2025,9,6,3,249,5,25,-12.0,4.5,0.0,0.0,0.37,41.13,Overcast / Moderate,18.66,0.0,43.44,12.16
2025-09-06 04:00:00,2025,9,6,4,249,5,24,-13.0,3.8,0.0,0.0,0.06,37.87,Overcast / Moderate,18.66,0.0,40.49,11.34
2025-09-06 05:00:00,2025,9,6,5,249,5,25,-13.4,6.7,0.0,0.0,5.56,36.35,Overcast / Moderate,18.66,0.0,33.47,9.37
2025-09-06 06:00:00,2025,9,6,6,249,5,24,-12.2,6.0,0.0,0.0,2.96,38.49,Overcast / Moderate,18.66,0.0,38.21,10.7
2025-09-06 07:00:00,2025,9,6,7,249,5,27,-9.6,4.9,0.0,0.0,0.75,39.27,Overcast / Moderate,18.66,0.0,41.2,11.54
2025-09-06 08:00:00,2025,9,6,8,249,5,24,-8.7,9.2,59.6,3.77,26.15,40.49,Overcast / Moderate,18.66,0.0,15.0,4.2
2025-09-06 09:00:00,2025,9,6,9,249,5,27,-9.0,2.5,137.4,8.92,0.0,40.39,Overcast / Moderate,18.66,0.0,34.15,9.56
2025-09-06 10:00:00,2025,9,6,10,249,5,25,-8.4,14.0,187.6,12.17,80.0,43.88,High Wind Surge,37.06,-40.0,0.0,0.0
2025-09-06 11:00:00,2025,9,6,11,249,5,23,-6.8,2.8,199.7,12.77,0.0,37.28,Overcast / Moderate,23.74,24.51,0.0,0.0
2025-09-06 12:00:00,2025,9,6,12,249,5,26,-6.6,9.0,246.3,16.05,23.7,39.65,Overcast / Moderate,23.79,-0.1,0.0,0.0
2025-09-06 13:00:00,2025,9,6,13,249,5,25,-6.6,5.2,179.2,11.33,1.17,35.71,Overcast / Moderate,19.67,7.57,15.64,4.38
2025-09-06 14:00:00,2025,9,6,14,249,5,25,-6.3,10.4,190.7,12.33,44.47,37.33,Overcast / Moderate,28.63,-19.47,0.0,0.0
2025-09-06 15:00:00,2025,9,6,15,249,5,26,-4.9,2.2,107.6,6.73,0.0,35.41,Overcast / Moderate,19.25,17.25,15.0,4.2
2025-09-06 16:00:00,2025,9,6,16,249,5,25,-6.1,5.2,54.5,3.4,1.17,41.2,Overcast / Moderate,19.25,0.0,38.13,10.68
2025-09-06 17:00:00,2025,9,6,17,249,5,24,-7.7,4.9,0.0,0.0,0.75,37.2,Overcast / Moderate,19.25,0.0,37.95,10.63
2025-09-06 18:00:00,2025,9,6,18,249,5,25,-8.2,16.1,0.0,0.0,80.0,38.19,High Wind Surge,37.65,-40.0,0.0,0.0
2025-09-06 19:00:00,2025,9,6,19,249,5,25,-8.1,14.9,0.0,0.0,80.0,40.49,High Wind Surge,55.82,-39.51,0.0,0.0
2025-09-06 20:00:00,2025,9,6,20,249,5,25,-8.8,3.6,0.0,0.0,0.02,38.48,Overcast / Moderate,34.92,38.46,0.0,0.0
2025-09-06 21:00:00,2025,9,6,21,249,5,22,-10.6,7.5,0.0,0.0,10.0,44.1,Overcast / Moderate,18.7,29.84,15.0,4.2
2025-09-06 22:00:00,2025,9,6,22,249,5,25,-9.6,6.6,0.0,0.0,5.12,42.43,Overcast / Moderate,18.7,0.0,39.91,11.17
2025-09-06 23:00:00,2025,9,6,23,249,5,24,-10.5,3.2,0.0,0.0,0.0,35.75,Overcast / Moderate,18.7,0.0,38.35,10.74
2025-09-07 00:00:00,2025,9,7,0,250,6,26,-11.7,3.3,0.0,0.0,0.0,41.44,Overcast / Moderate,18.7,0.0,44.04,12.33
2025-09-07 01:00:00,2025,9,7,1,250,6,25,-13.4,15.4,0.0,0.0,80.0,38.27,High Wind Surge,37.1,-40.0,0.0,0.0
2025-09-07 02:00:00,2025,9,7,2,250,6,25,-13.5,5.9,0.0,0.0,2.68,39.57,Overcast / Moderate,18.51,34.2,15.0,4.2
2025-09-07 03:00:00,2025,9,7,3,250,6,25,-11.9,2.9,0.0,0.0,0.0,40.98,Overcast / Moderate,18.51,0.0,43.95,12.31
2025-09-07 04:00:00,2025,9,7,4,250,6,24,-11.9,3.8,0.0,0.0,0.06,39.39,Overcast / Moderate,18.51,0.0,42.3,11.85
2025-09-07 05:00:00,2025,9,7,5,250,6,26,-10.9,4.3,0.0,0.0,0.24,39.14,Overcast / Moderate,18.51,0.0,41.87,11.72
2025-09-07 06:00:00,2025,9,7,6,250,6,26,-9.6,6.4,0.0,0.0,4.31,40.49,Overcast / Moderate,18.51,0.0,39.15,10.96
2025-09-07 07:00:00,2025,9,7,7,250,6,25,-8.7,4.9,0.0,0.0,0.75,42.92,Overcast / Moderate,18.51,0.0,45.14,12.64
2025-09-07 08:00:00,2025,9,7,8,250,6,26,-8.1,5.9,78.1,5.04,2.68,40.22,Overcast / Moderate,18.51,0.0,35.47,9.93
2025-09-07 09:00:00,2025,9,7,9,250,6,24,-9.7,3.3,142.6,9.27,0.0,39.01,Overcast / Moderate,18.51,0.0,32.71,9.16
2025-09-07 10:00:00,2025,9,7,10,250,6,24,-9.3,4.8,206.3,13.52,0.64,40.3,Overcast / Moderate,18.51,0.0,29.11,8.15
2025-09-07 11:00:00,2025,9,7,11,250,6,25,-9.7,2.2,228.4,14.91,0.0,38.42,Overcast / Moderate,18.51,0.0,26.48,7.42
2025-09-07 12:00:00,2025,9,7,12,250,6,25,-8.8,10.9,224.7,14.52,54.11,42.23,Overcast / Moderate,30.66,-26.4,0.0,0.0
2025-09-07 13:00:00,2025,9,7,13,250,6,24,-8.5,3.7,171.2,10.8,0.04,39.22,Overcast / Moderate,19.07,21.31,15.0,4.2
2025-09-07 14:00:00,2025,9,7,14,250,6,25,-8.6,8.8,163.5,10.42,21.41,37.35,Overcast / Moderate,19.07,0.0,15.0,4.2
2025-09-07 15:00:00,2025,9,7,15,250,6,25,-7.9,5.0,136.8,8.81,0.88,42.94,Overcast / Moderate,19.07,0.0,35.1,9.83
2025-09-07 16:00:00,2025,9,7,16,250,6,24,-7.4,6.1,81.3,5.26,3.27,38.84,Overcast / Moderate,19.07,0.0,32.16,9.01
2025-09-07 17:00:00,2025,9,7,17,250,6,25,-6.6,4.5,0.0,0.0,0.37,36.75,Overcast / Moderate,19.07,0.0,38.23,10.71
2025-09-07 18:00:00,2025,9,7,18,250,6,25,-7.2,8.2,0.0,0.0,15.43,41.92,Overcast / Moderate,19.07,0.0,28.34,7.94
2025-09-07 19:00:00,2025,9,7,19,250,6,25,-8.0,10.1,0.0,0.0,39.28,42.81,Overcast / Moderate,19.07,0.0,15.0,4.2
2025-09-07 20:00:00,2025,9,7,20,250,6,26,-9.0,4.5,0.0,0.0,0.37,36.05,Overcast / Moderate,19.07,0.0,37.53,10.51
2025-09-07 21:00:00,2025,9,7,21,250,6,23,-8.6,4.1,0.0,0.0,0.15,42.19,Overcast / Moderate,19.07,0.0,43.89,12.29
2025-09-07 22:00:00,2025,9,7,22,250,6,25,-10.2,8.0,0.0,0.0,13.72,38.38,Overcast / Moderate,19.07,0.0,26.51,7.42
2025-09-07 23:00:00,2025,9,7,23,250,6,23,-10.9,3.6,0.0,0.0,0.02,40.51,Overcast / Moderate,19.07,0.0,42.34,11.86
2025-09-08 00:00:00,2025,9,8,0,251,0,23,-13.0,7.6,0.0,0.0,10.68,39.49,Overcast / Moderate,19.07,0.0,30.66,8.59
2025-09-08 01:00:00,2025,9,8,1,251,0,24,-13.3,2.5,0.0,0.0,0.0,41.04,Overcast / Moderate,19.07,0.0,42.89,12.01
2025-09-08 02:00:00,2025,9,8,2,251,0,24,-12.1,7.4,0.0,0.0,9.35,38.43,Overcast / Moderate,19.07,0.0,30.93,8.66
2025-09-08 03:00:00,2025,9,8,3,251,0,24,-12.2,6.4,0.0,0.0,4.31,41.75,Overcast / Moderate,19.07,0.0,39.29,11.0
2025-09-08 04:00:00,2025,9,8,4,251,0,24,-11.7,2.7,0.0,0.0,0.0,37.22,Overcast / Moderate,19.07,0.0,39.07,10.94
2025-09-08 05:00:00,2025,9,8,5,251,0,25,-10.6,7.7,0.0,0.0,11.39,40.85,Overcast / Moderate,19.07,0.0,31.31,8.77
2025-09-08 06:00:00,2025,9,8,6,251,0,24,-10.4,5.8,0.0,0.0,2.41,38.37,Overcast / Moderate,19.07,0.0,37.81,10.59
2025-09-08 07:00:00,2025,9,8,7,251,0,23,-10.2,3.8,0.0,0.0,0.06,42.52,Overcast / Moderate,19.07,0.0,44.31,12.41
2025-09-08 08:00:00,2025,9,8,8,251,0,26,-11.0,5.1,92.7,6.1,1.02,39.74,Overcast / Moderate,19.07,0.0,34.47,9.65
2025-09-08 09:00:00,2025,9,8,9,251,0,24,-10.1,6.2,159.1,10.44,3.6,41.95,Overcast / Moderate,19.07,0.0,29.76,8.33
2025-09-08 10:00:00,2025,9,8,10,251,0,24,-9.1,2.5,168.5,10.75,0.0,41.48,Overcast / Moderate,19.07,0.0,32.58,9.12
2025-09-08 11:00:00,2025,9,8,11,251,0,25,-10.2,13.0,226.3,14.73,80.0,45.95,Overcast / Moderate,37.47,-40.0,0.0,0.0
2025-09-08 12:00:00,2025,9,8,12,251,0,25,-7.8,7.8,252.1,16.43,12.14,41.26,Overcast / Moderate,30.58,12.69,0.0,0.0
2025-09-08 13:00:00,2025,9,8,13,251,0,26,-7.1,2.6,239.5,15.56,0.0,37.87,Overcast / Moderate,19.08,21.15,15.0,4.2
2025-09-08 14:00:00,2025,9,8,14,251,0,25,-5.9,9.7,192.6,12.36,33.01,36.52,Overcast / Moderate,23.15,-8.85,0.0,0.0
2025-09-08 15:00:00,2025,9,8,15,251,0,24,-6.8,4.8,163.5,10.67,0.64,40.32,Overcast / Moderate,19.73,6.3,22.71,6.36
2025-09-08 16:00:00,2025,9,8,16,251,0,27,-7.4,7.2,83.7,5.39,8.13,38.56,Overcast / Moderate,19.73,0.0,25.59,7.16
2025-09-08 17:00:00,2025,9,8,17,251,0,25,-7.4,4.4,0.0,0.0,0.3,37.92,Overcast / Moderate,19.73,0.0,38.17,10.69
2025-09-08 18:00:00,2025,9,8,18,251,0,24,-7.6,8.6,0.0,0.0,19.27,36.87,Overcast / Moderate,19.73,0.0,18.15,5.08
2025-09-08 19:00:00,2025,9,8,19,251,0,25,-8.1,8.4,0.0,0.0,17.28,40.07,Overcast / Moderate,19.73,0.0,23.34,6.53
2025-09-08 20:00:00,2025,9,8,20,251,0,25,-9.3,6.8,0.0,0.0,6.02,41.19,Overcast / Moderate,19.73,0.0,35.72,10.0
2025-09-08 21:00:00,2025,9,8,21,251,0,25,-9.0,4.1,0.0,0.0,0.15,39.6,Overcast / Moderate,19.73,0.0,40.0,11.2
2025-09-08 22:00:00,2025,9,8,22,251,0,27,-9.2,4.2,0.0,0.0,0.19,41.9,Overcast / Moderate,19.73,0.0,42.26,11.83
2025-09-08 23:00:00,2025,9,8,23,251,0,24,-9.0,5.3,0.0,0.0,1.34,38.3,Overcast / Moderate,19.73,0.0,37.51,10.5
2025-09-09 00:00:00,2025,9,9,0,252,1,24,-10.1,3.1,0.0,0.0,0.0,42.09,Overcast / Moderate,19.73,0.0,42.64,11.94
2025-09-09 01:00:00,2025,9,9,1,252,1,25,-10.5,4.9,0.0,0.0,0.75,38.54,Overcast / Moderate,19.73,0.0,38.34,10.73
2025-09-09 02:00:00,2025,9,9,2,252,1,26,-11.0,8.0,0.0,0.0,13.72,36.96,Overcast / Moderate,19.73,0.0,23.79,6.66
2025-09-09 03:00:00,2025,9,9,3,252,1,23,-11.4,9.9,0.0,0.0,36.05,35.97,Overcast / Moderate,19.76,-0.08,0.0,0.0
2025-09-09 04:00:00,2025,9,9,4,252,1,23,-11.6,4.9,0.0,0.0,0.75,38.3,Overcast / Moderate,19.76,0.0,38.02,10.65
2025-09-09 05:00:00,2025,9,9,5,252,1,24,-12.1,4.0,0.0,0.0,0.11,41.08,Overcast / Moderate,19.76,0.0,41.44,11.6
2025-09-09 06:00:00,2025,9,9,6,252,1,23,-11.9,9.9,0.0,0.0,36.05,38.09,Overcast / Moderate,19.76,0.0,15.0,4.2
2025-09-09 07:00:00,2025,9,9,7,252,1,24,-12.1,10.9,0.0,0.0,54.11,44.54,Overcast / Moderate,24.16,-9.57,0.0,0.0
2025-09-09 08:00:00,2025,9,9,8,252,1,25,-11.0,5.5,91.4,5.96,1.71,45.42,Overcast / Moderate,19.64,8.33,29.42,8.24
2025-09-09 09:00:00,2025,9,9,9,252,1,24,-10.3,1.3,163.4,10.71,0.0,39.03,Overcast / Moderate,19.64,0.0,29.04,8.13
2025-09-09 10:00:00,2025,9,9,10,252,1,23,-9.3,8.1,215.4,14.1,14.56,37.2,Overcast / Moderate,19.64,0.0,15.0,4.2
2025-09-09 11:00:00,2025,9,9,11,252,1,25,-8.7,9.2,206.4,13.21,26.15,42.56,Overcast / Moderate,19.64,0.0,15.0,4.2
2025-09-09 12:00:00,2025,9,9,12,252,1,25,-9.2,1.1,227.7,14.68,0.0,41.24,Overcast / Moderate,19.64,0.0,27.28,7.64
2025-09-09 13:00:00,2025,9,9,13,252,1,23,-8.1,7.1,152.6,9.48,7.56,39.86,Overcast / Moderate,19.64,0.0,23.54,6.59
2025-09-09 14:00:00,2025,9,9,14,252,1,25,-8.3,7.1,178.5,11.4,7.56,41.64,Overcast / Moderate,19.64,0.0,23.4,6.55
2025-09-09 15:00:00,2025,9,9,15,252,1,25,-7.8,5.3,83.7,5.12,1.34,35.7,Overcast / Moderate,19.64,0.0,29.96,8.39
2025-09-09 16:00:00,2025,9,9,16,252,1,25,-9.6,8.8,78.5,5.02,21.41,41.97,Overcast / Moderate,19.64,0.0,16.26,4.55
2025-09-09 17:00:00,2025,9,9,17,252,1,26,-9.7,5.7,0.0,0.0,2.16,41.74,Overcast / Moderate,19.64,0.0,40.3,11.29
2025-09-09 18:00:00,2025,9,9,18,252,1,27,-8.7,7.9,0.0,0.0,12.91,42.04,Overcast / Moderate,19.64,0.0,29.85,8.36
2025-09-09 19:00:00,2025,9,9,19,252,1,24,-9.3,6.4,0.0,0.0,4.31,37.91,Overcast / Moderate,19.64,0.0,34.32,9.61
2025-09-09 20:00:00,2025,9,9,20,252,1,25,-9.7,4.1,0.0,0.0,0.15,41.14,Overcast / Moderate,19.64,0.0,41.71,11.68
2025-09-09 21:00:00,2025,9,9,21,252,1,24,-11.0,7.3,0.0,0.0,8.73,40.36,Overcast / Moderate,19.64,0.0,32.35,9.06
2025-09-09 22:00:00,2025,9,9,22,252,1,25,-10.9,11.3,0.0,0.0,62.75,41.12,Overcast / Moderate,29.59,-21.63,0.0,0.0
2025-09-09 23:00:00,2025,9,9,23,252,1,26,-11.7,19.2,0.0,0.0,80.0,39.1,High Wind Surge,47.99,-40.0,0.0,0.0
2025-09-10 00:00:00,2025,9,10,0,253,2,23,-13.0,13.1,0.0,0.0,80.0,38.16,Overcast / Moderate,66.39,-40.0,0.0,0.0
2025-09-10 01:00:00,2025,9,10,1,253,2,24,-12.6,12.2,0.0,0.0,80.0,37.09,Overcast / Moderate,84.79,-40.0,0.0,0.0
2025-09-10 02:00:00,2025,9,10,2,253,2,26,-13.4,27.5,0.0,0.0,0.0,42.78,Blizzard / Extreme Storm,61.54,42.78,0.0,0.0
2025-09-10 03:00:00,2025,9,10,3,253,2,26,-13.8,21.5,0.0,0.0,80.0,43.35,High Wind Surge,78.4,-36.65,0.0,0.0
2025-09-10 04:00:00,2025,9,10,4,253,2,24,-12.3,28.1,0.0,0.0,0.0,44.15,Blizzard / Extreme Storm,54.4,44.15,0.0,0.0
2025-09-10 05:00:00,2025,9,10,5,253,2,25,-11.4,19.4,0.0,0.0,80.0,38.08,High Wind Surge,72.8,-40.0,0.0,0.0
2025-09-10 06:00:00,2025,9,10,6,253,2,25,-11.8,22.5,0.0,0.0,80.0,36.65,Blizzard / Extreme Storm,91.2,-40.0,0.0,0.0
2025-09-10 07:00:00,2025,9,10,7,253,2,26,-12.2,20.9,0.0,0.0,80.0,42.85,High Wind Surge,94.7,-7.6,0.0,0.0
2025-09-10 08:00:00,2025,9,10,8,253,2,25,-11.1,27.9,45.7,2.8,0.0,40.25,Blizzard / Extreme Storm,74.34,37.45,0.0,0.0
2025-09-10 09:00:00,2025,9,10,9,253,2,26,-9.8,28.3,53.4,3.2,0.0,39.79,Blizzard / Extreme Storm,54.46,36.59,0.0,0.0
2025-09-10 10:00:00,2025,9,10,10,253,2,27,-11.1,23.1,81.9,4.97,80.0,43.87,Blizzard / Extreme Storm,72.86,-40.0,0.0,0.0
2025-09-10 11:00:00,2025,9,10,11,253,2,25,-10.4,19.1,143.2,8.89,80.0,44.2,High Wind Surge,91.26,-40.0,0.0,0.0
2025-09-10 12:00:00,2025,9,10,12,253,2,25,-8.4,17.0,273.7,17.94,80.0,41.0,High Wind Surge,94.7,-7.49,0.0,0.0
2025-09-10 13:00:00,2025,9,10,13,253,2,25,-7.2,19.3,130.0,7.95,80.0,39.35,High Wind Surge,94.98,-0.6,0.0,0.0
2025-09-10 14:00:00,2025,9,10,14,253,2,24,-6.3,16.5,173.9,10.99,80.0,40.1,High Wind Surge,95.0,-0.05,0.0,0.0
2025-09-10 15:00:00,2025,9,10,15,253,2,27,-6.1,15.9,155.1,9.95,80.0,38.37,High Wind Surge,95.0,-0.0,0.0,0.0
2025-09-10 16:00:00,2025,9,10,16,253,2,25,-4.9,9.9,59.3,3.63,36.05,40.97,Overcast / Moderate,94.3,1.29,0.0,0.0
2025-09-10 17:00:00,2025,9,10,17,253,2,24,-4.8,8.1,0.0,0.0,14.56,44.42,Overcast / Moderate,78.07,29.86,0.0,0.0
2025-09-10 18:00:00,2025,9,10,18,253,2,24,-5.0,1.2,0.0,0.0,0.0,35.5,Overcast / Moderate,58.78,35.5,0.0,0.0
2025-09-10 19:00:00,2025,9,10,19,253,2,26,-6.2,7.3,0.0,0.0,8.73,41.69,Overcast / Moderate,40.86,32.96,0.0,0.0
2025-09-10 20:00:00,2025,9,10,20,253,2,25,-7.1,5.6,0.0,0.0,1.93,42.02,Overcast / Moderate,19.08,40.09,0.0,0.0
2025-09-10 21:00:00,2025,9,10,21,253,2,24,-8.3,11.7,0.0,0.0,72.26,40.86,Overcast / Moderate,33.52,-31.4,0.0,0.0
2025-09-10 22:00:00,2025,9,10,22,253,2,25,-8.9,7.6,0.0,0.0,10.68,40.22,Overcast / Moderate,18.82,27.04,15.0,4.2
2025-09-10 23:00:00,2025,9,10,23,253,2,23,-10.1,5.4,0.0,0.0,1.52,38.37,Overcast / Moderate,18.82,0.0,39.2,10.98
2025-09-11 00:00:00,2025,9,11,0,254,3,25,-12.1,4.3,0.0,0.0,0.24,41.03,Overcast / Moderate,18.82,0.0,43.14,12.08
2025-09-11 01:00:00,2025,9,11,1,254,3,25,-12.2,11.3,0.0,0.0,62.75,39.69,Overcast / Moderate,29.43,-23.06,0.0,0.0
2025-09-11 02:00:00,2025,9,11,2,254,3,26,-12.7,1.1,0.0,0.0,0.0,40.42,Overcast / Moderate,19.18,18.86,21.56,6.04
2025-09-11 03:00:00,2025,9,11,3,254,3,24,-12.8,4.8,0.0,0.0,0.64,41.31,Overcast / Moderate,19.18,0.0,42.31,11.85
2025-09-11 04:00:00,2025,9,11,4,254,3,23,-12.9,12.4,0.0,0.0,80.0,40.63,Overcast / Moderate,37.29,-39.37,0.0,0.0
2025-09-11 05:00:00,2025,9,11,5,254,3,24,-12.5,7.7,0.0,0.0,11.39,36.88,Overcast / Moderate,23.44,25.49,0.0,0.0
2025-09-11 06:00:00,2025,9,11,6,254,3,23,-11.4,6.6,0.0,0.0,5.12,39.73,Overcast / Moderate,19.7,6.87,27.74,7.77
2025-09-11 07:00:00,2025,9,11,7,254,3,26,-10.8,3.7,13.4,0.82,0.04,41.5,Overcast / Moderate,19.7,0.0,41.24,11.55
2025-09-11 08:00:00,2025,9,11,8,254,3,26,-9.7,9.9,98.9,6.4,36.05,39.9,Overcast / Moderate,20.87,-2.55,0.0,0.0
2025-09-11 09:00:00,2025,9,11,9,254,3,25,-8.6,3.7,184.2,12.1,0.04,42.54,Overcast / Moderate,19.92,1.75,28.65,8.02
2025-09-11 10:00:00,2025,9,11,10,254,3,26,-8.0,4.1,205.1,13.21,0.15,37.68,Overcast / Moderate,19.92,0.0,24.47,6.85
2025-09-11 11:00:00,2025,9,11,11,254,3,25,-8.5,3.6,254.8,16.6,0.02,39.36,Overcast / Moderate,19.92,0.0,22.89,6.41
2025-09-11 12:00:00,2025,9,11,12,254,3,24,-7.6,3.2,233.0,14.91,0.0,36.35,Overcast / Moderate,19.92,0.0,21.59,6.05
2025-09-11 13:00:00,2025,9,11,13,254,3,24,-7.1,12.8,238.1,15.33,80.0,37.64,Overcast / Moderate,38.32,-40.0,0.0,0.0
2025-09-11 14:00:00,2025,9,11,14,254,3,24,-6.9,7.2,223.8,14.52,8.13,44.48,Overcast / Moderate,26.46,21.83,0.0,0.0
2025-09-11 15:00:00,2025,9,11,15,254,3,23,-7.0,7.6,181.8,11.87,10.68,36.31,Overcast / Moderate,19.44,12.92,15.0,4.2
2025-09-11 16:00:00,2025,9,11,16,254,3,25,-8.1,12.8,82.4,5.21,80.0,39.36,Overcast / Moderate,37.84,-40.0,0.0,0.0
2025-09-11 17:00:00,2025,9,11,17,254,3,24,-8.7,4.0,27.6,1.77,0.11,43.33,Overcast / Moderate,18.45,35.68,15.0,4.2
2025-09-11 18:00:00,2025,9,11,18,254,3,25,-9.0,0.7,0.0,0.0,0.0,41.51,Overcast / Moderate,18.45,0.0,44.61,12.49
2025-09-11 19:00:00,2025,9,11,19,254,3,25,-9.9,7.2,0.0,0.0,8.13,40.75,Overcast / Moderate,18.45,0.0,35.72,10.0
2025-09-11 20:00:00,2025,9,11,20,254,3,24,-10.9,6.4,0.0,0.0,4.31,39.76,Overcast / Moderate,18.45,0.0,38.55,10.79
2025-09-11 21:00:00,2025,9,11,21,254,3,24,-11.5,6.1,0.0,0.0,3.27,43.63,Overcast / Moderate,18.45,0.0,43.46,12.17
2025-09-11 22:00:00,2025,9,11,22,254,3,25,-11.1,2.0,0.0,0.0,0.0,37.85,Overcast / Moderate,18.45,0.0,40.95,11.47
2025-09-11 23:00:00,2025,9,11,23,254,3,25,-10.8,5.9,0.0,0.0,2.68,43.87,Overcast / Moderate,18.45,0.0,44.29,12.4
2025-09-12 00:00:00,2025,9,12,0,255,4,23,-12.3,4.5,0.0,0.0,0.37,38.43,Overcast / Moderate,18.45,0.0,41.16,11.53
2025-09-12 01:00:00,2025,9,12,1,255,4,25,-12.4,4.4,0.0,0.0,0.3,43.86,Overcast / Moderate,18.45,0.0,46.66,13.07
2025-09-12 02:00:00,2025,9,12,2,255,4,25,-13.3,3.9,0.0,0.0,0.08,42.5,Overcast / Moderate,18.45,0.0,45.52,12.75
2025-09-12 03:00:00,2025,9,12,3,255,4,24,-13.8,4.9,0.0,0.0,0.75,42.64,Overcast / Moderate,18.45,0.0,44.99,12.6
2025-09-12 04:00:00,2025,9,12,4,255,4,24,-13.9,5.0,0.0,0.0,0.88,40.15,Overcast / Moderate,18.45,0.0,42.37,11.86
2025-09-12 05:00:00,2025,9,12,5,255,4,25,-13.8,4.7,0.0,0.0,0.54,39.53,Overcast / Moderate,18.45,0.0,42.09,11.79
2025-09-12 06:00:00,2025,9,12,6,255,4,23,-12.5,14.3,0.0,0.0,80.0,38.63,High Wind Surge,36.85,-40.0,0.0,0.0
2025-09-12 07:00:00,2025,9,12,7,255,4,25,-12.1,12.0,34.4,2.24,80.0,45.36,Overcast / Moderate,53.81,-36.88,0.0,0.0
2025-09-12 08:00:00,2025,9,12,8,255,4,24,-10.7,7.0,103.7,6.72,7.02,42.66,Overcast / Moderate,38.1,28.92,0.0,0.0
2025-09-12 09:00:00,2025,9,12,9,255,4,26,-9.0,14.5,182.6,11.94,80.0,36.1,High Wind Surge,56.5,-40.0,0.0,0.0
2025-09-12 10:00:00,2025,9,12,10,255,4,27,-7.7,15.7,233.7,15.23,80.0,36.91,High Wind Surge,74.9,-40.0,0.0,0.0
2025-09-12 11:00:00,2025,9,12,11,255,4,24,-6.7,5.1,168.1,10.43,1.02,38.01,Overcast / Moderate,60.46,26.56,0.0,0.0
2025-09-12 12:00:00,2025,9,12,12,255,4,25,-6.5,5.8,203.6,12.79,2.41,39.88,Overcast / Moderate,47.05,24.68,0.0,0.0
2025-09-12 13:00:00,2025,9,12,13,255,4,24,-5.5,13.0,163.6,10.09,80.0,36.87,Overcast / Moderate,65.45,-40.0,0.0,0.0
2025-09-12 14:00:00,2025,9,12,14,255,4,26,-5.8,7.3,189.6,12.0,8.73,37.11,Overcast / Moderate,56.55,16.38,0.0,0.0
2025-09-12 15:00:00,2025,9,12,15,255,4,23,-5.9,3.8,171.4,11.03,0.06,34.94,Overcast / Moderate,43.58,23.85,0.0,0.0
2025-09-12 16:00:00,2025,9,12,16,255,4,25,-6.1,8.1,66.4,4.08,14.56,40.52,Overcast / Moderate,31.69,21.88,0.0,0.0
2025-09-12 17:00:00,2025,9,12,17,255,4,24,-6.8,3.7,29.5,1.86,0.04,38.67,Overcast / Moderate,18.98,23.39,15.0,4.2
2025-09-12 18:00:00,2025,9,12,18,255,4,24,-6.7,4.9,0.0,0.0,0.75,42.55,Overcast / Moderate,18.98,0.0,43.83,12.27
2025-09-12 19:00:00,2025,9,12,19,255,4,23,-7.6,3.9,0.0,0.0,0.08,35.42,Overcast / Moderate,18.98,0.0,37.37,10.46
2025-09-12 20:00:00,2025,9,12,20,255,4,25,-8.2,4.1,0.0,0.0,0.15,41.54,Overcast / Moderate,18.98,0.0,43.42,12.16
2025-09-12 21:00:00,2025,9,12,21,255,4,24,-9.6,0.6,0.0,0.0,0.0,41.89,Overcast / Moderate,18.98,0.0,43.92,12.3
2025-09-12 22:00:00,2025,9,12,22,255,4,25,-10.5,10.7,0.0,0.0,50.1,40.33,Overcast / Moderate,23.48,-9.77,0.0,0.0
2025-09-12 23:00:00,2025,9,12,23,255,4,24,-10.3,4.6,0.0,0.0,0.45,39.91,Overcast / Moderate,19.7,6.95,32.51,9.1
2025-09-13 00:00:00,2025,9,13,0,256,5,24,-10.9,2.4,0.0,0.0,0.0,37.03,Overcast / Moderate,19.7,0.0,37.63,10.54
2025-09-13 01:00:00,2025,9,13,1,256,5,25,-11.2,2.4,0.0,0.0,0.0,38.28,Overcast / Moderate,19.7,0.0,38.88,10.89
2025-09-13 02:00:00,2025,9,13,2,256,5,24,-11.1,6.8,0.0,0.0,6.02,38.86,Overcast / Moderate,19.7,0.0,33.44,9.36
2025-09-13 03:00:00,2025,9,13,3,256,5,25,-10.3,16.1,0.0,0.0,80.0,35.55,High Wind Surge,38.1,-40.0,0.0,0.0
2025-09-13 04:00:00,2025,9,13,4,256,5,26,-10.4,3.1,0.0,0.0,0.0,40.93,Overcast / Moderate,18.43,36.2,15.0,4.2
2025-09-13 05:00:00,2025,9,13,5,256,5,24,-11.5,2.6,0.0,0.0,0.0,32.56,Overcast / Moderate,18.43,0.0,35.71,10.0
2025-09-13 06:00:00,2025,9,13,6,256,5,26,-11.0,5.8,0.0,0.0,2.41,35.89,Overcast / Moderate,18.43,0.0,36.63,10.26
2025-09-13 07:00:00,2025,9,13,7,256,5,26,-11.1,6.9,43.8,2.88,6.51,38.14,Overcast / Moderate,18.43,0.0,31.9,8.93
2025-09-13 08:00:00,2025,9,13,8,256,5,24,-11.3,4.5,113.2,7.38,0.37,44.54,Overcast / Moderate,18.43,0.0,39.94,11.18
2025-09-13 09:00:00,2025,9,13,9,256,5,23,-12.6,4.6,192.4,12.73,0.45,42.96,Overcast / Moderate,18.43,0.0,32.93,9.22
2025-09-13 10:00:00,2025,9,13,10,256,5,25,-11.5,5.7,232.2,15.23,2.16,40.96,Overcast / Moderate,18.43,0.0,26.72,7.48
2025-09-13 11:00:00,2025,9,13,11,256,5,24,-11.3,4.7,142.4,8.82,0.54,42.04,Overcast / Moderate,18.43,0.0,35.83,10.03
2025-09-13 12:00:00,2025,9,13,12,256,5,26,-12.0,11.5,198.4,12.6,67.39,43.67,Overcast / Moderate,35.13,-36.32,0.0,0.0
2025-09-13 13:00:00,2025,9,13,13,256,5,25,-10.9,1.7,251.5,16.38,0.0,38.74,Overcast / Moderate,22.98,22.36,0.0,0.0
2025-09-13 14:00:00,2025,9,13,14,256,5,24,-9.8,4.0,223.5,14.52,0.11,41.03,Overcast / Moderate,19.74,5.96,20.44,5.72
2025-09-13 15:00:00,2025,9,13,15,256,5,23,-8.9,9.5,145.4,9.24,30.14,43.12,Overcast / Moderate,19.74,0.0,15.0,4.2
2025-09-13 16:00:00,2025,9,13,16,256,5,26,-9.4,9.9,70.1,4.35,36.05,44.98,Overcast / Moderate,19.74,0.0,15.0,4.2
2025-09-13 17:00:00,2025,9,13,17,256,5,24,-9.1,2.7,42.9,2.8,0.0,42.28,Overcast / Moderate,19.74,0.0,40.0,11.2
2025-09-13 18:00:00,2025,9,13,18,256,5,25,-9.3,13.9,0.0,0.0,80.0,41.29,Overcast / Moderate,37.55,-38.71,0.0,0.0
2025-09-13 19:00:00,2025,9,13,19,256,5,25,-9.9,8.1,0.0,0.0,14.56,43.4,Overcast / Moderate,21.87,28.84,0.0,0.0
2025-09-13 20:00:00,2025,9,13,20,256,5,24,-11.1,4.3,0.0,0.0,0.24,43.41,Overcast / Moderate,19.84,3.75,39.42,11.04
2025-09-13 21:00:00,2025,9,13,21,256,5,24,-11.4,5.9,0.0,0.0,2.68,39.06,Overcast / Moderate,19.84,0.0,36.71,10.28
2025-09-13 22:00:00,2025,9,13,22,256,5,24,-12.8,4.6,0.0,0.0,0.45,37.44,Overcast / Moderate,19.84,0.0,37.32,10.45
2025-09-13 23:00:00,2025,9,13,23,256,5,25,-12.2,3.2,0.0,0.0,0.0,41.07,Overcast / Moderate,19.84,0.0,41.4,11.59
2025-09-14 00:00:00,2025,9,14,0,257,6,25,-12.2,4.5,0.0,0.0,0.37,37.81,Overcast / Moderate,19.84,0.0,37.77,10.57
2025-09-14 01:00:00,2025,9,14,1,257,6,24,-12.3,7.0,0.0,0.0,7.02,36.78,Overcast / Moderate,19.84,0.0,30.09,8.42
2025-09-14 02:00:00,2025,9,14,2,257,6,25,-11.6,9.8,0.0,0.0,34.51,42.26,Overcast / Moderate,19.84,0.0,15.0,4.2
2025-09-14 03:00:00,2025,9,14,3,257,6,24,-12.1,5.1,0.0,0.0,1.02,39.35,Overcast / Moderate,19.84,0.0,38.66,10.82
2025-09-14 04:00:00,2025,9,14,4,257,6,23,-11.5,5.0,0.0,0.0,0.88,38.37,Overcast / Moderate,19.84,0.0,37.82,10.59
2025-09-14 05:00:00,2025,9,14,5,257,6,25,-13.1,6.0,0.0,0.0,2.96,37.15,Overcast / Moderate,19.84,0.0,34.52,9.66
2025-09-14 06:00:00,2025,9,14,6,257,6,26,-11.3,7.6,0.0,0.0,10.68,37.9,Overcast / Moderate,19.84,0.0,27.55,7.71
2025-09-14 07:00:00,2025,9,14,7,257,6,24,-11.4,8.8,33.3,2.1,21.41,41.01,Overcast / Moderate,19.84,0.0,17.83,4.99
2025-09-14 08:00:00,2025,9,14,8,257,6,24,-11.0,4.8,119.1,7.76,0.64,39.31,Overcast / Moderate,19.84,0.0,31.24,8.75
2025-09-14 09:00:00,2025,9,14,9,257,6,24,-10.7,7.1,179.1,11.65,7.56,38.31,Overcast / Moderate,19.84,0.0,19.43,5.44
2025-09-14 10:00:00,2025,9,14,10,257,6,25,-9.3,5.4,215.4,13.88,1.52,45.01,Overcast / Moderate,19.84,0.0,29.94,8.38
2025-09-14 11:00:00,2025,9,14,11,257,6,25,-6.6,8.4,267.5,17.29,17.28,42.14,Overcast / Moderate,19.84,0.0,15.0,4.2
2025-09-14 12:00:00,2025,9,14,12,257,6,24,-7.9,3.3,168.8,10.44,0.0,38.98,Overcast / Moderate,19.84,0.0,28.87,8.08
2025-09-14 13:00:00,2025,9,14,13,257,6,24,-8.0,4.2,242.9,15.59,0.19,36.0,Overcast / Moderate,19.84,0.0,20.55,5.75
2025-09-14 14:00:00,2025,9,14,14,257,6,25,-8.4,5.7,233.3,15.13,2.16,35.65,Overcast / Moderate,19.84,0.0,18.69,5.23
2025-09-14 15:00:00,2025,9,14,15,257,6,23,-8.8,10.9,176.9,11.43,54.11,38.44,Overcast / Moderate,32.3,-27.1,0.0,0.0
2025-09-14 16:00:00,2025,9,14,16,257,6,25,-9.4,6.9,118.7,7.7,6.51,35.08,Overcast / Moderate,20.96,20.87,0.0,0.0
2025-09-14 17:00:00,2025,9,14,17,257,6,25,-10.2,13.4,42.8,2.76,80.0,40.18,Overcast / Moderate,39.36,-40.0,0.0,0.0
2025-09-14 18:00:00,2025,9,14,18,257,6,23,-10.5,2.6,0.0,0.0,0.0,35.79,Overcast / Moderate,19.91,35.79,0.0,0.0
2025-09-14 19:00:00,2025,9,14,19,257,6,23,-10.5,6.0,0.0,0.0,2.96,40.61,Overcast / Moderate,19.91,0.0,37.83,10.59
2025-09-14 20:00:00,2025,9,14,20,257,6,26,-10.6,5.6,0.0,0.0,1.93,42.45,Overcast / Moderate,19.91,0.0,40.7,11.4
2025-09-14 21:00:00,2025,9,14,21,257,6,24,-9.5,7.2,0.0,0.0,8.13,39.98,Overcast / Moderate,19.91,0.0,32.03,8.97
2025-09-14 22:00:00,2025,9,14,22,257,6,26,-11.1,9.6,0.0,0.0,31.55,44.3,Overcast / Moderate,19.91,0.0,15.0,4.2
2025-09-14 23:00:00,2025,9,14,23,257,6,24,-12.1,10.0,0.0,0.0,37.64,38.68,Overcast / Moderate,19.91,0.0,15.0,4.2
2025-09-15 00:00:00,2025,9,15,0,258,0,24,-11.2,7.9,0.0,0.0,12.91,42.85,Overcast / Moderate,19.91,0.0,30.12,8.43
2025-09-15 01:00:00,2025,9,15,1,258,0,25,-12.3,7.6,0.0,0.0,10.68,40.3,Overcast / Moderate,19.91,0.0,29.8,8.34
2025-09-15 02:00:00,2025,9,15,2,258,0,24,-13.0,12.6,0.0,0.0,80.0,44.9,Overcast / Moderate,36.06,-35.1,0.0,0.0
2025-09-15 03:00:00,2025,9,15,3,258,0,25,-12.4,5.3,0.0,0.0,1.34,35.24,Overcast / Moderate,18.6,32.11,15.0,4.2
2025-09-15 04:00:00,2025,9,15,4,258,0,24,-10.7,12.2,0.0,0.0,80.0,35.44,Overcast / Moderate,37.0,-40.0,0.0,0.0
2025-09-15 05:00:00,2025,9,15,5,258,0,23,-10.9,16.4,0.0,0.0,80.0,37.36,High Wind Surge,55.4,-40.0,0.0,0.0
2025-09-15 06:00:00,2025,9,15,6,258,0,25,-12.0,13.1,0.0,0.0,80.0,43.34,Overcast / Moderate,72.27,-36.66,0.0,0.0
2025-09-15 07:00:00,2025,9,15,7,258,0,24,-10.8,17.5,28.3,1.75,80.0,40.82,High Wind Surge,90.67,-40.0,0.0,0.0
2025-09-15 08:00:00,2025,9,15,8,258,0,24,-10.6,16.2,113.4,7.31,80.0,39.57,High Wind Surge,94.65,-8.67,0.0,0.0
2025-09-15 09:00:00,2025,9,15,9,258,0,23,-11.2,16.0,157.7,10.1,80.0,42.89,High Wind Surge,94.97,-0.69,0.0,0.0
2025-09-15 10:00:00,2025,9,15,10,258,0,26,-11.5,21.3,153.3,9.6,80.0,44.9,High Wind Surge,95.0,-0.06,0.0,0.0
2025-09-15 11:00:00,2025,9,15,11,258,0,25,-10.5,19.2,89.1,5.35,80.0,39.62,High Wind Surge,95.0,-0.0,0.0,0.0
2025-09-15 12:00:00,2025,9,15,12,258,0,25,-10.6,22.6,179.0,11.18,80.0,39.9,Blizzard / Extreme Storm,95.0,-0.0,0.0,0.0
2025-09-15 13:00:00,2025,9,15,13,258,0,24,-10.9,28.0,172.3,10.77,0.0,45.73,Blizzard / Extreme Storm,76.0,34.96,0.0,0.0
2025-09-15 14:00:00,2025,9,15,14,258,0,23,-10.2,20.2,113.1,6.91,80.0,43.75,High Wind Surge,93.48,-38.0,0.0,0.0
2025-09-15 15:00:00,2025,9,15,15,258,0,26,-9.0,19.4,63.0,3.77,80.0,44.55,High Wind Surge,94.88,-3.04,0.0,0.0
2025-09-15 16:00:00,2025,9,15,16,258,0,24,-8.8,25.1,64.7,3.96,0.0,42.27,Blizzard / Extreme Storm,74.06,38.31,0.0,0.0
2025-09-15 17:00:00,2025,9,15,17,258,0,24,-9.2,22.2,36.2,2.26,80.0,38.09,Blizzard / Extreme Storm,92.46,-40.0,0.0,0.0
2025-09-15 18:00:00,2025,9,15,18,258,0,25,-8.6,22.2,0.0,0.0,80.0,40.03,Blizzard / Extreme Storm,94.8,-5.08,0.0,0.0
2025-09-15 19:00:00,2025,9,15,19,258,0,26,-8.4,21.1,0.0,0.0,80.0,37.66,High Wind Surge,94.98,-0.41,0.0,0.0
2025-09-15 20:00:00,2025,9,15,20,258,0,24,-7.8,16.7,0.0,0.0,80.0,41.61,High Wind Surge,95.0,-0.03,0.0,0.0
2025-09-15 21:00:00,2025,9,15,21,258,0,26,-9.3,13.2,0.0,0.0,80.0,39.63,Overcast / Moderate,95.0,-0.0,0.0,0.0
2025-09-15 22:00:00,2025,9,15,22,258,0,26,-9.6,22.1,0.0,0.0,80.0,33.47,Blizzard / Extreme Storm,95.0,-0.0,0.0,0.0
2025-09-15 23:00:00,2025,9,15,23,258,0,23,-10.5,12.8,0.0,0.0,80.0,38.07,Overcast / Moderate,95.0,-0.0,0.0,0.0
2025-09-16 00:00:00,2025,9,16,0,259,1,24,-11.2,12.6,0.0,0.0,80.0,41.33,Overcast / Moderate,95.0,-0.0,0.0,0.0
2025-09-16 01:00:00,2025,9,16,1,259,1,25,-11.4,18.4,0.0,0.0,80.0,35.44,High Wind Surge,95.0,-0.0,0.0,0.0
2025-09-16 02:00:00,2025,9,16,2,259,1,22,-12.8,12.1,0.0,0.0,80.0,38.98,Overcast / Moderate,95.0,-0.0,0.0,0.0
2025-09-16 03:00:00,2025,9,16,3,259,1,24,-13.3,2.7,0.0,0.0,0.0,38.71,Overcast / Moderate,73.96,38.71,0.0,0.0
2025-09-16 04:00:00,2025,9,16,4,259,1,23,-14.1,6.4,0.0,0.0,4.31,42.96,Overcast / Moderate,52.96,38.65,0.0,0.0
2025-09-16 05:00:00,2025,9,16,5,259,1,24,-13.3,8.5,0.0,0.0,18.26,34.98,Overcast / Moderate,43.87,16.72,0.0,0.0
2025-09-16 06:00:00,2025,9,16,6,259,1,24,-12.9,8.2,0.0,0.0,15.43,42.63,Overcast / Moderate,29.09,27.2,0.0,0.0
2025-09-16 07:00:00,2025,9,16,7,259,1,24,-12.8,8.9,48.2,3.1,22.54,41.16,Overcast / Moderate,20.65,15.52,0.0,0.0
2025-09-16 08:00:00,2025,9,16,8,259,1,24,-12.0,5.9,143.3,9.47,2.68,41.92,Overcast / Moderate,19.94,1.3,28.47,7.97
2025-09-16 09:00:00,2025,9,16,9,259,1,23,-11.2,3.4,208.3,13.71,0.01,43.52,Overcast / Moderate,19.94,0.0,29.91,8.38
2025-09-16 10:00:00,2025,9,16,10,259,1,27,-10.2,6.0,267.8,17.65,2.96,45.71,Overcast / Moderate,19.94,0.0,25.21,7.06
2025-09-16 11:00:00,2025,9,16,11,259,1,26,-9.9,7.7,265.0,17.18,11.39,41.57,Overcast / Moderate,19.94,0.0,15.0,4.2
2025-09-16 12:00:00,2025,9,16,12,259,1,23,-9.7,7.3,230.0,14.63,8.73,38.44,Overcast / Moderate,19.94,0.0,15.19,4.25
2025-09-16 13:00:00,2025,9,16,13,259,1,26,-7.7,2.2,273.2,17.67,0.0,38.46,Overcast / Moderate,19.94,0.0,20.9,5.85
2025-09-16 14:00:00,2025,9,16,14,259,1,24,-7.4,2.1,244.0,15.78,0.0,41.79,Overcast / Moderate,19.94,0.0,26.12,7.31
2025-09-16 15:00:00,2025,9,16,15,259,1,25,-6.8,13.4,197.6,12.77,80.0,36.56,Overcast / Moderate,38.34,-40.0,0.0,0.0
2025-09-16 16:00:00,2025,9,16,16,259,1,24,-6.6,3.2,128.1,8.23,0.0,39.09,Overcast / Moderate,21.57,30.86,0.0,0.0
2025-09-16 17:00:00,2025,9,16,17,259,1,24,-6.8,4.5,54.5,3.49,0.37,38.44,Overcast / Moderate,19.86,3.14,31.44,8.8
2025-09-16 18:00:00,2025,9,16,18,259,1,25,-6.4,9.0,0.0,0.0,23.7,40.36,Overcast / Moderate,19.86,0.0,16.93,4.74
2025-09-16 19:00:00,2025,9,16,19,259,1,25,-8.5,5.5,0.0,0.0,1.71,40.13,Overcast / Moderate,19.86,0.0,38.69,10.83
2025-09-16 20:00:00,2025,9,16,20,259,1,24,-8.6,3.5,0.0,0.0,0.01,38.69,Overcast / Moderate,19.86,0.0,38.95,10.91
2025-09-16 21:00:00,2025,9,16,21,259,1,23,-9.7,6.0,0.0,0.0,2.96,38.99,Overcast / Moderate,19.86,0.0,36.3,10.16
2025-09-16 22:00:00,2025,9,16,22,259,1,24,-11.2,6.9,0.0,0.0,6.51,37.21,Overcast / Moderate,19.86,0.0,30.97,8.67
2025-09-16 23:00:00,2025,9,16,23,259,1,23,-11.4,5.9,0.0,0.0,2.68,35.01,Overcast / Moderate,19.86,0.0,32.6,9.13
2025-09-17 00:00:00,2025,9,17,0,260,2,25,-13.4,11.6,0.0,0.0,69.8,41.65,Overcast / Moderate,32.81,-28.15,0.0,0.0
2025-09-17 01:00:00,2025,9,17,1,260,2,23,-13.3,4.5,0.0,0.0,0.37,40.41,Overcast / Moderate,18.89,25.62,15.0,4.2
2025-09-17 02:00:00,2025,9,17,2,260,2,24,-15.0,7.8,0.0,0.0,12.14,37.7,Overcast / Moderate,18.89,0.0,27.79,7.78
2025-09-17 03:00:00,2025,9,17,3,260,2,26,-15.2,2.7,0.0,0.0,0.0,40.93,Overcast / Moderate,18.89,0.0,43.16,12.08
2025-09-17 04:00:00,2025,9,17,4,260,2,26,-15.4,5.4,0.0,0.0,1.52,41.41,Overcast / Moderate,18.89,0.0,42.12,11.79
2025-09-17 05:00:00,2025,9,17,5,260,2,24,-13.8,8.7,0.0,0.0,20.32,39.01,Overcast / Moderate,18.89,0.0,20.92,5.86
2025-09-17 06:00:00,2025,9,17,6,260,2,24,-13.9,3.9,0.0,0.0,0.08,40.25,Overcast / Moderate,18.89,0.0,42.4,11.87
2025-09-17 07:00:00,2025,9,17,7,260,2,26,-13.8,7.1,69.7,4.63,7.56,44.1,Overcast / Moderate,18.89,0.0,34.14,9.56
2025-09-17 08:00:00,2025,9,17,8,260,2,25,-11.9,3.2,137.8,9.02,0.0,44.83,Overcast / Moderate,18.89,0.0,38.04,10.65
2025-09-17 09:00:00,2025,9,17,9,260,2,24,-10.5,2.6,189.8,12.29,0.0,41.18,Overcast / Moderate,18.89,0.0,31.12,8.71
2025-09-17 10:00:00,2025,9,17,10,260,2,23,-8.6,6.5,255.1,16.59,4.71,40.91,Overcast / Moderate,18.89,0.0,21.84,6.11
2025-09-17 11:00:00,2025,9,17,11,260,2,25,-9.9,7.9,249.1,16.01,12.91,37.61,Overcast / Moderate,18.89,0.0,15.0,4.2
2025-09-17 12:00:00,2025,9,17,12,260,2,25,-7.6,2.7,286.4,18.5,0.0,36.71,Overcast / Moderate,18.89,0.0,20.44,5.72
2025-09-17 13:00:00,2025,9,17,13,260,2,24,-6.7,11.6,255.7,16.33,69.8,34.91,Overcast / Moderate,37.29,-40.0,0.0,0.0
2025-09-17 14:00:00,2025,9,17,14,260,2,25,-6.9,3.9,221.4,14.11,0.08,37.85,Overcast / Moderate,24.43,23.66,0.0,0.0
2025-09-17 15:00:00,2025,9,17,15,260,2,24,-7.2,2.8,199.4,12.87,0.0,38.86,Overcast / Moderate,19.62,8.85,17.14,4.8
2025-09-17 16:00:00,2025,9,17,16,260,2,24,-7.9,3.7,139.0,9.01,0.04,43.41,Overcast / Moderate,19.62,0.0,35.13,9.84
2025-09-17 17:00:00,2025,9,17,17,260,2,22,-8.4,3.4,59.1,3.79,0.01,36.85,Overcast / Moderate,19.62,0.0,33.82,9.47
2025-09-17 18:00:00,2025,9,17,18,260,2,24,-8.7,2.4,0.0,0.0,0.0,41.97,Overcast / Moderate,19.62,0.0,42.74,11.97
2025-09-17 19:00:00,2025,9,17,19,260,2,25,-8.9,9.4,0.0,0.0,28.77,38.26,Overcast / Moderate,19.62,0.0,15.0,4.2
2025-09-17 20:00:00,2025,9,17,20,260,2,24,-10.1,6.3,0.0,0.0,3.94,40.95,Overcast / Moderate,19.62,0.0,37.78,10.58
2025-09-17 21:00:00,2025,9,17,21,260,2,25,-10.9,5.3,0.0,0.0,1.34,41.46,Overcast / Moderate,19.62,0.0,40.89,11.45
2025-09-17 22:00:00,2025,9,17,22,260,2,24,-11.4,12.7,0.0,0.0,80.0,36.36,Overcast / Moderate,38.02,-40.0,0.0,0.0
2025-09-17 23:00:00,2025,9,17,23,260,2,25,-11.5,5.2,0.0,0.0,1.17,36.84,Overcast / Moderate,18.63,35.67,0.0,0.0
2025-09-18 00:00:00,2025,9,18,0,261,3,24,-12.7,3.3,0.0,0.0,0.0,43.64,Overcast / Moderate,18.63,0.0,46.38,12.99
2025-09-18 01:00:00,2025,9,18,1,261,3,24,-13.4,4.4,0.0,0.0,0.3,38.84,Overcast / Moderate,18.63,0.0,41.28,11.56
2025-09-18 02:00:00,2025,9,18,2,261,3,26,-13.7,4.0,0.0,0.0,0.11,43.32,Overcast / Moderate,18.63,0.0,45.95,12.87
2025-09-18 03:00:00,2025,9,18,3,261,3,25,-14.2,6.3,0.0,0.0,3.94,42.68,Overcast / Moderate,18.63,0.0,41.48,11.61
2025-09-18 04:00:00,2025,9,18,4,261,3,24,-13.4,4.5,0.0,0.0,0.37,38.64,Overcast / Moderate,18.63,0.0,41.01,11.48
2025-09-18 05:00:00,2025,9,18,5,261,3,25,-13.5,6.4,0.0,0.0,4.31,40.45,Overcast / Moderate,18.63,0.0,38.88,10.89
2025-09-18 06:00:00,2025,9,18,6,261,3,25,-14.0,7.9,0.0,0.0,12.91,41.14,Overcast / Moderate,18.63,0.0,30.97,8.67
2025-09-18 07:00:00,2025,9,18,7,261,3,25,-14.4,9.1,57.0,3.67,24.91,45.68,Overcast / Moderate,18.63,0.0,19.84,5.56
2025-09-18 08:00:00,2025,9,18,8,261,3,23,-13.7,8.3,149.9,9.91,16.34,42.24,Overcast / Moderate,18.63,0.0,18.73,5.24
2025-09-18 09:00:00,2025,9,18,9,261,3,26,-11.7,3.7,167.5,10.71,0.04,39.02,Overcast / Moderate,18.63,0.0,31.01,8.68
2025-09-18 10:00:00,2025,9,18,10,261,3,24,-11.3,2.8,271.4,17.87,0.0,40.04,Overcast / Moderate,18.63,0.0,24.91,6.98
2025-09-18 11:00:00,2025,9,18,11,261,3,24,-9.8,6.7,317.5,20.93,5.56,43.58,Overcast / Moderate,18.63,0.0,19.83,5.55
2025-09-18 12:00:00,2025,9,18,12,261,3,27,-8.1,3.7,258.5,16.5,0.04,40.36,Overcast / Moderate,18.63,0.0,26.56,7.44
2025-09-18 13:00:00,2025,9,18,13,261,3,25,-6.8,2.4,236.2,14.94,0.0,37.71,Overcast / Moderate,18.63,0.0,25.51,7.14
2025-09-18 14:00:00,2025,9,18,14,261,3,24,-6.7,6.5,194.0,12.17,4.71,34.66,Overcast / Moderate,18.63,0.0,20.52,5.75
2025-09-18 15:00:00,2025,9,18,15,261,3,22,-7.6,4.8,226.9,14.85,0.64,41.42,Overcast / Moderate,18.63,0.0,28.67,8.03
2025-09-18 16:00:00,2025,9,18,16,261,3,26,-8.7,8.8,151.6,9.9,21.41,40.02,Overcast / Moderate,18.63,0.0,15.0,4.2
2025-09-18 17:00:00,2025,9,18,17,261,3,23,-9.7,4.7,75.2,4.93,0.54,42.97,Overcast / Moderate,18.63,0.0,40.24,11.27
2025-09-18 18:00:00,2025,9,18,18,261,3,23,-10.0,14.3,0.0,0.0,80.0,42.18,High Wind Surge,36.03,-37.82,0.0,0.0
2025-09-18 19:00:00,2025,9,18,19,261,3,24,-10.9,8.9,0.0,0.0,22.54,43.48,Overcast / Moderate,24.65,20.94,0.0,0.0
2025-09-18 20:00:00,2025,9,18,20,261,3,26,-10.3,2.0,0.0,0.0,0.0,45.89,Overcast / Moderate,19.6,9.29,36.6,10.25
2025-09-18 21:00:00,2025,9,18,21,261,3,25,-11.4,6.4,0.0,0.0,4.31,42.52,Overcast / Moderate,19.6,0.0,39.02,10.93
2025-09-18 22:00:00,2025,9,18,22,261,3,24,-11.1,6.9,0.0,0.0,6.51,38.11,Overcast / Moderate,19.6,0.0,32.41,9.07
2025-09-18 23:00:00,2025,9,18,23,261,3,25,-12.4,8.1,0.0,0.0,14.56,43.54,Overcast / Moderate,19.6,0.0,29.79,8.34
2025-09-19 00:00:00,2025,9,19,0,262,4,24,-13.2,6.3,0.0,0.0,3.94,42.1,Overcast / Moderate,19.6,0.0,38.97,10.91
2025-09-19 01:00:00,2025,9,19,1,262,4,25,-13.3,6.2,0.0,0.0,3.6,38.55,Overcast / Moderate,19.6,0.0,35.76,10.01
2025-09-19 02:00:00,2025,9,19,2,262,4,25,-14.6,5.2,0.0,0.0,1.17,43.89,Overcast / Moderate,19.6,0.0,43.53,12.19
2025-09-19 03:00:00,2025,9,19,3,262,4,25,-13.8,4.3,0.0,0.0,0.24,44.47,Overcast / Moderate,19.6,0.0,45.04,12.61
2025-09-19 04:00:00,2025,9,19,4,262,4,25,-14.6,14.3,0.0,0.0,80.0,35.53,High Wind Surge,38.0,-40.0,0.0,0.0
2025-09-19 05:00:00,2025,9,19,5,262,4,25,-14.7,8.3,0.0,0.0,16.34,38.25,Overcast / Moderate,26.09,21.91,0.0,0.0
2025-09-19 06:00:00,2025,9,19,6,262,4,24,-14.1,7.3,0.0,0.0,8.73,38.67,Overcast / Moderate,19.47,12.18,17.76,4.97
2025-09-19 07:00:00,2025,9,19,7,262,4,25,-13.1,10.2,68.9,4.47,40.96,45.3,Overcast / Moderate,19.53,-0.13,0.0,0.0
2025-09-19 08:00:00,2025,9,19,8,262,4,24,-13.1,18.8,98.4,6.2,80.0,45.12,High Wind Surge,37.93,-40.0,0.0,0.0
2025-09-19 09:00:00,2025,9,19,9,262,4,23,-12.1,17.1,211.2,13.82,80.0,43.35,High Wind Surge,56.33,-40.0,0.0,0.0
2025-09-19 10:00:00,2025,9,19,10,262,4,24,-11.0,20.5,136.8,8.43,80.0,43.76,High Wind Surge,74.73,-40.0,0.0,0.0
2025-09-19 11:00:00,2025,9,19,11,262,4,25,-10.2,22.3,189.0,11.8,80.0,38.55,Blizzard / Extreme Storm,93.13,-40.0,0.0,0.0
2025-09-19 12:00:00,2025,9,19,12,262,4,25,-10.7,23.7,195.3,12.21,80.0,38.68,Blizzard / Extreme Storm,94.85,-3.74,0.0,0.0
2025-09-19 13:00:00,2025,9,19,13,262,4,24,-11.3,21.7,158.2,9.78,80.0,44.93,High Wind Surge,94.99,-0.3,0.0,0.0
2025-09-19 14:00:00,2025,9,19,14,262,4,23,-10.6,19.3,86.7,5.21,80.0,41.18,High Wind Surge,95.0,-0.02,0.0,0.0
2025-09-19 15:00:00,2025,9,19,15,262,4,25,-11.9,19.8,87.3,5.32,80.0,45.61,High Wind Surge,95.0,-0.0,0.0,0.0
2025-09-19 16:00:00,2025,9,19,16,262,4,25,-13.0,24.2,72.4,4.46,80.0,41.67,Blizzard / Extreme Storm,95.0,-0.0,0.0,0.0
2025-09-19 17:00:00,2025,9,19,17,262,4,25,-12.8,22.8,46.9,2.94,80.0,40.63,Blizzard / Extreme Storm,95.0,-0.0,0.0,0.0
2025-09-19 18:00:00,2025,9,19,18,262,4,25,-12.3,24.7,0.0,0.0,80.0,39.71,Blizzard / Extreme Storm,95.0,-0.0,0.0,0.0
2025-09-19 19:00:00,2025,9,19,19,262,4,26,-12.8,24.3,0.0,0.0,80.0,45.62,Blizzard / Extreme Storm,95.0,-0.0,0.0,0.0
2025-09-19 20:00:00,2025,9,19,20,262,4,24,-13.3,25.1,0.0,0.0,0.0,46.13,Blizzard / Extreme Storm,69.93,46.13,0.0,0.0
2025-09-19 21:00:00,2025,9,19,21,262,4,24,-13.0,19.1,0.0,0.0,80.0,44.42,High Wind Surge,86.3,-35.58,0.0,0.0
2025-09-19 22:00:00,2025,9,19,22,262,4,23,-12.1,18.7,0.0,0.0,80.0,37.77,High Wind Surge,94.3,-17.41,0.0,0.0
2025-09-19 23:00:00,2025,9,19,23,262,4,25,-11.9,25.1,0.0,0.0,0.0,40.85,Blizzard / Extreme Storm,72.1,40.85,0.0,0.0
2025-09-20 00:00:00,2025,9,20,0,263,5,26,-12.7,19.5,0.0,0.0,80.0,41.6,High Wind Surge,89.77,-38.4,0.0,0.0
2025-09-20 01:00:00,2025,9,20,1,263,5,24,-12.6,22.7,0.0,0.0,80.0,34.51,Blizzard / Extreme Storm,94.58,-10.47,0.0,0.0
2025-09-20 02:00:00,2025,9,20,2,263,5,24,-13.2,20.6,0.0,0.0,80.0,39.14,High Wind Surge,94.97,-0.84,0.0,0.0
2025-09-20 03:00:00,2025,9,20,3,263,5,26,-13.6,27.3,0.0,0.0,0.0,41.45,Blizzard / Extreme Storm,72.44,41.45,0.0,0.0
2025-09-20 04:00:00,2025,9,20,4,263,5,25,-14.3,21.4,0.0,0.0,80.0,43.83,High Wind Surge,89.08,-36.17,0.0,0.0
2025-09-20 05:00:00,2025,9,20,5,263,5,25,-15.1,15.6,0.0,0.0,80.0,41.45,High Wind Surge,94.53,-11.84,0.0,0.0
2025-09-20 06:00:00,2025,9,20,6,263,5,23,-15.0,15.8,0.0,0.0,80.0,41.53,High Wind Surge,94.96,-0.95,0.0,0.0
2025-09-20 07:00:00,2025,9,20,7,263,5,25,-16.4,9.7,65.0,4.2,33.01,45.8,Overcast / Moderate,90.29,8.59,0.0,0.0
2025-09-20 08:00:00,2025,9,20,8,263,5,24,-14.2,10.6,145.7,9.53,48.17,44.63,Overcast / Moderate,94.62,-9.41,0.0,0.0
2025-09-20 09:00:00,2025,9,20,9,263,5,23,-14.0,12.1,209.7,13.74,80.0,40.05,Overcast / Moderate,94.97,-0.75,0.0,0.0
2025-09-20 10:00:00,2025,9,20,10,263,5,24,-12.4,9.2,253.0,16.48,26.15,41.11,Overcast / Moderate,95.0,-0.06,0.0,0.0
2025-09-20 11:00:00,2025,9,20,11,263,5,24,-11.1,6.2,309.4,20.3,3.6,36.07,Overcast / Moderate,88.38,12.17,0.0,0.0
2025-09-20 12:00:00,2025,9,20,12,263,5,24,-10.0,3.4,276.8,17.81,0.01,39.72,Overcast / Moderate,76.48,21.9,0.0,0.0
2025-09-20 13:00:00,2025,9,20,13,263,5,23,-8.6,9.5,275.5,17.72,30.14,40.66,Overcast / Moderate,79.79,-7.2,0.0,0.0
2025-09-20 14:00:00,2025,9,20,14,263,5,25,-9.3,4.4,294.0,19.34,0.3,38.66,Overcast / Moderate,69.46,19.02,0.0,0.0
2025-09-20 15:00:00,2025,9,20,15,263,5,26,-8.3,9.7,228.0,14.85,33.01,39.61,Overcast / Moderate,73.25,-8.25,0.0,0.0
2025-09-20 16:00:00,2025,9,20,16,263,5,23,-8.8,7.3,158.8,10.33,8.73,40.55,Overcast / Moderate,61.57,21.49,0.0,0.0
2025-09-20 17:00:00,2025,9,20,17,263,5,25,-8.5,5.2,79.4,5.13,1.17,46.85,Overcast / Moderate,39.53,40.55,0.0,0.0
2025-09-20 18:00:00,2025,9,20,18,263,5,24,-9.4,1.6,0.0,0.0,0.0,40.17,Overcast / Moderate,18.3,39.07,15.0,4.2
2025-09-20 19:00:00,2025,9,20,19,263,5,25,-9.8,4.0,0.0,0.0,0.11,42.81,Overcast / Moderate,18.3,0.0,46.1,12.91
2025-09-20 20:00:00,2025,9,20,20,263,5,24,-11.3,10.9,0.0,0.0,54.11,41.33,Overcast / Moderate,24.18,-12.78,0.0,0.0
2025-09-20 21:00:00,2025,9,20,21,263,5,25,-12.0,9.7,0.0,0.0,33.01,43.56,Overcast / Moderate,19.64,8.36,15.0,4.2
2025-09-20 22:00:00,2025,9,20,22,263,5,24,-12.4,7.0,0.0,0.0,7.02,39.35,Overcast / Moderate,19.64,0.0,33.06,9.26
2025-09-20 23:00:00,2025,9,20,23,263,5,26,-12.5,6.0,0.0,0.0,2.96,38.87,Overcast / Moderate,19.64,0.0,36.64,10.26
2025-09-21 00:00:00,2025,9,21,0,264,6,23,-12.6,7.6,0.0,0.0,10.68,38.85,Overcast / Moderate,19.64,0.0,28.9,8.09
2025-09-21 01:00:00,2025,9,21,1,264,6,25,-13.3,6.0,0.0,0.0,2.96,43.43,Overcast / Moderate,19.64,0.0,41.2,11.54
2025-09-21 02:00:00,2025,9,21,2,264,6,26,-13.6,7.6,0.0,0.0,10.68,41.47,Overcast / Moderate,19.64,0.0,31.52,8.82
2025-09-21 03:00:00,2025,9,21,3,264,6,25,-13.5,4.7,0.0,0.0,0.54,37.47,Overcast / Moderate,19.64,0.0,37.66,10.54
2025-09-21 04:00:00,2025,9,21,4,264,6,27,-15.2,10.0,0.0,0.0,37.64,41.1,Overcast / Moderate,19.64,0.0,15.0,4.2
2025-09-21 05:00:00,2025,9,21,5,264,6,24,-16.2,8.2,0.0,0.0,15.43,40.04,Overcast / Moderate,19.64,0.0,25.34,7.09
2025-09-21 06:00:00,2025,9,21,6,264,6,25,-16.2,4.9,0.0,0.0,0.75,44.8,Overcast / Moderate,19.64,0.0,44.78,12.54
2025-09-21 07:00:00,2025,9,21,7,264,6,24,-15.4,9.9,89.6,5.94,36.05,42.97,Overcast / Moderate,19.64,0.0,15.0,4.2
2025-09-21 08:00:00,2025,9,21,8,264,6,26,-13.9,6.2,125.5,8.04,3.6,46.59,Overcast / Moderate,19.64,0.0,35.68,9.99
2025-09-21 09:00:00,2025,9,21,9,264,6,24,-13.8,3.4,113.8,7.05,0.01,46.11,Overcast / Moderate,19.64,0.0,39.78,11.14
2025-09-21 10:00:00,2025,9,21,10,264,6,24,-13.6,2.3,300.1,19.97,0.0,43.88,Overcast / Moderate,19.64,0.0,24.64,6.9
2025-09-21 11:00:00,2025,9,21,11,264,6,26,-12.8,8.2,223.6,14.22,15.43,44.97,Overcast / Moderate,19.64,0.0,16.05,4.49
2025-09-21 12:00:00,2025,9,21,12,264,6,24,-13.5,10.4,276.0,17.89,44.47,42.19,Overcast / Moderate,28.91,-20.17,0.0,0.0
2025-09-21 13:00:00,2025,9,21,13,264,6,23,-12.6,9.5,287.8,18.76,30.14,44.55,Overcast / Moderate,30.92,-4.35,0.0,0.0
2025-09-21 14:00:00,2025,9,21,14,264,6,24,-12.6,7.7,180.0,11.33,11.39,39.67,Overcast / Moderate,21.7,16.95,0.0,0.0
2025-09-21 15:00:00,2025,9,21,15,264,6,25,-13.8,3.1,216.0,14.15,0.0,42.86,Overcast / Moderate,19.85,3.41,25.3,7.08
2025-09-21 16:00:00,2025,9,21,16,264,6,26,-12.9,2.5,160.7,10.55,0.0,42.92,Overcast / Moderate,19.85,0.0,32.67,9.15
2025-09-21 17:00:00,2025,9,21,17,264,6,25,-13.4,5.0,98.0,6.53,0.88,46.18,Overcast / Moderate,19.85,0.0,39.07,10.94
2025-09-21 18:00:00,2025,9,21,18,264,6,26,-11.7,10.3,0.0,0.0,42.69,47.05,Overcast / Moderate,19.85,0.0,15.0,4.2
2025-09-21 19:00:00,2025,9,21,19,264,6,23,-12.4,13.2,0.0,0.0,80.0,41.14,Overcast / Moderate,37.73,-38.86,0.0,0.0
2025-09-21 20:00:00,2025,9,21,20,264,6,24,-12.4,4.1,0.0,0.0,0.15,42.38,Overcast / Moderate,18.46,35.45,15.0,4.2
2025-09-21 21:00:00,2025,9,21,21,264,6,24,-11.0,11.0,0.0,0.0,56.19,38.62,Overcast / Moderate,26.54,-17.57,0.0,0.0
2025-09-21 22:00:00,2025,9,21,22,264,6,24,-11.2,11.1,0.0,0.0,58.32,38.31,Overcast / Moderate,35.75,-20.01,0.0,0.0
2025-09-21 23:00:00,2025,9,21,23,264,6,25,-11.1,7.6,0.0,0.0,10.68,41.41,Overcast / Moderate,19.04,30.73,0.0,0.0
2025-09-22 00:00:00,2025,9,22,0,265,0,25,-11.9,14.8,0.0,0.0,80.0,34.77,High Wind Surge,37.44,-40.0,0.0,0.0
2025-09-22 01:00:00,2025,9,22,1,265,0,24,-13.2,19.4,0.0,0.0,80.0,40.07,High Wind Surge,55.81,-39.93,0.0,0.0
2025-09-22 02:00:00,2025,9,22,2,265,0,25,-12.9,15.9,0.0,0.0,80.0,41.8,High Wind Surge,73.38,-38.2,0.0,0.0
2025-09-22 03:00:00,2025,9,22,3,265,0,24,-14.6,24.2,0.0,0.0,80.0,41.21,Blizzard / Extreme Storm,91.23,-38.79,0.0,0.0
2025-09-22 04:00:00,2025,9,22,4,265,0,24,-14.0,18.5,0.0,0.0,80.0,40.15,High Wind Surge,94.7,-7.55,0.0,0.0
2025-09-22 05:00:00,2025,9,22,5,265,0,24,-15.2,17.8,0.0,0.0,80.0,43.71,High Wind Surge,94.98,-0.6,0.0,0.0
2025-09-22 06:00:00,2025,9,22,6,265,0,24,-14.9,19.8,0.0,0.0,80.0,39.27,High Wind Surge,95.0,-0.05,0.0,0.0
2025-09-22 07:00:00,2025,9,22,7,265,0,24,-12.7,27.2,36.8,2.24,0.0,40.9,Blizzard / Extreme Storm,73.99,38.66,0.0,0.0
2025-09-22 08:00:00,2025,9,22,8,265,0,25,-13.2,23.3,86.0,5.33,80.0,38.95,Blizzard / Extreme Storm,92.39,-40.0,0.0,0.0
2025-09-22 09:00:00,2025,9,22,9,265,0,25,-11.9,27.3,148.8,9.34,0.0,43.41,Blizzard / Extreme Storm,73.87,34.07,0.0,0.0
2025-09-22 10:00:00,2025,9,22,10,265,0,24,-11.5,24.5,142.5,8.78,80.0,42.5,Blizzard / Extreme Storm,92.27,-40.0,0.0,0.0
2025-09-22 11:00:00,2025,9,22,11,265,0,26,-10.2,23.9,145.5,8.89,80.0,40.23,Blizzard / Extreme Storm,94.78,-5.46,0.0,0.0
2025-09-22 12:00:00,2025,9,22,12,265,0,23,-9.0,26.7,165.1,10.11,0.0,37.49,Blizzard / Extreme Storm,79.9,27.38,0.0,0.0
2025-09-22 13:00:00,2025,9,22,13,265,0,24,-9.6,22.2,102.4,6.14,80.0,40.4,Blizzard / Extreme Storm,93.79,-30.2,0.0,0.0
2025-09-22 14:00:00,2025,9,22,14,265,0,27,-9.3,25.0,163.4,10.1,80.0,41.58,Blizzard / Extreme Storm,94.9,-2.42,0.0,0.0
2025-09-22 15:00:00,2025,9,22,15,265,0,23,-9.4,17.0,226.9,14.73,80.0,37.03,High Wind Surge,94.99,-0.19,0.0,0.0
2025-09-22 16:00:00,2025,9,22,16,265,0,23,-10.3,20.6,57.8,3.48,80.0,35.83,High Wind Surge,95.0,-0.02,0.0,0.0
2025-09-22 17:00:00,2025,9,22,17,265,0,25,-10.6,19.8,30.9,1.86,80.0,37.3,High Wind Surge,95.0,-0.0,0.0,0.0
2025-09-22 18:00:00,2025,9,22,18,265,0,22,-12.1,21.0,0.0,0.0,80.0,38.07,High Wind Surge,95.0,-0.0,0.0,0.0
2025-09-22 19:00:00,2025,9,22,19,265,0,24,-13.0,12.0,0.0,0.0,80.0,40.06,Overcast / Moderate,95.0,-0.0,0.0,0.0
2025-09-22 20:00:00,2025,9,22,20,265,0,27,-13.7,13.4,0.0,0.0,80.0,44.42,Overcast / Moderate,95.0,-0.0,0.0,0.0
2025-09-22 21:00:00,2025,9,22,21,265,0,23,-12.7,9.9,0.0,0.0,36.05,42.71,Overcast / Moderate,91.38,6.66,0.0,0.0
2025-09-22 22:00:00,2025,9,22,22,265,0,23,-13.4,7.4,0.0,0.0,9.35,39.54,Overcast / Moderate,74.97,30.19,0.0,0.0
2025-09-22 23:00:00,2025,9,22,23,265,0,23,-13.5,2.7,0.0,0.0,0.0,40.93,Overcast / Moderate,52.73,40.93,0.0,0.0
2025-09-23 00:00:00,2025,9,23,0,266,1,25,-13.5,3.0,0.0,0.0,0.0,41.46,Overcast / Moderate,30.2,41.46,0.0,0.0
2025-09-23 01:00:00,2025,9,23,1,266,1,26,-13.3,10.0,0.0,0.0,37.64,41.35,Overcast / Moderate,28.18,3.71,0.0,0.0
2025-09-23 02:00:00,2025,9,23,2,266,1,24,-13.3,8.8,0.0,0.0,21.41,40.32,Overcast / Moderate,19.29,16.36,15.0,4.2
2025-09-23 03:00:00,2025,9,23,3,266,1,25,-14.9,5.3,0.0,0.0,1.34,38.87,Overcast / Moderate,19.29,0.0,38.95,10.91
2025-09-23 04:00:00,2025,9,23,4,266,1,26,-14.0,9.8,0.0,0.0,34.51,37.71,Overcast / Moderate,19.29,0.0,15.0,4.2
2025-09-23 05:00:00,2025,9,23,5,266,1,26,-13.8,2.3,0.0,0.0,0.0,39.49,Overcast / Moderate,19.29,0.0,40.91,11.46
2025-09-23 06:00:00,2025,9,23,6,266,1,24,-14.0,7.4,0.0,0.0,9.35,43.46,Overcast / Moderate,19.29,0.0,35.53,9.95
2025-09-23 07:00:00,2025,9,23,7,266,1,22,-14.8,10.5,103.6,6.87,46.3,49.59,Overcast / Moderate,20.94,-3.58,0.0,0.0
2025-09-23 08:00:00,2025,9,23,8,266,1,24,-14.6,10.0,111.0,7.01,37.64,45.66,Overcast / Moderate,20.39,1.01,0.0,0.0
2025-09-23 09:00:00,2025,9,23,9,266,1,24,-14.5,5.2,218.9,14.31,1.17,45.09,Overcast / Moderate,19.97,0.77,28.84,8.07
2025-09-23 10:00:00,2025,9,23,10,266,1,24,-14.6,8.7,306.1,20.37,20.32,46.94,Overcast / Moderate,19.97,0.0,15.0,4.2
2025-09-23 11:00:00,2025,9,23,11,266,1,24,-14.2,5.7,291.8,19.06,2.16,47.75,Overcast / Moderate,19.97,0.0,26.6,7.45
2025-09-23 12:00:00,2025,9,23,12,266,1,26,-13.3,10.0,254.7,16.31,37.64,41.68,Overcast / Moderate,25.61,-12.27,0.0,0.0
2025-09-23 13:00:00,2025,9,23,13,266,1,26,-10.9,6.6,244.6,15.55,5.12,49.45,Overcast / Moderate,19.51,11.22,17.56,4.92
2025-09-23 14:00:00,2025,9,23,14,266,1,24,-10.7,8.9,279.0,18.17,22.54,45.31,Overcast / Moderate,19.51,0.0,15.0,4.2
2025-09-23 15:00:00,2025,9,23,15,266,1,26,-9.4,2.3,224.9,14.54,0.0,37.65,Overcast / Moderate,19.51,0.0,24.09,6.74
2025-09-23 16:00:00,2025,9,23,16,266,1,25,-8.8,7.1,147.1,9.38,7.56,37.77,Overcast / Moderate,19.51,0.0,21.81,6.11
2025-09-23 17:00:00,2025,9,23,17,266,1,25,-8.3,6.7,91.0,5.84,5.56,46.93,Overcast / Moderate,19.51,0.0,36.51,10.22
2025-09-23 18:00:00,2025,9,23,18,266,1,25,-8.4,7.3,0.0,0.0,8.73,42.56,Overcast / Moderate,19.51,0.0,34.81,9.75
2025-09-23 19:00:00,2025,9,23,19,266,1,25,-10.5,8.1,0.0,0.0,14.56,40.05,Overcast / Moderate,19.51,0.0,26.47,7.41
2025-09-23 20:00:00,2025,9,23,20,266,1,27,-11.7,11.6,0.0,0.0,69.8,43.33,Overcast / Moderate,31.69,-26.47,0.0,0.0
2025-09-23 21:00:00,2025,9,23,21,266,1,23,-12.5,9.2,0.0,0.0,26.15,44.23,Overcast / Moderate,21.86,18.08,0.0,0.0
2025-09-23 22:00:00,2025,9,23,22,266,1,24,-13.6,3.9,0.0,0.0,0.08,42.54,Overcast / Moderate,19.84,3.72,38.74,10.85
2025-09-23 23:00:00,2025,9,23,23,266,1,24,-15.6,9.8,0.0,0.0,34.51,45.24,Overcast / Moderate,19.84,0.0,15.0,4.2
2025-09-24 00:00:00,2025,9,24,0,267,2,25,-17.2,2.8,0.0,0.0,0.0,43.84,Overcast / Moderate,19.84,0.0,44.16,12.37
2025-09-24 01:00:00,2025,9,24,1,267,2,26,-16.9,7.4,0.0,0.0,9.35,43.92,Overcast / Moderate,19.84,0.0,34.89,9.77
2025-09-24 02:00:00,2025,9,24,2,267,2,24,-15.4,10.8,0.0,0.0,52.08,40.76,Overcast / Moderate,25.05,-11.32,0.0,0.0
2025-09-24 03:00:00,2025,9,24,3,267,2,23,-16.0,2.6,0.0,0.0,0.0,39.58,Overcast / Moderate,19.56,10.09,29.49,8.26
2025-09-24 04:00:00,2025,9,24,4,267,2,25,-15.3,10.2,0.0,0.0,40.96,39.37,Overcast / Moderate,20.29,-1.59,0.0,0.0
2025-09-24 05:00:00,2025,9,24,5,267,2,25,-14.7,9.4,0.0,0.0,28.77,41.0,Overcast / Moderate,19.97,0.59,15.0,4.2
2025-09-24 06:00:00,2025,9,24,6,267,2,23,-14.4,6.3,0.0,0.0,3.94,41.57,Overcast / Moderate,19.97,0.0,37.68,10.55
2025-09-24 07:00:00,2025,9,24,7,267,2,24,-13.7,4.7,106.3,7.01,0.54,39.96,Overcast / Moderate,19.97,0.0,32.46,9.09
2025-09-24 08:00:00,2025,9,24,8,267,2,23,-14.7,5.5,124.9,7.95,1.71,49.11,Overcast / Moderate,19.97,0.0,39.5,11.06
2025-09-24 09:00:00,2025,9,24,9,267,2,24,-13.8,13.5,254.6,16.86,80.0,41.93,Overcast / Moderate,38.37,-40.0,0.0,0.0
2025-09-24 10:00:00,2025,9,24,10,267,2,24,-13.8,3.7,271.6,17.74,0.04,41.53,Overcast / Moderate,25.47,23.75,0.0,0.0
2025-09-24 11:00:00,2025,9,24,11,267,2,25,-12.6,7.0,328.0,21.57,7.02,43.05,Overcast / Moderate,19.52,10.93,15.0,4.2
2025-09-24 12:00:00,2025,9,24,12,267,2,25,-12.0,2.3,342.6,22.53,0.0,36.74,Overcast / Moderate,19.52,0.0,15.16,4.25
2025-09-24 13:00:00,2025,9,24,13,267,2,23,-11.8,3.8,318.1,20.8,0.06,42.73,Overcast / Moderate,19.52,0.0,22.82,6.39
2025-09-24 14:00:00,2025,9,24,14,267,2,25,-11.3,8.9,313.7,20.7,22.54,39.67,Overcast / Moderate,21.17,-3.57,0.0,0.0
2025-09-24 15:00:00,2025,9,24,15,267,2,23,-11.5,4.6,266.4,17.63,0.45,36.79,Overcast / Moderate,19.9,2.33,16.38,4.59
2025-09-24 16:00:00,2025,9,24,16,267,2,25,-13.4,14.9,123.7,7.84,80.0,44.08,High Wind Surge,38.3,-40.0,0.0,0.0
2025-09-24 17:00:00,2025,9,24,17,267,2,24,-12.9,6.3,88.9,5.73,3.94,43.35,Overcast / Moderate,19.99,33.68,0.0,0.0
2025-09-24 18:00:00,2025,9,24,18,267,2,24,-12.2,6.4,0.0,0.0,4.31,47.33,Overcast / Moderate,19.99,0.0,43.03,12.05
2025-09-24 19:00:00,2025,9,24,19,267,2,25,-13.3,1.6,0.0,0.0,0.0,44.09,Overcast / Moderate,19.99,0.0,44.1,12.35
2025-09-24 20:00:00,2025,9,24,20,267,2,25,-14.0,12.9,0.0,0.0,80.0,44.6,Overcast / Moderate,36.28,-35.4,0.0,0.0
2025-09-24 21:00:00,2025,9,24,21,267,2,26,-14.6,3.4,0.0,0.0,0.01,45.07,Overcast / Moderate,18.58,32.56,15.0,4.2
2025-09-24 22:00:00,2025,9,24,22,267,2,24,-12.6,6.6,0.0,0.0,5.12,33.12,Overcast / Moderate,18.58,0.0,30.83,8.63
2025-09-24 23:00:00,2025,9,24,23,267,2,25,-15.6,5.4,0.0,0.0,1.52,42.23,Overcast / Moderate,18.58,0.0,43.54,12.19
2025-09-25 00:00:00,2025,9,25,0,268,3,24,-16.5,5.6,0.0,0.0,1.93,42.37,Overcast / Moderate,18.58,0.0,43.27,12.12
2025-09-25 01:00:00,2025,9,25,1,268,3,25,-15.5,7.6,0.0,0.0,10.68,41.6,Overcast / Moderate,18.58,0.0,33.75,9.45
2025-09-25 02:00:00,2025,9,25,2,268,3,25,-15.8,7.8,0.0,0.0,12.14,40.1,Overcast / Moderate,18.58,0.0,30.79,8.62
2025-09-25 03:00:00,2025,9,25,3,268,3,24,-15.7,3.2,0.0,0.0,0.0,43.31,Overcast / Moderate,18.58,0.0,46.14,12.92
2025-09-25 04:00:00,2025,9,25,4,268,3,23,-14.8,6.3,0.0,0.0,3.94,38.57,Overcast / Moderate,18.58,0.0,37.46,10.49
2025-09-25 05:00:00,2025,9,25,5,268,3,25,-13.2,9.3,0.0,0.0,27.44,42.0,Overcast / Moderate,18.58,0.0,17.39,4.87
2025-09-25 06:00:00,2025,9,25,6,268,3,25,-12.7,5.8,31.6,2.07,2.41,40.83,Overcast / Moderate,18.58,0.0,39.18,10.97
2025-09-25 07:00:00,2025,9,25,7,268,3,24,-13.1,3.3,90.9,5.85,0.0,46.65,Overcast / Moderate,18.58,0.0,43.63,12.22
2025-09-25 08:00:00,2025,9,25,8,268,3,23,-12.1,4.7,203.4,13.49,0.54,40.89,Overcast / Moderate,18.58,0.0,29.69,8.31
2025-09-25 09:00:00,2025,9,25,9,268,3,26,-10.9,3.8,181.6,11.49,0.06,45.53,Overcast / Moderate,18.58,0.0,36.81,10.31
2025-09-25 10:00:00,2025,9,25,10,268,3,25,-11.8,2.9,282.5,18.39,0.0,43.05,Overcast / Moderate,18.58,0.0,27.49,7.7
2025-09-25 11:00:00,2025,9,25,11,268,3,24,-12.7,5.3,194.2,12.13,1.34,42.66,Overcast / Moderate,18.58,0.0,32.02,8.97
2025-09-25 12:00:00,2025,9,25,12,268,3,23,-12.5,6.7,332.8,21.79,5.56,40.22,Overcast / Moderate,18.58,0.0,15.7,4.4
2025-09-25 13:00:00,2025,9,25,13,268,3,24,-13.0,2.2,335.7,22.12,0.0,44.06,Overcast / Moderate,18.58,0.0,24.77,6.94
2025-09-25 14:00:00,2025,9,25,14,268,3,26,-12.6,7.2,299.5,19.67,8.13,42.27,Overcast / Moderate,18.58,0.0,17.3,4.84
2025-09-25 15:00:00,2025,9,25,15,268,3,25,-13.4,16.1,235.5,15.39,80.0,43.65,High Wind Surge,36.98,-40.0,0.0,0.0
2025-09-25 16:00:00,2025,9,25,16,268,3,24,-12.4,13.3,194.3,12.82,80.0,44.56,Overcast / Moderate,55.38,-40.0,0.0,0.0
2025-09-25 17:00:00,2025,9,25,17,268,3,25,-11.0,9.8,71.1,4.45,34.51,41.84,Overcast / Moderate,53.82,2.88,0.0,0.0
2025-09-25 18:00:00,2025,9,25,18,268,3,24,-10.9,4.3,28.0,1.8,0.24,42.29,Overcast / Moderate,31.94,40.25,0.0,0.0
2025-09-25 19:00:00,2025,9,25,19,268,3,26,-10.8,1.2,0.0,0.0,0.0,45.9,Overcast / Moderate,18.96,23.89,22.01,6.16
2025-09-25 20:00:00,2025,9,25,20,268,3,26,-11.8,9.9,0.0,0.0,36.05,44.27,Overcast / Moderate,18.96,0.0,15.0,4.2
2025-09-25 21:00:00,2025,9,25,21,268,3,24,-13.4,1.9,0.0,0.0,0.0,41.67,Overcast / Moderate,18.96,0.0,43.75,12.25
2025-09-25 22:00:00,2025,9,25,22,268,3,24,-14.7,3.7,0.0,0.0,0.04,40.13,Overcast / Moderate,18.96,0.0,42.17,11.81
2025-09-25 23:00:00,2025,9,25,23,268,3,22,-15.3,6.7,0.0,0.0,5.56,41.52,Overcast / Moderate,18.96,0.0,38.04,10.65
2025-09-26 00:00:00,2025,9,26,0,269,4,23,-16.0,3.5,0.0,0.0,0.01,47.21,Overcast / Moderate,18.96,0.0,49.28,13.8
2025-09-26 01:00:00,2025,9,26,1,269,4,23,-16.8,12.6,0.0,0.0,80.0,39.17,Overcast / Moderate,37.36,-40.0,0.0,0.0
2025-09-26 02:00:00,2025,9,26,2,269,4,25,-16.2,14.4,0.0,0.0,80.0,42.96,High Wind Surge,54.4,-37.04,0.0,0.0
2025-09-26 03:00:00,2025,9,26,3,269,4,24,-15.2,16.6,0.0,0.0,80.0,44.93,High Wind Surge,70.53,-35.07,0.0,0.0
2025-09-26 04:00:00,2025,9,26,4,269,4,23,-14.3,19.8,0.0,0.0,80.0,42.17,High Wind Surge,87.93,-37.83,0.0,0.0
2025-09-26 05:00:00,2025,9,26,5,269,4,24,-13.9,16.1,0.0,0.0,80.0,40.21,High Wind Surge,94.43,-14.13,0.0,0.0
2025-09-26 06:00:00,2025,9,26,6,269,4,25,-12.9,22.6,18.6,1.15,80.0,35.71,Blizzard / Extreme Storm,94.95,-1.13,0.0,0.0
2025-09-26 07:00:00,2025,9,26,7,269,4,25,-11.8,20.7,73.7,4.62,80.0,46.3,High Wind Surge,95.0,-0.09,0.0,0.0
2025-09-26 08:00:00,2025,9,26,8,269,4,23,-12.3,24.6,108.6,6.76,80.0,41.02,Blizzard / Extreme Storm,95.0,-0.01,0.0,0.0
2025-09-26 09:00:00,2025,9,26,9,269,4,24,-11.3,20.4,126.1,7.76,80.0,39.41,High Wind Surge,95.0,-0.0,0.0,0.0
2025-09-26 10:00:00,2025,9,26,10,269,4,23,-11.5,26.2,118.5,7.2,0.0,42.23,Blizzard / Extreme Storm,75.96,35.03,0.0,0.0
2025-09-26 11:00:00,2025,9,26,11,269,4,25,-11.3,31.7,152.2,9.31,0.0,45.71,Blizzard / Extreme Storm,56.18,36.4,0.0,0.0
2025-09-26 12:00:00,2025,9,26,12,269,4,25,-11.0,19.3,134.4,8.15,80.0,42.93,High Wind Surge,74.58,-40.0,0.0,0.0
2025-09-26 13:00:00,2025,9,26,13,269,4,24,-10.8,19.2,127.9,7.74,80.0,40.51,High Wind Surge,92.98,-40.0,0.0,0.0
2025-09-26 14:00:00,2025,9,26,14,269,4,24,-8.2,18.4,156.9,9.6,80.0,40.09,High Wind Surge,94.84,-4.04,0.0,0.0
2025-09-26 15:00:00,2025,9,26,15,269,4,24,-8.4,19.8,83.7,5.0,80.0,39.92,High Wind Surge,94.99,-0.32,0.0,0.0
2025-09-26 16:00:00,2025,9,26,16,269,4,22,-8.1,16.8,188.7,12.22,80.0,37.53,High Wind Surge,95.0,-0.03,0.0,0.0
2025-09-26 17:00:00,2025,9,26,17,269,4,25,-8.9,19.6,64.4,3.96,80.0,40.51,High Wind Surge,95.0,-0.0,0.0,0.0
2025-09-26 18:00:00,2025,9,26,18,269,4,24,-9.0,13.9,33.5,2.15,80.0,38.01,Overcast / Moderate,95.0,-0.0,0.0,0.0
2025-09-26 19:00:00,2025,9,26,19,269,4,25,-9.1,11.5,0.0,0.0,67.39,38.02,Overcast / Moderate,95.0,-0.0,0.0,0.0
2025-09-26 20:00:00,2025,9,26,20,269,4,23,-11.0,11.1,0.0,0.0,58.32,42.6,Overcast / Moderate,95.0,-0.0,0.0,0.0
2025-09-26 21:00:00,2025,9,26,21,269,4,24,-10.6,5.1,0.0,0.0,1.02,40.28,Overcast / Moderate,73.66,39.26,0.0,0.0
2025-09-26 22:00:00,2025,9,26,22,269,4,23,-12.3,5.0,0.0,0.0,0.88,39.07,Overcast / Moderate,52.91,38.19,0.0,0.0
2025-09-26 23:00:00,2025,9,26,23,269,4,23,-12.9,8.8,0.0,0.0,21.41,37.65,Overcast / Moderate,44.08,16.24,0.0,0.0
2025-09-27 00:00:00,2025,9,27,0,270,5,23,-13.8,9.1,0.0,0.0,24.91,38.84,Overcast / Moderate,36.51,13.93,0.0,0.0
2025-09-27 01:00:00,2025,9,27,1,270,5,25,-14.3,1.0,0.0,0.0,0.0,39.85,Overcast / Moderate,18.56,33.02,15.0,4.2
2025-09-27 02:00:00,2025,9,27,2,270,5,24,-14.7,3.1,0.0,0.0,0.0,39.68,Overcast / Moderate,18.56,0.0,42.55,11.91
2025-09-27 03:00:00,2025,9,27,3,270,5,25,-15.1,3.8,0.0,0.0,0.06,40.63,Overcast / Moderate,18.56,0.0,43.44,12.16
2025-09-27 04:00:00,2025,9,27,4,270,5,24,-15.0,5.0,0.0,0.0,0.88,41.86,Overcast / Moderate,18.56,0.0,43.85,12.28
2025-09-27 05:00:00,2025,9,27,5,270,5,23,-15.2,4.5,0.0,0.0,0.37,44.78,Overcast / Moderate,18.56,0.0,47.28,13.24
2025-09-27 06:00:00,2025,9,27,6,270,5,24,-14.9,7.9,36.6,2.37,12.91,43.2,Overcast / Moderate,18.56,0.0,30.79,8.62
2025-09-27 07:00:00,2025,9,27,7,270,5,25,-15.0,9.8,138.3,9.28,34.51,44.08,Overcast / Moderate,18.56,0.0,15.0,4.2
2025-09-27 08:00:00,2025,9,27,8,270,5,23,-14.3,3.6,175.4,11.42,0.02,42.12,Overcast / Moderate,18.56,0.0,33.55,9.39
2025-09-27 09:00:00,2025,9,27,9,270,5,25,-14.5,6.9,261.9,17.29,6.51,40.09,Overcast / Moderate,18.56,0.0,19.16,5.37
2025-09-27 10:00:00,2025,9,27,10,270,5,24,-13.7,5.2,267.0,17.3,1.17,41.91,Overcast / Moderate,18.56,0.0,26.31,7.37
2025-09-27 11:00:00,2025,9,27,11,270,5,24,-12.5,6.3,330.0,21.58,3.94,39.95,Overcast / Moderate,18.56,0.0,17.3,4.84
2025-09-27 12:00:00,2025,9,27,12,270,5,25,-12.2,7.4,263.9,16.8,9.35,42.95,Overcast / Moderate,18.56,0.0,19.67,5.51
2025-09-27 13:00:00,2025,9,27,13,270,5,24,-11.9,11.0,288.2,18.54,56.19,46.42,Overcast / Moderate,31.59,-28.31,0.0,0.0
2025-09-27 14:00:00,2025,9,27,14,270,5,25,-12.0,3.6,217.0,13.72,0.02,41.68,Overcast / Moderate,18.99,23.17,15.0,4.2
2025-09-27 15:00:00,2025,9,27,15,270,5,24,-12.1,2.4,245.6,15.99,0.0,38.76,Overcast / Moderate,18.99,0.0,24.79,6.94
2025-09-27 16:00:00,2025,9,27,16,270,5,25,-11.4,7.5,196.4,12.85,10.0,41.73,Overcast / Moderate,18.99,0.0,20.9,5.85
2025-09-27 17:00:00,2025,9,27,17,270,5,22,-11.4,5.4,119.8,7.82,1.52,40.07,Overcast / Moderate,18.99,0.0,32.75,9.17
2025-09-27 18:00:00,2025,9,27,18,270,5,23,-10.4,3.3,37.9,2.44,0.0,43.93,Overcast / Moderate,18.99,0.0,43.51,12.18
2025-09-27 19:00:00,2025,9,27,19,270,5,25,-10.5,2.8,0.0,0.0,0.0,36.83,Overcast / Moderate,18.99,0.0,38.85,10.88
2025-09-27 20:00:00,2025,9,27,20,270,5,26,-11.2,6.8,0.0,0.0,6.02,39.93,Overcast / Moderate,18.99,0.0,35.93,10.06
2025-09-27 21:00:00,2025,9,27,21,270,5,24,-10.0,4.6,0.0,0.0,0.45,42.72,Overcast / Moderate,18.99,0.0,44.29,12.4
2025-09-27 22:00:00,2025,9,27,22,270,5,24,-10.9,17.6,0.0,0.0,80.0,34.37,High Wind Surge,37.39,-40.0,0.0,0.0
2025-09-27 23:00:00,2025,9,27,23,270,5,25,-11.0,5.5,0.0,0.0,1.71,40.02,Overcast / Moderate,18.49,34.78,15.0,4.2
2025-09-28 00:00:00,2025,9,28,0,271,6,25,-12.6,3.8,0.0,0.0,0.06,38.12,Overcast / Moderate,18.49,0.0,41.08,11.5
2025-09-28 01:00:00,2025,9,28,1,271,6,22,-12.7,7.5,0.0,0.0,10.0,41.78,Overcast / Moderate,18.49,0.0,34.8,9.75
2025-09-28 02:00:00,2025,9,28,2,271,6,24,-12.4,4.1,0.0,0.0,0.15,39.3,Overcast / Moderate,18.49,0.0,42.17,11.81
2025-09-28 03:00:00,2025,9,28,3,271,6,24,-14.8,6.2,0.0,0.0,3.6,40.82,Overcast / Moderate,18.49,0.0,40.24,11.27
2025-09-28 04:00:00,2025,9,28,4,271,6,25,-14.9,6.1,0.0,0.0,3.27,43.01,Overcast / Moderate,18.49,0.0,42.76,11.97
2025-09-28 05:00:00,2025,9,28,5,271,6,27,-16.1,5.9,0.0,0.0,2.68,42.88,Overcast / Moderate,18.49,0.0,43.22,12.1
2025-09-28 06:00:00,2025,9,28,6,271,6,24,-16.2,9.4,48.3,3.2,28.77,39.18,Overcast / Moderate,18.49,0.0,15.0,4.2
2025-09-28 07:00:00,2025,9,28,7,271,6,23,-16.6,3.8,106.8,6.95,0.06,44.12,Overcast / Moderate,18.49,0.0,40.13,11.24
2025-09-28 08:00:00,2025,9,28,8,271,6,25,-16.2,11.3,186.5,12.25,62.75,41.75,Overcast / Moderate,33.78,-33.25,0.0,0.0
2025-09-28 09:00:00,2025,9,28,9,271,6,26,-14.8,9.3,264.2,17.43,27.44,42.95,Overcast / Moderate,34.67,-1.92,0.0,0.0
2025-09-28 10:00:00,2025,9,28,10,271,6,25,-14.1,4.9,272.5,17.68,0.75,38.89,Overcast / Moderate,23.55,20.46,0.0,0.0
2025-09-28 11:00:00,2025,9,28,11,271,6,24,-12.6,3.5,390.8,26.06,0.01,48.62,Overcast / Moderate,19.69,7.09,15.46,4.33
2025-09-28 12:00:00,2025,9,28,12,271,6,25,-12.3,4.4,323.2,20.97,0.3,42.83,Overcast / Moderate,19.69,0.0,22.18,6.21
2025-09-28 13:00:00,2025,9,28,13,271,6,25,-11.7,4.9,357.3,23.5,0.75,43.77,Overcast / Moderate,19.69,0.0,20.14,5.64
2025-09-28 14:00:00,2025,9,28,14,271,6,23,-11.0,6.8,330.8,21.75,6.02,39.14,Overcast / Moderate,19.69,0.0,15.0,4.2
2025-09-28 15:00:00,2025,9,28,15,271,6,25,-10.4,1.8,262.6,17.11,0.0,42.78,Overcast / Moderate,19.69,0.0,26.29,7.36
2025-09-28 16:00:00,2025,9,28,16,271,6,25,-11.4,11.5,168.1,10.78,67.39,44.15,Overcast / Moderate,35.34,-34.02,0.0,0.0
2025-09-28 17:00:00,2025,9,28,17,271,6,26,-12.6,2.6,105.8,6.8,0.0,45.8,Overcast / Moderate,18.67,30.68,15.0,4.2
2025-09-28 18:00:00,2025,9,28,18,271,6,24,-13.0,4.4,49.7,3.27,0.3,42.86,Overcast / Moderate,18.67,0.0,41.96,11.75
2025-09-28 19:00:00,2025,9,28,19,271,6,24,-12.6,2.7,0.0,0.0,0.0,45.31,Overcast / Moderate,18.67,0.0,47.98,13.43
2025-09-28 20:00:00,2025,9,28,20,271,6,26,-13.0,4.2,0.0,0.0,0.19,42.24,Overcast / Moderate,18.67,0.0,44.72,12.52
2025-09-28 21:00:00,2025,9,28,21,271,6,23,-14.7,10.0,0.0,0.0,37.64,44.93,Overcast / Moderate,18.67,0.0,15.0,4.2
2025-09-28 22:00:00,2025,9,28,22,271,6,25,-14.5,7.3,0.0,0.0,8.73,41.33,Overcast / Moderate,18.67,0.0,35.27,9.88
2025-09-28 23:00:00,2025,9,28,23,271,6,23,-13.1,3.9,0.0,0.0,0.08,36.79,Overcast / Moderate,18.67,0.0,39.38,11.03
2025-09-29 00:00:00,2025,9,29,0,272,0,26,-13.0,10.6,0.0,0.0,48.17,35.72,Overcast / Moderate,24.39,-12.45,0.0,0.0
2025-09-29 01:00:00,2025,9,29,1,272,0,24,-13.2,9.4,0.0,0.0,28.77,39.27,Overcast / Moderate,19.62,8.79,15.0,4.2
2025-09-29 02:00:00,2025,9,29,2,272,0,26,-13.7,8.8,0.0,0.0,21.41,40.08,Overcast / Moderate,19.62,0.0,19.43,5.44
2025-09-29 03:00:00,2025,9,29,3,272,0,25,-13.9,10.1,0.0,0.0,39.28,40.08,Overcast / Moderate,19.62,0.0,15.0,4.2
2025-09-29 04:00:00,2025,9,29,4,272,0,23,-14.2,7.4,0.0,0.0,9.35,43.18,Overcast / Moderate,19.62,0.0,34.59,9.69
2025-09-29 05:00:00,2025,9,29,5,272,0,26,-15.1,6.3,0.0,0.0,3.94,45.31,Overcast / Moderate,19.62,0.0,42.13,11.8
2025-09-29 06:00:00,2025,9,29,6,272,0,26,-15.0,5.2,29.4,1.84,1.17,43.44,Overcast / Moderate,19.62,0.0,41.19,11.53
2025-09-29 07:00:00,2025,9,29,7,272,0,25,-14.8,3.9,106.6,6.87,0.08,46.23,Overcast / Moderate,19.62,0.0,40.04,11.21
2025-09-29 08:00:00,2025,9,29,8,272,0,24,-14.7,6.8,165.3,10.65,6.02,44.15,Overcast / Moderate,19.62,0.0,28.24,7.91
2025-09-29 09:00:00,2025,9,29,9,272,0,24,-15.3,10.9,215.0,13.87,54.11,45.24,Overcast / Moderate,30.08,-22.74,0.0,0.0
2025-09-29 10:00:00,2025,9,29,10,272,0,25,-15.3,7.1,292.2,19.12,7.56,46.22,Overcast / Moderate,19.46,19.54,0.0,0.0
2025-09-29 11:00:00,2025,9,29,11,272,0,24,-16.1,11.6,310.7,20.31,69.8,45.75,Overcast / Moderate,37.86,-40.0,0.0,0.0
2025-09-29 12:00:00,2025,9,29,12,272,0,26,-15.5,5.1,374.3,24.87,1.02,47.12,Overcast / Moderate,26.32,21.23,0.0,0.0
2025-09-29 13:00:00,2025,9,29,13,272,0,25,-15.5,8.1,299.8,19.49,14.56,45.41,Overcast / Moderate,20.15,11.36,0.0,0.0
2025-09-29 14:00:00,2025,9,29,14,272,0,22,-15.3,7.7,337.0,22.42,11.39,42.86,Overcast / Moderate,19.99,0.29,15.0,4.2
2025-09-29 15:00:00,2025,9,29,15,272,0,25,-14.0,7.9,232.5,15.06,12.91,44.82,Overcast / Moderate,19.99,0.0,16.88,4.73
2025-09-29 16:00:00,2025,9,29,16,272,0,24,-12.8,7.6,158.5,10.12,10.68,42.33,Overcast / Moderate,19.99,0.0,21.56,6.04
2025-09-29 17:00:00,2025,9,29,17,272,0,24,-11.3,3.9,99.5,6.31,0.08,45.43,Overcast / Moderate,19.99,0.0,39.07,10.94
2025-09-29 18:00:00,2025,9,29,18,272,0,24,-12.4,3.1,26.2,1.61,0.0,41.55,Overcast / Moderate,19.99,0.0,39.97,11.19
2025-09-29 19:00:00,2025,9,29,19,272,0,25,-13.8,14.2,0.0,0.0,80.0,51.17,High Wind Surge,33.25,-28.83,0.0,0.0
2025-09-29 20:00:00,2025,9,29,20,272,0,26,-14.5,1.7,0.0,0.0,0.0,48.99,Overcast / Moderate,18.85,26.5,22.49,6.3
2025-09-29 21:00:00,2025,9,29,21,272,0,25,-13.5,6.0,0.0,0.0,2.96,40.96,Overcast / Moderate,18.85,0.0,40.3,11.29
2025-09-29 22:00:00,2025,9,29,22,272,0,24,-13.5,5.7,0.0,0.0,2.16,43.37,Overcast / Moderate,18.85,0.0,43.51,12.18
2025-09-29 23:00:00,2025,9,29,23,272,0,24,-14.2,5.1,0.0,0.0,1.02,40.46,Overcast / Moderate,18.85,0.0,41.74,11.69
2025-09-30 00:00:00,2025,9,30,0,273,1,25,-14.4,9.2,0.0,0.0,26.15,42.55,Overcast / Moderate,18.85,0.0,18.7,5.24
2025-09-30 01:00:00,2025,9,30,1,273,1,24,-13.5,8.7,0.0,0.0,20.32,44.19,Overcast / Moderate,18.85,0.0,26.17,7.33
2025-09-30 02:00:00,2025,9,30,2,273,1,25,-14.1,11.3,0.0,0.0,62.75,38.97,Overcast / Moderate,29.79,-23.78,0.0,0.0
2025-09-30 03:00:00,2025,9,30,3,273,1,25,-15.8,5.4,0.0,0.0,1.52,41.02,Overcast / Moderate,19.15,19.57,19.93,5.58
2025-09-30 04:00:00,2025,9,30,4,273,1,26,-18.0,6.9,0.0,0.0,6.51,45.93,Overcast / Moderate,19.15,0.0,41.12,11.51
2025-09-30 05:00:00,2025,9,30,5,273,1,26,-18.1,11.0,0.0,0.0,56.19,43.2,Overcast / Moderate,25.12,-12.99,0.0,0.0
2025-09-30 06:00:00,2025,9,30,6,273,1,24,-17.8,16.3,50.5,3.3,80.0,37.91,High Wind Surge,43.52,-40.0,0.0,0.0
2025-09-30 07:00:00,2025,9,30,7,273,1,25,-17.8,13.6,103.1,6.65,80.0,49.43,Overcast / Moderate,60.65,-37.22,0.0,0.0
2025-09-30 08:00:00,2025,9,30,8,273,1,24,-18.4,8.4,156.5,10.1,17.28,48.04,Overcast / Moderate,49.42,20.66,0.0,0.0
2025-09-30 09:00:00,2025,9,30,9,273,1,25,-17.3,3.1,194.0,12.44,0.0,46.58,Overcast / Moderate,30.86,34.14,0.0,0.0
2025-09-30 10:00:00,2025,9,30,10,273,1,24,-16.9,1.3,315.2,20.85,0.0,46.31,Overcast / Moderate,19.06,21.73,15.0,4.2
2025-09-30 11:00:00,2025,9,30,11,273,1,23,-15.7,9.8,340.6,22.43,34.51,50.34,Overcast / Moderate,22.09,-6.6,0.0,0.0
2025-09-30 12:00:00,2025,9,30,12,273,1,25,-14.5,10.0,332.0,21.66,37.64,47.07,Overcast / Moderate,27.72,-12.23,0.0,0.0
2025-09-30 13:00:00,2025,9,30,13,273,1,22,-14.3,8.7,326.0,21.28,20.32,41.2,Overcast / Moderate,27.9,-0.4,0.0,0.0
2025-09-30 14:00:00,2025,9,30,14,273,1,23,-12.4,4.4,250.0,15.95,0.3,42.58,Overcast / Moderate,19.31,15.8,15.0,4.2
2025-09-30 15:00:00,2025,9,30,15,273,1,24,-12.9,7.6,232.1,14.96,10.68,45.96,Overcast / Moderate,19.31,0.0,21.69,6.07
2025-09-30 16:00:00,2025,9,30,16,273,1,25,-11.4,4.7,99.0,6.07,0.54,45.13,Overcast / Moderate,19.31,0.0,39.89,11.17
2025-09-30 17:00:00,2025,9,30,17,273,1,24,-11.8,5.9,91.0,5.72,2.68,38.41,Overcast / Moderate,19.31,0.0,31.38,8.79
2025-09-30 18:00:00,2025,9,30,18,273,1,23,-14.2,5.3,64.2,4.27,1.34,42.37,Overcast / Moderate,19.31,0.0,38.13,10.68
2025-09-30 19:00:00,2025,9,30,19,273,1,24,-14.7,11.5,0.0,0.0,67.39,41.51,Overcast / Moderate,31.22,-25.88,0.0,0.0
2025-09-30 20:00:00,2025,9,30,20,273,1,25,-15.5,4.0,0.0,0.0,0.11,46.89,Overcast / Moderate,19.02,22.44,24.34,6.82
2025-09-30 21:00:00,2025,9,30,21,273,1,25,-15.6,7.0,0.0,0.0,7.02,43.1,Overcast / Moderate,19.02,0.0,38.03,10.65
2025-09-30 22:00:00,2025,9,30,22,273,1,24,-15.5,5.1,0.0,0.0,1.02,45.63,Overcast / Moderate,19.02,0.0,46.56,13.04
2025-09-30 23:00:00,2025,9,30,23,273,1,26,-17.2,7.8,0.0,0.0,12.14,46.68,Overcast / Moderate,19.02,0.0,36.49,10.22
2025-10-01 00:00:00,2025,10,1,0,274,2,32,-16.3,6.9,0.0,0.0,6.51,43.43,Overcast / Moderate,19.02,0.0,38.87,10.88
2025-10-01 01:00:00,2025,10,1,1,274,2,30,-17.6,11.8,0.0,0.0,74.78,41.44,Overcast / Moderate,34.36,-33.34,0.0,0.0
2025-10-01 02:00:00,2025,10,1,2,274,2,31,-17.0,2.6,0.0,0.0,0.0,42.39,Overcast / Moderate,18.75,28.72,15.0,4.2
2025-10-01 03:00:00,2025,10,1,3,274,2,29,-17.3,3.9,0.0,0.0,0.08,45.29,Overcast / Moderate,18.75,0.0,47.71,13.36
2025-10-01 04:00:00,2025,10,1,4,274,2,31,-18.4,9.0,0.0,0.0,23.7,47.54,Overcast / Moderate,18.75,0.0,26.34,7.37
2025-10-01 05:00:00,2025,10,1,5,274,2,34,-17.6,5.2,0.0,0.0,1.17,45.36,Overcast / Moderate,18.75,0.0,46.69,13.07
2025-10-01 06:00:00,2025,10,1,6,274,2,33,-16.6,3.3,64.7,4.28,0.0,38.07,Overcast / Moderate,18.75,0.0,36.29,10.16
2025-10-01 07:00:00,2025,10,1,7,274,2,34,-14.8,6.3,141.0,9.28,3.94,49.59,Overcast / Moderate,18.75,0.0,38.87,10.88
2025-10-01 08:00:00,2025,10,1,8,274,2,31,-13.7,7.7,165.6,10.59,11.39,40.97,Overcast / Moderate,18.75,0.0,21.49,6.02
2025-10-01 09:00:00,2025,10,1,9,274,2,34,-12.7,1.7,257.0,16.69,0.0,41.01,Overcast / Moderate,18.75,0.0,26.82,7.51
2025-10-01 10:00:00,2025,10,1,10,274,2,31,-12.1,4.5,212.3,13.33,0.37,47.32,Overcast / Moderate,18.75,0.0,36.12,10.11
2025-10-01 11:00:00,2025,10,1,11,274,2,34,-11.8,9.5,343.1,22.34,30.14,42.67,Overcast / Moderate,23.26,-9.81,0.0,0.0
2025-10-01 12:00:00,2025,10,1,12,274,2,31,-11.9,6.5,221.6,13.82,4.71,45.3,Overcast / Moderate,19.72,6.53,20.24,5.67
2025-10-01 13:00:00,2025,10,1,13,274,2,33,-12.6,1.5,343.0,22.38,0.0,46.12,Overcast / Moderate,19.72,0.0,24.31,6.81
2025-10-01 14:00:00,2025,10,1,14,274,2,34,-13.8,4.4,276.0,17.82,0.3,45.12,Overcast / Moderate,19.72,0.0,27.57,7.72
2025-10-01 15:00:00,2025,10,1,15,274,2,31,-13.5,7.6,286.9,18.91,10.68,46.39,Overcast / Moderate,19.72,0.0,17.37,4.86
2025-10-01 16:00:00,2025,10,1,16,274,2,32,-13.6,3.7,229.2,15.17,0.04,44.92,Overcast / Moderate,19.72,0.0,30.28,8.48
2025-10-01 17:00:00,2025,10,1,17,274,2,34,-13.9,9.8,128.1,8.32,34.51,47.33,Overcast / Moderate,19.72,0.0,15.0,4.2
2025-10-01 18:00:00,2025,10,1,18,274,2,31,-13.0,7.9,57.0,3.69,12.91,44.53,Overcast / Moderate,19.72,0.0,28.5,7.98
2025-10-01 19:00:00,2025,10,1,19,274,2,29,-13.4,8.5,0.0,0.0,18.26,43.85,Overcast / Moderate,19.72,0.0,26.16,7.32
2025-10-01 20:00:00,2025,10,1,20,274,2,36,-15.1,16.4,0.0,0.0,80.0,47.16,High Wind Surge,34.82,-32.84,0.0,0.0
2025-10-01 21:00:00,2025,10,1,21,274,2,31,-16.8,12.5,0.0,0.0,80.0,46.1,Overcast / Moderate,50.42,-33.9,0.0,0.0
2025-10-01 22:00:00,2025,10,1,22,274,2,32,-18.0,13.4,0.0,0.0,80.0,47.46,Overcast / Moderate,65.38,-32.54,0.0,0.0
2025-10-01 23:00:00,2025,10,1,23,274,2,34,-17.9,19.1,0.0,0.0,80.0,44.55,High Wind Surge,81.69,-35.45,0.0,0.0
2025-10-02 00:00:00,2025,10,2,0,275,3,30,-19.6,20.1,0.0,0.0,80.0,43.27,High Wind Surge,93.94,-26.62,0.0,0.0
2025-10-02 01:00:00,2025,10,2,1,275,3,29,-19.3,19.6,0.0,0.0,80.0,44.64,High Wind Surge,94.91,-2.13,0.0,0.0
2025-10-02 02:00:00,2025,10,2,2,275,3,32,-17.8,21.0,0.0,0.0,80.0,43.86,High Wind Surge,94.99,-0.17,0.0,0.0
2025-10-02 03:00:00,2025,10,2,3,275,3,28,-17.7,22.4,0.0,0.0,80.0,43.26,Blizzard / Extreme Storm,95.0,-0.01,0.0,0.0
2025-10-02 04:00:00,2025,10,2,4,275,3,31,-16.3,22.1,0.0,0.0,80.0,45.62,Blizzard / Extreme Storm,95.0,-0.0,0.0,0.0
2025-10-02 05:00:00,2025,10,2,5,275,3,32,-15.5,26.3,0.0,0.0,0.0,41.88,Blizzard / Extreme Storm,72.24,41.88,0.0,0.0
2025-10-02 06:00:00,2025,10,2,6,275,3,31,-15.3,25.6,26.9,1.65,0.0,42.14,Blizzard / Extreme Storm,50.23,40.49,0.0,0.0
2025-10-02 07:00:00,2025,10,2,7,275,3,28,-14.3,23.4,57.8,3.53,80.0,47.04,Blizzard / Extreme Storm,67.02,-36.49,0.0,0.0
2025-10-02 08:00:00,2025,10,2,8,275,3,35,-14.6,22.4,141.0,8.9,80.0,49.19,Blizzard / Extreme Storm,85.29,-39.71,0.0,0.0
2025-10-02 09:00:00,2025,10,2,9,275,3,32,-13.1,21.1,94.7,5.73,80.0,44.2,High Wind Surge,94.22,-19.43,0.0,0.0
2025-10-02 10:00:00,2025,10,2,10,275,3,34,-13.9,19.2,162.9,10.07,80.0,49.63,High Wind Surge,94.94,-1.55,0.0,0.0
2025-10-02 11:00:00,2025,10,2,11,275,3,31,-15.2,15.5,360.3,23.76,80.0,49.42,High Wind Surge,95.0,-0.12,0.0,0.0
2025-10-02 12:00:00,2025,10,2,12,275,3,30,-14.6,15.7,369.7,24.34,80.0,48.45,High Wind Surge,95.0,-0.01,0.0,0.0
2025-10-02 13:00:00,2025,10,2,13,275,3,32,-15.2,14.1,335.4,21.94,80.0,48.25,High Wind Surge,95.0,-0.0,0.0,0.0
2025-10-02 14:00:00,2025,10,2,14,275,3,31,-15.0,13.9,291.9,18.98,80.0,46.56,Overcast / Moderate,95.0,-0.0,0.0,0.0
2025-10-02 15:00:00,2025,10,2,15,275,3,29,-15.5,13.9,226.2,14.58,80.0,43.99,Overcast / Moderate,95.0,-0.0,0.0,0.0
2025-10-02 16:00:00,2025,10,2,16,275,3,34,-14.2,7.9,212.3,13.91,12.91,43.98,Overcast / Moderate,85.67,17.16,0.0,0.0
2025-10-02 17:00:00,2025,10,2,17,275,3,30,-13.6,12.4,144.8,9.49,80.0,45.39,Overcast / Moderate,94.25,-18.65,0.0,0.0
2025-10-02 18:00:00,2025,10,2,18,275,3,28,-14.2,9.8,72.5,4.79,34.51,45.39,Overcast / Moderate,90.94,6.09,0.0,0.0
2025-10-02 19:00:00,2025,10,2,19,275,3,34,-14.3,14.8,0.0,0.0,80.0,46.86,High Wind Surge,94.68,-8.11,0.0,0.0
2025-10-02 20:00:00,2025,10,2,20,275,3,30,-14.9,10.7,0.0,0.0,50.1,46.3,Overcast / Moderate,94.97,-0.65,0.0,0.0
2025-10-02 21:00:00,2025,10,2,21,275,3,30,-15.9,7.4,0.0,0.0,9.35,50.73,Overcast / Moderate,72.48,41.38,0.0,0.0
2025-10-02 22:00:00,2025,10,2,22,275,3,28,-17.9,7.2,0.0,0.0,8.13,48.47,Overcast / Moderate,50.56,40.34,0.0,0.0
2025-10-02 23:00:00,2025,10,2,23,275,3,35,-18.2,2.9,0.0,0.0,0.0,43.35,Overcast / Moderate,27.0,43.35,0.0,0.0
2025-10-03 00:00:00,2025,10,3,0,276,4,29,-18.6,8.4,0.0,0.0,17.28,45.86,Overcast / Moderate,19.39,14.0,15.0,4.2
2025-10-03 01:00:00,2025,10,3,1,276,4,32,-18.3,7.2,0.0,0.0,8.13,45.68,Overcast / Moderate,19.39,0.0,38.77,10.85
2025-10-03 02:00:00,2025,10,3,2,276,4,33,-19.1,6.4,0.0,0.0,4.31,48.05,Overcast / Moderate,19.39,0.0,44.96,12.59
2025-10-03 03:00:00,2025,10,3,3,276,4,32,-19.0,8.1,0.0,0.0,14.56,50.41,Overcast / Moderate,19.39,0.0,37.07,10.38
2025-10-03 04:00:00,2025,10,3,4,276,4,31,-17.0,5.8,0.0,0.0,2.41,49.83,Overcast / Moderate,19.39,0.0,48.64,13.62
2025-10-03 05:00:00,2025,10,3,5,276,4,28,-17.5,6.5,0.0,0.0,4.71,45.9,Overcast / Moderate,19.39,0.0,42.41,11.87
2025-10-03 06:00:00,2025,10,3,6,276,4,30,-17.0,5.4,75.2,4.98,1.52,44.25,Overcast / Moderate,19.39,0.0,38.97,10.91
2025-10-03 07:00:00,2025,10,3,7,276,4,32,-17.8,8.4,127.8,8.32,17.28,48.54,Overcast / Moderate,19.39,0.0,24.16,6.76
2025-10-03 08:00:00,2025,10,3,8,276,4,30,-17.3,10.7,212.7,14.01,50.1,54.59,Overcast / Moderate,23.77,-9.52,0.0,0.0
2025-10-03 09:00:00,2025,10,3,9,276,4,32,-15.5,10.0,221.7,14.24,37.64,45.8,Overcast / Moderate,26.57,-6.08,0.0,0.0
2025-10-03 10:00:00,2025,10,3,10,276,4,33,-15.8,9.2,313.0,20.52,26.15,50.35,Overcast / Moderate,24.57,3.68,0.0,0.0
2025-10-03 11:00:00,2025,10,3,11,276,4,33,-14.6,1.0,392.4,26.06,0.0,46.73,Overcast / Moderate,19.6,9.13,15.0,4.2
2025-10-03 12:00:00,2025,10,3,12,276,4,29,-15.0,11.4,334.0,21.73,65.04,42.96,Overcast / Moderate,38.0,-40.0,0.0,0.0
2025-10-03 13:00:00,2025,10,3,13,276,4,36,-13.6,4.4,356.7,23.36,0.3,51.97,Overcast / Moderate,22.62,28.31,0.0,0.0
2025-10-03 14:00:00,2025,10,3,14,276,4,33,-11.9,10.9,349.1,22.93,54.11,41.01,Overcast / Moderate,39.19,-36.03,0.0,0.0
2025-10-03 15:00:00,2025,10,3,15,276,4,31,-12.0,3.6,250.0,16.1,0.02,39.37,Overcast / Moderate,26.55,23.25,0.0,0.0
2025-10-03 16:00:00,2025,10,3,16,276,4,34,-11.7,5.8,185.4,11.86,2.41,47.31,Overcast / Moderate,19.43,13.11,19.93,5.58
2025-10-03 17:00:00,2025,10,3,17,276,4,36,-12.6,8.8,149.0,9.73,21.41,46.17,Overcast / Moderate,19.43,0.0,16.17,4.53
2025-10-03 18:00:00,2025,10,3,18,276,4,29,-11.7,7.6,76.3,4.99,10.68,44.91,Overcast / Moderate,19.43,0.0,30.38,8.51
2025-10-03 19:00:00,2025,10,3,19,276,4,31,-11.9,5.6,0.0,0.0,1.93,44.65,Overcast / Moderate,19.43,0.0,43.86,12.28
2025-10-03 20:00:00,2025,10,3,20,276,4,27,-14.2,8.0,0.0,0.0,13.72,46.51,Overcast / Moderate,19.43,0.0,33.93,9.5
2025-10-03 21:00:00,2025,10,3,21,276,4,32,-16.1,6.7,0.0,0.0,5.56,47.43,Overcast / Moderate,19.43,0.0,43.01,12.04
2025-10-03 22:00:00,2025,10,3,22,276,4,32,-16.6,4.4,0.0,0.0,0.3,46.53,Overcast / Moderate,19.43,0.0,47.37,13.26
2025-10-03 23:00:00,2025,10,3,23,276,4,31,-16.0,7.6,0.0,0.0,10.68,45.94,Overcast / Moderate,19.43,0.0,36.4,10.19
2025-10-04 00:00:00,2025,10,4,0,277,5,30,-17.6,3.7,0.0,0.0,0.04,48.47,Overcast / Moderate,19.43,0.0,49.57,13.88
2025-10-04 01:00:00,2025,10,4,1,277,5,27,-18.0,8.1,0.0,0.0,14.56,47.42,Overcast / Moderate,19.43,0.0,34.0,9.52
2025-10-04 02:00:00,2025,10,4,2,277,5,32,-17.2,0.5,0.0,0.0,0.0,44.46,Overcast / Moderate,19.43,0.0,45.6,12.77
2025-10-04 03:00:00,2025,10,4,3,277,5,34,-16.3,6.7,0.0,0.0,5.56,46.22,Overcast / Moderate,19.43,0.0,41.8,11.7
2025-10-04 04:00:00,2025,10,4,4,277,5,30,-17.2,5.5,0.0,0.0,1.71,45.34,Overcast / Moderate,19.43,0.0,44.77,12.54
2025-10-04 05:00:00,2025,10,4,5,277,5,32,-17.2,4.6,0.0,0.0,0.45,45.78,Overcast / Moderate,19.43,0.0,46.47,13.01
2025-10-04 06:00:00,2025,10,4,6,277,5,28,-15.5,6.4,60.4,3.87,4.31,39.29,Overcast / Moderate,19.43,0.0,32.25,9.03
2025-10-04 07:00:00,2025,10,4,7,277,5,32,-15.8,7.6,138.1,8.99,10.68,49.83,Overcast / Moderate,19.43,0.0,31.3,8.76
2025-10-04 08:00:00,2025,10,4,8,277,5,31,-15.3,13.4,265.1,17.79,80.0,48.74,Overcast / Moderate,37.83,-40.0,0.0,0.0
2025-10-04 09:00:00,2025,10,4,9,277,5,30,-15.6,9.9,249.3,16.17,36.05,51.65,Overcast / Moderate,38.09,-0.57,0.0,0.0
2025-10-04 10:00:00,2025,10,4,10,277,5,30,-13.6,8.4,263.1,16.82,17.28,48.51,Overcast / Moderate,30.26,14.41,0.0,0.0
2025-10-04 11:00:00,2025,10,4,11,277,5,31,-13.5,6.1,404.2,26.82,3.27,46.25,Clear Solar Day,21.48,16.16,0.0,0.0
2025-10-04 12:00:00,2025,10,4,12,277,5,32,-14.0,5.4,213.5,13.32,1.52,46.34,Overcast / Moderate,19.87,2.96,28.54,7.99
2025-10-04 13:00:00,2025,10,4,13,277,5,29,-13.8,1.5,223.5,14.01,0.0,42.89,Overcast / Moderate,19.87,0.0,29.14,8.16
2025-10-04 14:00:00,2025,10,4,14,277,5,31,-13.5,5.1,263.7,16.86,1.02,50.42,Overcast / Moderate,19.87,0.0,32.8,9.18
2025-10-04 15:00:00,2025,10,4,15,277,5,31,-12.5,10.1,315.1,20.81,39.28,42.46,Overcast / Moderate,27.98,-17.63,0.0,0.0
2025-10-04 16:00:00,2025,10,4,16,277,5,29,-14.2,5.3,236.7,15.61,1.34,41.03,Overcast / Moderate,19.31,15.96,15.0,4.2
2025-10-04 17:00:00,2025,10,4,17,277,5,35,-13.2,6.0,161.8,10.64,2.96,49.28,Overcast / Moderate,19.31,0.0,37.07,10.38
2025-10-04 18:00:00,2025,10,4,18,277,5,30,-12.8,4.3,83.2,5.47,0.24,45.22,Overcast / Moderate,19.31,0.0,40.9,11.45
2025-10-04 19:00:00,2025,10,4,19,277,5,30,-12.5,4.4,0.0,0.0,0.3,45.44,Overcast / Moderate,19.31,0.0,46.53,13.03
2025-10-04 20:00:00,2025,10,4,20,277,5,30,-13.2,2.0,0.0,0.0,0.0,45.77,Overcast / Moderate,19.31,0.0,47.16,13.2
2025-10-04 21:00:00,2025,10,4,21,277,5,35,-14.2,7.3,0.0,0.0,8.73,45.14,Overcast / Moderate,19.31,0.0,37.8,10.58
2025-10-04 22:00:00,2025,10,4,22,277,5,33,-14.1,5.9,0.0,0.0,2.68,43.54,Overcast / Moderate,19.31,0.0,42.25,11.83
2025-10-04 23:00:00,2025,10,4,23,277,5,30,-15.2,7.3,0.0,0.0,8.73,41.99,Overcast / Moderate,19.31,0.0,34.65,9.7
2025-10-05 00:00:00,2025,10,5,0,278,6,34,-16.0,6.7,0.0,0.0,5.56,43.1,Overcast / Moderate,19.31,0.0,38.93,10.9
2025-10-05 01:00:00,2025,10,5,1,278,6,32,-16.2,9.4,0.0,0.0,28.77,47.53,Overcast / Moderate,19.31,0.0,20.15,5.64
2025-10-05 02:00:00,2025,10,5,2,278,6,32,-16.8,8.8,0.0,0.0,21.41,46.4,Overcast / Moderate,19.31,0.0,26.38,7.39
2025-10-05 03:00:00,2025,10,5,3,278,6,31,-16.9,9.0,0.0,0.0,23.7,38.54,Overcast / Moderate,19.31,0.0,16.23,4.54
2025-10-05 04:00:00,2025,10,5,4,278,6,30,-17.2,6.3,0.0,0.0,3.94,44.84,Overcast / Moderate,19.31,0.0,42.29,11.84
2025-10-05 05:00:00,2025,10,5,5,278,6,32,-17.0,5.1,0.0,0.0,1.02,47.24,Overcast / Moderate,19.31,0.0,47.61,13.33
2025-10-05 06:00:00,2025,10,5,6,278,6,30,-17.2,12.1,70.8,4.6,80.0,41.19,Overcast / Moderate,37.71,-40.0,0.0,0.0
2025-10-05 07:00:00,2025,10,5,7,278,6,35,-17.4,1.9,153.3,10.09,0.0,48.02,Overcast / Moderate,18.46,35.41,15.0,4.2
2025-10-05 08:00:00,2025,10,5,8,278,6,29,-16.8,3.2,268.2,18.04,0.0,50.15,Overcast / Moderate,18.46,0.0,35.19,9.85
2025-10-05 09:00:00,2025,10,5,9,278,6,35,-16.5,5.6,275.4,18.06,1.93,48.37,Overcast / Moderate,18.46,0.0,31.46,8.81
2025-10-05 10:00:00,2025,10,5,10,278,6,31,-15.1,7.3,384.8,25.7,8.73,42.13,Overcast / Moderate,18.46,0.0,15.0,4.2
2025-10-05 11:00:00,2025,10,5,11,278,6,32,-15.4,0.8,348.6,22.81,0.0,50.64,Overcast / Moderate,18.46,0.0,30.91,8.65
2025-10-05 12:00:00,2025,10,5,12,278,6,33,-13.6,8.4,375.6,24.59,17.28,46.2,Overcast / Moderate,18.46,0.0,15.0,4.2
2025-10-05 13:00:00,2025,10,5,13,278,6,30,-13.5,6.8,317.9,20.5,6.02,46.46,Overcast / Moderate,18.46,0.0,23.02,6.45
2025-10-05 14:00:00,2025,10,5,14,278,6,33,-12.9,6.2,365.3,24.1,3.6,45.99,Overcast / Moderate,18.46,0.0,21.37,5.98
2025-10-05 15:00:00,2025,10,5,15,278,6,26,-13.0,5.6,276.9,18.0,1.93,46.57,Overcast / Moderate,18.46,0.0,29.72,8.32
2025-10-05 16:00:00,2025,10,5,16,278,6,30,-13.1,6.5,266.1,17.71,4.71,42.48,Overcast / Moderate,18.46,0.0,23.14,6.48
2025-10-05 17:00:00,2025,10,5,17,278,6,30,-13.1,3.3,162.7,10.66,0.0,46.89,Overcast / Moderate,18.46,0.0,39.31,11.01
2025-10-05 18:00:00,2025,10,5,18,278,6,29,-14.3,2.7,64.9,4.15,0.0,49.08,Overcast / Moderate,18.46,0.0,48.01,13.44
2025-10-05 19:00:00,2025,10,5,19,278,6,31,-13.6,4.5,0.0,0.0,0.37,42.57,Overcast / Moderate,18.46,0.0,45.28,12.68
2025-10-05 20:00:00,2025,10,5,20,278,6,32,-14.6,8.3,0.0,0.0,16.34,45.19,Overcast / Moderate,18.46,0.0,31.93,8.94
2025-10-05 21:00:00,2025,10,5,21,278,6,33,-14.3,7.1,0.0,0.0,7.56,51.28,Overcast / Moderate,18.46,0.0,46.8,13.1
2025-10-05 22:00:00,2025,10,5,22,278,6,32,-15.7,6.1,0.0,0.0,3.27,46.3,Overcast / Moderate,18.46,0.0,46.11,12.91
2025-10-05 23:00:00,2025,10,5,23,278,6,30,-16.2,6.9,0.0,0.0,6.51,41.5,Overcast / Moderate,18.46,0.0,38.07,10.66
2025-10-06 00:00:00,2025,10,6,0,279,0,32,-17.3,6.8,0.0,0.0,6.02,41.77,Overcast / Moderate,18.46,0.0,38.83,10.87
2025-10-06 01:00:00,2025,10,6,1,279,0,32,-18.9,4.7,0.0,0.0,0.54,46.71,Overcast / Moderate,18.46,0.0,49.25,13.79
2025-10-06 02:00:00,2025,10,6,2,279,0,33,-18.9,2.5,0.0,0.0,0.0,47.04,Overcast / Moderate,18.46,0.0,50.12,14.03
2025-10-06 03:00:00,2025,10,6,3,279,0,33,-18.4,11.1,0.0,0.0,58.32,45.69,Overcast / Moderate,24.27,-12.63,0.0,0.0
2025-10-06 04:00:00,2025,10,6,4,279,0,32,-17.8,7.2,0.0,0.0,8.13,51.01,Overcast / Moderate,19.63,8.54,34.34,9.62
2025-10-06 05:00:00,2025,10,6,5,279,0,30,-16.8,8.2,0.0,0.0,15.43,45.62,Overcast / Moderate,19.63,0.0,30.93,8.66
2025-10-06 06:00:00,2025,10,6,6,279,0,30,-15.7,6.0,100.3,6.7,2.96,41.07,Overcast / Moderate,19.63,0.0,32.15,9.0
2025-10-06 07:00:00,2025,10,6,7,279,0,30,-15.1,8.8,146.3,9.49,21.41,49.37,Overcast / Moderate,19.63,0.0,19.21,5.38
2025-10-06 08:00:00,2025,10,6,8,279,0,31,-13.6,7.1,222.6,14.48,7.56,46.09,Overcast / Moderate,19.63,0.0,24.79,6.94
2025-10-06 09:00:00,2025,10,6,9,279,0,32,-13.9,1.9,289.9,18.95,0.0,44.83,Overcast / Moderate,19.63,0.0,26.62,7.45
2025-10-06 10:00:00,2025,10,6,10,279,0,33,-13.7,10.9,369.6,24.43,54.11,48.97,Overcast / Moderate,33.23,-29.57,0.0,0.0
2025-10-06 11:00:00,2025,10,6,11,279,0,31,-13.8,4.6,323.6,20.89,0.45,49.79,Overcast / Moderate,18.85,26.46,15.0,4.2
2025-10-06 12:00:00,2025,10,6,12,279,0,32,-13.6,3.0,355.0,23.06,0.0,46.83,Overcast / Moderate,18.85,0.0,26.07,7.3
2025-10-06 13:00:00,2025,10,6,13,279,0,32,-14.1,2.4,380.9,25.05,0.0,44.23,Overcast / Moderate,18.85,0.0,21.48,6.01
2025-10-06 14:00:00,2025,10,6,14,279,0,30,-14.2,8.4,216.5,13.6,17.28,46.33,Overcast / Moderate,18.85,0.0,17.75,4.97
2025-10-06 15:00:00,2025,10,6,15,279,0,30,-13.7,8.2,302.5,19.86,15.43,43.28,Overcast / Moderate,18.85,0.0,15.0,4.2
2025-10-06 16:00:00,2025,10,6,16,279,0,28,-12.2,8.2,157.3,9.87,15.43,44.42,Overcast / Moderate,18.85,0.0,21.42,6.0
2025-10-06 17:00:00,2025,10,6,17,279,0,30,-12.4,11.5,127.5,8.11,67.39,46.59,Overcast / Moderate,32.15,-28.91,0.0,0.0
2025-10-06 18:00:00,2025,10,6,18,279,0,32,-12.7,5.0,96.3,6.35,0.88,40.68,Overcast / Moderate,18.94,24.3,15.0,4.2
2025-10-06 19:00:00,2025,10,6,19,279,0,30,-11.4,6.8,0.0,0.0,6.02,45.74,Overcast / Moderate,18.94,0.0,41.83,11.71
2025-10-06 20:00:00,2025,10,6,20,279,0,31,-12.0,7.4,0.0,0.0,9.35,43.81,Overcast / Moderate,18.94,0.0,36.57,10.24
2025-10-06 21:00:00,2025,10,6,21,279,0,32,-12.3,14.3,0.0,0.0,80.0,43.91,High Wind Surge,35.55,-36.09,0.0,0.0
2025-10-06 22:00:00,2025,10,6,22,279,0,33,-14.0,4.7,0.0,0.0,0.54,39.22,Overcast / Moderate,18.65,31.09,15.0,4.2
2025-10-06 23:00:00,2025,10,6,23,279,0,29,-14.9,12.9,0.0,0.0,80.0,39.68,Overcast / Moderate,37.05,-40.0,0.0,0.0
2025-10-07 00:00:00,2025,10,7,0,280,1,33,-15.8,3.1,0.0,0.0,0.0,48.3,Overcast / Moderate,18.52,34.1,15.0,4.2
2025-10-07 01:00:00,2025,10,7,1,280,1,34,-16.4,8.9,0.0,0.0,22.54,46.68,Overcast / Moderate,18.52,0.0,27.1,7.59
2025-10-07 02:00:00,2025,10,7,2,280,1,29,-18.1,7.5,0.0,0.0,10.0,48.0,Overcast / Moderate,18.52,0.0,40.96,11.47
2025-10-07 03:00:00,2025,10,7,3,280,1,30,-18.8,9.6,0.0,0.0,31.55,43.36,Overcast / Moderate,18.52,0.0,15.0,4.2
2025-10-07 04:00:00,2025,10,7,4,280,1,34,-18.4,1.4,0.0,0.0,0.0,50.55,Overcast / Moderate,18.52,0.0,53.51,14.98
2025-10-07 05:00:00,2025,10,7,5,280,1,31,-17.9,2.3,0.0,0.0,0.0,44.87,Overcast / Moderate,18.52,0.0,47.83,13.39
2025-10-07 06:00:00,2025,10,7,6,280,1,27,-17.1,2.1,89.4,5.87,0.0,41.61,Overcast / Moderate,18.52,0.0,38.7,10.84
2025-10-07 07:00:00,2025,10,7,7,280,1,29,-16.1,7.1,164.7,10.82,7.56,44.43,Overcast / Moderate,18.52,0.0,29.01,8.12
2025-10-07 08:00:00,2025,10,7,8,280,1,31,-14.1,7.2,229.8,14.99,8.13,43.7,Overcast / Moderate,18.52,0.0,23.54,6.59
2025-10-07 09:00:00,2025,10,7,9,280,1,29,-14.4,11.3,277.2,18.03,62.75,43.99,Overcast / Moderate,35.44,-36.79,0.0,0.0
2025-10-07 10:00:00,2025,10,7,10,280,1,31,-14.5,6.0,402.7,26.91,2.96,44.39,Clear Solar Day,27.55,14.52,0.0,0.0
2025-10-07 11:00:00,2025,10,7,11,280,1,32,-14.8,2.1,320.7,20.71,0.0,49.45,Overcast / Moderate,19.34,15.1,15.0,4.2
2025-10-07 12:00:00,2025,10,7,12,280,1,34,-14.0,3.8,434.9,28.91,0.06,53.79,Clear Solar Day,19.34,0.0,26.13,7.32
2025-10-07 13:00:00,2025,10,7,13,280,1,31,-15.1,0.8,265.5,16.87,0.0,46.45,Overcast / Moderate,19.34,0.0,30.89,8.65
2025-10-07 14:00:00,2025,10,7,14,280,1,34,-14.7,9.1,296.8,19.17,24.91,47.24,Overcast / Moderate,19.34,0.0,15.0,4.2
2025-10-07 15:00:00,2025,10,7,15,280,1,34,-13.4,9.6,260.5,16.79,31.55,42.19,Overcast / Moderate,22.17,-6.15,0.0,0.0
2025-10-07 16:00:00,2025,10,7,16,280,1,34,-13.5,17.9,236.5,15.45,80.0,44.6,High Wind Surge,40.57,-40.0,0.0,0.0
2025-10-07 17:00:00,2025,10,7,17,280,1,32,-13.3,5.6,173.0,11.34,1.93,42.02,Overcast / Moderate,24.95,28.75,0.0,0.0
2025-10-07 18:00:00,2025,10,7,18,280,1,28,-13.9,1.1,87.2,5.66,0.0,47.17,Overcast / Moderate,19.57,9.9,31.61,8.85
2025-10-07 19:00:00,2025,10,7,19,280,1,32,-13.2,4.0,0.0,0.0,0.11,50.83,Overcast / Moderate,19.57,0.0,51.58,14.44
2025-10-07 20:00:00,2025,10,7,20,280,1,34,-13.4,7.1,0.0,0.0,7.56,44.13,Overcast / Moderate,19.57,0.0,37.43,10.48
2025-10-07 21:00:00,2025,10,7,21,280,1,31,-15.7,13.2,0.0,0.0,80.0,47.01,Overcast / Moderate,34.75,-32.99,0.0,0.0
2025-10-07 22:00:00,2025,10,7,22,280,1,35,-16.0,2.6,0.0,0.0,0.0,43.85,Overcast / Moderate,18.72,29.49,15.0,4.2
2025-10-07 23:00:00,2025,10,7,23,280,1,33,-16.7,2.8,0.0,0.0,0.0,46.27,Overcast / Moderate,18.72,0.0,48.83,13.67
2025-10-08 00:00:00,2025,10,8,0,281,2,33,-18.1,8.2,0.0,0.0,15.43,45.88,Overcast / Moderate,18.72,0.0,33.01,9.24
2025-10-08 01:00:00,2025,10,8,1,281,2,34,-19.3,7.8,0.0,0.0,12.14,52.01,Overcast / Moderate,18.72,0.0,42.43,11.88
2025-10-08 02:00:00,2025,10,8,2,281,2,32,-20.4,4.1,0.0,0.0,0.15,45.25,Overcast / Moderate,18.72,0.0,47.66,13.35
2025-10-08 03:00:00,2025,10,8,3,281,2,27,-19.7,9.6,0.0,0.0,31.55,47.78,Overcast / Moderate,18.72,0.0,18.79,5.26
2025-10-08 04:00:00,2025,10,8,4,281,2,31,-20.4,2.9,0.0,0.0,0.0,45.43,Overcast / Moderate,18.72,0.0,47.99,13.44
2025-10-08 05:00:00,2025,10,8,5,281,2,34,-18.5,11.8,0.0,0.0,74.78,42.12,Overcast / Moderate,33.74,-32.66,0.0,0.0
2025-10-08 06:00:00,2025,10,8,6,281,2,30,-17.2,3.7,53.3,3.34,0.04,47.87,Overcast / Moderate,18.81,27.48,17.01,4.76
2025-10-08 07:00:00,2025,10,8,7,281,2,31,-16.4,2.3,121.4,7.73,0.0,52.73,Overcast / Moderate,18.81,0.0,47.39,13.27
2025-10-08 08:00:00,2025,10,8,8,281,2,29,-16.8,4.9,235.5,15.48,0.75,48.68,Overcast / Moderate,18.81,0.0,34.84,9.76
2025-10-08 09:00:00,2025,10,8,9,281,2,35,-15.9,3.6,335.5,22.35,0.02,47.48,Overcast / Moderate,18.81,0.0,27.5,7.7
2025-10-08 10:00:00,2025,10,8,10,281,2,35,-14.5,6.5,338.6,22.13,4.71,45.16,Overcast / Moderate,18.81,0.0,20.71,5.8
2025-10-08 11:00:00,2025,10,8,11,281,2,30,-16.7,8.1,390.4,25.84,14.56,49.33,Overcast / Moderate,18.81,0.0,15.0,4.2
2025-10-08 12:00:00,2025,10,8,12,281,2,32,-17.0,6.2,355.4,23.24,3.6,43.53,Overcast / Moderate,18.81,0.0,19.08,5.34
2025-10-08 13:00:00,2025,10,8,13,281,2,30,-16.2,7.8,386.8,25.54,12.14,49.73,Overcast / Moderate,18.81,0.0,15.0,4.2
2025-10-08 14:00:00,2025,10,8,14,281,2,33,-14.1,5.1,371.5,24.51,1.02,45.97,Overcast / Moderate,18.81,0.0,22.83,6.39
2025-10-08 15:00:00,2025,10,8,15,281,2,33,-13.9,1.4,265.1,17.11,0.0,45.77,Overcast / Moderate,18.81,0.0,31.05,8.69
2025-10-08 16:00:00,2025,10,8,16,281,2,33,-13.2,13.9,210.3,13.53,80.0,43.66,Overcast / Moderate,37.21,-40.0,0.0,0.0
2025-10-08 17:00:00,2025,10,8,17,281,2,32,-12.3,9.7,185.4,12.18,33.01,41.73,Overcast / Moderate,38.8,-3.46,0.0,0.0
2025-10-08 18:00:00,2025,10,8,18,281,2,37,-12.0,2.2,88.4,5.69,0.0,46.68,Overcast / Moderate,18.37,37.59,15.0,4.2
2025-10-08 19:00:00,2025,10,8,19,281,2,29,-12.3,5.9,0.0,0.0,2.68,44.77,Overcast / Moderate,18.37,0.0,45.36,12.7
2025-10-08 20:00:00,2025,10,8,20,281,2,28,-13.0,7.5,0.0,0.0,10.0,44.23,Overcast / Moderate,18.37,0.0,37.5,10.5
2025-10-08 21:00:00,2025,10,8,21,281,2,31,-13.0,3.6,0.0,0.0,0.02,48.23,Overcast / Moderate,18.37,0.0,51.48,14.41
2025-10-08 22:00:00,2025,10,8,22,281,2,28,-14.9,7.0,0.0,0.0,7.02,42.3,Overcast / Moderate,18.37,0.0,38.55,10.79
2025-10-08 23:00:00,2025,10,8,23,281,2,29,-15.4,6.6,0.0,0.0,5.12,44.53,Overcast / Moderate,18.37,0.0,42.68,11.95
2025-10-09 00:00:00,2025,10,9,0,282,3,29,-15.8,3.8,0.0,0.0,0.06,39.36,Overcast / Moderate,18.37,0.0,42.57,11.92
2025-10-09 01:00:00,2025,10,9,1,282,3,30,-17.0,3.1,0.0,0.0,0.0,43.05,Overcast / Moderate,18.37,0.0,46.32,12.97
2025-10-09 02:00:00,2025,10,9,2,282,3,30,-18.1,8.9,0.0,0.0,22.54,48.68,Overcast / Moderate,18.37,0.0,29.41,8.23
2025-10-09 03:00:00,2025,10,9,3,282,3,33,-18.6,4.8,0.0,0.0,0.64,48.42,Overcast / Moderate,18.37,0.0,51.05,14.29
2025-10-09 04:00:00,2025,10,9,4,282,3,30,-17.4,4.1,0.0,0.0,0.15,45.28,Overcast / Moderate,18.37,0.0,48.4,13.55
2025-10-09 05:00:00,2025,10,9,5,282,3,31,-16.2,8.6,28.6,1.88,19.27,42.82,Overcast / Moderate,18.37,0.0,24.94,6.98
2025-10-09 06:00:00,2025,10,9,6,282,3,33,-16.2,8.6,93.0,6.05,19.27,41.85,Overcast / Moderate,18.37,0.0,19.8,5.54
2025-10-09 07:00:00,2025,10,9,7,282,3,30,-16.5,4.4,207.5,13.93,0.3,46.45,Overcast / Moderate,18.37,0.0,35.49,9.94
2025-10-09 08:00:00,2025,10,9,8,282,3,31,-16.0,10.6,200.8,12.93,48.17,49.34,Overcast / Moderate,23.78,-11.76,0.0,0.0
2025-10-09 09:00:00,2025,10,9,9,282,3,32,-14.8,8.1,343.4,22.82,14.56,42.24,Overcast / Moderate,21.13,4.86,0.0,0.0
2025-10-09 10:00:00,2025,10,9,10,282,3,28,-15.1,5.0,321.8,20.92,0.88,50.52,Overcast / Moderate,19.9,2.27,26.45,7.41
2025-10-09 11:00:00,2025,10,9,11,282,3,27,-15.1,5.7,386.8,25.43,2.16,48.78,Overcast / Moderate,19.9,0.0,21.39,5.99
2025-10-09 12:00:00,2025,10,9,12,282,3,32,-14.0,8.5,424.8,28.07,18.26,49.63,Clear Solar Day,19.9,0.0,15.0,4.2
2025-10-09 13:00:00,2025,10,9,13,282,3,32,-12.6,3.8,388.2,25.36,0.06,47.08,Overcast / Moderate,19.9,0.0,21.86,6.12
2025-10-09 14:00:00,2025,10,9,14,282,3,36,-12.5,6.0,423.0,28.19,2.96,47.12,Clear Solar Day,19.9,0.0,16.17,4.53
2025-10-09 15:00:00,2025,10,9,15,282,3,32,-14.0,7.7,335.0,22.15,11.39,47.54,Overcast / Moderate,19.9,0.0,15.0,4.2
2025-10-09 16:00:00,2025,10,9,16,282,3,33,-15.1,6.6,252.0,16.58,5.12,46.85,Overcast / Moderate,19.9,0.0,25.35,7.1
2025-10-09 17:00:00,2025,10,9,17,282,3,31,-16.3,7.3,182.7,12.07,8.73,53.27,Overcast / Moderate,19.9,0.0,32.67,9.15
2025-10-09 18:00:00,2025,10,9,18,282,3,32,-17.2,6.7,110.4,7.34,5.56,48.65,Overcast / Moderate,19.9,0.0,35.95,10.07
2025-10-09 19:00:00,2025,10,9,19,282,3,35,-17.1,3.7,29.5,1.95,0.04,48.77,Overcast / Moderate,19.9,0.0,46.98,13.15
2025-10-09 20:00:00,2025,10,9,20,282,3,27,-17.7,5.5,0.0,0.0,1.71,46.97,Overcast / Moderate,19.9,0.0,45.46,12.73
2025-10-09 21:00:00,2025,10,9,21,282,3,32,-18.0,6.6,0.0,0.0,5.12,47.79,Overcast / Moderate,19.9,0.0,42.87,12.0
2025-10-09 22:00:00,2025,10,9,22,282,3,36,-17.8,9.1,0.0,0.0,24.91,48.05,Overcast / Moderate,19.9,0.0,23.34,6.53
2025-10-09 23:00:00,2025,10,9,23,282,3,32,-17.4,7.7,0.0,0.0,11.39,43.58,Overcast / Moderate,19.9,0.0,32.39,9.07
2025-10-10 00:00:00,2025,10,10,0,283,4,35,-16.9,5.7,0.0,0.0,2.16,44.83,Overcast / Moderate,19.9,0.0,42.87,12.0
2025-10-10 01:00:00,2025,10,10,1,283,4,30,-17.4,13.9,0.0,0.0,80.0,47.79,Overcast / Moderate,34.72,-32.21,0.0,0.0
2025-10-10 02:00:00,2025,10,10,2,283,4,31,-17.3,2.7,0.0,0.0,0.0,47.27,Overcast / Moderate,18.72,29.44,17.83,4.99
2025-10-10 03:00:00,2025,10,10,3,283,4,32,-18.1,3.7,0.0,0.0,0.04,42.84,Overcast / Moderate,18.72,0.0,45.36,12.7
2025-10-10 04:00:00,2025,10,10,4,283,4,27,-17.8,4.9,0.0,0.0,0.75,47.06,Overcast / Moderate,18.72,0.0,48.87,13.68
2025-10-10 05:00:00,2025,10,10,5,283,4,29,-16.9,3.9,32.2,2.11,0.08,40.32,Overcast / Moderate,18.72,0.0,40.69,11.39
2025-10-10 06:00:00,2025,10,10,6,283,4,29,-16.7,7.4,96.4,6.27,9.35,39.96,Overcast / Moderate,18.72,0.0,26.9,7.53
2025-10-10 07:00:00,2025,10,10,7,283,4,33,-17.8,1.6,157.0,10.21,0.0,48.97,Overcast / Moderate,18.72,0.0,41.32,11.57
2025-10-10 08:00:00,2025,10,10,8,283,4,33,-17.7,3.4,194.1,12.5,0.01,50.45,Overcast / Moderate,18.72,0.0,40.5,11.34
2025-10-10 09:00:00,2025,10,10,9,283,4,32,-16.0,4.5,189.6,11.93,0.37,47.53,Overcast / Moderate,18.72,0.0,37.79,10.58
2025-10-10 10:00:00,2025,10,10,10,283,4,33,-15.7,8.0,411.7,27.53,13.72,49.31,Clear Solar Day,18.72,0.0,15.0,4.2
2025-10-10 11:00:00,2025,10,10,11,283,4,31,-17.6,10.6,354.0,23.17,48.17,48.01,Overcast / Moderate,29.45,-23.33,0.0,0.0
2025-10-10 12:00:00,2025,10,10,12,283,4,34,-17.7,9.4,415.7,27.63,28.77,44.91,Clear Solar Day,34.74,-11.49,0.0,0.0
2025-10-10 13:00:00,2025,10,10,13,283,4,32,-16.8,3.5,382.0,25.16,0.01,48.22,Overcast / Moderate,22.21,23.05,0.0,0.0
2025-10-10 14:00:00,2025,10,10,14,283,4,32,-17.0,6.9,361.0,23.84,6.51,45.04,Overcast / Moderate,19.81,4.42,15.0,4.2
2025-10-10 15:00:00,2025,10,10,15,283,4,31,-17.2,1.4,350.7,23.48,0.0,48.65,Overcast / Moderate,19.81,0.0,25.55,7.16
2025-10-10 16:00:00,2025,10,10,16,283,4,33,-16.9,4.7,242.2,15.9,0.54,45.98,Overcast / Moderate,19.81,0.0,29.92,8.38
2025-10-10 17:00:00,2025,10,10,17,283,4,31,-15.7,9.5,186.0,12.25,30.14,48.81,Overcast / Moderate,19.81,0.0,15.0,4.2
2025-10-10 18:00:00,2025,10,10,18,283,4,33,-16.5,5.9,120.8,8.06,2.68,52.2,Overcast / Moderate,19.81,0.0,41.84,11.72
2025-10-10 19:00:00,2025,10,10,19,283,4,29,-16.6,3.2,32.6,2.14,0.0,43.18,Overcast / Moderate,19.81,0.0,41.42,11.6
2025-10-10 20:00:00,2025,10,10,20,283,4,29,-17.7,5.8,0.0,0.0,2.41,43.22,Overcast / Moderate,19.81,0.0,41.19,11.53
2025-10-10 21:00:00,2025,10,10,21,283,4,33,-17.9,3.7,0.0,0.0,0.04,49.11,Overcast / Moderate,19.81,0.0,49.45,13.85
2025-10-10 22:00:00,2025,10,10,22,283,4,31,-20.1,5.4,0.0,0.0,1.52,49.51,Overcast / Moderate,19.81,0.0,48.37,13.54
2025-10-10 23:00:00,2025,10,10,23,283,4,31,-20.9,6.2,0.0,0.0,3.6,47.68,Overcast / Moderate,19.81,0.0,44.46,12.45
2025-10-11 00:00:00,2025,10,11,0,284,5,33,-20.4,5.0,0.0,0.0,0.88,46.27,Overcast / Moderate,19.81,0.0,45.77,12.82
2025-10-11 01:00:00,2025,10,11,1,284,5,30,-21.3,12.2,0.0,0.0,80.0,44.69,Overcast / Moderate,36.05,-35.31,0.0,0.0
2025-10-11 02:00:00,2025,10,11,2,284,5,31,-20.2,6.9,0.0,0.0,6.51,48.57,Overcast / Moderate,18.6,32.1,15.0,4.2
2025-10-11 03:00:00,2025,10,11,3,284,5,34,-19.9,10.1,0.0,0.0,39.28,51.02,Overcast / Moderate,18.6,0.0,15.0,4.2
2025-10-11 04:00:00,2025,10,11,4,284,5,35,-20.2,8.9,0.0,0.0,22.54,42.94,Overcast / Moderate,18.6,0.0,23.19,6.49
2025-10-11 05:00:00,2025,10,11,5,284,5,35,-19.9,7.8,45.8,3.1,12.14,48.13,Overcast / Moderate,18.6,0.0,35.68,9.99
2025-10-11 06:00:00,2025,10,11,6,284,5,31,-21.9,6.3,108.2,7.19,3.94,54.4,Overcast / Moderate,18.6,0.0,46.06,12.9
2025-10-11 07:00:00,2025,10,11,7,284,5,34,-20.9,0.4,180.9,12.01,0.0,50.95,Overcast / Moderate,18.6,0.0,41.73,11.68
2025-10-11 08:00:00,2025,10,11,8,284,5,30,-20.8,7.3,252.3,16.78,8.73,50.52,Overcast / Moderate,18.6,0.0,27.8,7.78
2025-10-11 09:00:00,2025,10,11,9,284,5,30,-22.4,5.1,320.5,21.48,1.02,52.11,Overcast / Moderate,18.6,0.0,32.4,9.07
2025-10-11 10:00:00,2025,10,11,10,284,5,27,-18.7,2.8,396.6,26.57,0.0,47.36,Overcast / Moderate,18.6,0.0,23.58,6.6
2025-10-11 11:00:00,2025,10,11,11,284,5,35,-17.9,5.8,390.8,25.85,2.41,53.3,Overcast / Moderate,18.6,0.0,27.83,7.79
2025-10-11 12:00:00,2025,10,11,12,284,5,30,-16.2,8.6,456.1,30.5,19.27,52.05,Clear Solar Day,18.6,0.0,15.0,4.2
2025-10-11 13:00:00,2025,10,11,13,284,5,31,-14.9,13.2,175.5,10.8,80.0,42.66,Overcast / Moderate,37.0,-40.0,0.0,0.0
2025-10-11 14:00:00,2025,10,11,14,284,5,30,-15.6,5.2,397.2,26.39,1.17,44.76,Overcast / Moderate,27.66,17.2,0.0,0.0
2025-10-11 15:00:00,2025,10,11,15,284,5,33,-14.7,6.7,335.0,22.11,5.56,50.58,Overcast / Moderate,19.33,15.31,15.0,4.2
2025-10-11 16:00:00,2025,10,11,16,284,5,31,-17.2,10.2,233.1,15.22,40.96,50.15,Overcast / Moderate,22.11,-6.03,0.0,0.0
2025-10-11 17:00:00,2025,10,11,17,284,5,29,-16.5,4.9,218.2,14.64,0.75,48.52,Overcast / Moderate,19.82,4.22,28.91,8.1
2025-10-11 18:00:00,2025,10,11,18,284,5,32,-16.1,3.1,89.4,5.74,0.0,49.91,Overcast / Moderate,19.82,0.0,44.54,12.47
2025-10-11 19:00:00,2025,10,11,19,284,5,29,-17.0,4.4,35.3,2.3,0.3,48.04,Overcast / Moderate,19.82,0.0,45.81,12.83
2025-10-11 20:00:00,2025,10,11,20,284,5,30,-16.2,11.1,0.0,0.0,58.32,48.75,Overcast / Moderate,24.22,-9.57,0.0,0.0
2025-10-11 21:00:00,2025,10,11,21,284,5,27,-15.8,3.3,0.0,0.0,0.0,45.4,Overcast / Moderate,19.63,8.44,36.96,10.35
2025-10-11 22:00:00,2025,10,11,22,284,5,29,-15.0,4.8,0.0,0.0,0.64,41.87,Overcast / Moderate,19.63,0.0,41.96,11.75
2025-10-11 23:00:00,2025,10,11,23,284,5,32,-16.5,6.0,0.0,0.0,2.96,43.96,Overcast / Moderate,19.63,0.0,41.73,11.69
2025-10-12 00:00:00,2025,10,12,0,285,6,28,-17.2,10.1,0.0,0.0,39.28,42.85,Overcast / Moderate,19.63,0.0,15.0,4.2
2025-10-12 01:00:00,2025,10,12,1,285,6,29,-18.4,12.2,0.0,0.0,80.0,46.16,Overcast / Moderate,35.2,-33.84,0.0,0.0
2025-10-12 02:00:00,2025,10,12,2,285,6,31,-18.9,5.7,0.0,0.0,2.16,46.53,Overcast / Moderate,18.68,30.4,15.0,4.2
2025-10-12 03:00:00,2025,10,12,3,285,6,30,-19.3,12.0,0.0,0.0,80.0,41.21,Overcast / Moderate,36.52,-38.79,0.0,0.0
2025-10-12 04:00:00,2025,10,12,4,285,6,35,-19.3,3.3,0.0,0.0,0.0,46.43,Overcast / Moderate,18.56,33.04,15.0,4.2
2025-10-12 05:00:00,2025,10,12,5,285,6,35,-20.1,3.2,32.0,2.06,0.0,47.59,Overcast / Moderate,18.56,0.0,48.4,13.55
2025-10-12 06:00:00,2025,10,12,6,285,6,30,-20.7,12.6,94.0,6.12,80.0,50.75,Overcast / Moderate,34.83,-35.37,0.0,0.0
2025-10-12 07:00:00,2025,10,12,7,285,6,33,-19.3,6.4,209.8,14.06,4.31,50.2,Overcast / Moderate,18.71,29.67,15.0,4.2
2025-10-12 08:00:00,2025,10,12,8,285,6,33,-18.9,3.5,271.4,18.07,0.01,50.86,Overcast / Moderate,18.71,0.0,35.36,9.9
2025-10-12 09:00:00,2025,10,12,9,285,6,30,-18.2,6.2,304.3,20.02,3.6,48.86,Overcast / Moderate,18.71,0.0,27.82,7.79
2025-10-12 10:00:00,2025,10,12,10,285,6,29,-18.3,9.2,381.8,25.39,26.15,52.08,Overcast / Moderate,18.71,0.0,15.0,4.2
2025-10-12 11:00:00,2025,10,12,11,285,6,31,-17.7,9.8,384.0,25.3,34.51,46.03,Overcast / Moderate,25.05,-13.78,0.0,0.0
2025-10-12 12:00:00,2025,10,12,12,285,6,31,-16.9,10.4,407.4,26.89,44.47,46.46,Clear Solar Day,36.5,-24.9,0.0,0.0
2025-10-12 13:00:00,2025,10,12,13,285,6,31,-17.3,6.9,317.9,20.53,6.51,46.59,Overcast / Moderate,25.88,19.55,0.0,0.0
2025-10-12 14:00:00,2025,10,12,14,285,6,32,-17.2,10.5,313.1,20.33,46.3,49.03,Overcast / Moderate,33.97,-17.6,0.0,0.0
2025-10-12 15:00:00,2025,10,12,15,285,6,30,-16.6,6.4,341.1,22.64,4.31,44.12,Overcast / Moderate,24.64,17.17,0.0,0.0
2025-10-12 16:00:00,2025,10,12,16,285,6,29,-15.9,7.3,291.7,19.43,8.73,50.64,Overcast / Moderate,19.6,9.28,15.0,4.2
2025-10-12 17:00:00,2025,10,12,17,285,6,32,-14.1,8.9,137.8,8.73,22.54,47.71,Overcast / Moderate,19.6,0.0,17.25,4.83
2025-10-12 18:00:00,2025,10,12,18,285,6,32,-13.6,5.7,119.5,7.82,2.16,47.76,Overcast / Moderate,19.6,0.0,38.59,10.8
2025-10-12 19:00:00,2025,10,12,19,285,6,29,-15.3,2.2,40.9,2.66,0.0,51.78,Overcast / Moderate,19.6,0.0,49.93,13.98
2025-10-12 20:00:00,2025,10,12,20,285,6,33,-14.9,5.0,0.0,0.0,0.88,46.75,Overcast / Moderate,19.6,0.0,46.68,13.07
2025-10-12 21:00:00,2025,10,12,21,285,6,28,-17.1,7.4,0.0,0.0,9.35,49.67,Overcast / Moderate,19.6,0.0,41.13,11.52
2025-10-12 22:00:00,2025,10,12,22,285,6,30,-17.7,3.6,0.0,0.0,0.02,46.13,Overcast / Moderate,19.6,0.0,46.92,13.14
2025-10-12 23:00:00,2025,10,12,23,285,6,31,-19.8,3.1,0.0,0.0,0.0,50.31,Overcast / Moderate,19.6,0.0,51.12,14.31
2025-10-13 00:00:00,2025,10,13,0,286,0,30,-19.3,4.5,0.0,0.0,0.37,47.6,Overcast / Moderate,19.6,0.0,48.04,13.45
2025-10-13 01:00:00,2025,10,13,1,286,0,30,-17.5,1.5,0.0,0.0,0.0,43.25,Overcast / Moderate,19.6,0.0,44.06,12.34
2025-10-13 02:00:00,2025,10,13,2,286,0,35,-18.9,8.7,0.0,0.0,20.32,47.7,Overcast / Moderate,19.6,0.0,28.19,7.89
2025-10-13 03:00:00,2025,10,13,3,286,0,30,-18.3,4.2,0.0,0.0,0.19,43.51,Overcast / Moderate,19.6,0.0,44.13,12.36
2025-10-13 04:00:00,2025,10,13,4,286,0,36,-18.3,2.9,0.0,0.0,0.0,45.24,Overcast / Moderate,19.6,0.0,46.05,12.89
2025-10-13 05:00:00,2025,10,13,5,286,0,32,-17.2,8.2,42.6,2.77,15.43,44.69,Overcast / Moderate,19.6,0.0,27.3,7.64
2025-10-13 06:00:00,2025,10,13,6,286,0,32,-18.1,10.1,125.8,8.34,39.28,44.94,Overcast / Moderate,20.83,-2.68,0.0,0.0
2025-10-13 07:00:00,2025,10,13,7,286,0,32,-19.2,1.2,194.0,12.85,0.0,48.26,Overcast / Moderate,19.93,1.66,33.75,9.45
2025-10-13 08:00:00,2025,10,13,8,286,0,37,-18.6,4.0,289.3,19.35,0.11,46.1,Overcast / Moderate,19.93,0.0,26.78,7.5
2025-10-13 09:00:00,2025,10,13,9,286,0,30,-18.0,12.5,341.2,22.69,80.0,49.64,Overcast / Moderate,38.33,-40.0,0.0,0.0
2025-10-13 10:00:00,2025,10,13,10,286,0,29,-16.8,5.3,390.3,25.88,1.34,48.57,Overcast / Moderate,26.72,21.35,0.0,0.0
2025-10-13 11:00:00,2025,10,13,11,286,0,30,-16.5,12.2,376.3,24.63,80.0,48.68,Overcast / Moderate,45.12,-40.0,0.0,0.0
2025-10-13 12:00:00,2025,10,13,12,286,0,32,-16.5,4.4,374.4,24.43,0.3,53.23,Overcast / Moderate,29.64,28.5,0.0,0.0
2025-10-13 13:00:00,2025,10,13,13,286,0,28,-15.1,3.8,269.7,17.05,0.06,42.19,Overcast / Moderate,19.16,19.27,15.0,4.2
2025-10-13 14:00:00,2025,10,13,14,286,0,32,-14.6,3.8,339.9,22.07,0.06,50.93,Overcast / Moderate,19.16,0.0,30.48,8.53
2025-10-13 15:00:00,2025,10,13,15,286,0,35,-13.9,2.4,216.5,13.63,0.0,53.79,Overcast / Moderate,19.16,0.0,41.84,11.71
2025-10-13 16:00:00,2025,10,13,16,286,0,32,-13.2,11.1,269.0,17.58,58.32,50.4,Overcast / Moderate,30.89,-25.5,0.0,0.0
2025-10-13 17:00:00,2025,10,13,17,286,0,31,-13.8,14.3,228.7,15.22,80.0,45.22,High Wind Surge,49.29,-40.0,0.0,0.0
2025-10-13 18:00:00,2025,10,13,18,286,0,30,-13.1,12.8,129.0,8.46,80.0,46.36,Overcast / Moderate,67.69,-40.0,0.0,0.0
2025-10-13 19:00:00,2025,10,13,19,286,0,33,-14.4,10.2,44.7,2.9,40.96,45.31,Overcast / Moderate,66.9,1.45,0.0,0.0
2025-10-13 20:00:00,2025,10,13,20,286,0,30,-14.7,10.1,0.0,0.0,39.28,44.73,Overcast / Moderate,63.94,5.45,0.0,0.0
2025-10-13 21:00:00,2025,10,13,21,286,0,35,-15.8,7.8,0.0,0.0,12.14,53.29,Overcast / Moderate,41.58,41.15,0.0,0.0
2025-10-13 22:00:00,2025,10,13,22,286,0,35,-18.0,9.8,0.0,0.0,34.51,47.71,Overcast / Moderate,34.4,13.2,0.0,0.0
2025-10-13 23:00:00,2025,10,13,23,286,0,32,-17.0,3.8,0.0,0.0,0.06,46.48,Overcast / Moderate,18.75,28.81,17.61,4.93
2025-10-14 00:00:00,2025,10,14,0,287,1,31,-18.2,5.3,0.0,0.0,1.34,42.46,Overcast / Moderate,18.75,0.0,43.63,12.22
2025-10-14 01:00:00,2025,10,14,1,287,1,34,-17.8,7.6,0.0,0.0,10.68,41.92,Overcast / Moderate,18.75,0.0,33.75,9.45
2025-10-14 02:00:00,2025,10,14,2,287,1,34,-19.2,10.6,0.0,0.0,48.17,49.29,Overcast / Moderate,18.75,0.0,15.0,4.2
2025-10-14 03:00:00,2025,10,14,3,287,1,30,-19.2,7.8,0.0,0.0,12.14,46.85,Overcast / Moderate,18.75,0.0,37.22,10.42
2025-10-14 04:00:00,2025,10,14,4,287,1,30,-18.4,10.0,0.0,0.0,37.64,44.45,Overcast / Moderate,18.75,0.0,15.0,4.2
2025-10-14 05:00:00,2025,10,14,5,287,1,29,-20.0,6.1,62.2,4.2,3.27,50.53,Overcast / Moderate,18.75,0.0,45.57,12.76
2025-10-14 06:00:00,2025,10,14,6,287,1,32,-21.0,8.4,82.6,5.29,17.28,49.06,Overcast / Moderate,18.75,0.0,29.0,8.12
2025-10-14 07:00:00,2025,10,14,7,287,1,33,-21.0,14.4,182.0,12.0,80.0,50.06,High Wind Surge,37.15,-40.0,0.0,0.0
2025-10-14 08:00:00,2025,10,14,8,287,1,29,-19.3,3.2,253.2,16.68,0.0,44.68,Overcast / Moderate,21.93,28.0,0.0,0.0
2025-10-14 09:00:00,2025,10,14,9,287,1,31,-18.6,11.9,374.4,25.17,77.36,51.19,Overcast / Moderate,40.33,-40.0,0.0,0.0
2025-10-14 10:00:00,2025,10,14,10,287,1,29,-17.5,6.5,263.6,16.83,4.71,47.0,Overcast / Moderate,26.49,25.46,0.0,0.0
2025-10-14 11:00:00,2025,10,14,11,287,1,30,-16.8,7.6,449.8,30.03,10.68,47.65,Clear Solar Day,22.72,6.94,0.0,0.0
2025-10-14 12:00:00,2025,10,14,12,287,1,33,-15.3,10.7,407.3,26.7,50.1,47.36,Clear Solar Day,36.26,-29.44,0.0,0.0
2025-10-14 13:00:00,2025,10,14,13,287,1,30,-15.6,5.5,357.2,23.17,1.71,50.68,Overcast / Moderate,22.24,25.8,0.0,0.0
2025-10-14 14:00:00,2025,10,14,14,287,1,31,-15.2,5.6,227.1,14.25,1.93,49.25,Overcast / Moderate,19.81,4.48,28.59,8.0
2025-10-14 15:00:00,2025,10,14,15,287,1,28,-15.2,6.5,323.9,21.22,4.71,45.87,Overcast / Moderate,19.81,0.0,20.33,5.69
2025-10-14 16:00:00,2025,10,14,16,287,1,32,-16.7,1.1,279.3,18.47,0.0,48.31,Overcast / Moderate,19.81,0.0,30.23,8.46
2025-10-14 17:00:00,2025,10,14,17,287,1,31,-16.1,6.3,139.9,8.89,3.94,48.54,Overcast / Moderate,19.81,0.0,36.1,10.11
2025-10-14 18:00:00,2025,10,14,18,287,1,30,-15.7,4.5,132.4,8.73,0.37,50.47,Overcast / Moderate,19.81,0.0,41.76,11.69
2025-10-14 19:00:00,2025,10,14,19,287,1,31,-15.4,11.9,60.7,4.04,77.36,47.5,Overcast / Moderate,35.4,-33.9,0.0,0.0
2025-10-14 20:00:00,2025,10,14,20,287,1,32,-16.5,2.4,0.0,0.0,0.0,47.03,Overcast / Moderate,18.66,30.8,16.23,4.54
2025-10-14 21:00:00,2025,10,14,21,287,1,30,-17.7,5.9,0.0,0.0,2.68,45.66,Overcast / Moderate,18.66,0.0,45.66,12.78
2025-10-14 22:00:00,2025,10,14,22,287,1,29,-19.4,12.5,0.0,0.0,80.0,45.52,Overcast / Moderate,34.52,-34.48,0.0,0.0
2025-10-14 23:00:00,2025,10,14,23,287,1,35,-20.3,11.2,0.0,0.0,60.51,44.7,Overcast / Moderate,41.79,-15.81,0.0,0.0
2025-10-15 00:00:00,2025,10,15,0,288,2,30,-21.1,8.2,0.0,0.0,15.43,48.08,Overcast / Moderate,24.05,32.65,0.0,0.0
2025-10-15 01:00:00,2025,10,15,1,288,2,31,-21.5,7.1,0.0,0.0,7.56,48.87,Overcast / Moderate,19.65,8.1,33.21,9.3
2025-10-15 02:00:00,2025,10,15,2,288,2,34,-21.0,4.4,0.0,0.0,0.3,50.98,Overcast / Moderate,19.65,0.0,51.38,14.39
2025-10-15 03:00:00,2025,10,15,3,288,2,39,-20.7,5.2,0.0,0.0,1.17,48.32,Overcast / Moderate,19.65,0.0,47.85,13.4
2025-10-15 04:00:00,2025,10,15,4,288,2,29,-19.3,2.4,0.0,0.0,0.0,48.24,Overcast / Moderate,19.65,0.0,48.94,13.7
2025-10-15 05:00:00,2025,10,15,5,288,2,32,-19.3,9.2,66.9,4.5,26.15,50.33,Overcast / Moderate,19.65,0.0,20.38,5.71
2025-10-15 06:00:00,2025,10,15,6,288,2,30,-19.8,4.8,146.3,9.83,0.64,46.43,Overcast / Moderate,19.65,0.0,36.66,10.27
2025-10-15 07:00:00,2025,10,15,7,288,2,30,-19.9,7.9,177.4,11.6,12.91,55.91,Overcast / Moderate,19.65,0.0,32.1,8.99
2025-10-15 08:00:00,2025,10,15,8,288,2,30,-19.6,5.1,257.0,16.94,1.02,53.69,Overcast / Moderate,19.65,0.0,36.43,10.2
2025-10-15 09:00:00,2025,10,15,9,288,2,29,-19.7,6.0,353.7,23.65,2.96,48.63,Overcast / Moderate,19.65,0.0,22.72,6.36
2025-10-15 10:00:00,2025,10,15,10,288,2,31,-18.6,6.8,448.3,30.29,6.02,57.06,Clear Solar Day,19.65,0.0,21.45,6.01
2025-10-15 11:00:00,2025,10,15,11,288,2,29,-18.4,9.4,382.5,25.14,28.77,48.68,Overcast / Moderate,22.05,-5.23,0.0,0.0
2025-10-15 12:00:00,2025,10,15,12,288,2,33,-16.9,3.8,436.1,28.9,0.06,52.61,Clear Solar Day,19.82,4.11,19.54,5.47
2025-10-15 13:00:00,2025,10,15,13,288,2,32,-16.1,5.4,398.0,26.11,1.52,49.74,Overcast / Moderate,19.82,0.0,22.47,6.29
2025-10-15 14:00:00,2025,10,15,14,288,2,32,-15.4,2.9,296.6,19.0,0.0,48.4,Overcast / Moderate,19.82,0.0,29.76,8.33
2025-10-15 15:00:00,2025,10,15,15,288,2,31,-14.3,2.2,267.9,17.15,0.0,49.74,Overcast / Moderate,19.82,0.0,32.95,9.23
2025-10-15 16:00:00,2025,10,15,16,288,2,31,-14.4,7.2,205.7,13.09,8.13,46.92,Overcast / Moderate,19.82,0.0,26.06,7.3
2025-10-15 17:00:00,2025,10,15,17,288,2,32,-15.4,3.6,163.6,10.49,0.02,47.45,Overcast / Moderate,19.82,0.0,37.3,10.44
2025-10-15 18:00:00,2025,10,15,18,288,2,29,-15.1,2.0,121.8,7.92,0.0,46.26,Overcast / Moderate,19.82,0.0,38.7,10.84
2025-10-15 19:00:00,2025,10,15,19,288,2,31,-14.7,11.1,65.7,4.36,58.32,43.91,Overcast / Moderate,28.46,-18.77,0.0,0.0
2025-10-15 20:00:00,2025,10,15,20,288,2,30,-15.9,6.6,0.0,0.0,5.12,49.99,Overcast / Moderate,19.26,16.91,27.96,7.83
2025-10-15 21:00:00,2025,10,15,21,288,2,30,-16.9,3.0,0.0,0.0,0.0,46.43,Overcast / Moderate,19.26,0.0,47.9,13.41
2025-10-15 22:00:00,2025,10,15,22,288,2,27,-18.5,1.9,0.0,0.0,0.0,45.16,Overcast / Moderate,19.26,0.0,46.63,13.06
2025-10-15 23:00:00,2025,10,15,23,288,2,34,-19.0,2.8,0.0,0.0,0.0,46.55,Overcast / Moderate,19.26,0.0,48.02,13.45
2025-10-16 00:00:00,2025,10,16,0,289,3,30,-20.7,6.1,0.0,0.0,3.27,48.44,Overcast / Moderate,19.26,0.0,46.64,13.06
2025-10-16 01:00:00,2025,10,16,1,289,3,34,-22.3,7.9,0.0,0.0,12.91,48.95,Overcast / Moderate,19.26,0.0,37.51,10.5
2025-10-16 02:00:00,2025,10,16,2,289,3,34,-22.6,7.6,0.0,0.0,10.68,48.53,Overcast / Moderate,19.26,0.0,39.32,11.01
2025-10-16 03:00:00,2025,10,16,3,289,3,29,-23.5,3.1,0.0,0.0,0.0,49.85,Overcast / Moderate,19.26,0.0,51.32,14.37
2025-10-16 04:00:00,2025,10,16,4,289,3,29,-23.4,7.5,0.0,0.0,10.0,49.56,Overcast / Moderate,19.26,0.0,41.03,11.49
2025-10-16 05:00:00,2025,10,16,5,289,3,37,-22.1,5.5,37.0,2.36,1.71,46.81,Overcast / Moderate,19.26,0.0,44.21,12.38
2025-10-16 06:00:00,2025,10,16,6,289,3,35,-21.8,6.0,128.0,8.48,2.96,48.54,Overcast / Moderate,19.26,0.0,38.57,10.8
2025-10-16 07:00:00,2025,10,16,7,289,3,31,-20.8,9.4,174.8,11.42,28.77,54.52,Overcast / Moderate,19.26,0.0,15.8,4.42
2025-10-16 08:00:00,2025,10,16,8,289,3,32,-19.7,4.9,324.8,21.96,0.75,57.01,Overcast / Moderate,19.26,0.0,35.77,10.02
2025-10-16 09:00:00,2025,10,16,9,289,3,30,-17.1,3.1,344.7,22.78,0.0,43.96,Overcast / Moderate,19.26,0.0,22.65,6.34
2025-10-16 10:00:00,2025,10,16,10,289,3,32,-15.5,10.6,396.6,26.15,48.17,49.79,Overcast / Moderate,30.55,-24.53,0.0,0.0
2025-10-16 11:00:00,2025,10,16,11,289,3,30,-14.7,3.8,443.3,29.3,0.06,46.69,Clear Solar Day,21.13,17.33,0.0,0.0
2025-10-16 12:00:00,2025,10,16,12,289,3,27,-14.1,4.5,435.2,28.58,0.37,43.46,Clear Solar Day,19.9,2.26,15.0,4.2
2025-10-16 13:00:00,2025,10,16,13,289,3,29,-13.9,8.3,417.4,27.34,16.34,44.41,Clear Solar Day,19.9,0.0,15.0,4.2
2025-10-16 14:00:00,2025,10,16,14,289,3,32,-13.8,8.0,398.0,26.13,13.72,44.09,Overcast / Moderate,19.9,0.0,15.0,4.2
2025-10-16 15:00:00,2025,10,16,15,289,3,29,-15.3,9.4,361.2,23.89,28.77,43.12,Overcast / Moderate,24.29,-9.54,0.0,0.0
2025-10-16 16:00:00,2025,10,16,16,289,3,31,-15.5,3.5,313.2,20.85,0.01,48.33,Overcast / Moderate,19.63,8.58,18.89,5.29
2025-10-16 17:00:00,2025,10,16,17,289,3,29,-16.6,5.0,245.3,16.45,0.88,51.96,Overcast / Moderate,19.63,0.0,35.38,9.91
2025-10-16 18:00:00,2025,10,16,18,289,3,30,-16.7,2.9,148.2,9.85,0.0,48.81,Overcast / Moderate,19.63,0.0,39.71,11.12
2025-10-16 19:00:00,2025,10,16,19,289,3,33,-17.0,6.7,41.7,2.64,5.56,49.62,Overcast / Moderate,19.63,0.0,42.17,11.81
2025-10-16 20:00:00,2025,10,16,20,289,3,32,-17.8,4.5,0.0,0.0,0.37,47.88,Overcast / Moderate,19.63,0.0,48.26,13.51
2025-10-16 21:00:00,2025,10,16,21,289,3,31,-18.2,8.1,0.0,0.0,14.56,47.07,Overcast / Moderate,19.63,0.0,33.26,9.31
2025-10-16 22:00:00,2025,10,16,22,289,3,33,-19.4,0.2,0.0,0.0,0.0,46.64,Overcast / Moderate,19.63,0.0,47.39,13.27
2025-10-16 23:00:00,2025,10,16,23,289,3,32,-19.7,2.0,0.0,0.0,0.0,44.03,Overcast / Moderate,19.63,0.0,44.78,12.54
2025-10-17 00:00:00,2025,10,17,0,290,4,34,-19.4,5.7,0.0,0.0,2.16,49.61,Overcast / Moderate,19.63,0.0,48.2,13.49
2025-10-17 01:00:00,2025,10,17,1,290,4,31,-20.8,13.0,0.0,0.0,80.0,45.77,Overcast / Moderate,35.37,-34.23,0.0,0.0
2025-10-17 02:00:00,2025,10,17,2,290,4,31,-20.8,11.0,0.0,0.0,56.19,45.1,Overcast / Moderate,40.47,-11.09,0.0,0.0
2025-10-17 03:00:00,2025,10,17,3,290,4,29,-20.6,16.3,0.0,0.0,80.0,52.26,High Wind Surge,53.23,-27.74,0.0,0.0
2025-10-17 04:00:00,2025,10,17,4,290,4,31,-21.1,5.6,0.0,0.0,1.93,50.69,Overcast / Moderate,26.73,48.76,0.0,0.0
2025-10-17 05:00:00,2025,10,17,5,290,4,33,-20.4,1.8,57.7,3.77,0.0,44.35,Overcast / Moderate,19.41,13.47,27.11,7.59
2025-10-17 06:00:00,2025,10,17,6,290,4,34,-21.3,4.6,158.1,10.67,0.45,46.02,Overcast / Moderate,19.41,0.0,36.07,10.1
2025-10-17 07:00:00,2025,10,17,7,290,4,33,-19.5,7.9,214.1,14.2,12.91,50.58,Overcast / Moderate,19.41,0.0,24.64,6.9
2025-10-17 08:00:00,2025,10,17,8,290,4,28,-19.8,3.0,251.1,16.46,0.0,49.15,Overcast / Moderate,19.41,0.0,33.86,9.48
2025-10-17 09:00:00,2025,10,17,9,290,4,34,-19.9,4.6,395.2,26.71,0.45,50.56,Overcast / Moderate,19.41,0.0,24.57,6.88
2025-10-17 10:00:00,2025,10,17,10,290,4,28,-19.4,1.9,335.1,21.9,0.0,52.6,Overcast / Moderate,19.41,0.0,31.87,8.92
2025-10-17 11:00:00,2025,10,17,11,290,4,33,-19.7,6.1,445.7,29.83,3.27,51.74,Clear Solar Day,19.41,0.0,19.81,5.55
2025-10-17 12:00:00,2025,10,17,12,290,4,31,-17.7,3.8,490.6,32.96,0.06,48.93,Clear Solar Day,19.41,0.0,17.08,4.78
2025-10-17 13:00:00,2025,10,17,13,290,4,33,-17.8,2.5,432.0,28.67,0.0,48.27,Clear Solar Day,19.41,0.0,20.77,5.82
2025-10-17 14:00:00,2025,10,17,14,290,4,29,-16.8,5.5,301.8,19.4,1.71,45.02,Overcast / Moderate,19.41,0.0,25.08,7.02
2025-10-17 15:00:00,2025,10,17,15,290,4,34,-16.6,5.0,344.3,22.69,0.88,47.68,Overcast / Moderate,19.41,0.0,25.28,7.08
2025-10-17 16:00:00,2025,10,17,16,290,4,29,-15.4,6.6,256.1,16.63,5.12,44.41,Overcast / Moderate,19.41,0.0,23.83,6.67
2025-10-17 17:00:00,2025,10,17,17,290,4,30,-15.2,8.8,249.1,16.63,21.41,43.65,Overcast / Moderate,19.41,0.0,15.0,4.2
2025-10-17 18:00:00,2025,10,17,18,290,4,30,-16.0,2.7,158.6,10.56,0.0,50.1,Overcast / Moderate,19.41,0.0,40.71,11.4
2025-10-17 19:00:00,2025,10,17,19,290,4,28,-17.2,9.3,76.2,5.09,27.44,49.93,Overcast / Moderate,19.41,0.0,18.57,5.2
2025-10-17 20:00:00,2025,10,17,20,290,4,32,-18.2,1.3,0.0,0.0,0.0,48.81,Overcast / Moderate,19.41,0.0,49.98,13.99
2025-10-17 21:00:00,2025,10,17,21,290,4,35,-17.9,5.8,0.0,0.0,2.41,53.85,Overcast / Moderate,19.41,0.0,52.61,14.73
2025-10-17 22:00:00,2025,10,17,22,290,4,37,-18.6,7.1,0.0,0.0,7.56,48.32,Overcast / Moderate,19.41,0.0,41.93,11.74
2025-10-17 23:00:00,2025,10,17,23,290,4,32,-18.4,12.9,0.0,0.0,80.0,42.93,Overcast / Moderate,36.47,-37.07,0.0,0.0
2025-10-18 00:00:00,2025,10,18,0,291,5,34,-20.0,7.0,0.0,0.0,7.02,43.61,Overcast / Moderate,18.57,32.93,15.0,4.2
2025-10-18 01:00:00,2025,10,18,1,291,5,32,-20.2,3.3,0.0,0.0,0.0,47.74,Overcast / Moderate,18.57,0.0,50.6,14.17
2025-10-18 02:00:00,2025,10,18,2,291,5,32,-20.1,6.5,0.0,0.0,4.71,48.09,Overcast / Moderate,18.57,0.0,46.24,12.95
2025-10-18 03:00:00,2025,10,18,3,291,5,31,-21.2,5.4,0.0,0.0,1.52,44.28,Overcast / Moderate,18.57,0.0,45.62,12.77
2025-10-18 04:00:00,2025,10,18,4,291,5,32,-20.9,6.1,0.0,0.0,3.27,46.19,Overcast / Moderate,18.57,0.0,45.78,12.82
2025-10-18 05:00:00,2025,10,18,5,291,5,33,-22.5,3.6,57.0,3.72,0.02,51.05,Overcast / Moderate,18.57,0.0,50.17,14.05
2025-10-18 06:00:00,2025,10,18,6,291,5,30,-22.1,6.3,153.8,10.33,3.94,51.9,Overcast / Moderate,18.57,0.0,40.49,11.34
2025-10-18 07:00:00,2025,10,18,7,291,5,31,-21.7,3.2,226.8,15.19,0.0,52.23,Overcast / Moderate,18.57,0.0,39.9,11.17
2025-10-18 08:00:00,2025,10,18,8,291,5,31,-22.9,8.7,322.3,21.87,20.32,53.06,Overcast / Moderate,18.57,0.0,15.0,4.2
2025-10-18 09:00:00,2025,10,18,9,291,5,33,-22.7,7.1,289.0,18.98,7.56,52.34,Overcast / Moderate,18.57,0.0,28.66,8.03
2025-10-18 10:00:00,2025,10,18,10,291,5,29,-22.5,2.3,300.6,19.58,0.0,55.65,Overcast / Moderate,18.57,0.0,38.93,10.9
2025-10-18 11:00:00,2025,10,18,11,291,5,31,-20.5,10.9,480.2,32.47,54.11,52.51,Clear Solar Day,34.24,-34.07,0.0,0.0
2025-10-18 12:00:00,2025,10,18,12,291,5,35,-18.6,7.3,393.6,25.82,8.73,48.98,Overcast / Moderate,26.4,14.43,0.0,0.0
2025-10-18 13:00:00,2025,10,18,13,291,5,34,-17.0,4.7,453.5,30.17,0.54,51.49,Clear Solar Day,19.44,12.8,15.0,4.2
2025-10-18 14:00:00,2025,10,18,14,291,5,34,-14.8,1.7,229.5,14.34,0.0,46.13,Overcast / Moderate,19.44,0.0,32.9,9.21
2025-10-18 15:00:00,2025,10,18,15,291,5,32,-13.7,7.5,323.2,20.96,10.0,43.99,Overcast / Moderate,19.44,0.0,15.0,4.2
2025-10-18 16:00:00,2025,10,18,16,291,5,32,-14.0,5.2,336.6,22.43,1.17,45.48,Overcast / Moderate,19.44,0.0,22.99,6.44
2025-10-18 17:00:00,2025,10,18,17,291,5,34,-15.7,11.3,239.5,15.89,62.75,46.41,Overcast / Moderate,34.27,-32.23,0.0,0.0
2025-10-18 18:00:00,2025,10,18,18,291,5,35,-17.7,1.5,162.3,10.85,0.0,48.15,Overcast / Moderate,18.76,28.54,15.0,4.2
2025-10-18 19:00:00,2025,10,18,19,291,5,28,-19.0,1.6,70.6,4.66,0.0,45.46,Overcast / Moderate,18.76,0.0,43.28,12.12
2025-10-18 20:00:00,2025,10,18,20,291,5,29,-19.4,12.6,0.0,0.0,80.0,47.86,Overcast / Moderate,33.54,-32.14,0.0,0.0
2025-10-18 21:00:00,2025,10,18,21,291,5,34,-20.0,13.3,0.0,0.0,80.0,50.45,Overcast / Moderate,47.14,-29.55,0.0,0.0
2025-10-18 22:00:00,2025,10,18,22,291,5,31,-21.2,1.4,0.0,0.0,0.0,44.13,Overcast / Moderate,23.15,44.13,0.0,0.0
2025-10-18 23:00:00,2025,10,18,23,291,5,30,-19.7,8.4,0.0,0.0,17.28,47.53,Overcast / Moderate,19.73,6.31,23.94,6.7
2025-10-19 00:00:00,2025,10,19,0,292,6,29,-18.6,3.9,0.0,0.0,0.08,40.72,Overcast / Moderate,19.73,0.0,41.19,11.53
2025-10-19 01:00:00,2025,10,19,1,292,6,30,-18.5,10.9,0.0,0.0,54.11,44.32,Overcast / Moderate,24.23,-9.79,0.0,0.0
2025-10-19 02:00:00,2025,10,19,2,292,6,29,-18.6,15.8,0.0,0.0,80.0,46.79,High Wind Surge,39.51,-33.21,0.0,0.0
2025-10-19 03:00:00,2025,10,19,3,292,6,36,-19.3,10.4,0.0,0.0,44.47,49.99,Overcast / Moderate,36.51,5.52,0.0,0.0
2025-10-19 04:00:00,2025,10,19,4,292,6,31,-18.2,14.2,0.0,0.0,80.0,43.83,High Wind Surge,53.14,-36.17,0.0,0.0
2025-10-19 05:00:00,2025,10,19,5,292,6,31,-18.5,13.5,82.2,5.47,80.0,48.02,Overcast / Moderate,70.37,-37.45,0.0,0.0
2025-10-19 06:00:00,2025,10,19,6,292,6,33,-18.8,15.8,93.3,5.91,80.0,45.22,High Wind Surge,88.77,-40.0,0.0,0.0
2025-10-19 07:00:00,2025,10,19,7,292,6,33,-18.7,17.0,205.0,13.44,80.0,56.1,High Wind Surge,94.5,-12.46,0.0,0.0
2025-10-19 08:00:00,2025,10,19,8,292,6,33,-18.8,26.2,179.9,11.4,0.0,46.89,Blizzard / Extreme Storm,75.21,35.49,0.0,0.0
2025-10-19 09:00:00,2025,10,19,9,292,6,34,-18.4,22.1,130.2,8.01,80.0,48.07,Blizzard / Extreme Storm,93.42,-39.57,0.0,0.0
2025-10-19 10:00:00,2025,10,19,10,292,6,30,-18.5,24.2,243.7,15.44,80.0,49.68,Blizzard / Extreme Storm,94.87,-3.17,0.0,0.0
2025-10-19 11:00:00,2025,10,19,11,292,6,31,-17.5,27.2,149.0,9.12,0.0,45.72,Blizzard / Extreme Storm,74.98,36.6,0.0,0.0
2025-10-19 12:00:00,2025,10,19,12,292,6,33,-17.5,23.8,186.5,11.53,80.0,47.79,Blizzard / Extreme Storm,93.38,-40.0,0.0,0.0
2025-10-19 13:00:00,2025,10,19,13,292,6,30,-16.8,22.4,177.4,10.93,80.0,49.13,Blizzard / Extreme Storm,94.87,-3.24,0.0,0.0
2025-10-19 14:00:00,2025,10,19,14,292,6,31,-16.0,16.5,434.0,28.84,80.0,48.22,High Wind Surge,94.99,-0.26,0.0,0.0
2025-10-19 15:00:00,2025,10,19,15,292,6,32,-15.5,21.0,215.5,13.54,80.0,47.63,High Wind Surge,95.0,-0.02,0.0,0.0
2025-10-19 16:00:00,2025,10,19,16,292,6,33,-14.6,15.1,241.8,15.53,80.0,47.33,High Wind Surge,95.0,-0.0,0.0,0.0
2025-10-19 17:00:00,2025,10,19,17,292,6,28,-15.6,19.1,78.9,4.81,80.0,40.25,High Wind Surge,95.0,-0.0,0.0,0.0
2025-10-19 18:00:00,2025,10,19,18,292,6,33,-14.7,12.0,144.7,9.43,80.0,47.84,Overcast / Moderate,95.0,-0.0,0.0,0.0
2025-10-19 19:00:00,2025,10,19,19,292,6,31,-15.4,13.2,82.1,5.42,80.0,45.71,Overcast / Moderate,95.0,-0.0,0.0,0.0
2025-10-19 20:00:00,2025,10,19,20,292,6,33,-16.4,10.3,0.0,0.0,42.69,47.82,Overcast / Moderate,92.21,5.13,0.0,0.0
2025-10-19 21:00:00,2025,10,19,21,292,6,33,-17.3,7.4,0.0,0.0,9.35,45.44,Overcast / Moderate,72.6,36.09,0.0,0.0
2025-10-19 22:00:00,2025,10,19,22,292,6,35,-18.8,4.3,0.0,0.0,0.24,48.25,Overcast / Moderate,46.51,48.01,0.0,0.0
2025-10-19 23:00:00,2025,10,19,23,292,6,34,-19.3,4.3,0.0,0.0,0.24,48.11,Overcast / Moderate,20.49,47.87,0.0,0.0
2025-10-20 00:00:00,2025,10,20,0,293,0,34,-21.5,10.4,0.0,0.0,44.47,45.47,Overcast / Moderate,19.96,0.98,15.0,4.2
2025-10-20 01:00:00,2025,10,20,1,293,0,34,-22.3,0.9,0.0,0.0,0.0,49.43,Overcast / Moderate,19.96,0.0,49.52,13.86
2025-10-20 02:00:00,2025,10,20,2,293,0,32,-23.1,3.5,0.0,0.0,0.01,53.27,Overcast / Moderate,19.96,0.0,53.35,14.94
2025-10-20 03:00:00,2025,10,20,3,293,0,32,-22.4,7.3,0.0,0.0,8.73,48.98,Overcast / Moderate,19.96,0.0,40.34,11.29
2025-10-20 04:00:00,2025,10,20,4,293,0,33,-21.6,9.7,0.0,0.0,33.01,43.2,Overcast / Moderate,19.96,0.0,15.0,4.2
2025-10-20 05:00:00,2025,10,20,5,293,0,33,-22.1,5.1,91.3,6.17,1.02,47.19,Overcast / Moderate,19.96,0.0,40.09,11.22
2025-10-20 06:00:00,2025,10,20,6,293,0,31,-20.0,7.7,106.2,6.8,11.39,46.93,Overcast / Moderate,19.96,0.0,28.83,8.07
2025-10-20 07:00:00,2025,10,20,7,293,0,32,-19.6,6.8,223.9,14.83,6.02,56.08,Overcast / Moderate,19.96,0.0,35.32,9.89
2025-10-20 08:00:00,2025,10,20,8,293,0,31,-19.1,2.1,258.9,16.92,0.0,47.05,Overcast / Moderate,19.96,0.0,30.22,8.46
2025-10-20 09:00:00,2025,10,20,9,293,0,30,-18.5,7.4,378.2,25.21,9.35,48.91,Overcast / Moderate,19.96,0.0,15.0,4.2
2025-10-20 10:00:00,2025,10,20,10,293,0,34,-18.9,9.6,388.3,25.64,31.55,48.29,Overcast / Moderate,24.05,-8.9,0.0,0.0
2025-10-20 11:00:00,2025,10,20,11,293,0,32,-17.7,16.0,383.5,25.03,80.0,51.57,High Wind Surge,42.45,-40.0,0.0,0.0
2025-10-20 12:00:00,2025,10,20,12,293,0,36,-18.4,1.4,496.7,33.36,0.0,50.36,Clear Solar Day,33.21,17.0,0.0,0.0
2025-10-20 13:00:00,2025,10,20,13,293,0,28,-18.4,7.8,442.2,29.37,12.14,41.68,Clear Solar Day,33.12,0.17,0.0,0.0
2025-10-20 14:00:00,2025,10,20,14,293,0,30,-17.1,5.6,440.8,29.4,1.93,47.24,Clear Solar Day,24.47,15.91,0.0,0.0
2025-10-20 15:00:00,2025,10,20,15,293,0,32,-17.6,0.8,398.1,26.64,0.0,49.01,Overcast / Moderate,19.61,8.95,15.0,4.2
2025-10-20 16:00:00,2025,10,20,16,293,0,34,-18.1,7.3,314.0,20.89,8.73,51.33,Overcast / Moderate,19.61,0.0,22.49,6.3
2025-10-20 17:00:00,2025,10,20,17,293,0,32,-17.9,2.8,261.8,17.58,0.0,49.97,Overcast / Moderate,19.61,0.0,33.17,9.29
2025-10-20 18:00:00,2025,10,20,18,293,0,32,-18.7,5.3,154.3,10.21,1.34,51.76,Overcast / Moderate,19.61,0.0,40.99,11.48
2025-10-20 19:00:00,2025,10,20,19,293,0,29,-19.3,4.2,91.3,6.12,0.19,49.22,Overcast / Moderate,19.61,0.0,43.69,12.23
2025-10-20 20:00:00,2025,10,20,20,293,0,29,-19.5,5.1,0.0,0.0,1.02,49.89,Overcast / Moderate,19.61,0.0,49.65,13.9
2025-10-20 21:00:00,2025,10,20,21,293,0,32,-20.6,6.2,0.0,0.0,3.6,51.57,Overcast / Moderate,19.61,0.0,48.75,13.65
2025-10-20 22:00:00,2025,10,20,22,293,0,29,-21.8,5.1,0.0,0.0,1.02,46.5,Overcast / Moderate,19.61,0.0,46.26,12.95
2025-10-20 23:00:00,2025,10,20,23,293,0,30,-22.3,6.8,0.0,0.0,6.02,49.55,Overcast / Moderate,19.61,0.0,44.31,12.41
2025-10-21 00:00:00,2025,10,21,0,294,1,33,-22.4,4.0,0.0,0.0,0.11,50.96,Overcast / Moderate,19.61,0.0,51.63,14.46
2025-10-21 01:00:00,2025,10,21,1,294,1,30,-22.3,7.5,0.0,0.0,10.0,48.02,Overcast / Moderate,19.61,0.0,38.8,10.86
2025-10-21 02:00:00,2025,10,21,2,294,1,35,-23.5,12.6,0.0,0.0,80.0,48.86,Overcast / Moderate,33.94,-31.14,0.0,0.0
2025-10-21 03:00:00,2025,10,21,3,294,1,34,-22.8,8.6,0.0,0.0,19.27,46.65,Overcast / Moderate,19.05,27.38,0.0,0.0
2025-10-21 04:00:00,2025,10,21,4,294,1,28,-21.9,13.3,0.0,0.0,80.0,48.29,Overcast / Moderate,33.64,-31.71,0.0,0.0
2025-10-21 05:00:00,2025,10,21,5,294,1,30,-21.3,16.7,76.0,4.99,80.0,44.87,High Wind Surge,52.04,-40.0,0.0,0.0
2025-10-21 06:00:00,2025,10,21,6,294,1,27,-21.7,17.8,159.6,10.65,80.0,47.43,High Wind Surge,70.44,-40.0,0.0,0.0
2025-10-21 07:00:00,2025,10,21,7,294,1,30,-20.9,17.9,226.2,15.01,80.0,51.4,High Wind Surge,88.84,-40.0,0.0,0.0
2025-10-21 08:00:00,2025,10,21,8,294,1,33,-19.8,21.9,195.1,12.45,80.0,53.96,High Wind Surge,94.51,-12.32,0.0,0.0
2025-10-21 09:00:00,2025,10,21,9,294,1,31,-19.8,17.0,297.9,19.41,80.0,54.06,High Wind Surge,94.96,-0.99,0.0,0.0
2025-10-21 10:00:00,2025,10,21,10,294,1,32,-19.4,21.8,167.1,10.36,80.0,43.05,High Wind Surge,95.0,-0.08,0.0,0.0
2025-10-21 11:00:00,2025,10,21,11,294,1,28,-19.1,24.0,248.4,15.68,80.0,48.53,Blizzard / Extreme Storm,95.0,-0.01,0.0,0.0
2025-10-21 12:00:00,2025,10,21,12,294,1,33,-18.3,19.0,169.3,10.43,80.0,44.91,High Wind Surge,95.0,-0.0,0.0,0.0
2025-10-21 13:00:00,2025,10,21,13,294,1,30,-18.5,24.4,234.3,14.71,80.0,52.18,Blizzard / Extreme Storm,95.0,-0.0,0.0,0.0
2025-10-21 14:00:00,2025,10,21,14,294,1,32,-18.0,25.6,207.0,12.94,0.0,49.54,Blizzard / Extreme Storm,75.11,36.6,0.0,0.0
2025-10-21 15:00:00,2025,10,21,15,294,1,31,-17.4,26.3,168.5,10.46,0.0,51.68,Blizzard / Extreme Storm,52.71,41.22,0.0,0.0
2025-10-21 16:00:00,2025,10,21,16,294,1,29,-17.9,19.4,153.2,9.57,80.0,49.12,High Wind Surge,71.11,-40.0,0.0,0.0
2025-10-21 17:00:00,2025,10,21,17,294,1,29,-17.6,31.2,110.4,6.86,0.0,44.88,Blizzard / Extreme Storm,50.44,38.02,0.0,0.0
2025-10-21 18:00:00,2025,10,21,18,294,1,33,-17.6,21.5,71.4,4.42,80.0,47.22,High Wind Surge,67.56,-37.2,0.0,0.0
2025-10-21 19:00:00,2025,10,21,19,294,1,32,-17.9,17.9,56.5,3.58,80.0,49.18,High Wind Surge,83.38,-34.4,0.0,0.0
2025-10-21 20:00:00,2025,10,21,20,294,1,34,-18.8,15.1,0.0,0.0,80.0,52.31,High Wind Surge,94.07,-23.24,0.0,0.0
2025-10-21 21:00:00,2025,10,21,21,294,1,32,-19.0,15.9,0.0,0.0,80.0,50.49,High Wind Surge,94.93,-1.86,0.0,0.0
2025-10-21 22:00:00,2025,10,21,22,294,1,32,-17.5,17.7,0.0,0.0,80.0,45.4,High Wind Surge,94.99,-0.15,0.0,0.0
2025-10-21 23:00:00,2025,10,21,23,294,1,28,-20.1,11.1,0.0,0.0,58.32,45.15,Overcast / Moderate,95.0,-0.01,0.0,0.0
2025-10-22 00:00:00,2025,10,22,0,295,2,31,-19.8,10.1,0.0,0.0,39.28,49.29,Overcast / Moderate,89.56,10.01,0.0,0.0
2025-10-22 01:00:00,2025,10,22,1,295,2,31,-19.6,5.1,0.0,0.0,1.02,46.68,Overcast / Moderate,64.74,45.66,0.0,0.0
2025-10-22 02:00:00,2025,10,22,2,295,2,35,-20.2,5.3,0.0,0.0,1.34,47.74,Overcast / Moderate,39.53,46.4,0.0,0.0
2025-10-22 03:00:00,2025,10,22,3,295,2,33,-20.3,4.5,0.0,0.0,0.37,48.0,Overcast / Moderate,18.3,39.05,15.0,4.2
2025-10-22 04:00:00,2025,10,22,4,295,2,35,-20.9,8.3,0.0,0.0,16.34,47.1,Overcast / Moderate,18.3,0.0,34.16,9.56
2025-10-22 05:00:00,2025,10,22,5,295,2,33,-20.6,5.1,90.9,6.04,1.02,46.61,Overcast / Moderate,18.3,0.0,42.95,12.02
2025-10-22 06:00:00,2025,10,22,6,295,2,30,-19.7,3.6,158.3,10.46,0.02,47.38,Overcast / Moderate,18.3,0.0,40.3,11.28
2025-10-22 07:00:00,2025,10,22,7,295,2,32,-20.6,5.2,261.3,17.58,1.17,53.48,Overcast / Moderate,18.3,0.0,38.13,10.68
2025-10-22 08:00:00,2025,10,22,8,295,2,32,-20.7,10.2,281.5,18.57,40.96,53.82,Overcast / Moderate,20.93,-5.71,0.0,0.0
2025-10-22 09:00:00,2025,10,22,9,295,2,30,-20.8,8.6,408.9,27.61,19.27,50.51,Clear Solar Day,19.92,1.86,15.0,4.2
2025-10-22 10:00:00,2025,10,22,10,295,2,31,-19.6,4.9,238.5,15.09,0.75,50.75,Overcast / Moderate,19.92,0.0,35.07,9.82
2025-10-22 11:00:00,2025,10,22,11,295,2,31,-18.4,11.3,514.2,34.7,62.75,48.03,Clear Solar Day,38.32,-40.0,0.0,0.0
2025-10-22 12:00:00,2025,10,22,12,295,2,35,-18.9,2.2,413.7,27.19,0.0,53.27,Clear Solar Day,24.15,26.08,0.0,0.0
2025-10-22 13:00:00,2025,10,22,13,295,2,27,-16.8,1.8,372.5,24.14,0.0,44.6,Overcast / Moderate,19.64,8.29,15.0,4.2
2025-10-22 14:00:00,2025,10,22,14,295,2,34,-16.0,2.9,314.9,20.17,0.0,49.34,Overcast / Moderate,19.64,0.0,29.89,8.37
2025-10-22 15:00:00,2025,10,22,15,295,2,30,-16.4,2.8,343.7,22.48,0.0,49.9,Overcast / Moderate,19.64,0.0,28.14,7.88
2025-10-22 16:00:00,2025,10,22,16,295,2,29,-17.7,2.4,324.5,21.58,0.0,48.64,Overcast / Moderate,19.64,0.0,27.78,7.78
2025-10-22 17:00:00,2025,10,22,17,295,2,34,-16.9,7.8,160.1,10.17,12.14,50.21,Overcast / Moderate,19.64,0.0,28.62,8.01
2025-10-22 18:00:00,2025,10,22,18,295,2,33,-17.1,7.2,176.7,11.74,8.13,48.58,Overcast / Moderate,19.64,0.0,29.43,8.24
2025-10-22 19:00:00,2025,10,22,19,295,2,34,-17.3,7.7,108.7,7.31,11.39,45.13,Overcast / Moderate,19.64,0.0,27.15,7.6
2025-10-22 20:00:00,2025,10,22,20,295,2,33,-17.2,8.1,0.0,0.0,14.56,47.66,Overcast / Moderate,19.64,0.0,33.82,9.47
2025-10-22 21:00:00,2025,10,22,21,295,2,36,-17.4,8.8,0.0,0.0,21.41,50.64,Overcast / Moderate,19.64,0.0,29.95,8.39
2025-10-22 22:00:00,2025,10,22,22,295,2,33,-17.8,3.7,0.0,0.0,0.04,43.67,Overcast / Moderate,19.64,0.0,44.35,12.42
2025-10-22 23:00:00,2025,10,22,23,295,2,31,-19.7,7.4,0.0,0.0,9.35,47.6,Overcast / Moderate,19.64,0.0,38.97,10.91
2025-10-23 00:00:00,2025,10,23,0,296,3,32,-20.7,7.0,0.0,0.0,7.02,43.69,Overcast / Moderate,19.64,0.0,37.39,10.47
2025-10-23 01:00:00,2025,10,23,1,296,3,34,-19.6,12.4,0.0,0.0,80.0,42.11,Overcast / Moderate,37.07,-37.89,0.0,0.0
2025-10-23 02:00:00,2025,10,23,2,296,3,30,-19.8,4.0,0.0,0.0,0.11,47.99,Overcast / Moderate,18.52,34.14,15.0,4.2
2025-10-23 03:00:00,2025,10,23,3,296,3,30,-19.1,2.0,0.0,0.0,0.0,44.95,Overcast / Moderate,18.52,0.0,47.92,13.42
2025-10-23 04:00:00,2025,10,23,4,296,3,31,-19.5,7.7,29.8,1.98,11.39,47.1,Overcast / Moderate,18.52,0.0,36.7,10.28
2025-10-23 05:00:00,2025,10,23,5,296,3,27,-18.0,8.6,102.4,6.81,19.27,42.96,Overcast / Moderate,18.52,0.0,19.85,5.56
2025-10-23 06:00:00,2025,10,23,6,296,3,32,-16.6,4.4,200.8,13.5,0.3,45.69,Overcast / Moderate,18.52,0.0,34.86,9.76
2025-10-23 07:00:00,2025,10,23,7,296,3,28,-17.7,6.9,212.9,13.87,6.51,51.38,Overcast / Moderate,18.52,0.0,33.97,9.51
2025-10-23 08:00:00,2025,10,23,8,296,3,32,-16.7,2.0,366.5,24.63,0.0,52.19,Overcast / Moderate,18.52,0.0,30.53,8.55
2025-10-23 09:00:00,2025,10,23,9,296,3,33,-17.5,13.1,360.1,23.71,80.0,47.95,Overcast / Moderate,36.92,-40.0,0.0,0.0
2025-10-23 10:00:00,2025,10,23,10,296,3,31,-17.2,2.7,398.3,26.17,0.0,47.59,Overcast / Moderate,25.27,21.42,0.0,0.0
2025-10-23 11:00:00,2025,10,23,11,296,3,35,-18.2,2.1,503.9,33.86,0.0,51.21,Clear Solar Day,19.54,10.55,15.0,4.2
2025-10-23 12:00:00,2025,10,23,12,296,3,29,-18.8,1.7,518.6,34.93,0.0,53.83,Clear Solar Day,19.54,0.0,19.82,5.55
2025-10-23 13:00:00,2025,10,23,13,296,3,34,-19.3,5.7,408.4,26.87,2.16,48.38,Clear Solar Day,19.54,0.0,20.27,5.67
2025-10-23 14:00:00,2025,10,23,14,296,3,33,-20.4,2.5,350.3,22.91,0.0,48.88,Overcast / Moderate,19.54,0.0,26.89,7.53
2025-10-23 15:00:00,2025,10,23,15,296,3,28,-18.2,8.7,368.5,24.37,20.32,50.53,Overcast / Moderate,19.54,0.0,15.0,4.2
2025-10-23 16:00:00,2025,10,23,16,296,3,37,-16.5,11.1,237.9,15.26,58.32,48.54,Overcast / Moderate,31.06,-25.04,0.0,0.0
2025-10-23 17:00:00,2025,10,23,17,296,3,31,-16.0,4.2,252.2,16.66,0.19,49.39,Overcast / Moderate,19.04,22.12,15.0,4.2
2025-10-23 18:00:00,2025,10,23,18,296,3,30,-14.6,7.5,140.9,9.05,10.0,44.89,Overcast / Moderate,19.04,0.0,27.76,7.77
2025-10-23 19:00:00,2025,10,23,19,296,3,29,-14.4,1.7,104.7,6.92,0.0,46.73,Overcast / Moderate,19.04,0.0,41.73,11.69
2025-10-23 20:00:00,2025,10,23,20,296,3,31,-14.8,5.3,31.9,2.11,1.34,45.57,Overcast / Moderate,19.04,0.0,44.04,12.33
2025-10-23 21:00:00,2025,10,23,21,296,3,31,-17.8,4.5,0.0,0.0,0.37,46.58,Overcast / Moderate,19.04,0.0,48.13,13.48
2025-10-23 22:00:00,2025,10,23,22,296,3,32,-19.6,3.9,0.0,0.0,0.08,46.89,Overcast / Moderate,19.04,0.0,48.73,13.65
2025-10-23 23:00:00,2025,10,23,23,296,3,31,-20.6,7.6,0.0,0.0,10.68,44.03,Overcast / Moderate,19.04,0.0,35.27,9.88
2025-10-24 00:00:00,2025,10,24,0,297,4,33,-22.2,2.9,0.0,0.0,0.0,49.83,Overcast / Moderate,19.04,0.0,51.75,14.49
2025-10-24 01:00:00,2025,10,24,1,297,4,31,-23.5,10.4,0.0,0.0,44.47,48.65,Overcast / Moderate,19.04,0.0,15.0,4.2
2025-10-24 02:00:00,2025,10,24,2,297,4,28,-23.5,7.8,0.0,0.0,12.14,45.2,Overcast / Moderate,19.04,0.0,34.98,9.8
2025-10-24 03:00:00,2025,10,24,3,297,4,31,-22.2,8.3,0.0,0.0,16.34,49.01,Overcast / Moderate,19.04,0.0,34.59,9.69
2025-10-24 04:00:00,2025,10,24,4,297,4,27,-22.8,12.1,35.7,2.41,80.0,48.56,Overcast / Moderate,34.61,-33.85,0.0,0.0
2025-10-24 05:00:00,2025,10,24,5,297,4,32,-22.0,12.4,106.0,7.12,80.0,42.45,Overcast / Moderate,53.01,-40.0,0.0,0.0
2025-10-24 06:00:00,2025,10,24,6,297,4,30,-22.1,6.8,188.1,12.68,6.02,47.85,Overcast / Moderate,37.17,29.15,0.0,0.0
2025-10-24 07:00:00,2025,10,24,7,297,4,32,-21.6,6.3,256.6,17.2,3.94,52.32,Overcast / Moderate,20.22,31.18,0.0,0.0
2025-10-24 08:00:00,2025,10,24,8,297,4,34,-20.6,4.9,346.9,23.36,0.75,52.47,Overcast / Moderate,19.98,0.44,27.92,7.82
2025-10-24 09:00:00,2025,10,24,9,297,4,30,-21.0,8.4,276.8,17.91,17.28,46.6,Overcast / Moderate,19.98,0.0,15.0,4.2
2025-10-24 10:00:00,2025,10,24,10,297,4,34,-19.9,6.6,334.9,21.76,5.12,52.6,Overcast / Moderate,19.98,0.0,25.76,7.21
2025-10-24 11:00:00,2025,10,24,11,297,4,31,-19.6,12.0,389.6,25.5,80.0,51.73,Overcast / Moderate,38.38,-40.0,0.0,0.0
2025-10-24 12:00:00,2025,10,24,12,297,4,35,-19.2,4.0,357.9,23.17,0.11,49.19,Overcast / Moderate,24.3,25.91,0.0,0.0
2025-10-24 13:00:00,2025,10,24,13,297,4,31,-18.4,4.7,447.5,29.63,0.54,46.05,Clear Solar Day,19.63,8.6,15.0,4.2
2025-10-24 14:00:00,2025,10,24,14,297,4,30,-19.0,4.7,454.9,30.46,0.54,47.2,Clear Solar Day,19.63,0.0,16.95,4.75
2025-10-24 15:00:00,2025,10,24,15,297,4,33,-18.5,9.5,362.8,23.94,30.14,50.64,Overcast / Moderate,21.21,-3.44,0.0,0.0
2025-10-24 16:00:00,2025,10,24,16,297,4,31,-18.7,2.6,256.9,16.67,0.0,46.68,Overcast / Moderate,19.89,2.42,27.59,7.73
2025-10-24 17:00:00,2025,10,24,17,297,4,30,-18.2,5.9,198.4,12.83,2.68,45.67,Overcast / Moderate,19.89,0.0,30.37,8.5
2025-10-24 18:00:00,2025,10,24,18,297,4,31,-18.5,5.7,128.2,8.24,2.16,54.87,Overcast / Moderate,19.89,0.0,44.68,12.51
2025-10-24 19:00:00,2025,10,24,19,297,4,31,-19.1,2.2,82.8,5.38,0.0,50.06,Overcast / Moderate,19.89,0.0,44.89,12.57
2025-10-24 20:00:00,2025,10,24,20,297,4,34,-18.1,5.5,34.5,2.29,1.71,49.58,Overcast / Moderate,19.89,0.0,45.79,12.82
2025-10-24 21:00:00,2025,10,24,21,297,4,28,-18.4,6.4,0.0,0.0,4.31,46.83,Overcast / Moderate,19.89,0.0,42.73,11.96
2025-10-24 22:00:00,2025,10,24,22,297,4,32,-17.9,2.1,0.0,0.0,0.0,44.19,Overcast / Moderate,19.89,0.0,44.4,12.43
2025-10-24 23:00:00,2025,10,24,23,297,4,33,-18.2,6.4,0.0,0.0,4.31,50.19,Overcast / Moderate,19.89,0.0,46.09,12.91
2025-10-25 00:00:00,2025,10,25,0,298,5,32,-17.9,13.0,0.0,0.0,80.0,47.29,Overcast / Moderate,34.94,-32.71,0.0,0.0
2025-10-25 01:00:00,2025,10,25,1,298,5,34,-18.6,14.3,0.0,0.0,80.0,52.17,High Wind Surge,47.74,-27.83,0.0,0.0
2025-10-25 02:00:00,2025,10,25,2,298,5,31,-19.7,6.6,0.0,0.0,5.12,47.37,Overcast / Moderate,24.78,42.25,0.0,0.0
2025-10-25 03:00:00,2025,10,25,3,298,5,31,-20.6,6.4,0.0,0.0,4.31,44.67,Overcast / Moderate,19.58,9.56,30.8,8.62
2025-10-25 04:00:00,2025,10,25,4,298,5,33,-21.7,4.5,37.4,2.49,0.37,48.99,Overcast / Moderate,19.58,0.0,46.96,13.15
2025-10-25 05:00:00,2025,10,25,5,298,5,32,-22.9,17.4,92.8,6.13,80.0,50.37,High Wind Surge,36.03,-35.76,0.0,0.0
2025-10-25 06:00:00,2025,10,25,6,298,5,31,-21.9,4.4,171.9,11.43,0.3,49.57,Overcast / Moderate,18.61,32.07,15.0,4.2
2025-10-25 07:00:00,2025,10,25,7,298,5,33,-21.9,5.9,197.4,12.87,2.68,51.76,Overcast / Moderate,18.61,0.0,39.0,10.92
2025-10-25 08:00:00,2025,10,25,8,298,5,30,-22.3,0.5,352.3,23.83,0.0,56.63,Overcast / Moderate,18.61,0.0,35.59,9.96
2025-10-25 09:00:00,2025,10,25,9,298,5,30,-21.6,5.0,427.0,28.92,0.88,48.43,Clear Solar Day,18.61,0.0,21.42,6.0
2025-10-25 10:00:00,2025,10,25,10,298,5,30,-20.2,2.2,459.4,30.86,0.0,51.4,Clear Solar Day,18.61,0.0,23.33,6.53
2025-10-25 11:00:00,2025,10,25,11,298,5,34,-19.2,8.7,452.2,30.01,20.32,50.46,Clear Solar Day,18.61,0.0,15.0,4.2
2025-10-25 12:00:00,2025,10,25,12,298,5,25,-19.4,6.8,530.4,35.81,6.02,46.27,Clear Solar Day,18.61,0.0,15.0,4.2
2025-10-25 13:00:00,2025,10,25,13,298,5,32,-18.1,6.9,446.5,29.5,6.51,50.29,Clear Solar Day,18.61,0.0,17.07,4.78
2025-10-25 14:00:00,2025,10,25,14,298,5,32,-18.1,4.5,439.4,29.2,0.37,52.81,Clear Solar Day,18.61,0.0,26.03,7.29
2025-10-25 15:00:00,2025,10,25,15,298,5,28,-17.8,9.6,401.3,26.71,31.55,49.07,Clear Solar Day,22.83,-9.19,0.0,0.0
2025-10-25 16:00:00,2025,10,25,16,298,5,32,-17.4,0.5,269.7,17.5,0.0,49.83,Overcast / Moderate,19.75,5.67,26.66,7.47
2025-10-25 17:00:00,2025,10,25,17,298,5,32,-17.7,4.9,258.5,17.13,0.75,44.32,Overcast / Moderate,19.75,0.0,26.93,7.54
2025-10-25 18:00:00,2025,10,25,18,298,5,33,-17.9,7.8,202.2,13.56,12.14,52.17,Overcast / Moderate,19.75,0.0,26.96,7.55
2025-10-25 19:00:00,2025,10,25,19,298,5,26,-18.8,11.3,109.2,7.26,62.75,47.1,Overcast / Moderate,30.29,-22.91,0.0,0.0
2025-10-25 20:00:00,2025,10,25,20,298,5,34,-19.1,4.0,39.5,2.63,0.11,52.45,Overcast / Moderate,19.11,20.58,29.13,8.16
2025-10-25 21:00:00,2025,10,25,21,298,5,30,-19.4,6.7,0.0,0.0,5.56,52.25,Overcast / Moderate,19.11,0.0,48.48,13.57
2025-10-25 22:00:00,2025,10,25,22,298,5,33,-21.4,6.6,0.0,0.0,5.12,48.57,Overcast / Moderate,19.11,0.0,45.24,12.67
2025-10-25 23:00:00,2025,10,25,23,298,5,33,-22.2,10.6,0.0,0.0,48.17,43.69,Overcast / Moderate,21.17,-4.48,0.0,0.0
2025-10-26 00:00:00,2025,10,26,0,299,6,30,-23.3,1.8,0.0,0.0,0.0,52.42,Overcast / Moderate,19.9,2.33,50.09,14.02
2025-10-26 01:00:00,2025,10,26,1,299,6,33,-23.4,5.7,0.0,0.0,2.16,54.1,Overcast / Moderate,19.9,0.0,52.14,14.6
2025-10-26 02:00:00,2025,10,26,2,299,6,31,-24.1,3.5,0.0,0.0,0.01,51.72,Overcast / Moderate,19.9,0.0,51.91,14.54
2025-10-26 03:00:00,2025,10,26,3,299,6,27,-24.1,1.2,0.0,0.0,0.0,47.02,Overcast / Moderate,19.9,0.0,47.22,13.22
2025-10-26 04:00:00,2025,10,26,4,299,6,34,-23.9,3.1,46.9,3.18,0.0,53.25,Overcast / Moderate,19.9,0.0,50.27,14.08
2025-10-26 05:00:00,2025,10,26,5,299,6,30,-23.8,14.1,60.5,3.86,80.0,48.54,High Wind Surge,36.15,-35.32,0.0,0.0
2025-10-26 06:00:00,2025,10,26,6,299,6,30,-23.5,3.8,202.4,13.74,0.06,48.86,Overcast / Moderate,18.6,32.29,15.0,4.2
2025-10-26 07:00:00,2025,10,26,7,299,6,31,-23.7,12.1,183.2,11.91,80.0,56.52,Overcast / Moderate,34.88,-35.39,0.0,0.0
2025-10-26 08:00:00,2025,10,26,8,299,6,32,-21.5,3.7,279.9,18.4,0.04,53.84,Overcast / Moderate,18.71,29.75,15.0,4.2
2025-10-26 09:00:00,2025,10,26,9,299,6,31,-20.2,12.0,404.3,27.07,80.0,45.01,Clear Solar Day,37.11,-40.0,0.0,0.0
2025-10-26 10:00:00,2025,10,26,10,299,6,33,-18.6,7.7,446.9,29.76,11.39,50.91,Clear Solar Day,31.8,9.76,0.0,0.0
2025-10-26 11:00:00,2025,10,26,11,299,6,29,-17.9,2.7,512.1,34.34,0.0,51.44,Clear Solar Day,22.51,17.1,0.0,0.0
2025-10-26 12:00:00,2025,10,26,12,299,6,30,-18.1,7.0,539.3,36.32,7.02,45.57,Clear Solar Day,21.3,2.23,0.0,0.0
2025-10-26 13:00:00,2025,10,26,13,299,6,31,-17.3,4.8,413.6,27.02,0.64,51.17,Clear Solar Day,19.89,2.59,20.92,5.86
2025-10-26 14:00:00,2025,10,26,14,299,6,35,-17.9,5.3,346.3,22.41,1.34,46.38,Overcast / Moderate,19.89,0.0,22.86,6.4
2025-10-26 15:00:00,2025,10,26,15,299,6,31,-18.8,5.8,251.9,16.06,2.41,49.31,Overcast / Moderate,19.89,0.0,31.07,8.7
2025-10-26 16:00:00,2025,10,26,16,299,6,34,-20.2,5.6,275.3,18.01,1.93,53.29,Overcast / Moderate,19.89,0.0,33.58,9.4
2025-10-26 17:00:00,2025,10,26,17,299,6,32,-20.0,7.8,291.2,19.66,12.14,50.46,Overcast / Moderate,19.89,0.0,18.89,5.29
2025-10-26 18:00:00,2025,10,26,18,299,6,31,-20.0,9.0,79.2,4.93,23.7,53.69,Overcast / Moderate,19.89,0.0,25.29,7.08
2025-10-26 19:00:00,2025,10,26,19,299,6,31,-20.1,4.8,96.8,6.35,0.64,47.28,Overcast / Moderate,19.89,0.0,40.52,11.34
2025-10-26 20:00:00,2025,10,26,20,299,6,31,-20.1,11.8,45.3,3.03,74.78,52.86,Overcast / Moderate,31.36,-24.95,0.0,0.0
2025-10-26 21:00:00,2025,10,26,21,299,6,33,-19.7,12.2,0.0,0.0,80.0,51.35,Overcast / Moderate,44.54,-28.65,0.0,0.0
2025-10-26 22:00:00,2025,10,26,22,299,6,34,-20.4,1.6,0.0,0.0,0.0,45.42,Overcast / Moderate,19.86,45.42,0.0,0.0
2025-10-26 23:00:00,2025,10,26,23,299,6,32,-20.7,1.0,0.0,0.0,0.0,48.45,Overcast / Moderate,19.86,0.0,48.73,13.65
2025-10-27 00:00:00,2025,10,27,0,300,0,34,-21.4,5.7,0.0,0.0,2.16,48.13,Overcast / Moderate,19.86,0.0,46.25,12.95
2025-10-27 01:00:00,2025,10,27,1,300,0,30,-23.0,7.1,0.0,0.0,7.56,52.35,Overcast / Moderate,19.86,0.0,45.07,12.62
2025-10-27 02:00:00,2025,10,27,2,300,0,31,-24.0,4.4,0.0,0.0,0.3,51.07,Overcast / Moderate,19.86,0.0,51.05,14.29
2025-10-27 03:00:00,2025,10,27,3,300,0,30,-24.2,4.2,0.0,0.0,0.19,50.58,Overcast / Moderate,19.86,0.0,50.67,14.19
2025-10-27 04:00:00,2025,10,27,4,300,0,32,-23.7,8.0,42.2,2.8,13.72,47.92,Overcast / Moderate,19.86,0.0,31.68,8.87
2025-10-27 05:00:00,2025,10,27,5,300,0,31,-22.8,7.2,117.3,7.87,8.13,49.08,Overcast / Moderate,19.86,0.0,33.36,9.34
2025-10-27 06:00:00,2025,10,27,6,300,0,33,-21.8,3.3,183.3,12.21,0.0,46.95,Overcast / Moderate,19.86,0.0,35.02,9.81
2025-10-27 07:00:00,2025,10,27,7,300,0,30,-20.9,10.8,198.7,12.89,52.08,50.92,Overcast / Moderate,26.32,-14.05,0.0,0.0
2025-10-27 08:00:00,2025,10,27,8,300,0,32,-19.5,8.0,249.1,16.09,13.72,53.83,Overcast / Moderate,19.45,12.64,15.0,4.2
2025-10-27 09:00:00,2025,10,27,9,300,0,33,-19.3,5.1,374.4,24.76,1.02,50.2,Overcast / Moderate,19.45,0.0,25.52,7.15
2025-10-27 10:00:00,2025,10,27,10,300,0,27,-19.0,8.0,384.1,25.16,13.72,44.99,Overcast / Moderate,19.45,0.0,15.0,4.2
2025-10-27 11:00:00,2025,10,27,11,300,0,36,-18.3,2.7,371.2,24.04,0.0,52.44,Overcast / Moderate,19.45,0.0,29.5,8.26
2025-10-27 12:00:00,2025,10,27,12,300,0,31,-17.9,6.0,514.7,34.41,2.96,51.14,Clear Solar Day,19.45,0.0,15.0,4.2
2025-10-27 13:00:00,2025,10,27,13,300,0,27,-17.3,3.4,478.2,31.72,0.01,51.31,Clear Solar Day,19.45,0.0,20.68,5.79
2025-10-27 14:00:00,2025,10,27,14,300,0,32,-18.1,1.7,456.7,30.42,0.0,51.83,Clear Solar Day,19.45,0.0,22.51,6.3
2025-10-27 15:00:00,2025,10,27,15,300,0,32,-17.6,4.9,336.4,21.9,0.75,48.61,Overcast / Moderate,19.45,0.0,27.06,7.58
2025-10-27 16:00:00,2025,10,27,16,300,0,31,-16.7,3.2,265.3,17.11,0.0,48.92,Overcast / Moderate,19.45,0.0,32.91,9.21
2025-10-27 17:00:00,2025,10,27,17,300,0,33,-17.6,7.5,267.6,17.74,10.0,50.61,Overcast / Moderate,19.45,0.0,23.97,6.71
2025-10-27 18:00:00,2025,10,27,18,300,0,33,-18.3,7.9,184.4,12.18,12.91,51.25,Overcast / Moderate,19.45,0.0,27.26,7.63
2025-10-27 19:00:00,2025,10,27,19,300,0,32,-18.3,3.1,132.6,8.93,0.0,43.63,Overcast / Moderate,19.45,0.0,35.8,10.02
2025-10-27 20:00:00,2025,10,27,20,300,0,32,-17.8,1.3,36.7,2.36,0.0,48.01,Overcast / Moderate,19.45,0.0,46.75,13.09
2025-10-27 21:00:00,2025,10,27,21,300,0,31,-19.4,9.3,0.0,0.0,27.44,51.49,Overcast / Moderate,19.45,0.0,25.15,7.04
2025-10-27 22:00:00,2025,10,27,22,300,0,35,-21.2,0.4,0.0,0.0,0.0,51.12,Overcast / Moderate,19.45,0.0,52.22,14.62
2025-10-27 23:00:00,2025,10,27,23,300,0,29,-21.8,5.0,0.0,0.0,0.88,45.95,Overcast / Moderate,19.45,0.0,46.17,12.93
2025-10-28 00:00:00,2025,10,28,0,301,1,32,-23.0,6.3,0.0,0.0,3.94,48.04,Overcast / Moderate,19.45,0.0,45.2,12.66
2025-10-28 01:00:00,2025,10,28,1,301,1,32,-23.8,9.7,0.0,0.0,33.01,49.08,Overcast / Moderate,19.45,0.0,17.17,4.81
2025-10-28 02:00:00,2025,10,28,2,301,1,33,-24.9,10.0,0.0,0.0,37.64,50.38,Overcast / Moderate,19.45,0.0,15.0,4.2
2025-10-28 03:00:00,2025,10,28,3,301,1,30,-24.0,8.5,0.0,0.0,18.26,51.54,Overcast / Moderate,19.45,0.0,34.38,9.63
2025-10-28 04:00:00,2025,10,28,4,301,1,28,-23.4,4.1,38.8,2.53,0.15,46.68,Overcast / Moderate,19.45,0.0,45.1,12.63
2025-10-28 05:00:00,2025,10,28,5,301,1,32,-23.0,8.4,139.5,9.53,17.28,51.24,Overcast / Moderate,19.45,0.0,25.53,7.15
2025-10-28 06:00:00,2025,10,28,6,301,1,32,-22.1,4.1,179.4,11.91,0.15,51.95,Overcast / Moderate,19.45,0.0,40.99,11.48
2025-10-28 07:00:00,2025,10,28,7,301,1,34,-21.2,3.8,255.5,16.98,0.06,51.7,Overcast / Moderate,19.45,0.0,35.76,10.01
2025-10-28 08:00:00,2025,10,28,8,301,1,29,-19.2,6.7,246.3,15.87,5.56,48.38,Overcast / Moderate,19.45,0.0,28.05,7.85
2025-10-28 09:00:00,2025,10,28,9,301,1,34,-19.9,8.0,277.4,17.84,13.72,52.11,Overcast / Moderate,19.45,0.0,21.65,6.06
2025-10-28 10:00:00,2025,10,28,10,301,1,36,-19.0,1.9,460.7,30.76,0.0,50.26,Clear Solar Day,19.45,0.0,20.6,5.77
2025-10-28 11:00:00,2025,10,28,11,301,1,31,-17.4,2.0,387.0,25.09,0.0,48.58,Overcast / Moderate,19.45,0.0,24.59,6.89
2025-10-28 12:00:00,2025,10,28,12,301,1,29,-16.6,9.2,524.5,34.99,26.15,43.83,Clear Solar Day,27.41,-17.31,0.0,0.0
2025-10-28 13:00:00,2025,10,28,13,301,1,31,-16.7,10.3,424.9,27.75,42.69,50.41,Clear Solar Day,36.63,-20.03,0.0,0.0
2025-10-28 14:00:00,2025,10,28,14,301,1,32,-17.2,7.2,365.2,23.67,8.13,53.15,Overcast / Moderate,25.02,21.35,0.0,0.0
2025-10-28 15:00:00,2025,10,28,15,301,1,33,-16.4,5.7,404.4,26.74,2.16,47.06,Clear Solar Day,19.56,10.05,15.0,4.2
2025-10-28 16:00:00,2025,10,28,16,301,1,30,-17.5,10.1,264.8,17.09,39.28,44.41,Overcast / Moderate,25.06,-11.96,0.0,0.0
2025-10-28 17:00:00,2025,10,28,17,301,1,35,-18.6,8.5,276.2,18.39,18.26,53.39,Overcast / Moderate,19.56,10.13,15.0,4.2
2025-10-28 18:00:00,2025,10,28,18,301,1,29,-20.1,7.0,175.4,11.55,7.02,49.08,Overcast / Moderate,19.56,0.0,31.39,8.79
2025-10-28 19:00:00,2025,10,28,19,301,1,28,-20.8,4.8,103.5,6.79,0.64,48.64,Overcast / Moderate,19.56,0.0,42.09,11.79
2025-10-28 20:00:00,2025,10,28,20,301,1,34,-21.1,3.7,49.7,3.3,0.04,52.31,Overcast / Moderate,19.56,0.0,49.85,13.96
2025-10-28 21:00:00,2025,10,28,21,301,1,27,-21.9,5.6,0.0,0.0,1.93,47.73,Overcast / Moderate,19.56,0.0,46.68,13.07
2025-10-28 22:00:00,2025,10,28,22,301,1,31,-21.9,4.5,0.0,0.0,0.37,49.24,Overcast / Moderate,19.56,0.0,49.75,13.93
2025-10-28 23:00:00,2025,10,28,23,301,1,38,-22.7,4.9,0.0,0.0,0.75,46.97,Overcast / Moderate,19.56,0.0,47.1,13.19
2025-10-29 00:00:00,2025,10,29,0,302,2,31,-22.6,6.4,0.0,0.0,4.31,45.6,Overcast / Moderate,19.56,0.0,42.17,11.81
2025-10-29 01:00:00,2025,10,29,1,302,2,29,-23.5,3.4,0.0,0.0,0.01,45.82,Overcast / Moderate,19.56,0.0,46.69,13.07
2025-10-29 02:00:00,2025,10,29,2,302,2,31,-24.4,9.5,0.0,0.0,30.14,50.32,Overcast / Moderate,19.56,0.0,21.06,5.9
2025-10-29 03:00:00,2025,10,29,3,302,2,31,-24.5,3.1,0.0,0.0,0.0,45.45,Overcast / Moderate,19.56,0.0,46.33,12.97
2025-10-29 04:00:00,2025,10,29,4,302,2,32,-24.8,6.1,58.6,3.97,3.27,55.65,Overcast / Moderate,19.56,0.0,49.29,13.8
2025-10-29 05:00:00,2025,10,29,5,302,2,33,-24.8,8.7,67.3,4.3,20.32,49.7,Overcast / Moderate,19.56,0.0,25.96,7.27
2025-10-29 06:00:00,2025,10,29,6,302,2,29,-23.7,6.2,226.2,15.45,3.6,43.67,Overcast / Moderate,19.56,0.0,25.5,7.14
2025-10-29 07:00:00,2025,10,29,7,302,2,35,-22.8,5.1,298.4,20.24,1.02,51.58,Overcast / Moderate,19.56,0.0,31.2,8.74
2025-10-29 08:00:00,2025,10,29,8,302,2,32,-22.6,6.1,280.0,18.39,3.27,54.54,Overcast / Moderate,19.56,0.0,33.76,9.45
2025-10-29 09:00:00,2025,10,29,9,302,2,33,-21.6,10.2,416.8,28.01,40.96,56.01,Clear Solar Day,25.52,-12.96,0.0,0.0
2025-10-29 10:00:00,2025,10,29,10,302,2,30,-19.6,15.6,494.4,33.31,80.0,50.51,High Wind Surge,43.92,-40.0,0.0,0.0
2025-10-29 11:00:00,2025,10,29,11,302,2,34,-19.6,7.5,556.6,37.77,10.0,51.7,Clear Solar Day,41.79,3.93,0.0,0.0
2025-10-29 12:00:00,2025,10,29,12,302,2,31,-19.0,9.3,433.7,28.47,27.44,46.17,Clear Solar Day,46.27,-9.74,0.0,0.0
2025-10-29 13:00:00,2025,10,29,13,302,2,32,-18.0,1.0,409.1,26.68,0.0,53.32,Clear Solar Day,31.79,26.64,0.0,0.0
2025-10-29 14:00:00,2025,10,29,14,302,2,30,-17.1,10.7,468.9,31.18,50.1,49.61,Clear Solar Day,46.36,-31.67,0.0,0.0
2025-10-29 15:00:00,2025,10,29,15,302,2,30,-17.2,12.8,399.2,26.39,80.0,49.1,Overcast / Moderate,64.76,-40.0,0.0,0.0
2025-10-29 16:00:00,2025,10,29,16,302,2,33,-18.4,7.0,268.3,17.36,7.02,50.28,Overcast / Moderate,50.68,25.9,0.0,0.0
2025-10-29 17:00:00,2025,10,29,17,302,2,31,-18.6,8.8,268.3,17.77,21.41,51.02,Overcast / Moderate,44.24,11.84,0.0,0.0
2025-10-29 18:00:00,2025,10,29,18,302,2,30,-19.1,6.4,214.6,14.39,4.31,47.72,Overcast / Moderate,28.47,29.02,0.0,0.0
2025-10-29 19:00:00,2025,10,29,19,302,2,30,-18.8,4.5,104.1,6.78,0.37,51.85,Overcast / Moderate,19.26,16.95,27.75,7.77
2025-10-29 20:00:00,2025,10,29,20,302,2,33,-20.1,10.2,39.3,2.53,40.96,53.52,Overcast / Moderate,19.26,0.0,15.0,4.2
2025-10-29 21:00:00,2025,10,29,21,302,2,30,-20.2,7.2,0.0,0.0,8.13,50.3,Overcast / Moderate,19.26,0.0,43.64,12.22
2025-10-29 22:00:00,2025,10,29,22,302,2,31,-20.5,7.0,0.0,0.0,7.02,46.31,Overcast / Moderate,19.26,0.0,40.76,11.41
2025-10-29 23:00:00,2025,10,29,23,302,2,32,-20.8,7.8,0.0,0.0,12.14,42.03,Overcast / Moderate,19.26,0.0,31.36,8.78
2025-10-30 00:00:00,2025,10,30,0,303,3,28,-20.7,10.3,0.0,0.0,42.69,42.17,Overcast / Moderate,19.5,-0.52,0.0,0.0
2025-10-30 01:00:00,2025,10,30,1,303,3,29,-21.7,8.5,0.0,0.0,18.26,48.83,Overcast / Moderate,19.5,0.0,31.57,8.84
2025-10-30 02:00:00,2025,10,30,2,303,3,32,-22.5,3.8,0.0,0.0,0.06,50.96,Overcast / Moderate,19.5,0.0,51.9,14.53
2025-10-30 03:00:00,2025,10,30,3,303,3,30,-23.5,6.0,0.0,0.0,2.96,51.7,Overcast / Moderate,19.5,0.0,49.74,13.93
2025-10-30 04:00:00,2025,10,30,4,303,3,34,-22.6,14.4,53.1,3.51,80.0,45.84,High Wind Surge,36.83,-37.67,0.0,0.0
2025-10-30 05:00:00,2025,10,30,5,303,3,33,-22.4,6.8,139.8,9.45,6.02,54.57,Overcast / Moderate,18.54,33.66,15.0,4.2
2025-10-30 06:00:00,2025,10,30,6,303,3,33,-23.7,12.2,188.7,12.59,80.0,52.32,Overcast / Moderate,36.94,-40.0,0.0,0.0
2025-10-30 07:00:00,2025,10,30,7,303,3,35,-24.2,9.6,285.2,19.28,31.55,53.85,Overcast / Moderate,35.3,3.02,0.0,0.0
2025-10-30 08:00:00,2025,10,30,8,303,3,31,-22.5,7.8,349.6,23.47,12.14,53.03,Overcast / Moderate,25.83,17.42,0.0,0.0
2025-10-30 09:00:00,2025,10,30,9,303,3,33,-21.0,5.0,312.6,20.34,0.88,47.95,Overcast / Moderate,19.49,11.66,15.07,4.22
2025-10-30 10:00:00,2025,10,30,10,303,3,30,-21.2,4.6,340.7,22.14,0.45,49.76,Overcast / Moderate,19.49,0.0,28.18,7.89
2025-10-30 11:00:00,2025,10,30,11,303,3,36,-19.2,7.6,482.3,32.09,10.68,53.23,Clear Solar Day,19.49,0.0,15.0,4.2
2025-10-30 12:00:00,2025,10,30,12,303,3,35,-17.6,5.7,292.2,18.46,2.16,50.49,Overcast / Moderate,19.49,0.0,30.88,8.65
2025-10-30 13:00:00,2025,10,30,13,303,3,32,-16.8,9.4,476.3,31.45,28.77,53.05,Clear Solar Day,22.79,-7.17,0.0,0.0
2025-10-30 14:00:00,2025,10,30,14,303,3,32,-17.4,8.9,494.3,33.07,22.54,45.44,Clear Solar Day,27.47,-10.17,0.0,0.0
2025-10-30 15:00:00,2025,10,30,15,303,3,34,-18.4,4.7,335.7,21.84,0.54,50.29,Overcast / Moderate,19.35,14.94,15.0,4.2
2025-10-30 16:00:00,2025,10,30,16,303,3,31,-18.2,8.2,270.1,17.46,15.43,46.56,Overcast / Moderate,19.35,0.0,15.0,4.2
2025-10-30 17:00:00,2025,10,30,17,303,3,30,-20.1,6.3,236.8,15.52,3.94,54.31,Overcast / Moderate,19.35,0.0,36.15,10.12
2025-10-30 18:00:00,2025,10,30,18,303,3,33,-19.9,4.8,198.6,13.19,0.64,52.03,Overcast / Moderate,19.35,0.0,39.5,11.06
2025-10-30 19:00:00,2025,10,30,19,303,3,32,-19.3,5.6,119.6,7.88,1.93,50.59,Overcast / Moderate,19.35,0.0,42.08,11.78
2025-10-30 20:00:00,2025,10,30,20,303,3,32,-19.0,11.1,54.1,3.55,58.32,50.01,Overcast / Moderate,24.81,-11.86,0.0,0.0
2025-10-30 21:00:00,2025,10,30,21,303,3,30,-19.7,5.1,0.0,0.0,1.02,47.98,Overcast / Moderate,19.58,9.61,37.35,10.46
2025-10-30 22:00:00,2025,10,30,22,303,3,28,-20.9,4.5,0.0,0.0,0.37,49.64,Overcast / Moderate,19.58,0.0,50.11,14.03
2025-10-30 23:00:00,2025,10,30,23,303,3,32,-20.5,5.0,0.0,0.0,0.88,47.63,Overcast / Moderate,19.58,0.0,47.59,13.32
2025-10-31 00:00:00,2025,10,31,0,304,4,33,-22.3,3.8,0.0,0.0,0.06,49.38,Overcast / Moderate,19.58,0.0,50.16,14.04
2025-10-31 01:00:00,2025,10,31,1,304,4,31,-23.0,6.7,0.0,0.0,5.56,50.32,Overcast / Moderate,19.58,0.0,45.6,12.77
2025-10-31 02:00:00,2025,10,31,2,304,4,34,-23.4,3.1,0.0,0.0,0.0,47.65,Overcast / Moderate,19.58,0.0,48.49,13.58
2025-10-31 03:00:00,2025,10,31,3,304,4,30,-22.9,9.7,0.0,0.0,33.01,53.56,Overcast / Moderate,19.58,0.0,21.39,5.99
2025-10-31 04:00:00,2025,10,31,4,304,4,29,-22.9,3.9,57.4,3.8,0.08,52.29,Overcast / Moderate,19.58,0.0,49.25,13.79
2025-10-31 05:00:00,2025,10,31,5,304,4,31,-23.6,7.2,140.5,9.5,8.13,49.22,Overcast / Moderate,19.58,0.0,32.43,9.08
2025-10-31 06:00:00,2025,10,31,6,304,4,31,-22.8,2.9,194.2,12.94,0.0,47.96,Overcast / Moderate,19.58,0.0,35.86,10.04
2025-10-31 07:00:00,2025,10,31,7,304,4,33,-22.5,14.2,272.1,18.18,80.0,54.91,High Wind Surge,37.98,-40.0,0.0,0.0
2025-10-31 08:00:00,2025,10,31,8,304,4,30,-22.7,5.9,374.6,25.34,2.68,55.23,Overcast / Moderate,23.19,27.21,0.0,0.0
2025-10-31 09:00:00,2025,10,31,9,304,4,34,-22.3,9.7,444.3,30.08,33.01,57.89,Clear Solar Day,25.59,-5.2,0.0,0.0
2025-10-31 10:00:00,2025,10,31,10,304,4,35,-21.3,9.0,251.3,15.94,23.7,54.72,Overcast / Moderate,19.51,11.17,15.0,4.2
2025-10-31 11:00:00,2025,10,31,11,304,4,31,-20.3,8.3,255.0,16.09,16.34,51.31,Overcast / Moderate,19.51,0.0,19.85,5.56
2025-10-31 12:00:00,2025,10,31,12,304,4,34,-20.4,9.8,388.4,25.28,34.51,52.43,Overcast / Moderate,22.9,-7.36,0.0,0.0
2025-10-31 13:00:00,2025,10,31,13,304,4,29,-21.4,2.6,417.3,27.48,0.0,46.4,Clear Solar Day,19.75,5.8,15.0,4.2
2025-10-31 14:00:00,2025,10,31,14,304,4,34,-20.2,8.0,446.1,29.68,13.72,50.86,Clear Solar Day,19.75,0.0,15.0,4.2
2025-10-31 15:00:00,2025,10,31,15,304,4,34,-20.8,4.3,456.3,30.87,0.24,53.29,Clear Solar Day,19.75,0.0,22.68,6.35
2025-10-31 16:00:00,2025,10,31,16,304,4,33,-20.0,9.2,343.2,22.82,26.15,45.8,Overcast / Moderate,21.21,-3.17,0.0,0.0
2025-10-31 17:00:00,2025,10,31,17,304,4,31,-20.7,12.9,232.5,15.21,80.0,51.72,Overcast / Moderate,39.61,-40.0,0.0,0.0
2025-10-31 18:00:00,2025,10,31,18,304,4,26,-21.3,11.2,179.0,11.78,60.51,47.96,Overcast / Moderate,50.8,-24.33,0.0,0.0
2025-10-31 19:00:00,2025,10,31,19,304,4,30,-21.3,2.8,138.4,9.29,0.0,55.32,Overcast / Moderate,25.78,46.03,0.0,0.0
2025-10-31 20:00:00,2025,10,31,20,304,4,30,-22.0,5.2,47.2,3.06,1.17,51.19,Overcast / Moderate,19.5,11.56,35.4,9.91
2025-10-31 21:00:00,2025,10,31,21,304,4,30,-22.0,5.1,0.0,0.0,1.02,51.24,Overcast / Moderate,19.5,0.0,51.23,14.34
2025-10-31 22:00:00,2025,10,31,22,304,4,32,-23.3,2.8,0.0,0.0,0.0,48.96,Overcast / Moderate,19.5,0.0,49.97,13.99
2025-10-31 23:00:00,2025,10,31,23,304,4,31,-23.4,2.5,0.0,0.0,0.0,49.15,Overcast / Moderate,19.5,0.0,50.16,14.04
2025-11-01 00:00:00,2025,11,1,0,305,5,42,-23.2,5.3,0.0,0.0,1.34,53.34,Overcast / Moderate,19.5,0.0,53.01,14.84
2025-11-01 01:00:00,2025,11,1,1,305,5,41,-23.9,15.9,0.0,0.0,80.0,50.81,High Wind Surge,32.92,-29.19,0.0,0.0
2025-11-01 02:00:00,2025,11,1,2,305,5,42,-24.6,6.9,0.0,0.0,6.51,52.47,Overcast / Moderate,18.88,25.85,20.11,5.63
2025-11-01 03:00:00,2025,11,1,3,305,5,48,-23.7,7.4,0.0,0.0,9.35,55.01,Overcast / Moderate,18.88,0.0,47.91,13.41
2025-11-01 04:00:00,2025,11,1,4,305,5,43,-22.7,6.0,47.9,3.1,2.96,51.22,Overcast / Moderate,18.88,0.0,47.41,13.27
2025-11-01 05:00:00,2025,11,1,5,305,5,43,-24.2,7.8,129.8,8.68,12.14,53.96,Overcast / Moderate,18.88,0.0,35.39,9.91
2025-11-01 06:00:00,2025,11,1,6,305,5,43,-23.1,12.9,189.6,12.58,80.0,50.38,Overcast / Moderate,37.28,-40.0,0.0,0.0
2025-11-01 07:00:00,2025,11,1,7,305,5,46,-22.0,7.1,307.3,20.76,7.56,58.32,Overcast / Moderate,20.97,30.0,0.0,0.0
2025-11-01 08:00:00,2025,11,1,8,305,5,46,-20.8,2.1,306.2,20.13,0.0,59.82,Overcast / Moderate,19.92,1.94,37.75,10.57
2025-11-01 09:00:00,2025,11,1,9,305,5,35,-21.4,6.2,361.4,23.83,3.6,54.69,Overcast / Moderate,19.92,0.0,27.43,7.68
2025-11-01 10:00:00,2025,11,1,10,305,5,48,-22.8,16.0,303.4,19.58,80.0,54.06,High Wind Surge,38.32,-40.0,0.0,0.0
2025-11-01 11:00:00,2025,11,1,11,305,5,49,-20.7,5.3,484.2,32.31,1.34,58.9,Clear Solar Day,24.59,25.25,0.0,0.0
2025-11-01 12:00:00,2025,11,1,12,305,5,41,-21.4,7.1,510.8,34.28,7.56,52.38,Clear Solar Day,19.6,9.19,15.0,4.2
2025-11-01 13:00:00,2025,11,1,13,305,5,42,-21.9,2.7,548.5,37.27,0.0,53.67,Clear Solar Day,19.6,0.0,17.2,4.82
2025-11-01 14:00:00,2025,11,1,14,305,5,43,-22.9,3.1,440.5,29.45,0.0,58.31,Clear Solar Day,19.6,0.0,29.66,8.3
2025-11-01 15:00:00,2025,11,1,15,305,5,42,-22.1,10.6,463.5,31.49,48.17,53.71,Clear Solar Day,31.54,-25.95,0.0,0.0
2025-11-01 16:00:00,2025,11,1,16,305,5,45,-21.0,4.6,368.8,24.76,0.45,53.58,Overcast / Moderate,19.0,23.08,15.0,4.2
2025-11-01 17:00:00,2025,11,1,17,305,5,39,-21.0,4.6,306.4,20.64,0.45,54.26,Overcast / Moderate,19.0,0.0,35.18,9.85
2025-11-01 18:00:00,2025,11,1,18,305,5,41,-20.4,5.3,236.4,15.98,1.34,52.98,Overcast / Moderate,19.0,0.0,37.67,10.55
2025-11-01 19:00:00,2025,11,1,19,305,5,49,-20.2,13.4,120.3,7.9,80.0,53.06,Overcast / Moderate,35.02,-34.84,0.0,0.0
2025-11-01 20:00:00,2025,11,1,20,305,5,42,-20.0,2.4,58.1,3.8,0.0,55.95,Overcast / Moderate,18.69,30.05,22.1,6.19
2025-11-01 21:00:00,2025,11,1,21,305,5,48,-21.2,9.7,0.0,0.0,33.01,60.0,Overcast / Moderate,18.69,0.0,29.6,8.29
2025-11-01 22:00:00,2025,11,1,22,305,5,46,-22.1,5.0,0.0,0.0,0.88,53.65,Overcast / Moderate,18.69,0.0,55.38,15.51
2025-11-01 23:00:00,2025,11,1,23,305,5,39,-23.7,10.2,0.0,0.0,40.96,48.85,Overcast / Moderate,18.69,0.0,15.0,4.2
2025-11-02 00:00:00,2025,11,2,0,306,6,46,-24.4,15.8,0.0,0.0,80.0,54.14,High Wind Surge,30.59,-25.86,0.0,0.0
2025-11-02 01:00:00,2025,11,2,1,306,6,44,-24.0,5.0,0.0,0.0,0.88,51.15,Overcast / Moderate,19.08,21.18,29.09,8.15
2025-11-02 02:00:00,2025,11,2,2,306,6,43,-24.7,2.9,0.0,0.0,0.0,49.53,Overcast / Moderate,19.08,0.0,51.37,14.38
2025-11-02 03:00:00,2025,11,2,3,306,6,45,-23.9,3.1,0.0,0.0,0.0,50.66,Overcast / Moderate,19.08,0.0,52.5,14.7
2025-11-02 04:00:00,2025,11,2,4,306,6,46,-23.7,8.9,50.5,3.27,22.54,45.54,Overcast / Moderate,19.08,0.0,21.57,6.04
2025-11-02 05:00:00,2025,11,2,5,306,6,47,-22.8,3.1,86.1,5.52,0.0,49.48,Overcast / Moderate,19.08,0.0,45.8,12.82
2025-11-02 06:00:00,2025,11,2,6,306,6,48,-23.8,4.2,179.0,11.81,0.19,49.42,Overcast / Moderate,19.08,0.0,39.26,10.99
2025-11-02 07:00:00,2025,11,2,7,306,6,46,-25.0,3.7,277.3,18.63,0.04,60.2,Overcast / Moderate,19.08,0.0,43.37,12.14
2025-11-02 08:00:00,2025,11,2,8,306,6,40,-24.0,5.1,365.5,24.67,1.02,57.6,Overcast / Moderate,19.08,0.0,33.75,9.45
2025-11-02 09:00:00,2025,11,2,9,306,6,43,-23.7,2.2,335.7,22.09,0.0,53.46,Overcast / Moderate,19.08,0.0,33.21,9.3
2025-11-02 10:00:00,2025,11,2,10,306,6,53,-23.6,10.3,407.1,27.02,42.69,63.14,Clear Solar Day,22.1,-6.57,0.0,0.0
2025-11-02 11:00:00,2025,11,2,11,306,6,47,-22.2,10.4,519.5,35.06,44.47,56.42,Clear Solar Day,32.73,-23.11,0.0,0.0
2025-11-02 12:00:00,2025,11,2,12,306,6,52,-20.2,5.6,528.3,35.45,1.93,55.5,Clear Solar Day,22.88,18.12,0.0,0.0
2025-11-02 13:00:00,2025,11,2,13,306,6,49,-19.3,7.3,465.0,30.75,8.73,51.99,Clear Solar Day,19.75,5.77,15.0,4.2
2025-11-02 14:00:00,2025,11,2,14,306,6,45,-19.1,7.6,266.0,16.83,10.68,52.92,Overcast / Moderate,19.75,0.0,25.91,7.26
2025-11-02 15:00:00,2025,11,2,15,306,6,45,-17.9,8.8,389.5,25.62,21.41,53.68,Overcast / Moderate,19.75,0.0,15.0,4.2
2025-11-02 16:00:00,2025,11,2,16,306,6,44,-18.2,6.5,375.0,25.01,4.71,56.39,Overcast / Moderate,19.75,0.0,27.17,7.61
2025-11-02 17:00:00,2025,11,2,17,306,6,39,-19.1,6.4,284.7,18.89,4.31,52.58,Overcast / Moderate,19.75,0.0,29.88,8.37
2025-11-02 18:00:00,2025,11,2,18,306,6,45,-20.0,7.5,186.4,12.23,10.0,54.81,Overcast / Moderate,19.75,0.0,33.08,9.26
2025-11-02 19:00:00,2025,11,2,19,306,6,48,-19.5,8.2,152.3,10.21,15.43,57.72,Overcast / Moderate,19.75,0.0,32.58,9.12
2025-11-02 20:00:00,2025,11,2,20,306,6,43,-19.2,5.0,44.9,2.85,0.88,54.66,Overcast / Moderate,19.75,0.0,51.43,14.4
2025-11-02 21:00:00,2025,11,2,21,306,6,46,-21.5,4.9,0.0,0.0,0.75,53.31,Overcast / Moderate,19.75,0.0,53.06,14.86
2025-11-02 22:00:00,2025,11,2,22,306,6,47,-20.7,4.3,0.0,0.0,0.24,49.46,Overcast / Moderate,19.75,0.0,49.72,13.92
2025-11-02 23:00:00,2025,11,2,23,306,6,42,-20.4,6.7,0.0,0.0,5.56,47.82,Overcast / Moderate,19.75,0.0,42.76,11.97
2025-11-03 00:00:00,2025,11,3,0,307,0,43,-20.7,5.1,0.0,0.0,1.02,49.32,Overcast / Moderate,19.75,0.0,48.8,13.66
2025-11-03 01:00:00,2025,11,3,1,307,0,41,-21.1,6.7,0.0,0.0,5.56,48.38,Overcast / Moderate,19.75,0.0,43.32,12.13
2025-11-03 02:00:00,2025,11,3,2,307,0,42,-22.5,5.5,0.0,0.0,1.71,48.82,Overcast / Moderate,19.75,0.0,47.61,13.33
2025-11-03 03:00:00,2025,11,3,3,307,0,41,-22.5,10.0,0.0,0.0,37.64,54.28,Overcast / Moderate,19.75,0.0,17.14,4.8
2025-11-03 04:00:00,2025,11,3,4,307,0,42,-23.2,2.2,70.5,4.68,0.0,51.25,Overcast / Moderate,19.75,0.0,47.07,13.18
2025-11-03 05:00:00,2025,11,3,5,307,0,49,-23.9,6.9,169.5,11.62,6.51,54.57,Overcast / Moderate,19.75,0.0,36.94,10.34
2025-11-03 06:00:00,2025,11,3,6,307,0,42,-22.9,7.0,218.5,14.66,7.02,50.84,Overcast / Moderate,19.75,0.0,29.66,8.31
2025-11-03 07:00:00,2025,11,3,7,307,0,45,-23.0,5.3,301.6,20.32,1.34,59.89,Overcast / Moderate,19.75,0.0,38.73,10.84
2025-11-03 08:00:00,2025,11,3,8,307,0,43,-21.3,5.6,319.6,21.09,1.93,55.65,Overcast / Moderate,19.75,0.0,33.13,9.28
2025-11-03 09:00:00,2025,11,3,9,307,0,48,-19.8,9.4,405.0,26.86,28.77,58.92,Clear Solar Day,19.75,0.0,15.0,4.2
2025-11-03 10:00:00,2025,11,3,10,307,0,48,-18.6,4.4,516.2,34.7,0.3,48.41,Clear Solar Day,19.75,0.0,15.0,4.2
2025-11-03 11:00:00,2025,11,3,11,307,0,47,-18.8,10.6,522.8,34.96,48.17,55.64,Clear Solar Day,32.39,-27.49,0.0,0.0
2025-11-03 12:00:00,2025,11,3,12,307,0,45,-19.4,11.1,528.2,35.34,58.32,55.8,Clear Solar Day,49.81,-37.86,0.0,0.0
2025-11-03 13:00:00,2025,11,3,13,307,0,44,-19.4,7.7,519.6,34.78,11.39,55.56,Clear Solar Day,44.71,9.39,0.0,0.0
2025-11-03 14:00:00,2025,11,3,14,307,0,41,-19.4,9.0,517.5,34.87,23.7,51.05,Clear Solar Day,48.17,-7.52,0.0,0.0
2025-11-03 15:00:00,2025,11,3,15,307,0,50,-20.9,7.3,347.3,22.74,8.73,56.2,Overcast / Moderate,34.73,24.73,0.0,0.0
2025-11-03 16:00:00,2025,11,3,16,307,0,42,-21.0,6.5,271.5,17.62,4.71,52.7,Overcast / Moderate,18.72,29.45,15.0,4.2
2025-11-03 17:00:00,2025,11,3,17,307,0,46,-21.5,13.4,312.5,21.06,80.0,58.29,Overcast / Moderate,37.12,-40.0,0.0,0.0
2025-11-03 18:00:00,2025,11,3,18,307,0,48,-20.9,4.4,243.0,16.43,0.3,59.58,Overcast / Moderate,18.51,34.24,15.0,4.2
2025-11-03 19:00:00,2025,11,3,19,307,0,43,-20.9,3.2,145.7,9.73,0.0,51.47,Overcast / Moderate,18.51,0.0,44.72,12.52
2025-11-03 20:00:00,2025,11,3,20,307,0,48,-21.1,4.5,83.1,5.59,0.37,57.98,Overcast / Moderate,18.51,0.0,55.0,15.4
2025-11-03 21:00:00,2025,11,3,21,307,0,47,-20.3,10.3,0.0,0.0,42.69,54.36,Overcast / Moderate,18.51,0.0,15.0,4.2
2025-11-03 22:00:00,2025,11,3,22,307,0,50,-20.5,9.4,0.0,0.0,28.77,55.41,Overcast / Moderate,18.51,0.0,29.62,8.29
2025-11-03 23:00:00,2025,11,3,23,307,0,43,-19.6,19.9,0.0,0.0,80.0,50.28,High Wind Surge,32.18,-29.72,0.0,0.0
2025-11-04 00:00:00,2025,11,4,0,308,1,41,-20.6,16.6,0.0,0.0,80.0,48.32,High Wind Surge,46.76,-31.68,0.0,0.0
2025-11-04 01:00:00,2025,11,4,1,308,1,43,-21.7,23.4,0.0,0.0,80.0,50.11,Blizzard / Extreme Storm,60.5,-29.89,0.0,0.0
2025-11-04 02:00:00,2025,11,4,2,308,1,45,-23.5,19.2,0.0,0.0,80.0,55.47,High Wind Surge,71.79,-24.53,0.0,0.0
2025-11-04 03:00:00,2025,11,4,3,308,1,45,-25.5,21.2,0.0,0.0,80.0,53.87,High Wind Surge,83.81,-26.13,0.0,0.0
2025-11-04 04:00:00,2025,11,4,4,308,1,43,-27.0,19.4,54.9,3.58,80.0,49.95,High Wind Surge,94.1,-22.38,0.0,0.0
2025-11-04 05:00:00,2025,11,4,5,308,1,39,-27.7,22.2,72.4,4.63,80.0,57.89,Blizzard / Extreme Storm,94.93,-1.79,0.0,0.0
2025-11-04 06:00:00,2025,11,4,6,308,1,46,-27.8,24.2,147.1,9.61,80.0,57.7,Blizzard / Extreme Storm,94.99,-0.14,0.0,0.0
2025-11-04 07:00:00,2025,11,4,7,308,1,50,-26.8,29.9,104.3,6.55,0.0,61.09,Blizzard / Extreme Storm,67.82,50.0,15.0,4.2
2025-11-04 08:00:00,2025,11,4,8,308,1,46,-25.4,21.8,233.1,15.1,80.0,61.5,High Wind Surge,83.28,-33.6,0.0,0.0
2025-11-04 09:00:00,2025,11,4,9,308,1,46,-23.8,22.6,182.0,11.45,80.0,57.26,Blizzard / Extreme Storm,94.06,-23.45,0.0,0.0
2025-11-04 10:00:00,2025,11,4,10,308,1,46,-23.2,18.9,176.7,11.03,80.0,56.75,High Wind Surge,94.92,-1.88,0.0,0.0
2025-11-04 11:00:00,2025,11,4,11,308,1,46,-22.7,12.8,542.3,36.77,80.0,57.67,Clear Solar Day,94.99,-0.15,0.0,0.0
2025-11-04 12:00:00,2025,11,4,12,308,1,47,-22.4,14.9,510.9,34.29,80.0,59.59,High Wind Surge,95.0,-0.01,0.0,0.0
2025-11-04 13:00:00,2025,11,4,13,308,1,46,-22.0,7.9,421.1,27.72,12.91,58.62,Clear Solar Day,85.22,17.99,0.0,0.0
2025-11-04 14:00:00,2025,11,4,14,308,1,44,-21.2,13.8,481.0,32.25,80.0,58.5,Clear Solar Day,94.22,-19.56,0.0,0.0
2025-11-04 15:00:00,2025,11,4,15,308,1,42,-21.1,8.8,318.0,20.65,21.41,56.57,Overcast / Moderate,86.33,14.51,0.0,0.0
2025-11-04 16:00:00,2025,11,4,16,308,1,44,-19.4,5.3,364.1,24.22,1.34,58.44,Overcast / Moderate,68.46,32.88,0.0,0.0
2025-11-04 17:00:00,2025,11,4,17,308,1,45,-18.7,7.6,314.0,20.99,10.68,58.94,Overcast / Moderate,53.64,27.27,0.0,0.0
2025-11-04 18:00:00,2025,11,4,18,308,1,44,-18.8,2.7,234.6,15.67,0.0,55.11,Overcast / Moderate,32.21,39.44,0.0,0.0
2025-11-04 19:00:00,2025,11,4,19,308,1,45,-19.7,8.2,106.3,6.84,15.43,54.53,Overcast / Moderate,18.94,24.41,15.0,4.2
2025-11-04 20:00:00,2025,11,4,20,308,1,46,-21.0,9.7,36.7,2.3,33.01,56.25,Overcast / Moderate,18.94,0.0,23.06,6.46
2025-11-04 21:00:00,2025,11,4,21,308,1,47,-20.7,9.7,0.0,0.0,33.01,52.0,Overcast / Moderate,18.94,0.0,21.11,5.91
2025-11-04 22:00:00,2025,11,4,22,308,1,48,-22.7,4.5,0.0,0.0,0.37,52.32,Overcast / Moderate,18.94,0.0,54.07,15.14
2025-11-04 23:00:00,2025,11,4,23,308,1,45,-23.6,4.3,0.0,0.0,0.24,50.76,Overcast / Moderate,18.94,0.0,52.64,14.74
2025-11-05 00:00:00,2025,11,5,0,309,2,41,-23.1,6.5,0.0,0.0,4.71,49.31,Overcast / Moderate,18.94,0.0,46.72,13.08
2025-11-05 01:00:00,2025,11,5,1,309,2,43,-23.4,13.5,0.0,0.0,80.0,51.63,Overcast / Moderate,31.99,-28.37,0.0,0.0
2025-11-05 02:00:00,2025,11,5,2,309,2,45,-24.1,11.7,0.0,0.0,72.26,47.43,Overcast / Moderate,43.41,-24.83,0.0,0.0
2025-11-05 03:00:00,2025,11,5,3,309,2,39,-24.5,5.1,0.0,0.0,1.02,51.25,Overcast / Moderate,17.96,46.82,15.0,4.2
2025-11-05 04:00:00,2025,11,5,4,309,2,49,-24.1,9.1,60.1,3.91,24.91,54.04,Overcast / Moderate,17.96,0.0,29.29,8.2
2025-11-05 05:00:00,2025,11,5,5,309,2,45,-24.9,11.7,160.3,10.87,72.26,49.44,Overcast / Moderate,33.46,-33.69,0.0,0.0
2025-11-05 06:00:00,2025,11,5,6,309,2,46,-25.5,4.2,216.9,14.59,0.19,57.32,Overcast / Moderate,18.83,26.92,15.62,4.37
2025-11-05 07:00:00,2025,11,5,7,309,2,49,-24.7,9.9,306.3,20.71,36.05,61.62,Overcast / Moderate,18.83,0.0,15.0,4.2
2025-11-05 08:00:00,2025,11,5,8,309,2,43,-24.7,4.3,173.9,11.02,0.24,61.66,Overcast / Moderate,18.83,0.0,52.74,14.77
2025-11-05 09:00:00,2025,11,5,9,309,2,46,-24.1,5.0,420.4,28.27,0.88,60.11,Clear Solar Day,18.83,0.0,33.3,9.32
2025-11-05 10:00:00,2025,11,5,10,309,2,44,-23.9,3.7,449.2,30.07,0.04,59.08,Clear Solar Day,18.83,0.0,31.31,8.77
2025-11-05 11:00:00,2025,11,5,11,309,2,44,-24.5,6.4,541.9,36.89,4.31,62.43,Clear Solar Day,18.83,0.0,23.57,6.6
2025-11-05 12:00:00,2025,11,5,12,309,2,42,-23.8,10.1,425.6,28.1,39.28,60.7,Clear Solar Day,21.9,-6.68,0.0,0.0
2025-11-05 13:00:00,2025,11,5,13,309,2,49,-23.8,6.5,449.3,29.89,4.71,64.69,Clear Solar Day,19.83,3.8,26.29,7.36
2025-11-05 14:00:00,2025,11,5,14,309,2,43,-21.6,2.9,474.8,31.79,0.0,55.8,Clear Solar Day,19.83,0.0,24.34,6.82
2025-11-05 15:00:00,2025,11,5,15,309,2,47,-22.3,4.2,377.5,24.97,0.19,56.03,Overcast / Moderate,19.83,0.0,31.2,8.74
2025-11-05 16:00:00,2025,11,5,16,309,2,39,-22.6,6.9,322.0,21.29,6.51,52.58,Overcast / Moderate,19.83,0.0,25.11,7.03
2025-11-05 17:00:00,2025,11,5,17,309,2,48,-20.8,7.0,260.7,17.15,7.02,54.8,Overcast / Moderate,19.83,0.0,30.96,8.67
2025-11-05 18:00:00,2025,11,5,18,309,2,48,-21.5,7.0,185.6,12.16,7.02,59.46,Overcast / Moderate,19.83,0.0,40.61,11.37
2025-11-05 19:00:00,2025,11,5,19,309,2,45,-21.9,2.3,160.7,10.81,0.0,63.84,Overcast / Moderate,19.83,0.0,53.36,14.94
2025-11-05 20:00:00,2025,11,5,20,309,2,44,-23.1,8.8,86.8,5.84,21.41,61.35,Overcast / Moderate,19.83,0.0,34.43,9.64
2025-11-05 21:00:00,2025,11,5,21,309,2,46,-24.0,11.4,0.0,0.0,65.04,58.5,Overcast / Moderate,22.84,-6.54,0.0,0.0
2025-11-05 22:00:00,2025,11,5,22,309,2,51,-24.8,6.4,0.0,0.0,4.31,56.4,Overcast / Moderate,19.75,5.69,46.4,12.99
2025-11-05 23:00:00,2025,11,5,23,309,2,39,-24.7,8.4,0.0,0.0,17.28,50.46,Overcast / Moderate,19.75,0.0,33.67,9.43
2025-11-06 00:00:00,2025,11,6,0,310,3,47,-24.5,11.5,0.0,0.0,67.39,52.17,Overcast / Moderate,26.75,-15.22,0.0,0.0
2025-11-06 01:00:00,2025,11,6,1,310,3,42,-24.7,7.6,0.0,0.0,10.68,49.9,Overcast / Moderate,19.41,13.51,25.71,7.2
2025-11-06 02:00:00,2025,11,6,2,310,3,44,-25.3,7.9,0.0,0.0,12.91,50.94,Overcast / Moderate,19.41,0.0,39.2,10.98
2025-11-06 03:00:00,2025,11,6,3,310,3,44,-24.6,8.4,23.8,1.56,17.28,54.23,Overcast / Moderate,19.41,0.0,36.56,10.24
2025-11-06 04:00:00,2025,11,6,4,310,3,43,-23.2,4.2,57.8,3.73,0.19,55.28,Overcast / Moderate,19.41,0.0,52.53,14.71
2025-11-06 05:00:00,2025,11,6,5,310,3,44,-24.5,7.0,140.1,9.32,7.02,55.36,Overcast / Moderate,19.41,0.0,40.19,11.25
2025-11-06 06:00:00,2025,11,6,6,310,3,41,-24.3,10.0,168.5,11.0,37.64,55.62,Overcast / Moderate,19.41,0.0,15.0,4.2
2025-11-06 07:00:00,2025,11,6,7,310,3,48,-24.0,4.6,257.3,17.02,0.45,61.6,Overcast / Moderate,19.41,0.0,45.3,12.69
2025-11-06 08:00:00,2025,11,6,8,310,3,39,-23.6,11.1,366.4,24.61,58.32,56.13,Overcast / Moderate,31.74,-26.8,0.0,0.0
2025-11-06 09:00:00,2025,11,6,9,310,3,46,-23.3,7.4,451.2,30.5,9.35,57.11,Clear Solar Day,22.36,17.26,0.0,0.0
2025-11-06 10:00:00,2025,11,6,10,310,3,44,-23.3,5.6,286.1,18.36,1.93,59.17,Overcast / Moderate,19.79,4.72,34.16,9.56
2025-11-06 11:00:00,2025,11,6,11,310,3,41,-21.8,7.4,456.6,30.25,9.35,51.36,Clear Solar Day,19.79,0.0,15.0,4.2
2025-11-06 12:00:00,2025,11,6,12,310,3,45,-21.2,5.5,584.4,39.69,1.71,54.99,Clear Solar Day,19.79,0.0,15.0,4.2
2025-11-06 13:00:00,2025,11,6,13,310,3,40,-21.4,10.0,549.0,37.1,37.64,52.95,Clear Solar Day,29.82,-21.79,0.0,0.0
2025-11-06 14:00:00,2025,11,6,14,310,3,45,-21.8,6.1,409.4,26.98,3.27,60.06,Clear Solar Day,19.15,19.64,15.0,4.2
2025-11-06 15:00:00,2025,11,6,15,310,3,40,-21.9,11.2,438.3,29.41,60.51,51.85,Clear Solar Day,36.66,-38.07,0.0,0.0
2025-11-06 16:00:00,2025,11,6,16,310,3,46,-20.9,6.4,358.2,23.82,4.31,58.95,Overcast / Moderate,19.91,30.82,0.0,0.0
2025-11-06 17:00:00,2025,11,6,17,310,3,42,-22.0,7.8,293.3,19.57,12.14,57.03,Overcast / Moderate,19.91,0.0,25.5,7.14
2025-11-06 18:00:00,2025,11,6,18,310,3,43,-22.7,17.7,256.4,17.42,80.0,57.93,High Wind Surge,38.07,-39.49,0.0,0.0
2025-11-06 19:00:00,2025,11,6,19,310,3,45,-22.5,3.1,168.2,11.37,0.0,56.31,Overcast / Moderate,18.43,36.15,15.0,4.2
2025-11-06 20:00:00,2025,11,6,20,310,3,42,-22.5,8.6,95.8,6.47,19.27,52.78,Overcast / Moderate,18.43,0.0,30.18,8.45
2025-11-06 21:00:00,2025,11,6,21,310,3,44,-22.8,3.0,31.2,2.09,0.0,58.6,Overcast / Moderate,18.43,0.0,59.65,16.7
2025-11-06 22:00:00,2025,11,6,22,310,3,40,-23.7,11.7,0.0,0.0,72.26,53.52,Overcast / Moderate,27.05,-18.74,0.0,0.0
2025-11-06 23:00:00,2025,11,6,23,310,3,46,-23.5,10.6,0.0,0.0,48.17,53.68,Overcast / Moderate,24.05,5.51,0.0,0.0
2025-11-07 00:00:00,2025,11,7,0,311,4,50,-24.4,17.3,0.0,0.0,80.0,53.61,High Wind Surge,36.19,-26.39,0.0,0.0
2025-11-07 01:00:00,2025,11,7,1,311,4,53,-22.9,17.1,0.0,0.0,80.0,50.64,High Wind Surge,49.7,-29.36,0.0,0.0
2025-11-07 02:00:00,2025,11,7,2,311,4,45,-22.9,10.5,0.0,0.0,46.3,50.22,Overcast / Moderate,47.57,3.92,0.0,0.0
2025-11-07 03:00:00,2025,11,7,3,311,4,47,-23.5,12.7,24.9,1.62,80.0,53.78,Overcast / Moderate,60.38,-27.84,0.0,0.0
2025-11-07 04:00:00,2025,11,7,4,311,4,39,-23.5,18.3,58.1,3.74,80.0,48.97,High Wind Surge,76.37,-34.77,0.0,0.0
2025-11-07 05:00:00,2025,11,7,5,311,4,49,-23.9,18.9,69.2,4.35,80.0,50.97,High Wind Surge,91.72,-33.38,0.0,0.0
2025-11-07 06:00:00,2025,11,7,6,311,4,47,-22.2,17.0,237.6,15.95,80.0,48.06,High Wind Surge,94.74,-6.55,0.0,0.0
2025-11-07 07:00:00,2025,11,7,7,311,4,43,-23.9,17.6,270.4,17.95,80.0,59.17,High Wind Surge,94.98,-0.52,0.0,0.0
2025-11-07 08:00:00,2025,11,7,8,311,4,48,-22.6,22.5,252.8,16.33,80.0,59.88,Blizzard / Extreme Storm,95.0,-0.04,0.0,0.0
2025-11-07 09:00:00,2025,11,7,9,311,4,44,-21.6,18.2,240.2,15.25,80.0,59.34,High Wind Surge,95.0,-0.0,0.0,0.0
2025-11-07 10:00:00,2025,11,7,10,311,4,43,-21.0,27.6,294.3,18.8,0.0,50.3,Blizzard / Extreme Storm,77.88,31.5,0.0,0.0
2025-11-07 11:00:00,2025,11,7,11,311,4,46,-19.1,27.0,326.7,20.84,0.0,58.2,Blizzard / Extreme Storm,57.58,37.36,0.0,0.0
2025-11-07 12:00:00,2025,11,7,12,311,4,41,-20.2,27.0,300.4,19.07,0.0,57.15,Blizzard / Extreme Storm,36.88,38.08,0.0,0.0
2025-11-07 13:00:00,2025,11,7,13,311,4,48,-18.5,19.0,315.1,20.01,80.0,58.54,High Wind Surge,55.28,-40.0,0.0,0.0
2025-11-07 14:00:00,2025,11,7,14,311,4,41,-19.9,19.8,222.0,13.88,80.0,54.44,High Wind Surge,73.42,-39.44,0.0,0.0
2025-11-07 15:00:00,2025,11,7,15,311,4,41,-20.5,24.6,219.3,13.81,80.0,55.14,Blizzard / Extreme Storm,91.21,-38.67,0.0,0.0
2025-11-07 16:00:00,2025,11,7,16,311,4,42,-21.7,33.9,220.6,14.07,0.0,56.38,Blizzard / Extreme Storm,68.22,42.31,0.0,0.0
2025-11-07 17:00:00,2025,11,7,17,311,4,47,-22.7,22.0,105.4,6.54,80.0,56.04,Blizzard / Extreme Storm,82.25,-30.5,0.0,0.0
2025-11-07 18:00:00,2025,11,7,18,311,4,43,-22.3,21.3,160.9,10.4,80.0,54.46,High Wind Surge,93.98,-25.51,0.0,0.0
2025-11-07 19:00:00,2025,11,7,19,311,4,40,-23.5,18.6,77.7,4.92,80.0,57.06,High Wind Surge,94.92,-2.04,0.0,0.0
2025-11-07 20:00:00,2025,11,7,20,311,4,43,-23.1,22.6,41.2,2.59,80.0,56.61,Blizzard / Extreme Storm,94.99,-0.16,0.0,0.0
2025-11-07 21:00:00,2025,11,7,21,311,4,44,-22.8,21.2,20.8,1.33,80.0,59.14,High Wind Surge,95.0,-0.01,0.0,0.0
2025-11-07 22:00:00,2025,11,7,22,311,4,41,-22.5,15.0,0.0,0.0,80.0,49.73,High Wind Surge,95.0,-0.0,0.0,0.0
2025-11-07 23:00:00,2025,11,7,23,311,4,41,-22.8,17.1,0.0,0.0,80.0,47.17,High Wind Surge,95.0,-0.0,0.0,0.0
2025-11-08 00:00:00,2025,11,8,0,312,5,51,-22.3,17.6,0.0,0.0,80.0,49.05,High Wind Surge,95.0,-0.0,0.0,0.0
2025-11-08 01:00:00,2025,11,8,1,312,5,42,-22.7,14.5,0.0,0.0,80.0,49.08,High Wind Surge,95.0,-0.0,0.0,0.0
2025-11-08 02:00:00,2025,11,8,2,312,5,44,-23.4,14.6,0.0,0.0,80.0,53.75,High Wind Surge,95.0,-0.0,0.0,0.0
2025-11-08 03:00:00,2025,11,8,3,312,5,43,-23.6,14.7,39.3,2.64,80.0,50.58,High Wind Surge,95.0,-0.0,0.0,0.0
2025-11-08 04:00:00,2025,11,8,4,312,5,43,-24.6,11.4,61.8,3.99,65.04,53.37,Overcast / Moderate,95.0,-0.0,0.0,0.0
2025-11-08 05:00:00,2025,11,8,5,312,5,46,-25.5,9.1,170.2,11.55,24.91,49.76,Overcast / Moderate,87.77,13.3,0.0,0.0
2025-11-08 06:00:00,2025,11,8,6,312,5,47,-25.7,10.2,205.9,13.71,40.96,54.71,Overcast / Moderate,87.75,0.04,0.0,0.0
2025-11-08 07:00:00,2025,11,8,7,312,5,44,-25.3,11.2,272.8,18.18,60.51,59.32,Overcast / Moderate,94.42,-14.5,0.0,0.0
2025-11-08 08:00:00,2025,11,8,8,312,5,41,-25.2,5.4,393.7,26.72,1.52,61.09,Overcast / Moderate,76.57,32.85,0.0,0.0
2025-11-08 09:00:00,2025,11,8,9,312,5,48,-25.9,3.4,430.7,29.1,0.01,61.45,Clear Solar Day,58.99,32.34,0.0,0.0
2025-11-08 10:00:00,2025,11,8,10,312,5,44,-24.6,9.7,395.1,26.1,33.01,60.61,Overcast / Moderate,58.18,1.5,0.0,0.0
2025-11-08 11:00:00,2025,11,8,11,312,5,50,-23.0,3.8,451.4,29.92,0.06,64.45,Clear Solar Day,39.44,34.47,0.0,0.0
2025-11-08 12:00:00,2025,11,8,12,312,5,38,-22.4,11.9,532.2,35.79,77.36,55.07,Clear Solar Day,57.84,-40.0,0.0,0.0
2025-11-08 13:00:00,2025,11,8,13,312,5,45,-21.8,1.2,459.8,30.44,0.0,60.78,Clear Solar Day,41.35,30.34,0.0,0.0
2025-11-08 14:00:00,2025,11,8,14,312,5,50,-19.6,11.7,528.0,35.53,72.26,57.34,Clear Solar Day,59.75,-40.0,0.0,0.0
2025-11-08 15:00:00,2025,11,8,15,312,5,43,-18.7,7.1,504.4,34.09,7.56,52.6,Clear Solar Day,53.8,10.95,0.0,0.0
2025-11-08 16:00:00,2025,11,8,16,312,5,44,-18.8,9.1,364.3,24.09,24.91,54.08,Overcast / Moderate,51.04,5.08,0.0,0.0
2025-11-08 17:00:00,2025,11,8,17,312,5,45,-21.1,5.4,341.4,23.07,1.52,55.16,Overcast / Moderate,34.43,30.57,0.0,0.0
2025-11-08 18:00:00,2025,11,8,18,312,5,43,-22.3,15.8,249.7,16.83,80.0,55.46,High Wind Surge,52.83,-40.0,0.0,0.0
2025-11-08 19:00:00,2025,11,8,19,312,5,44,-22.3,3.9,163.1,10.92,0.08,55.54,Overcast / Moderate,28.62,44.54,0.0,0.0
2025-11-08 20:00:00,2025,11,8,20,312,5,43,-23.1,4.3,83.1,5.49,0.24,56.47,Overcast / Moderate,19.25,17.24,33.5,9.38
2025-11-08 21:00:00,2025,11,8,21,312,5,43,-24.1,1.8,42.5,2.89,0.0,59.76,Overcast / Moderate,19.25,0.0,58.37,16.34
2025-11-08 22:00:00,2025,11,8,22,312,5,48,-24.4,12.3,0.0,0.0,80.0,49.29,Overcast / Moderate,33.38,-30.71,0.0,0.0
2025-11-08 23:00:00,2025,11,8,23,312,5,46,-22.8,5.9,0.0,0.0,2.68,52.63,Overcast / Moderate,18.84,26.75,23.2,6.49
2025-11-09 00:00:00,2025,11,9,0,313,6,45,-23.1,7.9,0.0,0.0,12.91,52.23,Overcast / Moderate,18.84,0.0,41.65,11.66
2025-11-09 01:00:00,2025,11,9,1,313,6,47,-25.4,8.1,0.0,0.0,14.56,57.54,Overcast / Moderate,18.84,0.0,45.31,12.69
2025-11-09 02:00:00,2025,11,9,2,313,6,44,-26.5,10.6,0.0,0.0,48.17,53.35,Overcast / Moderate,18.84,0.0,15.0,4.2
2025-11-09 03:00:00,2025,11,9,3,313,6,42,-25.8,7.8,40.3,2.71,12.14,56.14,Overcast / Moderate,18.84,0.0,43.62,12.21
2025-11-09 04:00:00,2025,11,9,4,313,6,43,-26.6,6.8,96.8,6.53,6.02,51.97,Overcast / Moderate,18.84,0.0,41.75,11.69
2025-11-09 05:00:00,2025,11,9,5,313,6,45,-27.2,8.3,170.2,11.57,16.34,53.86,Overcast / Moderate,18.84,0.0,28.28,7.92
2025-11-09 06:00:00,2025,11,9,6,313,6,41,-27.6,8.8,230.7,15.6,21.41,55.49,Overcast / Moderate,18.84,0.0,20.81,5.83
2025-11-09 07:00:00,2025,11,9,7,313,6,43,-27.3,3.5,272.1,18.2,0.01,61.9,Overcast / Moderate,18.84,0.0,46.02,12.88
2025-11-09 08:00:00,2025,11,9,8,313,6,43,-26.4,2.7,219.9,14.18,0.0,59.04,Overcast / Moderate,18.84,0.0,47.19,13.21
2025-11-09 09:00:00,2025,11,9,9,313,6,51,-26.2,2.2,353.6,23.41,0.0,62.89,Overcast / Moderate,18.84,0.0,41.81,11.71
2025-11-09 10:00:00,2025,11,9,10,313,6,36,-24.2,5.2,487.7,32.88,1.17,55.22,Clear Solar Day,18.84,0.0,23.5,6.58
2025-11-09 11:00:00,2025,11,9,11,313,6,44,-23.0,6.3,579.9,39.53,3.94,59.48,Clear Solar Day,18.84,0.0,18.34,5.13
2025-11-09 12:00:00,2025,11,9,12,313,6,50,-22.0,7.3,547.8,36.9,8.73,58.47,Clear Solar Day,18.84,0.0,15.17,4.25
2025-11-09 13:00:00,2025,11,9,13,313,6,45,-20.1,13.0,460.9,30.37,80.0,55.12,Clear Solar Day,37.24,-40.0,0.0,0.0
2025-11-09 14:00:00,2025,11,9,14,313,6,47,-20.1,4.9,406.6,26.6,0.75,58.85,Clear Solar Day,20.12,31.5,0.0,0.0
2025-11-09 15:00:00,2025,11,9,15,313,6,45,-19.4,8.9,417.2,27.59,22.54,55.68,Clear Solar Day,19.99,0.23,15.0,4.2
2025-11-09 16:00:00,2025,11,9,16,313,6,42,-20.1,6.6,369.1,24.51,5.12,56.31,Overcast / Moderate,19.99,0.0,26.7,7.48
2025-11-09 17:00:00,2025,11,9,17,313,6,38,-20.1,3.9,305.9,20.33,0.08,59.49,Overcast / Moderate,19.99,0.0,39.1,10.95
2025-11-09 18:00:00,2025,11,9,18,313,6,45,-20.4,7.3,170.0,10.96,8.73,50.94,Overcast / Moderate,19.99,0.0,31.27,8.76
2025-11-09 19:00:00,2025,11,9,19,313,6,42,-21.3,13.5,132.7,8.66,80.0,52.97,Overcast / Moderate,36.41,-35.69,0.0,0.0
2025-11-09 20:00:00,2025,11,9,20,313,6,42,-22.2,2.9,98.3,6.57,0.0,53.89,Overcast / Moderate,18.57,32.81,15.0,4.2
2025-11-09 21:00:00,2025,11,9,21,313,6,43,-23.2,6.4,31.8,2.07,4.31,55.17,Overcast / Moderate,18.57,0.0,51.64,14.46
2025-11-09 22:00:00,2025,11,9,22,313,6,50,-24.7,1.9,0.0,0.0,0.0,57.75,Overcast / Moderate,18.57,0.0,60.6,16.97
2025-11-09 23:00:00,2025,11,9,23,313,6,52,-26.8,4.8,0.0,0.0,0.64,49.53,Overcast / Moderate,18.57,0.0,51.74,14.49
2025-11-10 00:00:00,2025,11,10,0,314,0,45,-26.9,7.4,0.0,0.0,9.35,55.98,Overcast / Moderate,18.57,0.0,49.48,13.86
2025-11-10 01:00:00,2025,11,10,1,314,0,43,-27.0,10.0,0.0,0.0,37.64,50.59,Overcast / Moderate,18.57,0.0,15.8,4.42
2025-11-10 02:00:00,2025,11,10,2,314,0,41,-27.4,8.5,0.0,0.0,18.26,54.36,Overcast / Moderate,18.57,0.0,38.95,10.91
2025-11-10 03:00:00,2025,11,10,3,314,0,46,-27.9,6.0,48.0,3.28,2.96,56.39,Overcast / Moderate,18.57,0.0,53.0,14.84
2025-11-10 04:00:00,2025,11,10,4,314,0,50,-26.3,11.4,78.6,5.17,65.04,57.66,Overcast / Moderate,24.35,-12.55,0.0,0.0
2025-11-10 05:00:00,2025,11,10,5,314,0,44,-24.6,4.6,171.1,11.53,0.45,52.17,Overcast / Moderate,19.62,8.69,31.5,8.82
2025-11-10 06:00:00,2025,11,10,6,314,0,37,-25.3,8.8,175.8,11.5,21.41,51.44,Overcast / Moderate,19.62,0.0,19.29,5.4
2025-11-10 07:00:00,2025,11,10,7,314,0,47,-25.0,6.1,315.5,21.29,3.27,54.92,Overcast / Moderate,19.62,0.0,31.12,8.71
2025-11-10 08:00:00,2025,11,10,8,314,0,47,-23.9,11.1,425.6,29.0,58.32,64.92,Clear Solar Day,29.93,-22.4,0.0,0.0
2025-11-10 09:00:00,2025,11,10,9,314,0,40,-22.8,9.4,483.4,32.79,28.77,56.73,Clear Solar Day,32.15,-4.83,0.0,0.0
2025-11-10 10:00:00,2025,11,10,10,314,0,45,-23.1,11.2,470.0,31.44,60.51,59.02,Clear Solar Day,47.3,-32.93,0.0,0.0
2025-11-10 11:00:00,2025,11,10,11,314,0,46,-23.9,3.8,550.7,37.36,0.06,61.55,Clear Solar Day,34.18,24.13,0.0,0.0
2025-11-10 12:00:00,2025,11,10,12,314,0,44,-23.1,7.9,433.9,28.57,12.91,57.41,Clear Solar Day,25.52,15.93,0.0,0.0
2025-11-10 13:00:00,2025,11,10,13,314,0,42,-22.6,8.6,513.8,34.46,19.27,57.57,Clear Solar Day,23.44,3.84,0.0,0.0
2025-11-10 14:00:00,2025,11,10,14,314,0,48,-22.7,8.7,366.1,23.87,20.32,60.45,Overcast / Moderate,19.7,6.87,15.0,4.2
2025-11-10 15:00:00,2025,11,10,15,314,0,43,-21.9,6.3,427.1,28.48,3.94,52.64,Clear Solar Day,19.7,0.0,20.82,5.83
2025-11-10 16:00:00,2025,11,10,16,314,0,40,-22.3,0.9,267.4,17.3,0.0,56.92,Overcast / Moderate,19.7,0.0,40.22,11.26
2025-11-10 17:00:00,2025,11,10,17,314,0,38,-22.4,4.2,272.0,17.94,0.19,60.16,Overcast / Moderate,19.7,0.0,42.63,11.94
2025-11-10 18:00:00,2025,11,10,18,314,0,48,-22.3,4.8,263.3,17.8,0.64,62.73,Overcast / Moderate,19.7,0.0,44.89,12.57
2025-11-10 19:00:00,2025,11,10,19,314,0,46,-21.8,10.2,195.1,13.26,40.96,61.13,Overcast / Moderate,19.7,0.0,15.0,4.2
2025-11-10 20:00:00,2025,11,10,20,314,0,45,-23.3,10.0,116.8,7.96,37.64,62.85,Overcast / Moderate,19.7,0.0,17.85,5.0
2025-11-10 21:00:00,2025,11,10,21,314,0,43,-24.1,2.6,50.3,3.42,0.0,54.83,Overcast / Moderate,19.7,0.0,52.01,14.56
2025-11-10 22:00:00,2025,11,10,22,314,0,43,-24.4,12.6,0.0,0.0,80.0,51.16,Overcast / Moderate,32.97,-28.84,0.0,0.0
2025-11-10 23:00:00,2025,11,10,23,314,0,41,-24.8,3.5,0.0,0.0,0.01,50.07,Overcast / Moderate,18.87,25.94,24.12,6.75
2025-11-11 00:00:00,2025,11,11,0,315,1,43,-26.2,5.6,0.0,0.0,1.93,62.56,Overcast / Moderate,18.87,0.0,62.89,17.61
2025-11-11 01:00:00,2025,11,11,1,315,1,38,-26.9,3.8,0.0,0.0,0.06,53.89,Overcast / Moderate,18.87,0.0,56.09,15.7
2025-11-11 02:00:00,2025,11,11,2,315,1,42,-26.5,10.4,0.0,0.0,44.47,50.3,Overcast / Moderate,18.87,0.0,15.0,4.2
2025-11-11 03:00:00,2025,11,11,3,315,1,44,-27.4,8.8,46.6,3.14,21.41,52.18,Overcast / Moderate,18.87,0.0,29.89,8.37
2025-11-11 04:00:00,2025,11,11,4,315,1,46,-27.8,5.1,104.4,7.07,1.02,55.93,Overcast / Moderate,18.87,0.0,50.1,14.03
2025-11-11 05:00:00,2025,11,11,5,315,1,44,-27.4,8.0,168.9,11.42,13.72,51.53,Overcast / Moderate,18.87,0.0,28.65,8.02
2025-11-11 06:00:00,2025,11,11,6,315,1,47,-26.5,3.5,228.9,15.38,0.01,59.57,Overcast / Moderate,18.87,0.0,46.44,13.0
2025-11-11 07:00:00,2025,11,11,7,315,1,49,-26.5,5.3,346.7,23.72,1.34,63.84,Overcast / Moderate,18.87,0.0,41.04,11.49
2025-11-11 08:00:00,2025,11,11,8,315,1,48,-26.3,5.3,422.6,28.92,1.34,62.15,Clear Solar Day,18.87,0.0,34.15,9.56
2025-11-11 09:00:00,2025,11,11,9,315,1,46,-26.7,4.0,503.0,34.61,0.11,58.34,Clear Solar Day,18.87,0.0,25.88,7.25
2025-11-11 10:00:00,2025,11,11,10,315,1,45,-24.0,10.7,303.5,19.55,50.1,55.3,Overcast / Moderate,25.47,-14.35,0.0,0.0
2025-11-11 11:00:00,2025,11,11,11,315,1,42,-24.1,8.0,606.7,41.66,13.72,58.51,Clear Solar Day,23.77,3.13,0.0,0.0
2025-11-11 12:00:00,2025,11,11,12,315,1,47,-23.2,4.4,413.8,27.12,0.3,59.04,Clear Solar Day,19.67,7.54,24.08,6.74
2025-11-11 13:00:00,2025,11,11,13,315,1,50,-23.7,4.1,561.2,38.12,0.15,56.9,Clear Solar Day,19.67,0.0,19.29,5.4
2025-11-11 14:00:00,2025,11,11,14,315,1,46,-24.2,1.1,399.6,26.35,0.0,58.96,Overcast / Moderate,19.67,0.0,33.27,9.31
2025-11-11 15:00:00,2025,11,11,15,315,1,50,-23.1,5.0,327.7,21.35,0.88,59.53,Overcast / Moderate,19.67,0.0,37.96,10.63
2025-11-11 16:00:00,2025,11,11,16,315,1,40,-24.6,6.5,408.3,27.7,4.71,59.16,Clear Solar Day,19.67,0.0,27.41,7.67
2025-11-11 17:00:00,2025,11,11,17,315,1,41,-23.2,6.6,265.0,17.45,5.12,61.88,Overcast / Moderate,19.67,0.0,39.97,11.19
2025-11-11 18:00:00,2025,11,11,18,315,1,47,-23.4,12.5,221.1,14.68,80.0,53.64,Overcast / Moderate,38.07,-40.0,0.0,0.0
2025-11-11 19:00:00,2025,11,11,19,315,1,45,-22.9,11.9,176.7,11.87,77.36,59.78,Overcast / Moderate,51.62,-29.45,0.0,0.0
2025-11-11 20:00:00,2025,11,11,20,315,1,48,-22.8,13.1,68.1,4.38,80.0,57.0,Overcast / Moderate,64.21,-27.38,0.0,0.0
2025-11-11 21:00:00,2025,11,11,21,315,1,44,-22.5,22.5,26.7,1.7,80.0,58.18,Blizzard / Extreme Storm,75.03,-23.52,0.0,0.0
2025-11-11 22:00:00,2025,11,11,22,315,1,42,-22.7,16.2,0.0,0.0,80.0,51.31,High Wind Surge,88.23,-28.69,0.0,0.0
2025-11-11 23:00:00,2025,11,11,23,315,1,44,-24.8,18.9,0.0,0.0,80.0,54.24,High Wind Surge,94.46,-13.54,0.0,0.0
2025-11-12 00:00:00,2025,11,12,0,316,2,40,-25.5,20.1,0.0,0.0,80.0,49.55,High Wind Surge,94.96,-1.08,0.0,0.0
2025-11-12 01:00:00,2025,11,12,1,316,2,41,-25.8,20.0,0.0,0.0,80.0,55.52,High Wind Surge,95.0,-0.09,0.0,0.0
2025-11-12 02:00:00,2025,11,12,2,316,2,47,-25.8,20.7,0.0,0.0,80.0,54.48,High Wind Surge,95.0,-0.01,0.0,0.0
2025-11-12 03:00:00,2025,11,12,3,316,2,47,-26.4,22.1,35.8,2.33,80.0,58.31,Blizzard / Extreme Storm,95.0,-0.0,0.0,0.0
2025-11-12 04:00:00,2025,11,12,4,316,2,46,-26.5,28.3,44.8,2.83,0.0,58.67,Blizzard / Extreme Storm,67.83,50.0,15.0,4.2
2025-11-12 05:00:00,2025,11,12,5,316,2,39,-25.7,27.0,125.5,8.2,0.0,53.19,Blizzard / Extreme Storm,43.37,44.99,0.0,0.0
2025-11-12 06:00:00,2025,11,12,6,316,2,43,-25.6,25.9,86.2,5.39,0.0,55.85,Blizzard / Extreme Storm,17.97,46.75,15.0,4.2
2025-11-12 07:00:00,2025,11,12,7,316,2,41,-24.4,23.4,112.1,6.99,80.0,59.77,Blizzard / Extreme Storm,30.49,-27.22,0.0,0.0
2025-11-12 08:00:00,2025,11,12,8,316,2,48,-23.1,23.2,237.6,15.25,80.0,62.31,Blizzard / Extreme Storm,45.64,-32.94,0.0,0.0
2025-11-12 09:00:00,2025,11,12,9,316,2,43,-23.0,20.2,153.9,9.56,80.0,60.32,High Wind Surge,59.09,-29.24,0.0,0.0
2025-11-12 10:00:00,2025,11,12,10,316,2,41,-23.8,17.0,477.4,32.01,80.0,54.15,High Wind Surge,77.49,-40.0,0.0,0.0
2025-11-12 11:00:00,2025,11,12,11,316,2,45,-22.9,18.3,323.0,20.75,80.0,58.47,High Wind Surge,93.6,-35.02,0.0,0.0
2025-11-12 12:00:00,2025,11,12,12,316,2,43,-21.8,18.2,373.5,24.16,80.0,52.79,High Wind Surge,94.89,-2.8,0.0,0.0
2025-11-12 13:00:00,2025,11,12,13,316,2,49,-23.9,12.2,367.2,23.89,80.0,58.61,Overcast / Moderate,94.99,-0.22,0.0,0.0
2025-11-12 14:00:00,2025,11,12,14,316,2,42,-24.0,10.8,463.2,30.97,52.08,56.36,Clear Solar Day,95.0,-0.02,0.0,0.0
2025-11-12 15:00:00,2025,11,12,15,316,2,40,-24.1,10.6,425.1,28.46,48.17,58.4,Clear Solar Day,95.0,-0.0,0.0,0.0
2025-11-12 16:00:00,2025,11,12,16,316,2,38,-23.3,9.5,341.1,22.59,30.14,55.07,Overcast / Moderate,93.73,2.34,0.0,0.0
2025-11-12 17:00:00,2025,11,12,17,316,2,44,-24.2,7.6,235.9,15.4,10.68,58.0,Overcast / Moderate,76.38,31.92,0.0,0.0
2025-11-12 18:00:00,2025,11,12,18,316,2,43,-25.0,2.8,254.7,17.22,0.0,61.15,Overcast / Moderate,52.51,43.93,0.0,0.0
2025-11-12 19:00:00,2025,11,12,19,316,2,40,-23.0,3.9,188.7,12.75,0.08,58.32,Overcast / Moderate,27.78,45.49,0.0,0.0
2025-11-12 20:00:00,2025,11,12,20,316,2,48,-23.9,4.2,116.5,7.88,0.19,60.25,Overcast / Moderate,19.32,15.57,36.61,10.25
2025-11-12 21:00:00,2025,11,12,21,316,2,47,-23.7,2.1,54.6,3.68,0.0,60.94,Overcast / Moderate,19.32,0.0,58.61,16.41
2025-11-12 22:00:00,2025,11,12,22,316,2,44,-24.6,4.8,0.0,0.0,0.64,54.45,Overcast / Moderate,19.32,0.0,55.16,15.45
2025-11-12 23:00:00,2025,11,12,23,316,2,49,-24.3,2.2,0.0,0.0,0.0,58.59,Overcast / Moderate,19.32,0.0,59.94,16.78
2025-11-13 00:00:00,2025,11,13,0,317,3,46,-24.7,8.2,0.0,0.0,15.43,52.82,Overcast / Moderate,19.32,0.0,38.74,10.85
2025-11-13 01:00:00,2025,11,13,1,317,3,42,-25.8,5.3,0.0,0.0,1.34,51.43,Overcast / Moderate,19.32,0.0,51.44,14.4
2025-11-13 02:00:00,2025,11,13,2,317,3,41,-25.8,4.8,0.0,0.0,0.64,53.61,Overcast / Moderate,19.32,0.0,54.32,15.21
2025-11-13 03:00:00,2025,11,13,3,317,3,47,-26.2,2.9,46.8,3.1,0.0,52.3,Overcast / Moderate,19.32,0.0,50.55,14.15
2025-11-13 04:00:00,2025,11,13,4,317,3,46,-27.3,3.9,102.7,6.89,0.08,54.37,Overcast / Moderate,19.32,0.0,48.75,13.65
2025-11-13 05:00:00,2025,11,13,5,317,3,45,-28.4,4.0,179.3,12.19,0.11,57.03,Overcast / Moderate,19.32,0.0,46.08,12.9
2025-11-13 06:00:00,2025,11,13,6,317,3,42,-27.8,14.9,223.2,14.97,80.0,53.54,High Wind Surge,37.72,-40.0,0.0,0.0
2025-11-13 07:00:00,2025,11,13,7,317,3,46,-28.8,9.9,265.1,17.69,36.05,61.98,Overcast / Moderate,33.24,8.24,0.0,0.0
2025-11-13 08:00:00,2025,11,13,8,317,3,42,-28.6,1.0,280.2,18.46,0.0,60.33,Overcast / Moderate,18.85,26.49,15.38,4.31
2025-11-13 09:00:00,2025,11,13,9,317,3,44,-28.5,7.4,379.8,25.41,9.35,60.55,Overcast / Moderate,18.85,0.0,28.09,7.87
2025-11-13 10:00:00,2025,11,13,10,317,3,49,-26.8,4.2,494.3,33.51,0.19,59.35,Clear Solar Day,18.85,0.0,27.95,7.83
2025-11-13 11:00:00,2025,11,13,11,317,3,43,-25.9,2.6,601.1,41.36,0.0,61.86,Clear Solar Day,18.85,0.0,22.8,6.38
2025-11-13 12:00:00,2025,11,13,12,317,3,40,-25.4,8.3,442.0,29.29,16.34,61.34,Clear Solar Day,18.85,0.0,18.01,5.04
2025-11-13 13:00:00,2025,11,13,13,317,3,41,-23.2,3.0,421.9,27.72,0.0,58.99,Clear Solar Day,18.85,0.0,33.57,9.4
2025-11-13 14:00:00,2025,11,13,14,317,3,47,-23.2,5.8,513.7,34.66,2.41,61.05,Clear Solar Day,18.85,0.0,26.28,7.36
2025-11-13 15:00:00,2025,11,13,15,317,3,45,-23.3,7.5,441.4,29.59,10.0,57.04,Clear Solar Day,18.85,0.0,19.75,5.53
2025-11-13 16:00:00,2025,11,13,16,317,3,44,-23.3,6.8,314.1,20.62,6.02,58.17,Overcast / Moderate,18.85,0.0,33.83,9.47
2025-11-13 17:00:00,2025,11,13,17,317,3,43,-24.4,14.2,362.0,24.7,80.0,56.26,High Wind Surge,37.25,-40.0,0.0,0.0
2025-11-13 18:00:00,2025,11,13,18,317,3,46,-24.8,9.2,224.9,14.97,26.15,59.21,Overcast / Moderate,27.42,18.09,0.0,0.0
2025-11-13 19:00:00,2025,11,13,19,317,3,42,-25.3,9.1,197.1,13.44,24.91,58.42,Overcast / Moderate,19.36,14.83,15.0,4.2
2025-11-13 20:00:00,2025,11,13,20,317,3,45,-24.6,5.1,107.7,7.21,1.02,55.59,Overcast / Moderate,19.36,0.0,48.65,13.62
2025-11-13 21:00:00,2025,11,13,21,317,3,42,-25.4,0.8,58.2,3.94,0.0,58.94,Overcast / Moderate,19.36,0.0,56.29,15.76
2025-11-13 22:00:00,2025,11,13,22,317,3,42,-26.3,8.6,0.0,0.0,19.27,52.36,Overcast / Moderate,19.36,0.0,34.38,9.63
2025-11-13 23:00:00,2025,11,13,23,317,3,43,-25.5,20.5,0.0,0.0,80.0,53.96,High Wind Surge,31.33,-26.04,0.0,0.0
2025-11-14 00:00:00,2025,11,14,0,318,4,43,-25.6,5.5,0.0,0.0,1.71,52.79,Overcast / Moderate,19.01,22.67,28.41,7.96
2025-11-14 01:00:00,2025,11,14,1,318,4,44,-26.5,14.9,0.0,0.0,80.0,55.13,High Wind Surge,30.45,-24.87,0.0,0.0
2025-11-14 02:00:00,2025,11,14,2,318,4,45,-27.3,3.1,0.0,0.0,0.0,56.82,Overcast / Moderate,19.09,20.91,35.91,10.05
2025-11-14 03:00:00,2025,11,14,3,318,4,33,-26.3,4.6,54.7,3.67,0.45,48.63,Overcast / Moderate,19.09,0.0,46.33,12.97
2025-11-14 04:00:00,2025,11,14,4,318,4,42,-26.0,3.4,78.6,5.12,0.01,52.66,Overcast / Moderate,19.09,0.0,49.35,13.82
2025-11-14 05:00:00,2025,11,14,5,318,4,43,-26.0,6.1,178.0,11.99,3.27,52.05,Overcast / Moderate,19.09,0.0,38.61,10.81
2025-11-14 06:00:00,2025,11,14,6,318,4,49,-25.2,9.4,281.9,19.25,28.77,57.3,Overcast / Moderate,19.09,0.0,15.0,4.2
2025-11-14 07:00:00,2025,11,14,7,318,4,41,-25.0,4.9,312.8,21.0,0.75,62.21,Overcast / Moderate,19.09,0.0,42.28,11.84
2025-11-14 08:00:00,2025,11,14,8,318,4,45,-25.4,11.3,315.7,20.84,62.75,59.76,Overcast / Moderate,30.05,-23.83,0.0,0.0
2025-11-14 09:00:00,2025,11,14,9,318,4,49,-25.9,6.7,515.4,35.41,5.56,62.42,Clear Solar Day,19.13,20.11,15.0,4.2
2025-11-14 10:00:00,2025,11,14,10,318,4,41,-25.4,6.0,514.7,34.91,2.96,54.58,Clear Solar Day,19.13,0.0,18.46,5.17
2025-11-14 11:00:00,2025,11,14,11,318,4,46,-24.5,9.2,613.4,42.14,26.15,60.08,Clear Solar Day,22.9,-8.21,0.0,0.0
2025-11-14 12:00:00,2025,11,14,12,318,4,42,-25.5,2.6,377.1,24.63,0.0,58.04,Overcast / Moderate,19.75,5.8,27.61,7.73
2025-11-14 13:00:00,2025,11,14,13,318,4,43,-24.8,9.1,465.4,30.99,24.91,61.9,Clear Solar Day,19.75,0.0,15.0,4.2
2025-11-14 14:00:00,2025,11,14,14,318,4,42,-24.2,4.1,503.3,33.94,0.15,57.14,Clear Solar Day,19.75,0.0,23.55,6.6
2025-11-14 15:00:00,2025,11,14,15,318,4,42,-24.9,4.4,485.7,33.04,0.3,56.18,Clear Solar Day,19.75,0.0,23.34,6.54
2025-11-14 16:00:00,2025,11,14,16,318,4,53,-24.2,7.2,375.4,25.14,8.13,58.17,Overcast / Moderate,19.75,0.0,25.4,7.11
2025-11-14 17:00:00,2025,11,14,17,318,4,47,-24.4,11.2,274.6,18.16,60.51,60.05,Overcast / Moderate,28.31,-18.62,0.0,0.0
2025-11-14 18:00:00,2025,11,14,18,318,4,48,-23.9,7.0,203.4,13.36,7.02,58.21,Overcast / Moderate,19.28,16.63,21.2,5.94
2025-11-14 19:00:00,2025,11,14,19,318,4,46,-24.9,7.7,166.5,11.11,11.39,62.66,Overcast / Moderate,19.28,0.0,41.61,11.65
2025-11-14 20:00:00,2025,11,14,20,318,4,40,-25.4,9.1,118.9,8.04,24.91,59.5,Overcast / Moderate,19.28,0.0,28.0,7.84
2025-11-14 21:00:00,2025,11,14,21,318,4,46,-24.5,4.2,56.5,3.78,0.19,59.07,Overcast / Moderate,19.28,0.0,56.55,15.83
2025-11-14 22:00:00,2025,11,14,22,318,4,48,-24.4,9.8,0.0,0.0,34.51,55.11,Overcast / Moderate,19.28,0.0,22.05,6.17
2025-11-14 23:00:00,2025,11,14,23,318,4,42,-25.1,5.6,0.0,0.0,1.93,57.14,Overcast / Moderate,19.28,0.0,56.66,15.86
2025-11-15 00:00:00,2025,11,15,0,319,5,47,-25.7,3.4,0.0,0.0,0.01,51.4,Overcast / Moderate,19.28,0.0,52.84,14.79
2025-11-15 01:00:00,2025,11,15,1,319,5,47,-26.0,5.0,0.0,0.0,0.88,52.94,Overcast / Moderate,19.28,0.0,53.51,14.98
2025-11-15 02:00:00,2025,11,15,2,319,5,50,-26.7,4.1,0.0,0.0,0.15,60.55,Overcast / Moderate,19.28,0.0,61.85,17.32
2025-11-15 03:00:00,2025,11,15,3,319,5,43,-26.6,3.9,38.4,2.49,0.08,52.24,Overcast / Moderate,19.28,0.0,51.12,14.31
2025-11-15 04:00:00,2025,11,15,4,319,5,41,-26.9,4.4,100.1,6.66,0.3,55.58,Overcast / Moderate,19.28,0.0,50.07,14.02
2025-11-15 05:00:00,2025,11,15,5,319,5,43,-26.4,3.5,158.9,10.57,0.01,56.94,Overcast / Moderate,19.28,0.0,47.81,13.39
2025-11-15 06:00:00,2025,11,15,6,319,5,49,-26.4,7.9,241.8,16.25,12.91,55.21,Overcast / Moderate,19.28,0.0,27.5,7.7
2025-11-15 07:00:00,2025,11,15,7,319,5,39,-25.5,7.0,329.3,22.24,7.02,59.37,Overcast / Moderate,19.28,0.0,31.56,8.84
2025-11-15 08:00:00,2025,11,15,8,319,5,38,-23.6,7.7,401.3,27.01,11.39,55.14,Clear Solar Day,19.28,0.0,18.19,5.09
2025-11-15 09:00:00,2025,11,15,9,319,5,45,-22.6,5.0,306.4,19.78,0.88,62.09,Overcast / Moderate,19.28,0.0,42.88,12.01
2025-11-15 10:00:00,2025,11,15,10,319,5,43,-22.0,9.0,467.7,31.09,23.7,55.3,Clear Solar Day,19.28,0.0,15.0,4.2
2025-11-15 11:00:00,2025,11,15,11,319,5,45,-21.8,2.9,510.1,34.01,0.0,54.56,Clear Solar Day,19.28,0.0,22.0,6.16
2025-11-15 12:00:00,2025,11,15,12,319,5,47,-21.9,6.9,496.0,32.91,6.51,59.94,Clear Solar Day,19.28,0.0,21.97,6.15
2025-11-15 13:00:00,2025,11,15,13,319,5,43,-21.8,4.4,552.3,37.16,0.3,58.03,Clear Solar Day,19.28,0.0,22.02,6.16
2025-11-15 14:00:00,2025,11,15,14,319,5,39,-21.8,6.5,416.3,27.33,4.71,55.24,Clear Solar Day,19.28,0.0,24.65,6.9
2025-11-15 15:00:00,2025,11,15,15,319,5,51,-22.2,4.8,471.3,31.7,0.64,59.41,Clear Solar Day,19.28,0.0,28.52,7.98
2025-11-15 16:00:00,2025,11,15,16,319,5,42,-22.0,9.3,428.3,28.93,27.44,54.82,Clear Solar Day,19.99,-1.55,0.0,0.0
2025-11-15 17:00:00,2025,11,15,17,319,5,41,-22.3,11.0,305.9,20.32,56.19,54.1,Overcast / Moderate,30.3,-22.41,0.0,0.0
2025-11-15 18:00:00,2025,11,15,18,319,5,48,-20.6,8.7,280.3,18.87,20.32,55.58,Overcast / Moderate,21.39,16.39,0.0,0.0
2025-11-15 19:00:00,2025,11,15,19,319,5,43,-22.1,3.4,181.5,12.11,0.01,57.26,Overcast / Moderate,19.88,2.78,42.36,11.86
2025-11-15 20:00:00,2025,11,15,20,319,5,44,-22.5,4.4,84.5,5.47,0.3,56.61,Overcast / Moderate,19.88,0.0,51.08,14.3
2025-11-15 21:00:00,2025,11,15,21,319,5,46,-24.0,11.6,55.3,3.67,69.8,55.22,Overcast / Moderate,28.27,-18.25,0.0,0.0
2025-11-15 22:00:00,2025,11,15,22,319,5,48,-26.5,5.8,0.0,0.0,2.41,54.06,Overcast / Moderate,19.28,16.55,35.1,9.83
2025-11-15 23:00:00,2025,11,15,23,319,5,43,-27.2,12.3,0.0,0.0,80.0,54.04,Overcast / Moderate,31.22,-25.96,0.0,0.0
2025-11-16 00:00:00,2025,11,16,0,320,6,49,-29.8,5.4,0.0,0.0,1.52,59.08,Overcast / Moderate,19.02,22.44,35.12,9.83
2025-11-16 01:00:00,2025,11,16,1,320,6,38,-29.3,12.7,0.0,0.0,80.0,55.81,Overcast / Moderate,30.15,-24.19,0.0,0.0
2025-11-16 02:00:00,2025,11,16,2,320,6,47,-29.8,11.8,0.0,0.0,74.78,61.77,Overcast / Moderate,36.14,-13.01,0.0,0.0
2025-11-16 03:00:00,2025,11,16,3,320,6,42,-28.9,7.8,67.0,4.57,12.14,53.19,Overcast / Moderate,18.6,32.27,15.0,4.2
2025-11-16 04:00:00,2025,11,16,4,320,6,49,-28.7,0.8,133.0,9.14,0.0,58.36,Overcast / Moderate,18.6,0.0,52.03,14.57
2025-11-16 05:00:00,2025,11,16,5,320,6,45,-27.9,5.4,141.6,9.35,1.52,57.11,Overcast / Moderate,18.6,0.0,49.05,13.73
2025-11-16 06:00:00,2025,11,16,6,320,6,42,-26.7,11.4,280.5,19.16,65.04,54.68,Overcast / Moderate,32.18,-29.52,0.0,0.0
2025-11-16 07:00:00,2025,11,16,7,320,6,46,-25.6,10.8,344.3,23.35,52.08,59.4,Overcast / Moderate,39.55,-16.03,0.0,0.0
2025-11-16 08:00:00,2025,11,16,8,320,6,47,-25.3,3.5,387.7,26.09,0.01,58.56,Overcast / Moderate,21.91,32.46,0.0,0.0
2025-11-16 09:00:00,2025,11,16,9,320,6,46,-26.2,5.4,354.3,23.37,1.52,60.49,Overcast / Moderate,19.83,3.82,31.78,8.9
2025-11-16 10:00:00,2025,11,16,10,320,6,41,-25.4,9.9,465.2,31.16,36.05,53.79,Clear Solar Day,26.01,-13.42,0.0,0.0
2025-11-16 11:00:00,2025,11,16,11,320,6,43,-26.1,7.0,484.8,32.49,7.02,57.17,Clear Solar Day,19.48,12.01,15.0,4.2
2025-11-16 12:00:00,2025,11,16,12,320,6,44,-25.4,10.1,479.8,32.01,39.28,56.87,Clear Solar Day,26.11,-14.42,0.0,0.0
2025-11-16 13:00:00,2025,11,16,13,320,6,44,-24.7,9.8,438.8,29.01,34.51,60.04,Clear Solar Day,27.71,-3.48,0.0,0.0
2025-11-16 14:00:00,2025,11,16,14,320,6,47,-24.5,11.3,538.5,36.59,62.75,61.23,Clear Solar Day,45.24,-38.11,0.0,0.0
2025-11-16 15:00:00,2025,11,16,15,320,6,38,-23.2,2.8,381.3,25.12,0.0,52.89,Overcast / Moderate,30.15,27.77,0.0,0.0
2025-11-16 16:00:00,2025,11,16,16,320,6,46,-23.4,3.1,362.9,24.13,0.0,55.23,Overcast / Moderate,19.12,20.3,15.0,4.2
2025-11-16 17:00:00,2025,11,16,17,320,6,44,-22.7,2.3,176.1,11.18,0.0,53.62,Overcast / Moderate,19.12,0.0,44.21,12.38
2025-11-16 18:00:00,2025,11,16,18,320,6,42,-22.9,12.1,179.6,11.62,80.0,59.18,Overcast / Moderate,34.04,-32.44,0.0,0.0
2025-11-16 19:00:00,2025,11,16,19,320,6,42,-25.0,6.1,172.5,11.51,3.27,60.6,Overcast / Moderate,18.78,28.08,17.74,4.97
2025-11-16 20:00:00,2025,11,16,20,320,6,44,-25.3,2.1,127.1,8.61,0.0,60.85,Overcast / Moderate,18.78,0.0,54.68,15.31
2025-11-16 21:00:00,2025,11,16,21,320,6,34,-25.8,4.8,63.5,4.27,0.64,59.89,Overcast / Moderate,18.78,0.0,57.42,16.08
2025-11-16 22:00:00,2025,11,16,22,320,6,42,-27.3,5.0,0.0,0.0,0.88,58.88,Overcast / Moderate,18.78,0.0,60.44,16.92
2025-11-16 23:00:00,2025,11,16,23,320,6,42,-27.2,9.5,0.0,0.0,30.14,51.88,Overcast / Moderate,18.78,0.0,24.18,6.77
2025-11-17 00:00:00,2025,11,17,0,321,0,46,-27.9,8.6,0.0,0.0,19.27,54.75,Overcast / Moderate,18.78,0.0,37.92,10.62
2025-11-17 01:00:00,2025,11,17,1,321,0,42,-27.1,8.1,0.0,0.0,14.56,56.24,Overcast / Moderate,18.78,0.0,44.12,12.35
2025-11-17 02:00:00,2025,11,17,2,321,0,44,-27.6,1.2,0.0,0.0,0.0,48.18,Overcast / Moderate,18.78,0.0,50.62,14.17
2025-11-17 03:00:00,2025,11,17,3,321,0,49,-29.2,11.4,76.0,5.24,65.04,56.73,Overcast / Moderate,25.01,-13.55,0.0,0.0
2025-11-17 04:00:00,2025,11,17,4,321,0,47,-27.1,3.8,104.8,6.97,0.06,57.76,Overcast / Moderate,19.56,10.02,40.71,11.4
2025-11-17 05:00:00,2025,11,17,5,321,0,47,-27.8,7.5,197.5,13.46,10.0,55.01,Overcast / Moderate,19.56,0.0,32.42,9.08
2025-11-17 06:00:00,2025,11,17,6,321,0,43,-27.7,2.0,218.5,14.55,0.0,56.78,Overcast / Moderate,19.56,0.0,43.1,12.07
2025-11-17 07:00:00,2025,11,17,7,321,0,46,-27.1,2.3,382.6,26.36,0.0,56.27,Overcast / Moderate,19.56,0.0,30.78,8.62
2025-11-17 08:00:00,2025,11,17,8,321,0,44,-25.9,0.8,411.1,27.87,0.0,60.39,Clear Solar Day,19.56,0.0,33.39,9.35
2025-11-17 09:00:00,2025,11,17,9,321,0,44,-23.2,6.9,506.9,34.44,6.51,56.5,Clear Solar Day,19.56,0.0,16.42,4.6
2025-11-17 10:00:00,2025,11,17,10,321,0,46,-22.8,7.5,514.6,34.61,10.0,57.48,Clear Solar Day,19.56,0.0,15.0,4.2
2025-11-17 11:00:00,2025,11,17,11,321,0,43,-22.6,1.8,295.2,18.79,0.0,54.49,Overcast / Moderate,19.56,0.0,36.57,10.24
2025-11-17 12:00:00,2025,11,17,12,321,0,49,-22.2,4.5,398.3,25.88,0.37,62.63,Overcast / Moderate,19.56,0.0,37.25,10.43
2025-11-17 13:00:00,2025,11,17,13,321,0,44,-22.2,10.2,451.1,29.7,40.96,57.08,Clear Solar Day,25.81,-13.58,0.0,0.0
2025-11-17 14:00:00,2025,11,17,14,321,0,46,-21.8,2.6,560.5,37.98,0.0,57.66,Clear Solar Day,19.49,11.62,15.0,4.2
2025-11-17 15:00:00,2025,11,17,15,321,0,49,-23.6,3.8,315.2,20.43,0.06,64.84,Overcast / Moderate,19.49,0.0,45.36,12.7
2025-11-17 16:00:00,2025,11,17,16,321,0,48,-23.7,5.7,368.1,24.51,2.16,57.1,Overcast / Moderate,19.49,0.0,31.44,8.8
2025-11-17 17:00:00,2025,11,17,17,321,0,40,-22.5,10.0,308.0,20.45,37.64,56.09,Overcast / Moderate,20.41,-2.0,0.0,0.0
2025-11-17 18:00:00,2025,11,17,18,321,0,46,-22.8,4.2,171.2,11.02,0.19,56.34,Overcast / Moderate,19.96,0.83,44.3,12.4
2025-11-17 19:00:00,2025,11,17,19,321,0,47,-22.9,17.4,172.1,11.4,80.0,56.64,High Wind Surge,35.95,-34.76,0.0,0.0
2025-11-17 20:00:00,2025,11,17,20,321,0,47,-23.7,5.1,98.3,6.44,1.02,59.84,Overcast / Moderate,18.61,31.91,20.47,5.73
2025-11-17 21:00:00,2025,11,17,21,321,0,41,-22.9,5.3,79.3,5.41,1.34,55.68,Overcast / Moderate,18.61,0.0,51.7,14.48
2025-11-17 22:00:00,2025,11,17,22,321,0,43,-24.0,2.8,0.0,0.0,0.0,57.12,Overcast / Moderate,18.61,0.0,59.89,16.77
2025-11-17 23:00:00,2025,11,17,23,321,0,47,-26.0,8.0,0.0,0.0,13.72,58.98,Overcast / Moderate,18.61,0.0,48.03,13.45
2025-11-18 00:00:00,2025,11,18,0,322,1,42,-26.4,4.1,0.0,0.0,0.15,53.35,Overcast / Moderate,18.61,0.0,55.97,15.67
2025-11-18 01:00:00,2025,11,18,1,322,1,44,-28.3,7.5,0.0,0.0,10.0,51.76,Overcast / Moderate,18.61,0.0,44.53,12.47
2025-11-18 02:00:00,2025,11,18,2,322,1,49,-29.1,3.9,0.0,0.0,0.08,56.55,Overcast / Moderate,18.61,0.0,59.24,16.59
2025-11-18 03:00:00,2025,11,18,3,322,1,44,-29.7,5.3,65.6,4.43,1.34,59.28,Overcast / Moderate,18.61,0.0,56.28,15.76
2025-11-18 04:00:00,2025,11,18,4,322,1,42,-28.1,10.3,138.6,9.5,42.69,52.82,Overcast / Moderate,18.61,0.0,15.0,4.2
2025-11-18 05:00:00,2025,11,18,5,322,1,42,-27.3,8.6,173.2,11.6,19.27,58.45,Overcast / Moderate,18.61,0.0,30.35,8.5
2025-11-18 06:00:00,2025,11,18,6,322,1,45,-26.6,3.2,205.2,13.54,0.0,56.0,Overcast / Moderate,18.61,0.0,45.23,12.67
2025-11-18 07:00:00,2025,11,18,7,322,1,41,-24.6,7.3,335.8,22.61,8.73,54.74,Overcast / Moderate,18.61,0.0,26.17,7.33
2025-11-18 08:00:00,2025,11,18,8,322,1,44,-24.5,7.5,440.5,29.98,10.0,56.98,Clear Solar Day,18.61,0.0,19.77,5.54
2025-11-18 09:00:00,2025,11,18,9,322,1,45,-24.2,2.4,434.7,29.07,0.0,57.45,Clear Solar Day,18.61,0.0,31.15,8.72
2025-11-18 10:00:00,2025,11,18,10,322,1,48,-23.3,6.0,582.5,39.8,2.96,57.1,Clear Solar Day,18.61,0.0,17.11,4.79
2025-11-18 11:00:00,2025,11,18,11,322,1,47,-23.0,4.2,467.5,30.94,0.19,55.68,Clear Solar Day,18.61,0.0,27.32,7.65
2025-11-18 12:00:00,2025,11,18,12,322,1,42,-22.2,6.0,512.6,34.11,2.96,54.77,Clear Solar Day,18.61,0.0,20.47,5.73
2025-11-18 13:00:00,2025,11,18,13,322,1,48,-21.9,9.1,580.2,39.22,24.91,57.11,Clear Solar Day,21.84,-7.02,0.0,0.0
2025-11-18 14:00:00,2025,11,18,14,322,1,44,-21.9,3.2,445.6,29.42,0.0,59.93,Clear Solar Day,19.84,3.68,26.83,7.51
2025-11-18 15:00:00,2025,11,18,15,322,1,41,-21.4,2.9,440.5,29.28,0.0,56.36,Clear Solar Day,19.84,0.0,27.4,7.67
2025-11-18 16:00:00,2025,11,18,16,322,1,44,-22.8,4.3,407.7,27.37,0.24,58.6,Clear Solar Day,19.84,0.0,31.31,8.77
2025-11-18 17:00:00,2025,11,18,17,322,1,49,-22.7,12.7,305.9,20.29,80.0,59.89,Overcast / Moderate,38.24,-40.0,0.0,0.0
2025-11-18 18:00:00,2025,11,18,18,322,1,45,-24.1,8.7,298.6,20.37,20.32,56.68,Overcast / Moderate,29.55,15.99,0.0,0.0
2025-11-18 19:00:00,2025,11,18,19,322,1,45,-25.7,1.2,174.0,11.61,0.0,62.74,Overcast / Moderate,19.17,19.1,32.03,8.97
2025-11-18 20:00:00,2025,11,18,20,322,1,49,-25.6,5.5,127.4,8.59,1.71,60.1,Overcast / Moderate,19.17,0.0,51.46,14.41
2025-11-18 21:00:00,2025,11,18,21,322,1,40,-26.4,4.2,37.5,2.4,0.19,57.83,Overcast / Moderate,19.17,0.0,56.9,15.93
2025-11-18 22:00:00,2025,11,18,22,322,1,41,-26.5,7.6,0.0,0.0,10.68,54.57,Overcast / Moderate,19.17,0.0,45.55,12.75
2025-11-18 23:00:00,2025,11,18,23,322,1,40,-26.2,5.9,0.0,0.0,2.68,59.43,Overcast / Moderate,19.17,0.0,58.41,16.36
2025-11-19 00:00:00,2025,11,19,0,323,2,46,-25.5,13.3,0.0,0.0,80.0,52.52,Overcast / Moderate,31.81,-27.48,0.0,0.0
2025-11-19 01:00:00,2025,11,19,1,323,2,45,-24.8,3.9,0.0,0.0,0.08,49.13,Overcast / Moderate,18.97,23.62,25.43,7.12
2025-11-19 02:00:00,2025,11,19,2,323,2,49,-25.4,7.1,37.0,2.55,7.56,55.23,Overcast / Moderate,18.97,0.0,47.17,13.21
2025-11-19 03:00:00,2025,11,19,3,323,2,45,-25.8,8.2,71.3,4.79,15.43,55.66,Overcast / Moderate,18.97,0.0,37.49,10.5
2025-11-19 04:00:00,2025,11,19,4,323,2,43,-26.3,9.8,144.5,9.88,34.51,52.81,Overcast / Moderate,18.97,0.0,15.0,4.2
2025-11-19 05:00:00,2025,11,19,5,323,2,45,-27.6,5.5,153.9,10.19,1.71,53.82,Overcast / Moderate,18.97,0.0,43.97,12.31
2025-11-19 06:00:00,2025,11,19,6,323,2,45,-27.8,8.1,278.8,19.02,14.56,52.27,Overcast / Moderate,18.97,0.0,20.74,5.81
2025-11-19 07:00:00,2025,11,19,7,323,2,39,-27.5,4.6,382.4,26.32,0.45,59.99,Overcast / Moderate,18.97,0.0,35.27,9.88
2025-11-19 08:00:00,2025,11,19,8,323,2,53,-26.1,5.7,454.6,31.16,2.16,67.81,Clear Solar Day,18.97,0.0,36.54,10.23
2025-11-19 09:00:00,2025,11,19,9,323,2,46,-24.7,11.1,466.6,31.47,58.32,63.75,Clear Solar Day,30.95,-26.04,0.0,0.0
2025-11-19 10:00:00,2025,11,19,10,323,2,45,-24.7,12.6,572.7,39.17,80.0,59.88,Clear Solar Day,49.35,-40.0,0.0,0.0
2025-11-19 11:00:00,2025,11,19,11,323,2,46,-23.2,8.4,583.3,39.57,17.28,57.31,Clear Solar Day,49.1,0.46,0.0,0.0
2025-11-19 12:00:00,2025,11,19,12,323,2,47,-23.5,5.2,581.6,39.38,1.17,59.87,Clear Solar Day,38.6,19.32,0.0,0.0
2025-11-19 13:00:00,2025,11,19,13,323,2,44,-24.0,9.7,455.0,30.09,33.01,57.44,Clear Solar Day,41.21,-5.66,0.0,0.0
2025-11-19 14:00:00,2025,11,19,14,323,2,43,-23.7,1.3,399.0,26.17,0.0,56.08,Overcast / Moderate,24.95,29.91,0.0,0.0
2025-11-19 15:00:00,2025,11,19,15,323,2,46,-23.5,2.6,430.8,28.71,0.0,58.98,Clear Solar Day,19.57,9.9,20.37,5.7
2025-11-19 16:00:00,2025,11,19,16,323,2,46,-22.7,7.8,330.7,21.7,12.14,61.17,Overcast / Moderate,19.57,0.0,28.19,7.89
2025-11-19 17:00:00,2025,11,19,17,323,2,42,-23.3,4.5,320.6,21.39,0.37,56.56,Overcast / Moderate,19.57,0.0,35.66,9.99
2025-11-19 18:00:00,2025,11,19,18,323,2,49,-23.0,12.7,295.7,20.06,80.0,58.73,Overcast / Moderate,37.97,-40.0,0.0,0.0
2025-11-19 19:00:00,2025,11,19,19,323,2,45,-22.8,5.8,135.1,8.73,2.41,57.04,Overcast / Moderate,18.44,35.94,15.0,4.2
2025-11-19 20:00:00,2025,11,19,20,323,2,47,-24.3,5.7,126.6,8.48,2.16,61.5,Overcast / Moderate,18.44,0.0,53.99,15.12
2025-11-19 21:00:00,2025,11,19,21,323,2,49,-26.3,8.0,61.0,4.04,13.72,63.84,Overcast / Moderate,18.44,0.0,49.21,13.78
2025-11-19 22:00:00,2025,11,19,22,323,2,45,-27.3,9.0,29.0,1.95,23.7,52.38,Overcast / Moderate,18.44,0.0,29.86,8.36
2025-11-19 23:00:00,2025,11,19,23,323,2,45,-27.8,6.1,0.0,0.0,3.27,55.01,Overcast / Moderate,18.44,0.0,54.87,15.36
2025-11-20 00:00:00,2025,11,20,0,324,3,47,-28.6,3.8,0.0,0.0,0.06,59.24,Overcast / Moderate,18.44,0.0,62.31,17.45
2025-11-20 01:00:00,2025,11,20,1,324,3,42,-28.7,9.1,0.0,0.0,24.91,54.65,Overcast / Moderate,18.44,0.0,32.87,9.2
2025-11-20 02:00:00,2025,11,20,2,324,3,45,-28.5,4.8,27.1,1.8,0.64,59.46,Overcast / Moderate,18.44,0.0,60.15,16.84
2025-11-20 03:00:00,2025,11,20,3,324,3,45,-27.6,3.4,90.4,6.25,0.01,57.02,Overcast / Moderate,18.44,0.0,53.89,15.09
2025-11-20 04:00:00,2025,11,20,4,324,3,42,-27.7,7.5,131.3,8.89,10.0,59.13,Overcast / Moderate,18.44,0.0,43.37,12.14
2025-11-20 05:00:00,2025,11,20,5,324,3,51,-26.5,2.4,164.1,10.88,0.0,54.98,Overcast / Moderate,18.44,0.0,47.23,13.22
2025-11-20 06:00:00,2025,11,20,6,324,3,40,-26.2,13.7,287.1,19.55,80.0,54.94,Overcast / Moderate,36.84,-40.0,0.0,0.0
2025-11-20 07:00:00,2025,11,20,7,324,3,41,-24.8,7.5,339.2,22.84,10.0,59.65,Overcast / Moderate,22.27,26.81,0.0,0.0
2025-11-20 08:00:00,2025,11,20,8,324,3,48,-23.9,15.0,399.4,26.79,80.0,62.26,High Wind Surge,40.67,-40.0,0.0,0.0
2025-11-20 09:00:00,2025,11,20,9,324,3,47,-23.8,4.9,513.1,34.9,0.75,60.03,Clear Solar Day,27.42,24.38,0.0,0.0
2025-11-20 10:00:00,2025,11,20,10,324,3,41,-23.7,13.7,515.8,34.72,80.0,59.77,Clear Solar Day,45.82,-40.0,0.0,0.0
2025-11-20 11:00:00,2025,11,20,11,324,3,46,-25.0,3.1,451.9,29.94,0.0,58.12,Clear Solar Day,30.5,28.18,0.0,0.0
2025-11-20 12:00:00,2025,11,20,12,324,3,49,-25.1,1.6,347.1,22.45,0.0,60.67,Overcast / Moderate,19.09,21.0,17.22,4.82
2025-11-20 13:00:00,2025,11,20,13,324,3,44,-26.6,1.5,502.4,33.78,0.0,56.48,Clear Solar Day,19.09,0.0,24.53,6.87
2025-11-20 14:00:00,2025,11,20,14,324,3,52,-26.3,6.0,444.8,29.67,2.96,62.08,Clear Solar Day,19.09,0.0,31.28,8.76
2025-11-20 15:00:00,2025,11,20,15,324,3,39,-26.3,2.3,536.1,36.9,0.0,56.12,Clear Solar Day,19.09,0.0,21.05,5.89
2025-11-20 16:00:00,2025,11,20,16,324,3,47,-25.6,6.4,437.2,29.77,4.31,61.32,Clear Solar Day,19.09,0.0,29.07,8.14
2025-11-20 17:00:00,2025,11,20,17,324,3,48,-24.2,4.8,358.1,24.23,0.64,62.26,Overcast / Moderate,19.09,0.0,39.22,10.98
2025-11-20 18:00:00,2025,11,20,18,324,3,47,-24.0,4.9,226.6,14.96,0.75,60.7,Overcast / Moderate,19.09,0.0,46.82,13.11
2025-11-20 19:00:00,2025,11,20,19,324,3,44,-22.7,7.5,103.0,6.52,10.0,59.23,Overcast / Moderate,19.09,0.0,44.54,12.47
2025-11-20 20:00:00,2025,11,20,20,324,3,44,-24.1,3.3,62.9,3.98,0.0,58.57,Overcast / Moderate,19.09,0.0,56.42,15.8
2025-11-20 21:00:00,2025,11,20,21,324,3,46,-24.4,9.0,72.5,4.84,23.7,58.89,Overcast / Moderate,19.09,0.0,32.18,9.01
2025-11-20 22:00:00,2025,11,20,22,324,3,47,-25.5,9.8,37.5,2.56,34.51,51.22,Overcast / Moderate,19.09,0.0,15.98,4.47
2025-11-20 23:00:00,2025,11,20,23,324,3,46,-26.3,17.1,0.0,0.0,80.0,49.73,High Wind Surge,33.01,-30.27,0.0,0.0
2025-11-21 00:00:00,2025,11,21,0,325,4,48,-28.1,13.3,0.0,0.0,80.0,52.55,Overcast / Moderate,45.64,-27.45,0.0,0.0
2025-11-21 01:00:00,2025,11,21,1,325,4,41,-30.6,25.2,0.0,0.0,0.0,55.04,Blizzard / Extreme Storm,18.46,50.0,15.0,4.2
2025-11-21 02:00:00,2025,11,21,2,325,4,44,-30.3,19.7,24.2,1.59,80.0,59.39,High Wind Surge,28.68,-22.2,0.0,0.0
2025-11-21 03:00:00,2025,11,21,3,325,4,42,-29.5,28.4,27.9,1.76,0.0,53.01,Blizzard / Extreme Storm,19.25,17.35,33.9,9.49
2025-11-21 04:00:00,2025,11,21,4,325,4,43,-29.0,17.4,161.8,11.25,80.0,53.87,High Wind Surge,36.44,-37.38,0.0,0.0
2025-11-21 05:00:00,2025,11,21,5,325,4,48,-30.2,25.6,125.6,8.21,0.0,56.71,Blizzard / Extreme Storm,18.57,32.88,15.62,4.37
2025-11-21 06:00:00,2025,11,21,6,325,4,45,-29.3,27.4,132.5,8.51,0.0,59.8,Blizzard / Extreme Storm,18.57,0.0,54.15,15.16
2025-11-21 07:00:00,2025,11,21,7,325,4,52,-27.1,19.9,197.3,12.73,80.0,63.26,High Wind Surge,32.13,-29.47,0.0,0.0
2025-11-21 08:00:00,2025,11,21,8,325,4,45,-26.9,24.8,215.3,13.81,80.0,61.11,Blizzard / Extreme Storm,47.17,-32.7,0.0,0.0
2025-11-21 09:00:00,2025,11,21,9,325,4,45,-27.8,26.6,213.3,13.6,0.0,62.48,Blizzard / Extreme Storm,20.6,48.88,0.0,0.0
2025-11-21 10:00:00,2025,11,21,10,325,4,45,-26.4,22.9,342.1,22.29,80.0,63.89,Blizzard / Extreme Storm,38.27,-38.4,0.0,0.0
2025-11-21 11:00:00,2025,11,21,11,325,4,43,-24.5,16.6,443.7,29.29,80.0,58.49,High Wind Surge,56.67,-40.0,0.0,0.0
2025-11-21 12:00:00,2025,11,21,12,325,4,44,-22.5,20.9,189.5,11.76,80.0,52.72,High Wind Surge,74.63,-39.04,0.0,0.0
2025-11-21 13:00:00,2025,11,21,13,325,4,48,-23.7,12.6,524.1,35.12,80.0,59.73,Clear Solar Day,93.03,-40.0,0.0,0.0
2025-11-21 14:00:00,2025,11,21,14,325,4,45,-23.9,17.8,414.8,27.3,80.0,62.13,High Wind Surge,94.84,-3.95,0.0,0.0
2025-11-21 15:00:00,2025,11,21,15,325,4,42,-23.1,7.3,356.7,23.29,8.73,58.49,Overcast / Moderate,80.46,26.47,0.0,0.0
2025-11-21 16:00:00,2025,11,21,16,325,4,42,-23.8,5.8,481.8,33.03,2.41,57.95,Clear Solar Day,68.22,22.51,0.0,0.0
2025-11-21 17:00:00,2025,11,21,17,325,4,43,-24.3,4.4,258.3,16.89,0.3,59.02,Overcast / Moderate,45.49,41.83,0.0,0.0
2025-11-21 18:00:00,2025,11,21,18,325,4,45,-24.5,7.5,248.4,16.55,10.0,54.38,Overcast / Moderate,30.36,27.83,0.0,0.0
2025-11-21 19:00:00,2025,11,21,19,325,4,48,-25.4,14.1,191.3,12.83,80.0,55.75,High Wind Surge,47.42,-37.08,0.0,0.0
2025-11-21 20:00:00,2025,11,21,20,325,4,40,-24.5,2.8,147.2,10.0,0.0,59.48,Overcast / Moderate,20.53,49.48,0.0,0.0
2025-11-21 21:00:00,2025,11,21,21,325,4,44,-25.8,3.1,89.3,6.11,0.0,62.82,Overcast / Moderate,19.95,1.06,55.65,15.58
2025-11-21 22:00:00,2025,11,21,22,325,4,45,-26.1,5.2,21.7,1.4,1.17,52.6,Overcast / Moderate,19.95,0.0,50.12,14.03
2025-11-21 23:00:00,2025,11,21,23,325,4,39,-27.2,9.9,0.0,0.0,36.05,54.2,Overcast / Moderate,19.95,0.0,18.24,5.11
2025-11-22 00:00:00,2025,11,22,0,326,5,42,-29.1,6.0,0.0,0.0,2.96,57.34,Overcast / Moderate,19.95,0.0,54.47,15.25
2025-11-22 01:00:00,2025,11,22,1,326,5,42,-28.8,4.8,0.0,0.0,0.64,59.71,Overcast / Moderate,19.95,0.0,59.16,16.57
2025-11-22 02:00:00,2025,11,22,2,326,5,42,-30.5,6.8,41.9,2.88,6.02,56.64,Severe Sub-Zero Cold,19.95,0.0,47.83,13.39
2025-11-22 03:00:00,2025,11,22,3,326,5,45,-30.0,4.2,80.9,5.51,0.19,58.94,Severe Sub-Zero Cold,19.95,0.0,53.33,14.93
2025-11-22 04:00:00,2025,11,22,4,326,5,44,-31.0,5.5,134.4,9.17,1.71,62.62,Severe Sub-Zero Cold,19.95,0.0,51.83,14.51
2025-11-22 05:00:00,2025,11,22,5,326,5,43,-30.1,4.9,205.3,14.03,0.75,56.05,Severe Sub-Zero Cold,19.95,0.0,41.36,11.58
2025-11-22 06:00:00,2025,11,22,6,326,5,46,-29.0,9.5,264.6,17.94,30.14,56.73,Overcast / Moderate,19.95,0.0,15.0,4.2
2025-11-22 07:00:00,2025,11,22,7,326,5,50,-27.2,11.8,391.0,26.9,74.78,59.97,Overcast / Moderate,38.35,-40.0,0.0,0.0
2025-11-22 08:00:00,2025,11,22,8,326,5,49,-25.6,8.9,366.6,24.45,22.54,58.55,Overcast / Moderate,32.07,11.56,0.0,0.0
2025-11-22 09:00:00,2025,11,22,9,326,5,39,-24.8,5.8,507.6,34.53,2.41,59.31,Clear Solar Day,19.91,22.37,0.0,0.0
2025-11-22 10:00:00,2025,11,22,10,326,5,46,-22.9,6.3,556.1,37.65,3.94,61.11,Clear Solar Day,19.91,0.0,19.69,5.51
2025-11-22 11:00:00,2025,11,22,11,326,5,44,-23.2,2.9,571.3,38.6,0.0,60.56,Clear Solar Day,19.91,0.0,22.13,6.2
2025-11-22 12:00:00,2025,11,22,12,326,5,45,-23.9,8.7,593.1,40.24,20.32,55.94,Clear Solar Day,22.04,-4.62,0.0,0.0
2025-11-22 13:00:00,2025,11,22,13,326,5,43,-24.4,7.2,448.9,29.65,8.13,57.69,Clear Solar Day,19.82,4.08,15.83,4.43
2025-11-22 14:00:00,2025,11,22,14,326,5,45,-25.1,11.2,439.4,29.16,60.51,60.62,Clear Solar Day,33.19,-29.05,0.0,0.0
2025-11-22 15:00:00,2025,11,22,15,326,5,45,-23.8,3.7,494.4,33.44,0.04,52.76,Clear Solar Day,22.71,19.28,0.0,0.0
2025-11-22 16:00:00,2025,11,22,16,326,5,43,-23.8,8.9,409.4,27.5,22.54,58.9,Clear Solar Day,19.76,5.41,15.0,4.2
2025-11-22 17:00:00,2025,11,22,17,326,5,42,-22.3,8.0,324.8,21.59,13.72,60.99,Overcast / Moderate,19.76,0.0,26.15,7.32
2025-11-22 18:00:00,2025,11,22,18,326,5,43,-21.7,4.3,248.6,16.43,0.24,59.02,Overcast / Moderate,19.76,0.0,42.82,11.99
2025-11-22 19:00:00,2025,11,22,19,326,5,45,-21.9,7.9,210.8,14.14,12.91,51.0,Overcast / Moderate,19.76,0.0,24.42,6.84
2025-11-22 20:00:00,2025,11,22,20,326,5,46,-21.9,11.8,144.7,9.72,74.78,58.37,Overcast / Moderate,31.78,-26.13,0.0,0.0
2025-11-22 21:00:00,2025,11,22,21,326,5,47,-23.4,11.6,82.2,5.51,69.8,59.38,Overcast / Moderate,39.11,-15.93,0.0,0.0
2025-11-22 22:00:00,2025,11,22,22,326,5,43,-25.5,8.4,38.1,2.56,17.28,53.98,Overcast / Moderate,20.56,34.14,0.0,0.0
2025-11-22 23:00:00,2025,11,22,23,326,5,45,-28.9,1.8,0.0,0.0,0.0,56.54,Overcast / Moderate,19.95,1.12,55.42,15.52
2025-11-23 00:00:00,2025,11,23,0,327,6,47,-29.9,10.6,0.0,0.0,48.17,56.64,Overcast / Moderate,19.95,0.0,15.0,4.2
2025-11-23 01:00:00,2025,11,23,1,327,6,48,-31.5,7.8,0.0,0.0,12.14,53.05,Severe Sub-Zero Cold,19.95,0.0,41.01,11.48
2025-11-23 02:00:00,2025,11,23,2,327,6,44,-30.7,4.7,42.6,2.92,0.54,58.19,Severe Sub-Zero Cold,19.95,0.0,54.83,15.35
2025-11-23 03:00:00,2025,11,23,3,327,6,44,-30.4,3.5,73.1,4.92,0.01,58.76,Severe Sub-Zero Cold,19.95,0.0,53.93,15.1
2025-11-23 04:00:00,2025,11,23,4,327,6,45,-30.5,2.8,120.0,8.06,0.0,56.09,Severe Sub-Zero Cold,19.95,0.0,48.13,13.48
2025-11-23 05:00:00,2025,11,23,5,327,6,41,-28.1,1.8,220.8,15.12,0.0,57.97,Overcast / Moderate,19.95,0.0,42.95,12.03
2025-11-23 06:00:00,2025,11,23,6,327,6,44,-26.8,8.8,314.1,21.59,21.41,50.39,Overcast / Moderate,19.95,0.0,15.0,4.2
2025-11-23 07:00:00,2025,11,23,7,327,6,47,-26.4,4.0,341.1,23.03,0.11,56.78,Overcast / Moderate,19.95,0.0,33.74,9.45
2025-11-23 08:00:00,2025,11,23,8,327,6,46,-27.0,1.3,309.9,20.41,0.0,61.41,Overcast / Moderate,19.95,0.0,41.1,11.51
2025-11-23 09:00:00,2025,11,23,9,327,6,44,-27.9,5.4,546.6,37.81,1.52,59.47,Clear Solar Day,19.95,0.0,20.24,5.67
2025-11-23 10:00:00,2025,11,23,10,327,6,45,-26.0,6.1,530.4,35.99,3.27,62.53,Clear Solar Day,19.95,0.0,23.37,6.54
2025-11-23 11:00:00,2025,11,23,11,327,6,42,-26.9,3.4,585.8,40.06,0.01,58.67,Clear Solar Day,19.95,0.0,18.7,5.24
2025-11-23 12:00:00,2025,11,23,12,327,6,47,-27.0,1.7,458.4,30.48,0.0,64.94,Clear Solar Day,19.95,0.0,34.56,9.68
2025-11-23 13:00:00,2025,11,23,13,327,6,44,-26.1,3.6,499.2,33.46,0.02,58.02,Clear Solar Day,19.95,0.0,24.64,6.9
2025-11-23 14:00:00,2025,11,23,14,327,6,44,-25.3,8.0,492.6,33.08,13.72,59.59,Clear Solar Day,19.95,0.0,15.0,4.2
2025-11-23 15:00:00,2025,11,23,15,327,6,43,-24.9,2.3,422.1,28.12,0.0,53.62,Clear Solar Day,19.95,0.0,25.6,7.17
2025-11-23 16:00:00,2025,11,23,16,327,6,44,-25.7,6.8,247.1,15.93,6.02,59.4,Overcast / Moderate,19.95,0.0,37.55,10.51
2025-11-23 17:00:00,2025,11,23,17,327,6,43,-25.2,3.1,351.5,23.73,0.0,58.99,Overcast / Moderate,19.95,0.0,35.36,9.9
2025-11-23 18:00:00,2025,11,23,18,327,6,46,-24.3,3.6,309.1,21.06,0.02,62.2,Overcast / Moderate,19.95,0.0,41.22,11.54
2025-11-23 19:00:00,2025,11,23,19,327,6,43,-24.5,5.4,204.6,13.75,1.52,54.5,Overcast / Moderate,19.95,0.0,39.33,11.01
2025-11-23 20:00:00,2025,11,23,20,327,6,49,-25.9,2.6,94.3,6.13,0.0,60.7,Overcast / Moderate,19.95,0.0,54.67,15.31
2025-11-23 21:00:00,2025,11,23,21,327,6,49,-26.0,3.4,95.4,6.53,0.01,65.12,Overcast / Moderate,19.95,0.0,58.68,16.43
2025-11-23 22:00:00,2025,11,23,22,327,6,42,-26.4,5.0,42.2,2.85,0.88,57.72,Overcast / Moderate,19.95,0.0,54.09,15.14
2025-11-23 23:00:00,2025,11,23,23,327,6,45,-27.7,4.8,0.0,0.0,0.64,53.29,Overcast / Moderate,19.95,0.0,52.75,14.77
2025-11-24 00:00:00,2025,11,24,0,328,0,43,-28.2,8.8,0.0,0.0,21.41,53.61,Overcast / Moderate,19.95,0.0,32.3,9.04
2025-11-24 01:00:00,2025,11,24,1,328,0,44,-28.6,2.2,0.0,0.0,0.0,51.59,Overcast / Moderate,19.95,0.0,51.69,14.47
2025-11-24 02:00:00,2025,11,24,2,328,0,51,-28.5,10.4,40.1,2.7,44.47,51.95,Overcast / Moderate,19.95,0.0,15.0,4.2
2025-11-24 03:00:00,2025,11,24,3,328,0,44,-28.9,9.6,90.4,6.18,31.55,55.09,Overcast / Moderate,19.95,0.0,17.46,4.89
2025-11-24 04:00:00,2025,11,24,4,328,0,46,-27.8,9.0,130.3,8.75,23.7,54.05,Overcast / Moderate,19.95,0.0,21.7,6.08
2025-11-24 05:00:00,2025,11,24,5,328,0,46,-27.8,4.7,177.9,11.87,0.54,60.82,Overcast / Moderate,19.95,0.0,48.51,13.58
2025-11-24 06:00:00,2025,11,24,6,328,0,41,-28.7,9.7,306.3,21.07,33.01,56.14,Overcast / Moderate,19.95,0.0,15.0,4.2
2025-11-24 07:00:00,2025,11,24,7,328,0,42,-26.8,3.5,326.5,21.94,0.01,59.14,Overcast / Moderate,19.95,0.0,37.29,10.44
2025-11-24 08:00:00,2025,11,24,8,328,0,41,-26.0,2.9,366.4,24.43,0.0,60.35,Overcast / Moderate,19.95,0.0,36.02,10.08
2025-11-24 09:00:00,2025,11,24,9,328,0,42,-26.3,1.7,327.4,21.38,0.0,61.86,Overcast / Moderate,19.95,0.0,40.58,11.36
2025-11-24 10:00:00,2025,11,24,10,328,0,36,-27.1,12.3,338.4,22.05,80.0,60.84,Overcast / Moderate,38.35,-40.0,0.0,0.0
2025-11-24 11:00:00,2025,11,24,11,328,0,46,-25.4,4.7,638.2,43.93,0.54,60.65,Clear Solar Day,29.56,16.18,0.0,0.0
2025-11-24 12:00:00,2025,11,24,12,328,0,51,-24.3,11.6,455.2,30.03,69.8,60.85,Clear Solar Day,47.49,-38.98,0.0,0.0
2025-11-24 13:00:00,2025,11,24,13,328,0,45,-25.3,4.3,449.2,29.72,0.24,59.97,Clear Solar Day,31.18,30.01,0.0,0.0
2025-11-24 14:00:00,2025,11,24,14,328,0,40,-24.6,11.3,521.4,35.16,62.75,57.17,Clear Solar Day,49.58,-40.0,0.0,0.0
2025-11-24 15:00:00,2025,11,24,15,328,0,43,-24.5,11.2,461.5,30.99,60.51,56.96,Clear Solar Day,65.47,-34.54,0.0,0.0
2025-11-24 16:00:00,2025,11,24,16,328,0,43,-25.0,11.8,413.6,27.87,74.78,61.26,Clear Solar Day,83.87,-40.0,0.0,0.0
2025-11-24 17:00:00,2025,11,24,17,328,0,41,-25.6,6.3,415.3,28.63,3.94,57.93,Clear Solar Day,70.08,25.36,0.0,0.0
2025-11-24 18:00:00,2025,11,24,18,328,0,47,-25.8,10.5,252.8,16.89,46.3,58.11,Overcast / Moderate,72.42,-5.08,0.0,0.0
2025-11-24 19:00:00,2025,11,24,19,328,0,47,-26.0,12.7,208.7,14.1,80.0,60.84,Overcast / Moderate,87.72,-33.26,0.0,0.0
2025-11-24 20:00:00,2025,11,24,20,328,0,41,-26.8,4.8,155.3,10.61,0.64,61.1,Overcast / Moderate,60.63,49.85,0.0,0.0
2025-11-24 21:00:00,2025,11,24,21,328,0,47,-26.4,5.6,91.3,6.2,1.93,57.45,Overcast / Moderate,33.82,49.32,0.0,0.0
2025-11-24 22:00:00,2025,11,24,22,328,0,49,-25.5,8.4,44.8,3.02,17.28,53.91,Overcast / Moderate,18.8,27.65,15.0,4.2
2025-11-24 23:00:00,2025,11,24,23,328,0,50,-26.2,4.6,0.0,0.0,0.45,53.31,Overcast / Moderate,18.8,0.0,55.26,15.47
2025-11-25 00:00:00,2025,11,25,0,329,1,53,-27.2,8.8,0.0,0.0,21.41,62.16,Overcast / Moderate,18.8,0.0,43.15,12.08
2025-11-25 01:00:00,2025,11,25,1,329,1,42,-28.1,2.2,0.0,0.0,0.0,55.26,Overcast / Moderate,18.8,0.0,57.66,16.15
2025-11-25 02:00:00,2025,11,25,2,329,1,53,-27.5,6.5,49.9,3.41,4.71,60.81,Overcast / Moderate,18.8,0.0,55.09,15.43
2025-11-25 03:00:00,2025,11,25,3,329,1,43,-28.3,2.8,97.8,6.71,0.0,56.01,Overcast / Moderate,18.8,0.0,51.7,14.48
2025-11-25 04:00:00,2025,11,25,4,329,1,43,-29.4,4.5,138.9,9.42,0.37,57.06,Overcast / Moderate,18.8,0.0,49.67,13.91
2025-11-25 05:00:00,2025,11,25,5,329,1,45,-28.6,4.2,192.0,12.93,0.19,55.9,Overcast / Moderate,18.8,0.0,45.18,12.65
2025-11-25 06:00:00,2025,11,25,6,329,1,43,-28.7,10.0,265.4,17.94,37.64,55.14,Overcast / Moderate,19.0,-0.44,0.0,0.0
2025-11-25 07:00:00,2025,11,25,7,329,1,46,-27.6,3.6,310.3,20.78,0.02,61.46,Overcast / Moderate,19.0,0.0,42.66,11.94
2025-11-25 08:00:00,2025,11,25,8,329,1,41,-28.1,9.5,361.7,24.21,30.14,58.64,Overcast / Moderate,19.0,0.0,15.0,4.2
2025-11-25 09:00:00,2025,11,25,9,329,1,44,-27.7,9.3,554.5,38.37,27.44,61.0,Clear Solar Day,21.21,-4.81,0.0,0.0
2025-11-25 10:00:00,2025,11,25,10,329,1,48,-25.7,6.3,524.8,35.5,3.94,56.86,Clear Solar Day,19.89,2.43,15.0,4.2
2025-11-25 11:00:00,2025,11,25,11,329,1,44,-24.9,4.0,616.0,42.14,0.11,59.36,Clear Solar Day,19.89,0.0,17.32,4.85
2025-11-25 12:00:00,2025,11,25,12,329,1,45,-23.6,3.9,592.3,40.1,0.08,55.29,Clear Solar Day,19.89,0.0,15.32,4.29
2025-11-25 13:00:00,2025,11,25,13,329,1,46,-23.7,6.0,560.0,37.75,2.96,58.96,Clear Solar Day,19.89,0.0,18.46,5.17
2025-11-25 14:00:00,2025,11,25,14,329,1,48,-23.3,0.8,602.1,41.16,0.0,59.92,Clear Solar Day,19.89,0.0,18.97,5.31
2025-11-25 15:00:00,2025,11,25,15,329,1,40,-22.4,6.6,494.1,33.24,5.12,59.21,Clear Solar Day,19.89,0.0,21.06,5.9
2025-11-25 16:00:00,2025,11,25,16,329,1,46,-22.7,12.8,380.3,25.23,80.0,58.76,Overcast / Moderate,38.29,-40.0,0.0,0.0
2025-11-25 17:00:00,2025,11,25,17,329,1,44,-22.7,3.2,360.9,24.25,0.0,56.61,Overcast / Moderate,20.71,32.36,0.0,0.0
2025-11-25 18:00:00,2025,11,25,18,329,1,45,-23.7,6.9,299.9,20.29,6.51,56.8,Overcast / Moderate,19.94,1.42,28.58,8.0
2025-11-25 19:00:00,2025,11,25,19,329,1,48,-24.6,13.2,191.2,12.73,80.0,61.88,Overcast / Moderate,34.13,-30.85,0.0,0.0
2025-11-25 20:00:00,2025,11,25,20,329,1,41,-24.4,10.4,117.1,7.7,44.47,57.27,Overcast / Moderate,31.36,5.1,0.0,0.0
2025-11-25 21:00:00,2025,11,25,21,329,1,41,-24.7,10.2,74.0,4.88,40.96,55.86,Overcast / Moderate,25.91,10.02,0.0,0.0
2025-11-25 22:00:00,2025,11,25,22,329,1,39,-26.4,9.7,49.5,3.37,33.01,53.5,Overcast / Moderate,19.49,11.82,15.0,4.2
2025-11-25 23:00:00,2025,11,25,23,329,1,43,-27.4,4.7,0.0,0.0,0.54,50.08,Overcast / Moderate,19.49,0.0,50.57,14.16
2025-11-26 00:00:00,2025,11,26,0,330,2,48,-28.9,10.9,0.0,0.0,54.11,57.11,Overcast / Moderate,19.49,0.0,15.0,4.2
2025-11-26 01:00:00,2025,11,26,1,330,2,44,-27.9,12.3,0.0,0.0,80.0,53.36,Overcast / Moderate,31.74,-26.64,0.0,0.0
2025-11-26 02:00:00,2025,11,26,2,330,2,40,-30.1,6.3,46.2,3.13,3.94,55.29,Severe Sub-Zero Cold,18.98,23.48,24.74,6.93
2025-11-26 03:00:00,2025,11,26,3,330,2,43,-30.7,5.1,73.7,4.93,1.02,62.18,Severe Sub-Zero Cold,18.98,0.0,58.27,16.32
2025-11-26 04:00:00,2025,11,26,4,330,2,40,-30.2,5.6,140.1,9.51,1.93,54.97,Severe Sub-Zero Cold,18.98,0.0,45.57,12.76
2025-11-26 05:00:00,2025,11,26,5,330,2,41,-29.7,4.9,176.2,11.78,0.75,58.0,Overcast / Moderate,18.98,0.0,47.51,13.3
2025-11-26 06:00:00,2025,11,26,6,330,2,46,-28.5,3.8,299.7,20.51,0.06,58.81,Overcast / Moderate,18.98,0.0,40.28,11.28
2025-11-26 07:00:00,2025,11,26,7,330,2,41,-28.3,7.4,362.0,24.67,9.35,62.57,Overcast / Moderate,18.98,0.0,30.59,8.57
2025-11-26 08:00:00,2025,11,26,8,330,2,48,-27.0,6.9,379.4,25.43,6.51,62.82,Overcast / Moderate,18.98,0.0,32.92,9.22
2025-11-26 09:00:00,2025,11,26,9,330,2,44,-26.3,6.0,437.5,29.32,2.96,57.21,Clear Solar Day,18.98,0.0,26.97,7.55
2025-11-26 10:00:00,2025,11,26,10,330,2,45,-25.8,5.6,456.8,30.44,1.93,58.32,Clear Solar Day,18.98,0.0,27.99,7.84
2025-11-26 11:00:00,2025,11,26,11,330,2,44,-25.9,15.5,597.2,40.78,80.0,56.76,High Wind Surge,37.38,-40.0,0.0,0.0
2025-11-26 12:00:00,2025,11,26,12,330,2,47,-26.5,12.4,439.1,29.02,80.0,60.29,Clear Solar Day,55.78,-40.0,0.0,0.0
2025-11-26 13:00:00,2025,11,26,13,330,2,47,-26.9,14.3,615.0,42.26,80.0,60.62,High Wind Surge,74.18,-40.0,0.0,0.0
2025-11-26 14:00:00,2025,11,26,14,330,2,46,-26.4,21.2,282.3,18.12,80.0,58.46,High Wind Surge,92.42,-39.66,0.0,0.0
2025-11-26 15:00:00,2025,11,26,15,330,2,46,-26.4,21.0,165.2,10.35,80.0,62.12,High Wind Surge,94.79,-5.15,0.0,0.0
2025-11-26 16:00:00,2025,11,26,16,330,2,44,-26.5,18.9,145.8,9.14,80.0,58.89,High Wind Surge,94.98,-0.41,0.0,0.0
2025-11-26 17:00:00,2025,11,26,17,330,2,46,-26.8,22.8,245.3,16.04,80.0,60.14,Blizzard / Extreme Storm,95.0,-0.03,0.0,0.0
2025-11-26 18:00:00,2025,11,26,18,330,2,43,-26.6,27.0,189.2,12.32,0.0,55.93,Blizzard / Extreme Storm,71.3,43.61,0.0,0.0
2025-11-26 19:00:00,2025,11,26,19,330,2,45,-26.8,25.1,74.4,4.67,0.0,60.87,Blizzard / Extreme Storm,44.12,50.0,15.0,4.2
2025-11-26 20:00:00,2025,11,26,20,330,2,44,-27.7,22.0,66.6,4.24,80.0,60.79,Blizzard / Extreme Storm,54.91,-23.45,0.0,0.0
2025-11-26 21:00:00,2025,11,26,21,330,2,43,-28.1,19.2,43.0,2.75,80.0,59.48,High Wind Surge,65.61,-23.27,0.0,0.0
2025-11-26 22:00:00,2025,11,26,22,330,2,42,-28.4,21.3,27.5,1.78,80.0,56.21,High Wind Surge,77.38,-25.57,0.0,0.0
2025-11-26 23:00:00,2025,11,26,23,330,2,46,-28.9,22.5,0.0,0.0,80.0,56.79,Blizzard / Extreme Storm,88.05,-23.21,0.0,0.0
2025-11-27 00:00:00,2025,11,27,0,331,3,48,-29.5,16.6,0.0,0.0,80.0,58.83,High Wind Surge,94.44,-13.89,0.0,0.0
2025-11-27 01:00:00,2025,11,27,1,331,3,48,-30.5,15.7,0.0,0.0,80.0,59.7,High Wind Surge,94.96,-1.11,0.0,0.0
2025-11-27 02:00:00,2025,11,27,2,331,3,41,-29.1,9.6,56.1,3.86,31.55,57.36,Overcast / Moderate,83.03,21.95,0.0,0.0
2025-11-27 03:00:00,2025,11,27,3,331,3,48,-30.0,8.4,89.7,6.09,17.28,61.91,Severe Sub-Zero Cold,62.08,38.54,0.0,0.0
2025-11-27 04:00:00,2025,11,27,4,331,3,44,-30.5,11.1,165.1,11.41,58.32,57.58,Severe Sub-Zero Cold,67.67,-12.15,0.0,0.0
2025-11-27 05:00:00,2025,11,27,5,331,3,46,-30.0,9.0,193.6,13.07,23.7,54.95,Severe Sub-Zero Cold,57.79,18.18,0.0,0.0
2025-11-27 06:00:00,2025,11,27,6,331,3,42,-28.8,11.4,246.2,16.5,65.04,54.49,Overcast / Moderate,70.23,-27.05,0.0,0.0
2025-11-27 07:00:00,2025,11,27,7,331,3,45,-27.3,5.7,376.1,25.67,2.16,60.07,Overcast / Moderate,52.71,32.24,0.0,0.0
2025-11-27 08:00:00,2025,11,27,8,331,3,45,-28.6,11.3,354.0,23.65,62.75,59.75,Overcast / Moderate,64.97,-26.65,0.0,0.0
2025-11-27 09:00:00,2025,11,27,9,331,3,40,-27.2,7.4,401.4,26.73,9.35,52.98,Clear Solar Day,55.78,16.9,0.0,0.0
2025-11-27 10:00:00,2025,11,27,10,331,3,46,-26.3,10.5,523.7,35.45,46.3,61.25,Clear Solar Day,65.21,-20.5,0.0,0.0
2025-11-27 11:00:00,2025,11,27,11,331,3,49,-26.2,1.6,606.6,41.52,0.0,61.72,Clear Solar Day,54.24,20.2,0.0,0.0
2025-11-27 12:00:00,2025,11,27,12,331,3,44,-25.8,7.8,488.4,32.54,12.14,64.39,Clear Solar Day,43.52,19.71,0.0,0.0
2025-11-27 13:00:00,2025,11,27,13,331,3,49,-25.0,10.1,392.5,25.61,39.28,65.36,Overcast / Moderate,43.27,0.47,0.0,0.0
2025-11-27 14:00:00,2025,11,27,14,331,3,44,-24.5,3.4,612.1,42.03,0.01,60.33,Clear Solar Day,33.33,18.29,0.0,0.0
2025-11-27 15:00:00,2025,11,27,15,331,3,47,-24.5,7.8,469.9,31.58,12.14,61.08,Clear Solar Day,23.89,17.36,0.0,0.0
2025-11-27 16:00:00,2025,11,27,16,331,3,38,-23.9,9.8,397.6,26.56,34.51,54.02,Overcast / Moderate,27.14,-7.05,0.0,0.0
2025-11-27 17:00:00,2025,11,27,17,331,3,52,-23.3,4.5,361.7,24.32,0.37,60.97,Overcast / Moderate,19.38,14.27,22.01,6.16
2025-11-27 18:00:00,2025,11,27,18,331,3,49,-22.8,5.5,220.2,14.38,1.71,58.8,Overcast / Moderate,19.38,0.0,43.95,12.31
2025-11-27 19:00:00,2025,11,27,19,331,3,44,-24.9,6.9,219.9,14.85,6.51,59.29,Overcast / Moderate,19.38,0.0,39.17,10.97
2025-11-27 20:00:00,2025,11,27,20,331,3,39,-24.8,6.5,105.9,6.9,4.71,55.2,Overcast / Moderate,19.38,0.0,44.83,12.55
2025-11-27 21:00:00,2025,11,27,21,331,3,45,-25.1,1.6,102.9,7.01,0.0,60.47,Overcast / Moderate,19.38,0.0,54.7,15.32
2025-11-27 22:00:00,2025,11,27,22,331,3,40,-26.8,2.6,50.0,3.37,0.0,50.21,Overcast / Moderate,19.38,0.0,48.08,13.46
2025-11-27 23:00:00,2025,11,27,23,331,3,46,-27.8,2.6,0.0,0.0,0.0,63.25,Overcast / Moderate,19.38,0.0,64.49,18.06
2025-11-28 00:00:00,2025,11,28,0,332,4,46,-28.7,4.3,0.0,0.0,0.24,59.96,Overcast / Moderate,19.38,0.0,60.96,17.07
2025-11-28 01:00:00,2025,11,28,1,332,4,42,-28.6,4.1,0.0,0.0,0.15,58.73,Overcast / Moderate,19.38,0.0,59.82,16.75
2025-11-28 02:00:00,2025,11,28,2,332,4,48,-29.2,8.7,53.1,3.61,20.32,53.95,Overcast / Moderate,19.38,0.0,31.26,8.75
2025-11-28 03:00:00,2025,11,28,3,332,4,47,-29.2,6.9,78.3,5.22,6.51,52.87,Overcast / Moderate,19.38,0.0,42.38,11.87
2025-11-28 04:00:00,2025,11,28,4,332,4,47,-29.3,8.9,133.8,8.99,22.54,57.69,Overcast / Moderate,19.38,0.0,27.4,7.67
2025-11-28 05:00:00,2025,11,28,5,332,4,45,-29.4,2.1,253.1,17.57,0.0,55.89,Overcast / Moderate,19.38,0.0,39.56,11.08
2025-11-28 06:00:00,2025,11,28,6,332,4,40,-29.5,6.2,190.9,12.52,3.6,60.28,Overcast / Moderate,19.38,0.0,45.4,12.71
2025-11-28 07:00:00,2025,11,28,7,332,4,47,-29.1,4.8,286.6,19.09,0.64,64.69,Overcast / Moderate,19.38,0.0,46.2,12.94
2025-11-28 08:00:00,2025,11,28,8,332,4,44,-29.4,10.2,456.1,31.37,40.96,62.2,Clear Solar Day,24.04,-10.13,0.0,0.0
2025-11-28 09:00:00,2025,11,28,9,332,4,40,-29.4,8.3,506.3,34.74,16.34,64.62,Clear Solar Day,19.65,8.08,15.0,4.2
2025-11-28 10:00:00,2025,11,28,10,332,4,49,-27.7,10.5,443.3,29.58,46.3,63.22,Clear Solar Day,25.47,-12.66,0.0,0.0
2025-11-28 11:00:00,2025,11,28,11,332,4,51,-26.7,1.8,458.2,30.45,0.0,63.28,Clear Solar Day,19.52,10.94,21.89,6.13
2025-11-28 12:00:00,2025,11,28,12,332,4,44,-26.8,8.4,514.9,34.57,17.28,62.96,Clear Solar Day,19.52,0.0,15.0,4.2
2025-11-28 13:00:00,2025,11,28,13,332,4,51,-25.6,6.6,571.7,38.78,5.12,60.19,Clear Solar Day,19.52,0.0,17.24,4.83
2025-11-28 14:00:00,2025,11,28,14,332,4,45,-25.2,9.8,602.4,41.34,34.51,62.05,Clear Solar Day,25.87,-13.8,0.0,0.0
2025-11-28 15:00:00,2025,11,28,15,332,4,43,-26.0,6.4,465.9,31.39,4.31,60.82,Clear Solar Day,19.49,11.74,15.0,4.2
2025-11-28 16:00:00,2025,11,28,16,332,4,43,-26.6,6.7,452.5,30.87,5.56,57.55,Clear Solar Day,19.49,0.0,22.14,6.2
2025-11-28 17:00:00,2025,11,28,17,332,4,49,-26.5,1.9,419.3,28.93,0.0,66.76,Clear Solar Day,19.49,0.0,38.85,10.88
2025-11-28 18:00:00,2025,11,28,18,332,4,42,-25.9,7.9,199.3,13.0,12.91,57.84,Overcast / Moderate,19.49,0.0,32.95,9.23
2025-11-28 19:00:00,2025,11,28,19,332,4,47,-26.7,4.4,185.8,12.37,0.3,57.23,Overcast / Moderate,19.49,0.0,45.58,12.76
2025-11-28 20:00:00,2025,11,28,20,332,4,43,-27.0,1.2,147.5,9.96,0.0,58.21,Overcast / Moderate,19.49,0.0,49.27,13.8
2025-11-28 21:00:00,2025,11,28,21,332,4,43,-26.8,2.1,101.2,6.89,0.0,57.42,Overcast / Moderate,19.49,0.0,51.55,14.43
2025-11-28 22:00:00,2025,11,28,22,332,4,48,-27.2,13.0,42.3,2.8,80.0,56.13,Overcast / Moderate,31.76,-26.67,0.0,0.0
2025-11-28 23:00:00,2025,11,28,23,332,4,43,-29.1,5.0,0.0,0.0,0.88,60.05,Overcast / Moderate,18.98,23.52,35.65,9.98
2025-11-29 00:00:00,2025,11,29,0,333,5,43,-30.2,10.5,0.0,0.0,46.3,57.45,Severe Sub-Zero Cold,18.98,0.0,15.0,4.2
2025-11-29 01:00:00,2025,11,29,1,333,5,48,-30.8,13.1,24.3,1.63,80.0,62.3,Severe Sub-Zero Cold,27.87,-19.33,0.0,0.0
2025-11-29 02:00:00,2025,11,29,2,333,5,49,-31.6,12.4,63.5,4.42,80.0,61.82,Severe Sub-Zero Cold,38.27,-22.6,0.0,0.0
2025-11-29 03:00:00,2025,11,29,3,333,5,46,-32.1,10.8,107.1,7.42,52.08,52.22,Severe Sub-Zero Cold,41.61,-7.28,0.0,0.0
2025-11-29 04:00:00,2025,11,29,4,333,5,43,-31.9,11.0,180.8,12.64,56.19,60.35,Severe Sub-Zero Cold,45.52,-8.48,0.0,0.0
2025-11-29 05:00:00,2025,11,29,5,333,5,43,-31.1,4.5,176.5,11.82,0.37,56.05,Severe Sub-Zero Cold,21.68,43.86,0.0,0.0
2025-11-29 06:00:00,2025,11,29,6,333,5,45,-30.8,3.2,296.5,20.34,0.0,58.98,Severe Sub-Zero Cold,19.85,3.36,35.28,9.88
2025-11-29 07:00:00,2025,11,29,7,333,5,45,-30.8,7.6,267.1,17.75,10.68,63.56,Severe Sub-Zero Cold,19.85,0.0,35.42,9.92
2025-11-29 08:00:00,2025,11,29,8,333,5,42,-28.6,6.2,398.6,26.93,3.6,67.98,Overcast / Moderate,19.85,0.0,37.74,10.57
2025-11-29 09:00:00,2025,11,29,9,333,5,47,-28.0,2.6,372.6,24.67,0.0,63.38,Overcast / Moderate,19.85,0.0,39.0,10.92
2025-11-29 10:00:00,2025,11,29,10,333,5,45,-27.5,8.0,512.6,34.7,13.72,62.68,Clear Solar Day,19.85,0.0,15.0,4.2
2025-11-29 11:00:00,2025,11,29,11,333,5,39,-27.2,6.9,590.2,40.34,6.51,61.62,Clear Solar Day,19.85,0.0,15.06,4.22
2025-11-29 12:00:00,2025,11,29,12,333,5,42,-26.5,10.4,582.9,39.63,44.47,55.71,Clear Solar Day,32.91,-28.39,0.0,0.0
2025-11-29 13:00:00,2025,11,29,13,333,5,43,-25.3,7.3,509.0,34.05,8.73,61.59,Clear Solar Day,22.69,18.81,0.0,0.0
2025-11-29 14:00:00,2025,11,29,14,333,5,44,-26.7,7.0,514.8,34.79,7.02,59.74,Clear Solar Day,19.77,5.38,15.0,4.2
2025-11-29 15:00:00,2025,11,29,15,333,5,50,-26.1,5.8,541.2,37.11,2.41,60.18,Clear Solar Day,19.77,0.0,21.13,5.92
2025-11-29 16:00:00,2025,11,29,16,333,5,45,-25.5,6.0,345.2,22.81,2.96,61.78,Overcast / Moderate,19.77,0.0,36.48,10.21
2025-11-29 17:00:00,2025,11,29,17,333,5,42,-24.4,12.8,340.1,22.75,80.0,54.14,Overcast / Moderate,38.17,-40.0,0.0,0.0
2025-11-29 18:00:00,2025,11,29,18,333,5,45,-24.8,3.0,341.4,23.47,0.0,61.55,Overcast / Moderate,18.42,36.33,15.0,4.2
2025-11-29 19:00:00,2025,11,29,19,333,5,43,-25.4,5.8,257.6,17.72,2.41,58.56,Overcast / Moderate,18.42,0.0,41.59,11.65
2025-11-29 20:00:00,2025,11,29,20,333,5,45,-23.8,7.7,144.2,9.62,11.39,58.2,Overcast / Moderate,18.42,0.0,40.35,11.3
2025-11-29 21:00:00,2025,11,29,21,333,5,46,-23.7,5.7,110.2,7.5,2.16,53.11,Overcast / Moderate,18.42,0.0,46.61,13.05
2025-11-29 22:00:00,2025,11,29,22,333,5,48,-25.4,4.4,49.9,3.33,0.3,56.54,Overcast / Moderate,18.42,0.0,56.07,15.7
2025-11-29 23:00:00,2025,11,29,23,333,5,44,-27.4,4.5,24.3,1.62,0.37,55.56,Overcast / Moderate,18.42,0.0,56.73,15.88
2025-11-30 00:00:00,2025,11,30,0,334,6,49,-27.3,4.0,0.0,0.0,0.11,54.76,Overcast / Moderate,18.42,0.0,57.81,16.19
2025-11-30 01:00:00,2025,11,30,1,334,6,47,-28.4,5.0,22.8,1.5,0.88,54.01,Overcast / Moderate,18.42,0.0,54.79,15.34
2025-11-30 02:00:00,2025,11,30,2,334,6,42,-29.3,10.6,51.6,3.47,48.17,57.89,Overcast / Moderate,18.42,0.0,15.0,4.2
2025-11-30 03:00:00,2025,11,30,3,334,6,51,-30.0,6.3,115.2,7.99,3.94,59.25,Severe Sub-Zero Cold,18.42,0.0,50.48,14.13
2025-11-30 04:00:00,2025,11,30,4,334,6,45,-29.3,4.1,161.7,11.06,0.15,56.59,Overcast / Moderate,18.42,0.0,48.54,13.59
2025-11-30 05:00:00,2025,11,30,5,334,6,42,-29.0,5.3,226.9,15.5,1.34,53.24,Overcast / Moderate,18.42,0.0,39.56,11.08
2025-11-30 06:00:00,2025,11,30,6,334,6,49,-29.6,2.6,253.3,17.02,0.0,58.41,Overcast / Moderate,18.42,0.0,44.55,12.47
2025-11-30 07:00:00,2025,11,30,7,334,6,51,-27.7,11.3,309.0,20.63,62.75,64.06,Overcast / Moderate,27.31,-19.32,0.0,0.0
2025-11-30 08:00:00,2025,11,30,8,334,6,44,-28.0,5.5,387.3,26.04,1.71,64.54,Overcast / Moderate,19.36,14.62,22.17,6.21
2025-11-30 09:00:00,2025,11,30,9,334,6,43,-27.9,14.4,510.2,34.88,80.0,57.84,High Wind Surge,37.76,-40.0,0.0,0.0
2025-11-30 10:00:00,2025,11,30,10,334,6,44,-27.6,5.0,465.8,31.21,0.88,59.16,Clear Solar Day,23.05,27.07,0.0,0.0
2025-11-30 11:00:00,2025,11,30,11,334,6,47,-26.8,9.9,463.0,30.79,36.05,66.25,Clear Solar Day,23.32,-0.59,0.0,0.0
2025-11-30 12:00:00,2025,11,30,12,334,6,48,-26.5,4.2,608.1,41.54,0.19,61.99,Clear Solar Day,19.71,6.65,15.0,4.2
2025-11-30 13:00:00,2025,11,30,13,334,6,46,-27.3,2.2,497.9,33.39,0.0,62.05,Clear Solar Day,19.71,0.0,29.24,8.19
2025-11-30 14:00:00,2025,11,30,14,334,6,45,-27.2,1.5,516.5,34.95,0.0,63.41,Clear Solar Day,19.71,0.0,29.04,8.13
2025-11-30 15:00:00,2025,11,30,15,334,6,49,-26.3,7.3,467.3,31.5,8.73,66.24,Clear Solar Day,19.71,0.0,26.59,7.44
2025-11-30 16:00:00,2025,11,30,16,334,6,44,-26.8,4.7,315.0,20.71,0.54,57.45,Overcast / Moderate,19.71,0.0,36.78,10.3
2025-11-30 17:00:00,2025,11,30,17,334,6,48,-28.1,5.8,298.3,19.87,2.41,68.17,Overcast / Moderate,19.71,0.0,46.47,13.01
2025-11-30 18:00:00,2025,11,30,18,334,6,44,-28.9,9.7,283.6,19.25,33.01,61.82,Overcast / Moderate,19.71,0.0,15.0,4.2
2025-11-30 19:00:00,2025,11,30,19,334,6,46,-29.9,4.1,176.6,11.78,0.15,64.03,Overcast / Moderate,19.71,0.0,52.68,14.75
2025-11-30 20:00:00,2025,11,30,20,334,6,44,-29.2,4.7,168.3,11.57,0.54,62.3,Overcast / Moderate,19.71,0.0,50.77,14.22
2025-11-30 21:00:00,2025,11,30,21,334,6,44,-30.3,10.1,99.3,6.78,39.28,66.72,Severe Sub-Zero Cold,19.71,0.0,21.24,5.95
2025-11-30 22:00:00,2025,11,30,22,334,6,43,-30.1,6.2,64.2,4.44,3.6,59.14,Severe Sub-Zero Cold,19.71,0.0,51.68,14.47
2025-11-30 23:00:00,2025,11,30,23,334,6,49,-29.4,9.8,31.8,2.18,34.51,57.14,Overcast / Moderate,19.71,0.0,21.03,5.89
2025-12-01 00:00:00,2025,12,1,0,335,0,42,-28.7,5.2,0.0,0.0,1.17,52.67,Overcast / Moderate,19.71,0.0,52.08,14.58
2025-12-01 01:00:00,2025,12,1,1,335,0,42,-28.3,5.4,33.3,2.27,1.52,54.58,Overcast / Moderate,19.71,0.0,51.37,14.38
2025-12-01 02:00:00,2025,12,1,2,335,0,51,-28.8,3.3,62.6,4.28,0.0,54.14,Overcast / Moderate,19.71,0.0,50.44,14.12
2025-12-01 03:00:00,2025,12,1,3,335,0,47,-29.0,11.6,100.8,6.85,69.8,59.0,Overcast / Moderate,27.83,-17.65,0.0,0.0
2025-12-01 04:00:00,2025,12,1,4,335,0,37,-28.4,11.1,149.4,10.1,58.32,52.5,Overcast / Moderate,35.15,-15.92,0.0,0.0
2025-12-01 05:00:00,2025,12,1,5,335,0,43,-28.2,14.8,226.1,15.39,80.0,55.07,High Wind Surge,53.55,-40.0,0.0,0.0
2025-12-01 06:00:00,2025,12,1,6,335,0,39,-28.3,5.5,330.6,22.8,1.71,57.48,Overcast / Moderate,35.63,32.97,0.0,0.0
2025-12-01 07:00:00,2025,12,1,7,335,0,42,-28.2,9.7,325.0,21.83,33.01,62.73,Overcast / Moderate,31.35,7.89,0.0,0.0
2025-12-01 08:00:00,2025,12,1,8,335,0,35,-28.7,5.6,223.2,14.37,1.93,59.62,Overcast / Moderate,19.01,22.69,20.63,5.78
2025-12-01 09:00:00,2025,12,1,9,335,0,44,-27.5,5.9,531.6,36.47,2.68,58.89,Clear Solar Day,19.01,0.0,21.71,6.08
2025-12-01 10:00:00,2025,12,1,10,335,0,41,-27.9,9.8,574.7,39.44,34.51,61.35,Clear Solar Day,24.81,-12.6,0.0,0.0
2025-12-01 11:00:00,2025,12,1,11,335,0,45,-28.2,3.4,584.2,39.96,0.01,59.76,Clear Solar Day,19.58,9.62,15.0,4.2
2025-12-01 12:00:00,2025,12,1,12,335,0,40,-27.2,3.9,501.0,33.55,0.08,60.5,Clear Solar Day,19.58,0.0,27.71,7.76
2025-12-01 13:00:00,2025,12,1,13,335,0,45,-26.5,4.7,498.0,33.32,0.54,57.21,Clear Solar Day,19.58,0.0,24.19,6.77
2025-12-01 14:00:00,2025,12,1,14,335,0,43,-25.6,9.2,504.2,33.88,26.15,62.12,Clear Solar Day,19.58,0.0,15.0,4.2
2025-12-01 15:00:00,2025,12,1,15,335,0,49,-25.1,5.2,405.9,26.87,1.17,61.31,Clear Solar Day,19.58,0.0,34.11,9.55
2025-12-01 16:00:00,2025,12,1,16,335,0,49,-24.3,5.1,314.0,20.49,1.02,60.18,Overcast / Moderate,19.58,0.0,39.51,11.06
2025-12-01 17:00:00,2025,12,1,17,335,0,47,-24.0,18.6,233.9,15.1,80.0,60.27,High Wind Surge,35.6,-34.83,0.0,0.0
2025-12-01 18:00:00,2025,12,1,18,335,0,44,-25.3,5.3,272.2,18.22,1.34,58.94,Overcast / Moderate,18.64,31.21,15.0,4.2
2025-12-01 19:00:00,2025,12,1,19,335,0,50,-25.9,4.1,245.2,16.75,0.15,61.93,Overcast / Moderate,18.64,0.0,47.74,13.37
2025-12-01 20:00:00,2025,12,1,20,335,0,40,-26.2,7.4,156.6,10.58,9.35,61.74,Overcast / Moderate,18.64,0.0,44.52,12.47
2025-12-01 21:00:00,2025,12,1,21,335,0,40,-28.5,9.4,91.9,6.18,28.77,62.88,Overcast / Moderate,18.64,0.0,30.64,8.58
2025-12-01 22:00:00,2025,12,1,22,335,0,44,-28.4,2.1,39.7,2.6,0.0,57.47,Overcast / Moderate,18.64,0.0,57.58,16.12
2025-12-01 23:00:00,2025,12,1,23,335,0,51,-29.0,7.4,28.7,1.93,9.35,58.26,Overcast / Moderate,18.64,0.0,49.69,13.91
2025-12-02 00:00:00,2025,12,2,0,336,1,44,-28.7,1.5,0.0,0.0,0.0,55.12,Overcast / Moderate,18.64,0.0,57.83,16.19
2025-12-02 01:00:00,2025,12,2,1,336,1,44,-29.3,6.5,41.7,2.91,4.71,59.04,Overcast / Moderate,18.64,0.0,54.13,15.16
2025-12-02 02:00:00,2025,12,2,2,336,1,40,-29.7,4.2,47.2,3.14,0.19,53.53,Overcast / Moderate,18.64,0.0,52.91,14.82
2025-12-02 03:00:00,2025,12,2,3,336,1,47,-29.9,4.6,110.6,7.6,0.45,61.91,Overcast / Moderate,18.64,0.0,56.57,15.84
2025-12-02 04:00:00,2025,12,2,4,336,1,47,-29.9,6.0,161.1,11.01,2.96,59.23,Overcast / Moderate,18.64,0.0,47.97,13.43
2025-12-02 05:00:00,2025,12,2,5,336,1,47,-29.0,11.9,197.0,13.23,77.36,59.73,Overcast / Moderate,32.84,-30.86,0.0,0.0
2025-12-02 06:00:00,2025,12,2,6,336,1,43,-28.1,8.3,315.9,21.64,16.34,56.42,Overcast / Moderate,22.82,18.44,0.0,0.0
2025-12-02 07:00:00,2025,12,2,7,336,1,42,-28.1,12.2,293.7,19.52,80.0,60.33,Overcast / Moderate,40.84,-39.19,0.0,0.0
2025-12-02 08:00:00,2025,12,2,8,336,1,41,-27.8,7.8,370.1,24.74,12.14,62.43,Overcast / Moderate,26.96,25.55,0.0,0.0
2025-12-02 09:00:00,2025,12,2,9,336,1,45,-25.8,0.7,465.0,31.27,0.0,56.43,Clear Solar Day,19.39,13.92,15.0,4.2
2025-12-02 10:00:00,2025,12,2,10,336,1,41,-26.2,4.3,478.1,31.99,0.24,57.39,Clear Solar Day,19.39,0.0,26.37,7.38
2025-12-02 11:00:00,2025,12,2,11,336,1,41,-27.0,11.3,620.0,42.57,62.75,58.99,Clear Solar Day,37.79,-40.0,0.0,0.0
2025-12-02 12:00:00,2025,12,2,12,336,1,43,-27.4,7.6,660.2,45.65,10.68,57.0,Clear Solar Day,37.43,0.67,0.0,0.0
2025-12-02 13:00:00,2025,12,2,13,336,1,43,-26.4,14.5,573.4,38.94,80.0,61.3,High Wind Surge,55.83,-40.0,0.0,0.0
2025-12-02 14:00:00,2025,12,2,14,336,1,43,-26.6,3.2,399.0,26.27,0.0,63.02,Overcast / Moderate,35.86,36.75,0.0,0.0
2025-12-02 15:00:00,2025,12,2,15,336,1,46,-26.3,4.6,385.5,25.47,0.45,56.4,Overcast / Moderate,19.29,30.48,0.0,0.0
2025-12-02 16:00:00,2025,12,2,16,336,1,45,-27.7,5.1,338.5,22.43,1.02,60.34,Overcast / Moderate,19.29,0.0,38.3,10.73
2025-12-02 17:00:00,2025,12,2,17,336,1,44,-26.9,4.8,302.7,20.11,0.64,60.0,Overcast / Moderate,19.29,0.0,40.66,11.39
2025-12-02 18:00:00,2025,12,2,18,336,1,45,-27.6,4.2,309.6,21.13,0.19,62.11,Overcast / Moderate,19.29,0.0,42.2,11.82
2025-12-02 19:00:00,2025,12,2,19,336,1,42,-28.3,5.8,241.0,16.52,2.41,62.92,Overcast / Moderate,19.29,0.0,45.4,12.71
2025-12-02 20:00:00,2025,12,2,20,336,1,45,-29.6,7.6,155.6,10.58,10.68,62.1,Overcast / Moderate,19.29,0.0,42.25,11.83
2025-12-02 21:00:00,2025,12,2,21,336,1,45,-31.4,4.7,84.2,5.65,0.54,66.5,Severe Sub-Zero Cold,19.29,0.0,61.72,17.28
2025-12-02 22:00:00,2025,12,2,22,336,1,40,-30.0,2.3,68.1,4.71,0.0,56.25,Severe Sub-Zero Cold,19.29,0.0,52.95,14.83
2025-12-02 23:00:00,2025,12,2,23,336,1,47,-30.9,8.3,38.1,2.64,16.34,56.69,Severe Sub-Zero Cold,19.29,0.0,39.12,10.95
2025-12-03 00:00:00,2025,12,3,0,337,2,42,-31.3,5.9,0.0,0.0,2.68,58.01,Severe Sub-Zero Cold,19.29,0.0,56.74,15.89
2025-12-03 01:00:00,2025,12,3,1,337,2,45,-30.6,6.8,38.0,2.61,6.02,54.39,Severe Sub-Zero Cold,19.29,0.0,47.17,13.21
2025-12-03 02:00:00,2025,12,3,2,337,2,48,-29.1,5.9,64.6,4.41,2.68,56.43,Overcast / Moderate,19.29,0.0,50.75,14.21
2025-12-03 03:00:00,2025,12,3,3,337,2,47,-28.9,10.9,116.3,8.01,54.11,56.26,Overcast / Moderate,21.99,-5.86,0.0,0.0
2025-12-03 04:00:00,2025,12,3,4,337,2,45,-28.6,6.8,156.4,10.6,6.02,54.54,Overcast / Moderate,19.83,3.98,33.94,9.5
2025-12-03 05:00:00,2025,12,3,5,337,2,43,-28.1,11.8,220.0,14.9,74.78,61.58,Overcast / Moderate,32.75,-28.1,0.0,0.0
2025-12-03 06:00:00,2025,12,3,6,337,2,47,-26.7,6.4,196.6,12.81,4.31,58.31,Overcast / Moderate,18.89,25.51,15.68,4.39
2025-12-03 07:00:00,2025,12,3,7,337,2,47,-27.3,4.5,296.2,19.66,0.37,62.27,Overcast / Moderate,18.89,0.0,44.46,12.45
2025-12-03 08:00:00,2025,12,3,8,337,2,43,-27.2,5.1,352.4,23.4,1.02,61.38,Overcast / Moderate,18.89,0.0,39.18,10.97
2025-12-03 09:00:00,2025,12,3,9,337,2,42,-26.5,6.5,495.6,33.61,4.71,60.73,Clear Solar Day,18.89,0.0,24.63,6.9
2025-12-03 10:00:00,2025,12,3,10,337,2,38,-26.8,6.6,488.7,32.81,5.12,59.83,Clear Solar Day,18.89,0.0,24.12,6.75
2025-12-03 11:00:00,2025,12,3,11,337,2,45,-27.1,8.1,600.7,41.09,14.56,64.83,Clear Solar Day,18.89,0.0,15.0,4.2
2025-12-03 12:00:00,2025,12,3,12,337,2,44,-27.0,3.9,530.3,35.68,0.08,62.82,Clear Solar Day,18.89,0.0,29.28,8.2
2025-12-03 13:00:00,2025,12,3,13,337,2,48,-26.6,7.8,590.2,40.23,12.14,56.63,Clear Solar Day,18.89,0.0,15.0,4.2
2025-12-03 14:00:00,2025,12,3,14,337,2,46,-27.9,9.1,481.7,32.39,24.91,63.96,Clear Solar Day,18.89,0.0,15.0,4.2
2025-12-03 15:00:00,2025,12,3,15,337,2,49,-27.3,7.9,542.4,37.26,12.91,60.37,Clear Solar Day,18.89,0.0,15.0,4.2
2025-12-03 16:00:00,2025,12,3,16,337,2,42,-28.4,6.1,410.6,27.78,3.27,59.47,Clear Solar Day,18.89,0.0,30.64,8.58
2025-12-03 17:00:00,2025,12,3,17,337,2,48,-28.1,15.8,403.8,27.76,80.0,65.17,High Wind Surge,37.29,-40.0,0.0,0.0
2025-12-03 18:00:00,2025,12,3,18,337,2,43,-28.3,5.5,331.6,22.85,1.71,56.47,Overcast / Moderate,19.95,31.91,0.0,0.0
2025-12-03 19:00:00,2025,12,3,19,337,2,47,-28.1,2.7,173.4,11.47,0.0,66.65,Overcast / Moderate,19.95,0.0,55.28,15.48
2025-12-03 20:00:00,2025,12,3,20,337,2,40,-27.5,9.7,180.1,12.38,33.01,61.53,Overcast / Moderate,19.95,0.0,16.24,4.55
2025-12-03 21:00:00,2025,12,3,21,337,2,45,-28.5,3.8,77.0,5.08,0.06,62.81,Overcast / Moderate,19.95,0.0,57.77,16.18
2025-12-03 22:00:00,2025,12,3,22,337,2,39,-27.9,8.3,45.5,2.99,16.34,56.33,Overcast / Moderate,19.95,0.0,37.1,10.39
2025-12-03 23:00:00,2025,12,3,23,337,2,44,-28.2,3.5,39.7,2.73,0.01,58.41,Overcast / Moderate,19.95,0.0,55.77,15.62
2025-12-04 00:00:00,2025,12,4,0,338,3,46,-27.9,1.1,0.0,0.0,0.0,56.3,Overcast / Moderate,19.95,0.0,56.4,15.79
2025-12-04 01:00:00,2025,12,4,1,338,3,43,-28.4,3.3,32.2,2.15,0.0,57.41,Overcast / Moderate,19.95,0.0,55.36,15.5
2025-12-04 02:00:00,2025,12,4,2,338,3,41,-28.5,5.3,63.7,4.33,1.34,52.67,Overcast / Moderate,19.95,0.0,47.1,13.19
2025-12-04 03:00:00,2025,12,4,3,338,3,47,-29.4,2.7,117.7,8.11,0.0,59.11,Overcast / Moderate,19.95,0.0,51.1,14.31
2025-12-04 04:00:00,2025,12,4,4,338,3,44,-29.4,3.6,171.7,11.78,0.02,57.96,Overcast / Moderate,19.95,0.0,46.26,12.95
2025-12-04 05:00:00,2025,12,4,5,338,3,43,-29.3,8.9,263.1,18.25,22.54,59.75,Overcast / Moderate,19.95,0.0,19.06,5.34
2025-12-04 06:00:00,2025,12,4,6,338,3,45,-30.1,9.0,289.6,19.72,23.7,57.61,Severe Sub-Zero Cold,19.95,0.0,15.0,4.2
2025-12-04 07:00:00,2025,12,4,7,338,3,52,-29.5,9.7,404.3,27.89,33.01,65.92,Clear Solar Day,19.95,0.0,15.0,4.2
2025-12-04 08:00:00,2025,12,4,8,338,3,48,-29.2,10.0,482.7,33.33,37.64,61.23,Clear Solar Day,24.43,-9.74,0.0,0.0
2025-12-04 09:00:00,2025,12,4,9,338,3,48,-27.7,5.6,404.6,26.94,1.93,62.41,Clear Solar Day,19.61,8.86,24.68,6.91
2025-12-04 10:00:00,2025,12,4,10,338,3,46,-26.9,10.5,387.9,25.48,46.3,62.65,Overcast / Moderate,23.81,-9.13,0.0,0.0
2025-12-04 11:00:00,2025,12,4,11,338,3,45,-26.2,6.5,600.6,40.97,4.71,62.02,Clear Solar Day,19.67,7.63,15.0,4.2
2025-12-04 12:00:00,2025,12,4,12,338,3,37,-25.5,6.0,497.5,33.12,2.96,61.23,Clear Solar Day,19.67,0.0,25.81,7.23
2025-12-04 13:00:00,2025,12,4,13,338,3,42,-26.0,8.4,630.7,43.26,17.28,60.21,Clear Solar Day,19.82,-0.33,0.0,0.0
2025-12-04 14:00:00,2025,12,4,14,338,3,43,-25.9,3.8,541.7,36.69,0.06,59.1,Clear Solar Day,19.82,0.0,22.71,6.36
2025-12-04 15:00:00,2025,12,4,15,338,3,39,-25.8,9.3,513.8,34.92,27.44,59.26,Clear Solar Day,21.25,-3.1,0.0,0.0
2025-12-04 16:00:00,2025,12,4,16,338,3,41,-24.9,5.7,397.6,26.56,2.16,56.49,Overcast / Moderate,19.89,2.49,25.28,7.08
2025-12-04 17:00:00,2025,12,4,17,338,3,39,-25.7,2.9,345.7,23.19,0.0,61.11,Overcast / Moderate,19.89,0.0,38.14,10.68
2025-12-04 18:00:00,2025,12,4,18,338,3,44,-25.8,2.8,308.7,20.94,0.0,57.87,Overcast / Moderate,19.89,0.0,37.15,10.4
2025-12-04 19:00:00,2025,12,4,19,338,3,47,-26.0,3.3,246.1,16.78,0.0,59.78,Overcast / Moderate,19.89,0.0,43.22,12.1
2025-12-04 20:00:00,2025,12,4,20,338,3,48,-26.7,10.9,168.8,11.47,54.11,58.98,Overcast / Moderate,22.93,-6.6,0.0,0.0
2025-12-04 21:00:00,2025,12,4,21,338,3,46,-28.0,15.7,104.6,7.08,80.0,62.15,High Wind Surge,34.4,-24.93,0.0,0.0
2025-12-04 22:00:00,2025,12,4,22,338,3,42,-31.3,5.1,74.8,5.21,1.02,59.05,Severe Sub-Zero Cold,18.75,28.79,24.03,6.73
2025-12-04 23:00:00,2025,12,4,23,338,3,39,-30.9,4.5,35.4,2.4,0.37,60.63,Severe Sub-Zero Cold,18.75,0.0,60.36,16.9
2025-12-05 00:00:00,2025,12,5,0,339,4,39,-33.0,3.9,34.2,2.39,0.08,57.93,Severe Sub-Zero Cold,18.75,0.0,57.96,16.23
2025-12-05 01:00:00,2025,12,5,1,339,4,41,-33.2,9.8,28.0,1.86,34.51,58.09,Severe Sub-Zero Cold,18.75,0.0,24.22,6.78
2025-12-05 02:00:00,2025,12,5,2,339,4,42,-33.7,3.8,66.9,4.62,0.06,52.56,Severe Sub-Zero Cold,18.75,0.0,50.38,14.11
2025-12-05 03:00:00,2025,12,5,3,339,4,44,-34.0,11.8,112.1,7.76,74.78,60.44,Severe Sub-Zero Cold,28.91,-22.1,0.0,0.0
2025-12-05 04:00:00,2025,12,5,4,339,4,41,-32.0,7.9,135.7,9.13,12.91,57.82,Severe Sub-Zero Cold,19.22,17.83,17.95,5.03
2025-12-05 05:00:00,2025,12,5,5,339,4,46,-32.5,11.1,180.3,12.09,58.32,59.23,Severe Sub-Zero Cold,24.37,-11.18,0.0,0.0
2025-12-05 06:00:00,2025,12,5,6,339,4,44,-31.4,6.8,339.8,23.65,6.02,61.7,Severe Sub-Zero Cold,19.62,8.74,23.29,6.52
2025-12-05 07:00:00,2025,12,5,7,339,4,45,-31.2,8.1,408.1,28.3,14.56,65.37,Severe Sub-Zero Cold,19.62,0.0,23.27,6.52
2025-12-05 08:00:00,2025,12,5,8,339,4,48,-30.5,7.4,452.5,31.1,9.35,63.47,Severe Sub-Zero Cold,19.62,0.0,23.78,6.66
2025-12-05 09:00:00,2025,12,5,9,339,4,41,-29.4,9.9,558.6,38.7,36.05,59.0,Clear Solar Day,26.87,-15.75,0.0,0.0
2025-12-05 10:00:00,2025,12,5,10,339,4,46,-29.5,9.9,520.2,35.39,36.05,60.18,Clear Solar Day,32.04,-11.26,0.0,0.0
2025-12-05 11:00:00,2025,12,5,11,339,4,44,-28.0,7.1,667.4,46.34,7.56,60.14,Clear Solar Day,28.65,6.24,0.0,0.0
2025-12-05 12:00:00,2025,12,5,12,339,4,43,-28.0,7.5,423.0,27.91,10.0,61.84,Clear Solar Day,19.25,17.31,15.0,4.2
2025-12-05 13:00:00,2025,12,5,13,339,4,47,-27.3,11.7,553.7,37.52,72.26,56.49,Clear Solar Day,37.65,-40.0,0.0,0.0
2025-12-05 14:00:00,2025,12,5,14,339,4,47,-26.7,11.9,556.1,37.85,77.36,60.98,Clear Solar Day,56.05,-40.0,0.0,0.0
2025-12-05 15:00:00,2025,12,5,15,339,4,42,-26.0,7.8,537.7,36.75,12.14,61.06,Clear Solar Day,49.43,12.17,0.0,0.0
2025-12-05 16:00:00,2025,12,5,16,339,4,44,-25.9,0.7,455.4,30.95,0.0,57.09,Clear Solar Day,35.23,26.14,0.0,0.0
2025-12-05 17:00:00,2025,12,5,17,339,4,45,-26.8,2.6,331.9,22.23,0.0,60.25,Overcast / Moderate,18.68,30.45,15.0,4.2
2025-12-05 18:00:00,2025,12,5,18,339,4,44,-25.8,10.3,334.9,22.93,42.69,57.12,Overcast / Moderate,22.59,-8.5,0.0,0.0
2025-12-05 19:00:00,2025,12,5,19,339,4,46,-26.7,2.4,230.7,15.63,0.0,54.2,Overcast / Moderate,19.78,5.17,33.4,9.35
2025-12-05 20:00:00,2025,12,5,20,339,4,45,-26.3,3.8,131.8,8.71,0.06,58.32,Overcast / Moderate,19.78,0.0,50.0,14.0
2025-12-05 21:00:00,2025,12,5,21,339,4,50,-27.0,4.0,104.0,7.01,0.11,59.92,Overcast / Moderate,19.78,0.0,53.25,14.91
2025-12-05 22:00:00,2025,12,5,22,339,4,40,-27.3,7.2,44.2,2.88,8.13,55.95,Overcast / Moderate,19.78,0.0,45.39,12.71
2025-12-05 23:00:00,2025,12,5,23,339,4,44,-27.5,7.0,37.2,2.51,7.02,56.21,Overcast / Moderate,19.78,0.0,47.13,13.2
2025-12-06 00:00:00,2025,12,6,0,340,5,42,-28.0,4.5,34.8,2.39,0.37,52.36,Overcast / Moderate,19.78,0.0,50.05,14.01
2025-12-06 01:00:00,2025,12,6,1,340,5,46,-27.0,3.7,46.7,3.22,0.04,58.29,Overcast / Moderate,19.78,0.0,55.48,15.53
2025-12-06 02:00:00,2025,12,6,2,340,5,40,-27.8,8.9,62.4,4.2,22.54,56.2,Overcast / Moderate,19.78,0.0,29.91,8.37
2025-12-06 03:00:00,2025,12,6,3,340,5,46,-28.6,12.1,86.6,5.75,80.0,55.62,Overcast / Moderate,33.63,-30.13,0.0,0.0
2025-12-06 04:00:00,2025,12,6,4,340,5,43,-29.1,1.9,185.6,12.82,0.0,56.82,Overcast / Moderate,18.81,27.27,16.73,4.68
2025-12-06 05:00:00,2025,12,6,5,340,5,42,-29.7,3.0,253.5,17.49,0.0,53.87,Overcast / Moderate,18.81,0.0,38.75,10.85
2025-12-06 06:00:00,2025,12,6,6,340,5,40,-30.0,7.6,320.5,22.06,10.68,49.88,Severe Sub-Zero Cold,18.81,0.0,19.51,5.46
2025-12-06 07:00:00,2025,12,6,7,340,5,43,-29.5,9.5,389.6,26.73,30.14,62.26,Overcast / Moderate,18.81,0.0,15.0,4.2
2025-12-06 08:00:00,2025,12,6,8,340,5,48,-29.0,9.3,297.0,19.51,27.44,59.98,Overcast / Moderate,18.81,0.0,15.4,4.31
2025-12-06 09:00:00,2025,12,6,9,340,5,44,-28.2,8.4,421.5,28.2,17.28,60.84,Clear Solar Day,18.81,0.0,17.73,4.96
2025-12-06 10:00:00,2025,12,6,10,340,5,46,-27.4,10.9,619.2,42.78,54.11,62.52,Clear Solar Day,34.62,-34.37,0.0,0.0
2025-12-06 11:00:00,2025,12,6,11,340,5,49,-25.1,3.8,332.6,21.4,0.06,55.95,Overcast / Moderate,18.73,29.25,15.0,4.2
2025-12-06 12:00:00,2025,12,6,12,340,5,45,-25.0,2.7,647.1,44.3,0.0,59.87,Clear Solar Day,18.73,0.0,18.11,5.07
2025-12-06 13:00:00,2025,12,6,13,340,5,43,-26.0,7.3,638.7,43.86,8.73,61.47,Clear Solar Day,18.73,0.0,15.0,4.2
2025-12-06 14:00:00,2025,12,6,14,340,5,46,-26.7,9.7,480.8,32.2,33.01,55.77,Clear Solar Day,23.07,-9.44,0.0,0.0
2025-12-06 15:00:00,2025,12,6,15,340,5,43,-26.7,7.0,517.7,35.28,7.02,61.7,Clear Solar Day,19.73,6.14,15.0,4.2
2025-12-06 16:00:00,2025,12,6,16,340,5,43,-26.8,13.2,450.5,30.64,80.0,64.75,Clear Solar Day,38.13,-40.0,0.0,0.0
2025-12-06 17:00:00,2025,12,6,17,340,5,40,-28.9,9.3,360.2,24.46,27.44,59.9,Overcast / Moderate,33.79,8.0,0.0,0.0
2025-12-06 18:00:00,2025,12,6,18,340,5,47,-28.9,8.2,250.1,16.71,15.43,64.82,Overcast / Moderate,18.8,27.57,15.0,4.2
2025-12-06 19:00:00,2025,12,6,19,340,5,43,-28.7,2.0,271.1,18.82,0.0,58.92,Overcast / Moderate,18.8,0.0,42.5,11.9
2025-12-06 20:00:00,2025,12,6,20,340,5,45,-28.7,2.7,180.8,12.43,0.0,64.43,Overcast / Moderate,18.8,0.0,54.4,15.23
2025-12-06 21:00:00,2025,12,6,21,340,5,41,-29.0,9.2,105.8,7.17,26.15,62.24,Overcast / Moderate,18.8,0.0,31.32,8.77
2025-12-06 22:00:00,2025,12,6,22,340,5,46,-29.1,3.7,68.1,4.64,0.04,57.18,Overcast / Moderate,18.8,0.0,54.9,15.37
2025-12-06 23:00:00,2025,12,6,23,340,5,42,-29.0,1.4,35.6,2.39,0.0,56.11,Overcast / Moderate,18.8,0.0,56.12,15.71
2025-12-07 00:00:00,2025,12,7,0,341,6,44,-28.7,11.4,28.6,1.92,65.04,56.9,Overcast / Moderate,23.43,-10.06,0.0,0.0
2025-12-07 01:00:00,2025,12,7,1,341,6,47,-28.6,11.0,47.4,3.27,56.19,56.32,Overcast / Moderate,24.87,-3.14,0.0,0.0
2025-12-07 02:00:00,2025,12,7,2,341,6,47,-28.5,3.9,40.3,2.61,0.08,53.97,Overcast / Moderate,19.58,9.75,41.53,11.63
2025-12-07 03:00:00,2025,12,7,3,341,6,44,-28.9,9.1,123.3,8.5,24.91,55.69,Overcast / Moderate,19.58,0.0,23.13,6.48
2025-12-07 04:00:00,2025,12,7,4,341,6,39,-30.0,1.8,189.3,13.12,0.0,55.7,Severe Sub-Zero Cold,19.58,0.0,43.43,12.16
2025-12-07 05:00:00,2025,12,7,5,341,6,53,-30.5,4.5,154.5,10.17,0.37,56.25,Severe Sub-Zero Cold,19.58,0.0,46.56,13.04
2025-12-07 06:00:00,2025,12,7,6,341,6,50,-31.0,7.4,243.6,16.32,9.35,58.64,Severe Sub-Zero Cold,19.58,0.0,33.82,9.47
2025-12-07 07:00:00,2025,12,7,7,341,6,47,-30.8,8.9,358.4,24.43,22.54,64.24,Severe Sub-Zero Cold,19.58,0.0,18.12,5.07
2025-12-07 08:00:00,2025,12,7,8,341,6,42,-30.3,0.9,301.4,19.88,0.0,60.98,Severe Sub-Zero Cold,19.58,0.0,41.95,11.75
2025-12-07 09:00:00,2025,12,7,9,341,6,44,-29.2,4.8,499.0,34.07,0.64,63.03,Clear Solar Day,19.58,0.0,29.17,8.17
2025-12-07 10:00:00,2025,12,7,10,341,6,43,-28.8,3.8,361.2,23.69,0.06,62.98,Overcast / Moderate,19.58,0.0,40.08,11.22
2025-12-07 11:00:00,2025,12,7,11,341,6,48,-27.2,18.6,341.9,22.16,80.0,60.38,High Wind Surge,37.98,-40.0,0.0,0.0
2025-12-07 12:00:00,2025,12,7,12,341,6,45,-26.6,7.9,437.4,28.83,12.91,60.92,Clear Solar Day,27.55,19.18,0.0,0.0
2025-12-07 13:00:00,2025,12,7,13,341,6,42,-27.3,5.5,577.9,39.33,1.71,62.31,Clear Solar Day,19.34,15.1,15.0,4.2
2025-12-07 14:00:00,2025,12,7,14,341,6,43,-27.5,2.2,563.1,38.45,0.0,58.01,Clear Solar Day,19.34,0.0,20.87,5.84
2025-12-07 15:00:00,2025,12,7,15,341,6,48,-26.3,7.2,505.9,34.34,8.13,57.21,Clear Solar Day,19.34,0.0,16.05,4.49
2025-12-07 16:00:00,2025,12,7,16,341,6,49,-25.8,7.6,314.7,20.59,10.68,58.98,Overcast / Moderate,19.34,0.0,29.02,8.13
2025-12-07 17:00:00,2025,12,7,17,341,6,49,-27.0,9.6,284.9,18.8,31.55,63.55,Overcast / Moderate,19.34,0.0,15.0,4.2
2025-12-07 18:00:00,2025,12,7,18,341,6,47,-27.1,4.5,293.7,19.85,0.37,60.48,Overcast / Moderate,19.34,0.0,41.57,11.64
2025-12-07 19:00:00,2025,12,7,19,341,6,44,-27.0,14.5,202.1,13.5,80.0,57.41,High Wind Surge,35.94,-36.09,0.0,0.0
2025-12-07 20:00:00,2025,12,7,20,341,6,35,-27.7,5.8,145.6,9.74,2.41,61.08,Overcast / Moderate,18.61,31.89,17.04,4.77
2025-12-07 21:00:00,2025,12,7,21,341,6,45,-29.7,4.6,95.1,6.38,0.45,59.92,Overcast / Moderate,18.61,0.0,55.86,15.64
2025-12-07 22:00:00,2025,12,7,22,341,6,44,-29.4,5.0,70.3,4.8,0.88,56.01,Overcast / Moderate,18.61,0.0,53.1,14.87
2025-12-07 23:00:00,2025,12,7,23,341,6,45,-29.6,6.5,26.7,1.75,4.71,58.64,Overcast / Moderate,18.61,0.0,54.95,15.39
2025-12-08 00:00:00,2025,12,8,0,342,0,45,-30.7,12.2,36.9,2.55,80.0,59.3,Severe Sub-Zero Cold,29.31,-23.25,0.0,0.0
2025-12-08 01:00:00,2025,12,8,1,342,0,41,-31.3,8.6,37.1,2.5,19.27,58.26,Severe Sub-Zero Cold,19.19,18.62,17.87,5.0
2025-12-08 02:00:00,2025,12,8,2,342,0,46,-31.4,7.0,62.0,4.19,7.02,56.69,Severe Sub-Zero Cold,19.19,0.0,47.1,13.19
2025-12-08 03:00:00,2025,12,8,3,342,0,46,-31.7,3.3,124.4,8.63,0.0,59.98,Severe Sub-Zero Cold,19.19,0.0,52.97,14.83
2025-12-08 04:00:00,2025,12,8,4,342,0,47,-31.5,3.2,112.9,7.45,0.0,58.69,Severe Sub-Zero Cold,19.19,0.0,52.86,14.8
2025-12-08 05:00:00,2025,12,8,5,342,0,47,-31.6,6.3,259.1,17.99,3.94,59.74,Severe Sub-Zero Cold,19.19,0.0,39.43,11.04
2025-12-08 06:00:00,2025,12,8,6,342,0,46,-30.8,8.5,168.3,10.94,18.26,61.34,Severe Sub-Zero Cold,19.19,0.0,33.76,9.45
2025-12-08 07:00:00,2025,12,8,7,342,0,43,-29.1,8.8,320.7,21.51,21.41,58.75,Overcast / Moderate,19.19,0.0,17.45,4.89
2025-12-08 08:00:00,2025,12,8,8,342,0,44,-27.8,3.9,327.6,21.62,0.08,62.07,Overcast / Moderate,19.19,0.0,41.99,11.76
2025-12-08 09:00:00,2025,12,8,9,342,0,45,-26.9,2.6,542.1,37.15,0.0,61.13,Clear Solar Day,19.19,0.0,25.6,7.17
2025-12-08 10:00:00,2025,12,8,10,342,0,45,-25.9,5.3,561.9,38.19,1.34,62.39,Clear Solar Day,19.19,0.0,24.48,6.85
2025-12-08 11:00:00,2025,12,8,11,342,0,47,-25.0,11.6,542.2,36.41,69.8,64.49,Clear Solar Day,37.59,-40.0,0.0,0.0
2025-12-08 12:00:00,2025,12,8,12,342,0,46,-25.6,6.7,437.4,28.75,5.56,64.51,Clear Solar Day,21.18,30.2,0.0,0.0
2025-12-08 13:00:00,2025,12,8,13,342,0,51,-25.7,4.8,534.0,35.87,0.64,64.04,Clear Solar Day,19.9,2.36,25.17,7.05
2025-12-08 14:00:00,2025,12,8,14,342,0,51,-26.9,4.8,529.5,35.83,0.64,61.36,Clear Solar Day,19.9,0.0,25.09,7.03
2025-12-08 15:00:00,2025,12,8,15,342,0,45,-26.8,3.0,507.1,34.47,0.0,59.64,Clear Solar Day,19.9,0.0,25.37,7.1
2025-12-08 16:00:00,2025,12,8,16,342,0,33,-28.9,6.1,341.6,22.69,3.27,59.92,Overcast / Moderate,19.9,0.0,34.16,9.57
2025-12-08 17:00:00,2025,12,8,17,342,0,48,-29.6,9.3,394.4,27.09,27.44,60.62,Overcast / Moderate,19.9,0.0,15.0,4.2
2025-12-08 18:00:00,2025,12,8,18,342,0,43,-29.0,13.5,247.5,16.51,80.0,61.07,Overcast / Moderate,36.2,-35.44,0.0,0.0
2025-12-08 19:00:00,2025,12,8,19,342,0,42,-30.3,6.3,242.1,16.62,3.94,60.44,Severe Sub-Zero Cold,18.59,32.4,15.0,4.2
2025-12-08 20:00:00,2025,12,8,20,342,0,43,-30.1,3.3,128.4,8.54,0.0,59.54,Severe Sub-Zero Cold,18.59,0.0,53.82,15.07
2025-12-08 21:00:00,2025,12,8,21,342,0,43,-30.4,8.0,97.8,6.59,13.72,63.33,Severe Sub-Zero Cold,18.59,0.0,45.84,12.83
2025-12-08 22:00:00,2025,12,8,22,342,0,46,-30.4,8.8,56.8,3.8,21.41,59.59,Severe Sub-Zero Cold,18.59,0.0,37.2,10.42
2025-12-08 23:00:00,2025,12,8,23,342,0,40,-30.4,2.2,26.2,1.71,0.0,57.83,Severe Sub-Zero Cold,18.59,0.0,58.94,16.5
2025-12-09 00:00:00,2025,12,9,0,343,1,41,-31.3,10.2,39.3,2.73,40.96,57.52,Severe Sub-Zero Cold,18.59,0.0,16.65,4.66
2025-12-09 01:00:00,2025,12,9,1,343,1,46,-31.4,9.8,45.4,3.12,34.51,57.48,Severe Sub-Zero Cold,18.59,0.0,22.67,6.35
2025-12-09 02:00:00,2025,12,9,2,343,1,46,-31.3,6.1,66.7,4.54,3.27,56.98,Severe Sub-Zero Cold,18.59,0.0,51.99,14.56
2025-12-09 03:00:00,2025,12,9,3,343,1,46,-32.7,6.8,116.7,8.05,6.02,61.52,Severe Sub-Zero Cold,18.59,0.0,50.27,14.07
2025-12-09 04:00:00,2025,12,9,4,343,1,42,-33.0,8.3,170.6,11.75,16.34,57.43,Severe Sub-Zero Cold,18.59,0.0,32.16,9.0
2025-12-09 05:00:00,2025,12,9,5,343,1,42,-32.9,7.9,227.0,15.57,12.91,57.28,Severe Sub-Zero Cold,18.59,0.0,31.62,8.85
2025-12-09 06:00:00,2025,12,9,6,343,1,43,-31.4,1.1,298.7,20.44,0.0,58.75,Severe Sub-Zero Cold,18.59,0.0,41.13,11.52
2025-12-09 07:00:00,2025,12,9,7,343,1,45,-30.9,2.8,404.1,27.93,0.0,61.32,Severe Sub-Zero Cold,18.59,0.0,36.21,10.14
2025-12-09 08:00:00,2025,12,9,8,343,1,49,-30.8,3.3,340.5,22.72,0.0,65.3,Severe Sub-Zero Cold,18.59,0.0,45.4,12.71
2025-12-09 09:00:00,2025,12,9,9,343,1,38,-29.6,8.8,483.3,32.9,21.41,59.05,Clear Solar Day,18.59,0.0,15.0,4.2
2025-12-09 10:00:00,2025,12,9,10,343,1,44,-28.2,5.8,503.6,34.0,2.41,59.72,Clear Solar Day,18.59,0.0,26.13,7.32
2025-12-09 11:00:00,2025,12,9,11,343,1,41,-27.8,6.7,508.5,34.16,5.56,59.44,Clear Solar Day,18.59,0.0,22.54,6.31
2025-12-09 12:00:00,2025,12,9,12,343,1,40,-29.4,9.0,638.5,44.12,23.7,62.8,Clear Solar Day,20.9,-5.02,0.0,0.0
2025-12-09 13:00:00,2025,12,9,13,343,1,47,-29.6,4.9,569.6,38.92,0.75,63.94,Clear Solar Day,19.92,1.8,22.47,6.29
2025-12-09 14:00:00,2025,12,9,14,343,1,46,-29.5,8.7,561.8,38.53,20.32,63.8,Clear Solar Day,19.92,0.0,15.0,4.2
2025-12-09 15:00:00,2025,12,9,15,343,1,46,-29.3,5.8,458.9,31.04,2.41,64.82,Clear Solar Day,19.92,0.0,31.53,8.83
2025-12-09 16:00:00,2025,12,9,16,343,1,47,-29.3,5.3,368.0,24.64,1.34,64.83,Overcast / Moderate,19.92,0.0,39.01,10.92
2025-12-09 17:00:00,2025,12,9,17,343,1,43,-29.2,4.9,268.2,17.7,0.75,61.36,Overcast / Moderate,19.92,0.0,43.07,12.06
2025-12-09 18:00:00,2025,12,9,18,343,1,43,-27.9,13.3,298.7,20.25,80.0,62.22,Overcast / Moderate,37.42,-38.03,0.0,0.0
2025-12-09 19:00:00,2025,12,9,19,343,1,51,-28.4,9.0,256.4,17.63,23.7,63.56,Overcast / Moderate,25.33,22.23,0.0,0.0
2025-12-09 20:00:00,2025,12,9,20,343,1,44,-27.6,1.2,152.8,10.26,0.0,62.05,Overcast / Moderate,19.54,10.67,41.12,11.51
2025-12-09 21:00:00,2025,12,9,21,343,1,47,-27.5,13.0,88.3,5.84,80.0,64.52,Overcast / Moderate,29.34,-21.32,0.0,0.0
2025-12-09 22:00:00,2025,12,9,22,343,1,45,-29.0,9.1,76.2,5.23,24.91,57.65,Overcast / Moderate,19.19,18.69,15.0,4.2
2025-12-09 23:00:00,2025,12,9,23,343,1,39,-29.7,3.1,50.1,3.47,0.0,52.48,Overcast / Moderate,19.19,0.0,50.63,14.18
2025-12-10 00:00:00,2025,12,10,0,344,2,38,-30.8,2.2,36.7,2.51,0.0,54.96,Severe Sub-Zero Cold,19.19,0.0,54.07,15.14
2025-12-10 01:00:00,2025,12,10,1,344,2,43,-30.4,4.7,43.9,2.99,0.54,58.59,Severe Sub-Zero Cold,19.19,0.0,56.68,15.87
2025-12-10 02:00:00,2025,12,10,2,344,2,48,-30.9,7.4,73.1,5.01,9.35,53.03,Severe Sub-Zero Cold,19.19,0.0,40.29,11.28
2025-12-10 03:00:00,2025,12,10,3,344,2,47,-30.6,7.4,119.0,8.17,9.35,58.79,Severe Sub-Zero Cold,19.19,0.0,42.89,12.01
2025-12-10 04:00:00,2025,12,10,4,344,2,47,-29.4,4.4,193.1,13.37,0.3,57.75,Overcast / Moderate,19.19,0.0,45.7,12.8
2025-12-10 05:00:00,2025,12,10,5,344,2,42,-29.3,5.8,264.2,18.26,2.41,62.75,Overcast / Moderate,19.19,0.0,43.7,12.24
2025-12-10 06:00:00,2025,12,10,6,344,2,49,-28.8,3.8,253.1,16.9,0.06,58.13,Overcast / Moderate,19.19,0.0,42.79,11.98
2025-12-10 07:00:00,2025,12,10,7,344,2,42,-28.4,1.8,281.5,18.61,0.0,60.59,Overcast / Moderate,19.19,0.0,43.6,12.21
2025-12-10 08:00:00,2025,12,10,8,344,2,45,-27.7,6.4,357.7,23.78,4.31,64.28,Overcast / Moderate,19.19,0.0,37.81,10.59
2025-12-10 09:00:00,2025,12,10,9,344,2,44,-28.4,5.0,508.2,34.68,0.88,60.69,Clear Solar Day,19.19,0.0,26.75,7.49
2025-12-10 10:00:00,2025,12,10,10,344,2,44,-28.8,6.7,336.6,21.95,5.56,61.96,Overcast / Moderate,19.19,0.0,36.07,10.1
2025-12-10 11:00:00,2025,12,10,11,344,2,49,-29.3,12.5,664.6,46.23,80.0,64.18,Clear Solar Day,37.59,-40.0,0.0,0.0
2025-12-10 12:00:00,2025,12,10,12,344,2,42,-28.3,3.1,454.0,30.15,0.0,62.29,Clear Solar Day,20.12,32.14,0.0,0.0
2025-12-10 13:00:00,2025,12,10,13,344,2,40,-27.9,0.4,548.7,37.16,0.0,57.48,Clear Solar Day,19.99,0.24,20.08,5.62
2025-12-10 14:00:00,2025,12,10,14,344,2,45,-28.7,2.3,497.0,33.55,0.0,64.21,Clear Solar Day,19.99,0.0,30.68,8.59
2025-12-10 15:00:00,2025,12,10,15,344,2,43,-28.0,6.0,432.9,29.0,2.96,59.59,Clear Solar Day,19.99,0.0,27.65,7.74
2025-12-10 16:00:00,2025,12,10,16,344,2,55,-27.7,8.3,355.3,23.61,16.34,69.99,Overcast / Moderate,19.99,0.0,30.06,8.42
2025-12-10 17:00:00,2025,12,10,17,344,2,47,-27.0,7.0,216.9,14.0,7.02,57.76,Overcast / Moderate,19.99,0.0,36.76,10.29
2025-12-10 18:00:00,2025,12,10,18,344,2,43,-27.6,6.3,277.8,18.67,3.94,58.71,Overcast / Moderate,19.99,0.0,36.12,10.11
2025-12-10 19:00:00,2025,12,10,19,344,2,41,-28.3,5.1,158.1,10.35,1.02,55.37,Overcast / Moderate,19.99,0.0,44.02,12.33
2025-12-10 20:00:00,2025,12,10,20,344,2,39,-28.3,4.7,128.9,8.52,0.54,67.16,Overcast / Moderate,19.99,0.0,58.12,16.27
2025-12-10 21:00:00,2025,12,10,21,344,2,41,-28.8,5.2,113.7,7.73,1.17,57.75,Overcast / Moderate,19.99,0.0,48.87,13.68
2025-12-10 22:00:00,2025,12,10,22,344,2,45,-29.9,7.3,81.2,5.62,8.73,58.93,Overcast / Moderate,19.99,0.0,44.6,12.49
2025-12-10 23:00:00,2025,12,10,23,344,2,49,-30.1,3.3,46.9,3.22,0.0,59.85,Severe Sub-Zero Cold,19.99,0.0,56.65,15.86
2025-12-11 00:00:00,2025,12,11,0,345,3,48,-30.5,9.0,44.9,3.14,23.7,55.85,Severe Sub-Zero Cold,19.99,0.0,29.03,8.13
2025-12-11 01:00:00,2025,12,11,1,345,3,45,-30.7,7.0,48.9,3.37,7.02,59.56,Severe Sub-Zero Cold,19.99,0.0,49.19,13.77
2025-12-11 02:00:00,2025,12,11,2,345,3,44,-30.6,4.3,72.1,4.92,0.24,54.66,Severe Sub-Zero Cold,19.99,0.0,49.52,13.87
2025-12-11 03:00:00,2025,12,11,3,345,3,45,-31.4,6.3,93.1,6.24,3.94,56.12,Severe Sub-Zero Cold,19.99,0.0,45.96,12.87
2025-12-11 04:00:00,2025,12,11,4,345,3,43,-30.5,13.2,155.9,10.55,80.0,53.14,Severe Sub-Zero Cold,37.2,-37.41,0.0,0.0
2025-12-11 05:00:00,2025,12,11,5,345,3,50,-30.2,1.2,237.2,16.22,0.0,59.99,Severe Sub-Zero Cold,18.5,34.4,15.0,4.2
2025-12-11 06:00:00,2025,12,11,6,345,3,44,-30.3,3.7,294.3,20.03,0.04,52.21,Severe Sub-Zero Cold,18.5,0.0,35.13,9.84
2025-12-11 07:00:00,2025,12,11,7,345,3,44,-29.8,5.9,409.1,28.22,2.68,63.59,Clear Solar Day,18.5,0.0,35.68,9.99
2025-12-11 08:00:00,2025,12,11,8,345,3,38,-29.9,7.6,464.4,31.92,10.68,60.29,Clear Solar Day,18.5,0.0,20.68,5.79
2025-12-11 09:00:00,2025,12,11,9,345,3,44,-29.5,3.8,527.5,36.25,0.06,66.74,Clear Solar Day,18.5,0.0,33.42,9.36
2025-12-11 10:00:00,2025,12,11,10,345,3,47,-29.4,12.0,568.8,39.05,80.0,63.42,Clear Solar Day,36.9,-40.0,0.0,0.0
2025-12-11 11:00:00,2025,12,11,11,345,3,41,-28.9,7.6,537.2,36.39,10.68,63.01,Clear Solar Day,28.24,15.94,0.0,0.0
2025-12-11 12:00:00,2025,12,11,12,345,3,42,-28.1,10.7,521.4,35.08,50.1,61.91,Clear Solar Day,38.95,-23.27,0.0,0.0
2025-12-11 13:00:00,2025,12,11,13,345,3,47,-27.6,4.8,484.3,32.35,0.64,61.74,Clear Solar Day,23.32,28.75,0.0,0.0
2025-12-11 14:00:00,2025,12,11,14,345,3,40,-27.2,9.8,340.2,22.11,34.51,62.05,Overcast / Moderate,20.37,5.43,0.0,0.0
2025-12-11 15:00:00,2025,12,11,15,345,3,48,-27.9,5.3,593.1,41.2,1.34,63.51,Clear Solar Day,19.97,0.74,20.23,5.66
2025-12-11 16:00:00,2025,12,11,16,345,3,43,-27.7,4.2,398.9,26.8,0.19,62.93,Overcast / Moderate,19.97,0.0,36.0,10.08
2025-12-11 17:00:00,2025,12,11,17,345,3,43,-28.1,11.4,342.6,23.06,65.04,58.66,Overcast / Moderate,33.51,-29.44,0.0,0.0
2025-12-11 18:00:00,2025,12,11,18,345,3,41,-28.3,2.5,280.1,18.87,0.0,61.76,Overcast / Moderate,18.83,27.02,15.87,4.44
2025-12-11 19:00:00,2025,12,11,19,345,3,46,-29.3,12.4,269.2,18.65,80.0,64.93,Overcast / Moderate,34.34,-33.72,0.0,0.0
2025-12-11 20:00:00,2025,12,11,20,345,3,52,-30.5,5.9,181.9,12.53,2.68,63.18,Severe Sub-Zero Cold,18.75,28.67,19.3,5.4
2025-12-11 21:00:00,2025,12,11,21,345,3,47,-29.7,19.7,82.3,5.43,80.0,63.38,High Wind Surge,28.9,-22.05,0.0,0.0
2025-12-11 22:00:00,2025,12,11,22,345,3,42,-30.5,14.0,76.0,5.22,80.0,52.49,High Wind Surge,43.95,-32.73,0.0,0.0
2025-12-11 23:00:00,2025,12,11,23,345,3,48,-31.0,19.4,25.2,1.64,80.0,54.52,High Wind Surge,56.43,-27.12,0.0,0.0
2025-12-12 00:00:00,2025,12,12,0,346,4,44,-31.9,14.1,36.4,2.49,80.0,58.16,High Wind Surge,67.62,-24.33,0.0,0.0
2025-12-12 01:00:00,2025,12,12,1,346,4,49,-32.0,21.9,22.7,1.47,80.0,63.95,High Wind Surge,75.68,-17.52,0.0,0.0
2025-12-12 02:00:00,2025,12,12,2,346,4,47,-31.9,25.7,48.5,3.2,0.0,63.65,Blizzard / Extreme Storm,48.5,50.0,15.0,4.2
2025-12-12 03:00:00,2025,12,12,3,346,4,36,-33.0,27.1,65.5,4.28,0.0,56.67,Blizzard / Extreme Storm,21.33,50.0,15.0,4.2
2025-12-12 04:00:00,2025,12,12,4,346,4,41,-32.5,21.1,98.7,6.46,80.0,55.74,High Wind Surge,35.46,-30.72,0.0,0.0
2025-12-12 05:00:00,2025,12,12,5,346,4,47,-32.8,22.7,118.5,7.69,80.0,61.94,Blizzard / Extreme Storm,47.31,-25.75,0.0,0.0
2025-12-12 06:00:00,2025,12,12,6,346,4,45,-32.3,21.2,194.6,12.82,80.0,53.82,High Wind Surge,65.25,-39.0,0.0,0.0
2025-12-12 07:00:00,2025,12,12,7,346,4,41,-31.6,16.0,343.6,23.34,80.0,61.91,High Wind Surge,83.65,-40.0,0.0,0.0
2025-12-12 08:00:00,2025,12,12,8,346,4,43,-31.2,16.4,244.5,15.91,80.0,61.44,High Wind Surge,94.09,-22.71,0.0,0.0
2025-12-12 09:00:00,2025,12,12,9,346,4,39,-30.7,16.8,381.0,25.39,80.0,61.33,High Wind Surge,94.93,-1.82,0.0,0.0
2025-12-12 10:00:00,2025,12,12,10,346,4,44,-29.0,8.3,393.0,25.96,16.34,65.44,Overcast / Moderate,82.35,23.14,0.0,0.0
2025-12-12 11:00:00,2025,12,12,11,346,4,51,-28.4,5.7,385.5,25.28,2.16,57.51,Overcast / Moderate,66.01,30.07,0.0,0.0
2025-12-12 12:00:00,2025,12,12,12,346,4,47,-27.6,13.1,475.2,31.63,80.0,62.77,Clear Solar Day,84.41,-40.0,0.0,0.0
2025-12-12 13:00:00,2025,12,12,13,346,4,51,-26.3,1.5,589.3,40.06,0.0,63.26,Clear Solar Day,71.8,23.2,0.0,0.0
2025-12-12 14:00:00,2025,12,12,14,346,4,47,-25.2,7.1,287.5,18.37,7.56,60.04,Overcast / Moderate,53.26,34.11,0.0,0.0
2025-12-12 15:00:00,2025,12,12,15,346,4,48,-24.5,8.7,512.5,34.64,20.32,60.74,Clear Solar Day,50.12,5.78,0.0,0.0
2025-12-12 16:00:00,2025,12,12,16,346,4,50,-26.0,8.9,358.0,23.69,22.54,63.12,Overcast / Moderate,40.94,16.89,0.0,0.0
2025-12-12 17:00:00,2025,12,12,17,346,4,46,-26.3,8.4,410.6,28.07,17.28,61.07,Clear Solar Day,32.4,15.72,0.0,0.0
2025-12-12 18:00:00,2025,12,12,18,346,4,44,-26.5,8.5,307.5,20.82,18.26,55.04,Overcast / Moderate,23.72,15.96,0.0,0.0
2025-12-12 19:00:00,2025,12,12,19,346,4,48,-27.7,2.0,260.0,17.85,0.0,60.19,Overcast / Moderate,19.68,7.45,34.89,9.77
2025-12-12 20:00:00,2025,12,12,20,346,4,49,-29.0,6.6,116.6,7.65,5.12,67.73,Overcast / Moderate,19.68,0.0,55.61,15.57
2025-12-12 21:00:00,2025,12,12,21,346,4,43,-30.0,9.2,126.5,8.72,26.15,59.49,Severe Sub-Zero Cold,19.68,0.0,25.27,7.07
2025-12-12 22:00:00,2025,12,12,22,346,4,42,-31.3,2.5,64.2,4.33,0.0,57.64,Severe Sub-Zero Cold,19.68,0.0,53.96,15.11
2025-12-12 23:00:00,2025,12,12,23,346,4,45,-30.8,0.9,38.3,2.56,0.0,55.9,Severe Sub-Zero Cold,19.68,0.0,53.99,15.12
2025-12-13 00:00:00,2025,12,13,0,347,5,47,-31.8,9.6,34.2,2.31,31.55,60.36,Severe Sub-Zero Cold,19.68,0.0,27.15,7.6
2025-12-13 01:00:00,2025,12,13,1,347,5,47,-32.5,8.3,52.3,3.63,16.34,58.9,Severe Sub-Zero Cold,19.68,0.0,39.58,11.08
2025-12-13 02:00:00,2025,12,13,2,347,5,40,-33.0,5.6,81.9,5.7,1.93,59.92,Severe Sub-Zero Cold,19.68,0.0,52.94,14.82
2025-12-13 03:00:00,2025,12,13,3,347,5,50,-33.4,12.3,75.5,4.99,80.0,61.67,Severe Sub-Zero Cold,30.4,-23.32,0.0,0.0
2025-12-13 04:00:00,2025,12,13,4,347,5,43,-32.0,9.0,175.8,12.09,23.7,57.2,Severe Sub-Zero Cold,19.1,20.81,15.0,4.2
2025-12-13 05:00:00,2025,12,13,5,347,5,44,-32.4,13.5,273.7,19.14,80.0,53.11,Severe Sub-Zero Cold,37.5,-40.0,0.0,0.0
2025-12-13 06:00:00,2025,12,13,6,347,5,42,-31.7,11.9,285.8,19.46,77.36,55.57,Severe Sub-Zero Cold,55.9,-40.0,0.0,0.0
2025-12-13 07:00:00,2025,12,13,7,347,5,53,-31.6,6.1,308.4,20.72,3.27,64.06,Severe Sub-Zero Cold,34.12,40.07,0.0,0.0
2025-12-13 08:00:00,2025,12,13,8,347,5,45,-30.8,8.8,503.1,34.99,21.41,60.67,Severe Sub-Zero Cold,31.8,4.27,0.0,0.0
2025-12-13 09:00:00,2025,12,13,9,347,5,42,-28.9,7.9,452.6,30.52,12.91,62.49,Clear Solar Day,21.44,19.06,0.0,0.0
2025-12-13 10:00:00,2025,12,13,10,347,5,47,-28.5,9.6,491.6,33.12,31.55,67.73,Clear Solar Day,19.87,2.88,15.0,4.2
2025-12-13 11:00:00,2025,12,13,11,347,5,47,-27.5,9.2,631.2,43.4,26.15,55.76,Clear Solar Day,26.22,-13.79,0.0,0.0
2025-12-13 12:00:00,2025,12,13,12,347,5,44,-27.7,3.2,464.6,30.86,0.0,57.26,Clear Solar Day,19.46,12.44,15.0,4.2
2025-12-13 13:00:00,2025,12,13,13,347,5,47,-26.7,4.0,635.6,43.65,0.11,61.9,Clear Solar Day,19.46,0.0,19.22,5.38
2025-12-13 14:00:00,2025,12,13,14,347,5,42,-25.6,4.3,453.6,30.08,0.24,58.13,Clear Solar Day,19.46,0.0,28.89,8.09
2025-12-13 15:00:00,2025,12,13,15,347,5,43,-25.9,9.7,503.1,34.06,33.01,60.46,Clear Solar Day,22.5,-6.61,0.0,0.0
2025-12-13 16:00:00,2025,12,13,16,347,5,38,-26.6,9.6,469.0,31.99,31.55,58.01,Clear Solar Day,25.04,-5.53,0.0,0.0
2025-12-13 17:00:00,2025,12,13,17,347,5,41,-26.5,6.3,379.7,25.73,3.94,62.38,Overcast / Moderate,19.56,10.09,22.62,6.33
2025-12-13 18:00:00,2025,12,13,18,347,5,50,-27.0,7.0,344.8,23.7,7.02,64.01,Overcast / Moderate,19.56,0.0,34.17,9.57
2025-12-13 19:00:00,2025,12,13,19,347,5,49,-27.4,9.8,270.5,18.64,34.51,64.73,Overcast / Moderate,19.56,0.0,15.0,4.2
2025-12-13 20:00:00,2025,12,13,20,347,5,45,-28.6,4.7,127.1,8.39,0.54,64.59,Overcast / Moderate,19.56,0.0,56.54,15.83
2025-12-13 21:00:00,2025,12,13,21,347,5,49,-30.1,1.8,112.9,7.68,0.0,61.58,Severe Sub-Zero Cold,19.56,0.0,54.78,15.34
2025-12-13 22:00:00,2025,12,13,22,347,5,44,-29.8,6.1,76.9,5.27,3.27,58.2,Overcast / Moderate,19.56,0.0,50.54,14.15
2025-12-13 23:00:00,2025,12,13,23,347,5,44,-32.8,11.5,34.0,2.26,67.39,60.59,Severe Sub-Zero Cold,23.73,-9.06,0.0,0.0
2025-12-14 00:00:00,2025,12,14,0,348,6,45,-34.1,9.3,36.0,2.46,27.44,59.32,Severe Sub-Zero Cold,19.68,7.46,21.96,6.15
2025-12-14 01:00:00,2025,12,14,1,348,6,44,-34.6,5.2,43.4,2.96,1.17,59.47,Severe Sub-Zero Cold,19.68,0.0,55.99,15.68
2025-12-14 02:00:00,2025,12,14,2,348,6,44,-34.6,2.1,66.5,4.53,0.0,59.54,Severe Sub-Zero Cold,19.68,0.0,55.66,15.58
2025-12-14 03:00:00,2025,12,14,3,348,6,48,-34.0,7.5,112.1,7.69,10.0,58.54,Severe Sub-Zero Cold,19.68,0.0,41.5,11.62
2025-12-14 04:00:00,2025,12,14,4,348,6,45,-34.6,9.9,146.6,9.95,36.05,57.1,Severe Sub-Zero Cold,19.68,0.0,15.0,4.2
2025-12-14 05:00:00,2025,12,14,5,348,6,47,-34.3,7.8,253.4,17.63,12.14,66.12,Severe Sub-Zero Cold,19.68,0.0,37.0,10.36
2025-12-14 06:00:00,2025,12,14,6,348,6,48,-32.5,5.7,286.4,19.54,2.16,62.32,Severe Sub-Zero Cold,19.68,0.0,41.27,11.56
2025-12-14 07:00:00,2025,12,14,7,348,6,46,-32.2,2.9,380.2,26.14,0.0,65.16,Severe Sub-Zero Cold,19.68,0.0,39.67,11.11
2025-12-14 08:00:00,2025,12,14,8,348,6,42,-32.0,11.4,266.8,17.5,65.04,59.89,Severe Sub-Zero Cold,30.09,-22.65,0.0,0.0
2025-12-14 09:00:00,2025,12,14,9,348,6,40,-31.1,4.4,479.2,32.69,0.3,63.56,Severe Sub-Zero Cold,19.12,20.19,15.0,4.2
2025-12-14 10:00:00,2025,12,14,10,348,6,45,-30.3,3.9,589.4,40.71,0.08,62.41,Severe Sub-Zero Cold,19.12,0.0,23.38,6.55
2025-12-14 11:00:00,2025,12,14,11,348,6,44,-28.3,9.6,548.0,37.13,31.55,61.09,Clear Solar Day,22.61,-7.59,0.0,0.0
2025-12-14 12:00:00,2025,12,14,12,348,6,45,-29.2,14.5,481.1,32.19,80.0,68.12,High Wind Surge,41.01,-40.0,0.0,0.0
2025-12-14 13:00:00,2025,12,14,13,348,6,44,-27.7,7.8,404.0,26.54,12.14,65.77,Clear Solar Day,26.29,27.09,0.0,0.0
2025-12-14 14:00:00,2025,12,14,14,348,6,52,-26.7,7.4,474.7,31.71,9.35,57.14,Clear Solar Day,19.45,12.58,15.0,4.2
2025-12-14 15:00:00,2025,12,14,15,348,6,41,-27.3,4.8,486.8,32.95,0.64,60.6,Clear Solar Day,19.45,0.0,28.1,7.87
2025-12-14 16:00:00,2025,12,14,16,348,6,39,-27.8,1.2,454.6,30.98,0.0,59.78,Clear Solar Day,19.45,0.0,29.89,8.37
2025-12-14 17:00:00,2025,12,14,17,348,6,45,-28.0,3.6,302.2,20.08,0.02,62.49,Overcast / Moderate,19.45,0.0,43.48,12.18
2025-12-14 18:00:00,2025,12,14,18,348,6,43,-26.6,7.0,283.3,19.01,7.02,58.46,Overcast / Moderate,19.45,0.0,33.52,9.39
2025-12-14 19:00:00,2025,12,14,19,348,6,45,-29.6,3.2,267.1,18.48,0.0,62.81,Overcast / Moderate,19.45,0.0,45.42,12.72
2025-12-14 20:00:00,2025,12,14,20,348,6,46,-31.1,10.8,173.7,11.9,52.08,61.54,Severe Sub-Zero Cold,20.58,-2.44,0.0,0.0
2025-12-14 21:00:00,2025,12,14,21,348,6,48,-31.9,3.6,119.2,8.19,0.02,68.16,Severe Sub-Zero Cold,19.95,1.15,58.8,16.46
2025-12-14 22:00:00,2025,12,14,22,348,6,40,-32.5,6.5,70.9,4.84,4.71,60.43,Severe Sub-Zero Cold,19.95,0.0,50.98,14.27
2025-12-14 23:00:00,2025,12,14,23,348,6,43,-33.2,6.4,39.5,2.66,4.31,63.18,Severe Sub-Zero Cold,19.95,0.0,56.31,15.77
2025-12-15 00:00:00,2025,12,15,0,349,0,46,-34.3,7.2,35.4,2.41,8.13,58.6,Severe Sub-Zero Cold,19.95,0.0,48.16,13.48
2025-12-15 01:00:00,2025,12,15,1,349,0,47,-33.9,4.8,32.8,2.18,0.64,61.13,Severe Sub-Zero Cold,19.95,0.0,58.41,16.35
2025-12-15 02:00:00,2025,12,15,2,349,0,51,-34.3,10.6,72.4,4.97,48.17,66.71,Severe Sub-Zero Cold,19.95,0.0,15.0,4.2
2025-12-15 03:00:00,2025,12,15,3,349,0,47,-33.1,5.8,131.7,9.18,2.41,58.16,Severe Sub-Zero Cold,19.95,0.0,46.67,13.07
2025-12-15 04:00:00,2025,12,15,4,349,0,44,-32.7,8.2,135.3,9.07,15.43,56.39,Severe Sub-Zero Cold,19.95,0.0,31.99,8.96
2025-12-15 05:00:00,2025,12,15,5,349,0,42,-31.9,7.5,255.3,17.66,10.0,58.64,Severe Sub-Zero Cold,19.95,0.0,31.08,8.7
2025-12-15 06:00:00,2025,12,15,6,349,0,43,-31.8,2.8,212.0,14.04,0.0,60.94,Severe Sub-Zero Cold,19.95,0.0,47.0,13.16
2025-12-15 07:00:00,2025,12,15,7,349,0,43,-31.4,7.4,409.1,28.31,9.35,61.79,Severe Sub-Zero Cold,19.95,0.0,24.23,6.78
2025-12-15 08:00:00,2025,12,15,8,349,0,46,-30.5,6.7,436.1,29.78,5.56,68.65,Severe Sub-Zero Cold,19.95,0.0,33.41,9.35
2025-12-15 09:00:00,2025,12,15,9,349,0,45,-30.0,11.1,490.5,33.45,58.32,60.81,Severe Sub-Zero Cold,34.19,-30.96,0.0,0.0
2025-12-15 10:00:00,2025,12,15,10,349,0,41,-30.9,10.7,528.8,36.12,50.1,64.03,Severe Sub-Zero Cold,44.4,-22.19,0.0,0.0
2025-12-15 11:00:00,2025,12,15,11,349,0,43,-30.4,3.2,582.7,39.97,0.0,61.02,Severe Sub-Zero Cold,32.96,21.05,0.0,0.0
2025-12-15 12:00:00,2025,12,15,12,349,0,47,-29.6,2.3,577.0,39.38,0.0,62.33,Clear Solar Day,20.49,22.95,0.0,0.0
2025-12-15 13:00:00,2025,12,15,13,349,0,46,-28.9,4.5,614.1,42.23,0.37,64.68,Clear Solar Day,19.96,0.97,21.11,5.91
2025-12-15 14:00:00,2025,12,15,14,349,0,46,-28.6,15.0,536.4,36.48,80.0,61.87,High Wind Surge,38.36,-40.0,0.0,0.0
2025-12-15 15:00:00,2025,12,15,15,349,0,46,-30.2,1.2,514.0,35.26,0.0,59.8,Severe Sub-Zero Cold,25.02,24.54,0.0,0.0
2025-12-15 16:00:00,2025,12,15,16,349,0,49,-29.2,7.9,499.9,34.58,12.91,61.89,Clear Solar Day,19.56,10.04,15.0,4.2
2025-12-15 17:00:00,2025,12,15,17,349,0,45,-28.5,7.3,278.7,18.4,8.73,63.78,Overcast / Moderate,19.56,0.0,37.52,10.51
2025-12-15 18:00:00,2025,12,15,18,349,0,43,-29.0,7.6,333.4,22.93,10.68,62.65,Overcast / Moderate,19.56,0.0,29.91,8.38
2025-12-15 19:00:00,2025,12,15,19,349,0,42,-29.6,3.8,263.6,18.2,0.06,63.57,Overcast / Moderate,19.56,0.0,46.18,12.93
2025-12-15 20:00:00,2025,12,15,20,349,0,45,-30.1,3.9,177.5,12.16,0.08,61.67,Severe Sub-Zero Cold,19.56,0.0,50.3,14.08
2025-12-15 21:00:00,2025,12,15,21,349,0,37,-28.9,5.7,91.3,6.06,2.16,56.85,Overcast / Moderate,19.56,0.0,49.5,13.86
2025-12-15 22:00:00,2025,12,15,22,349,0,44,-28.9,2.5,69.3,4.67,0.0,54.01,Overcast / Moderate,19.56,0.0,50.21,14.06
2025-12-15 23:00:00,2025,12,15,23,349,0,44,-30.7,2.2,42.5,2.86,0.0,55.54,Severe Sub-Zero Cold,19.56,0.0,53.55,14.99
2025-12-16 00:00:00,2025,12,16,0,350,1,40,-31.0,2.4,43.8,3.03,0.0,56.67,Severe Sub-Zero Cold,19.56,0.0,54.51,15.26
2025-12-16 01:00:00,2025,12,16,1,350,1,42,-30.2,6.9,56.5,3.92,6.51,53.65,Severe Sub-Zero Cold,19.56,0.0,44.09,12.35
2025-12-16 02:00:00,2025,12,16,2,350,1,47,-30.0,5.4,67.2,4.53,1.52,60.19,Severe Sub-Zero Cold,19.56,0.0,55.01,15.4
2025-12-16 03:00:00,2025,12,16,3,350,1,45,-29.0,4.5,105.0,7.06,0.37,57.64,Overcast / Moderate,19.56,0.0,51.08,14.3
2025-12-16 04:00:00,2025,12,16,4,350,1,45,-29.8,4.7,180.4,12.36,0.54,54.79,Overcast / Moderate,19.56,0.0,42.76,11.97
2025-12-16 05:00:00,2025,12,16,5,350,1,45,-28.5,3.7,255.6,17.53,0.04,55.48,Overcast / Moderate,19.56,0.0,38.78,10.86
2025-12-16 06:00:00,2025,12,16,6,350,1,45,-28.9,5.5,285.1,19.25,1.71,54.06,Overcast / Moderate,19.56,0.0,33.97,9.51
2025-12-16 07:00:00,2025,12,16,7,350,1,48,-29.3,3.7,408.3,28.1,0.04,63.24,Clear Solar Day,19.56,0.0,35.97,10.07
2025-12-16 08:00:00,2025,12,16,8,350,1,45,-28.9,8.2,393.3,26.45,15.43,60.19,Overcast / Moderate,19.56,0.0,19.18,5.37
2025-12-16 09:00:00,2025,12,16,9,350,1,40,-30.0,2.9,392.4,26.16,0.0,66.72,Severe Sub-Zero Cold,19.56,0.0,41.43,11.6
2025-12-16 10:00:00,2025,12,16,10,350,1,49,-29.0,12.6,551.3,37.65,80.0,59.76,Clear Solar Day,37.96,-40.0,0.0,0.0
2025-12-16 11:00:00,2025,12,16,11,350,1,46,-28.9,2.4,503.0,33.82,0.0,59.45,Clear Solar Day,24.03,25.63,0.0,0.0
2025-12-16 12:00:00,2025,12,16,12,350,1,43,-28.3,12.4,657.2,45.41,80.0,60.54,Clear Solar Day,42.43,-40.0,0.0,0.0
2025-12-16 13:00:00,2025,12,16,13,350,1,41,-27.1,9.9,604.8,41.31,36.05,59.77,Clear Solar Day,50.53,-17.59,0.0,0.0
2025-12-16 14:00:00,2025,12,16,14,350,1,46,-28.1,8.0,580.3,39.78,13.72,62.27,Clear Solar Day,45.76,8.77,0.0,0.0
2025-12-16 15:00:00,2025,12,16,15,350,1,44,-26.5,11.5,396.8,26.25,67.39,62.42,Overcast / Moderate,60.12,-31.22,0.0,0.0
2025-12-16 16:00:00,2025,12,16,16,350,1,49,-25.9,3.0,464.1,31.54,0.0,62.52,Clear Solar Day,43.28,30.98,0.0,0.0
2025-12-16 17:00:00,2025,12,16,17,350,1,43,-26.7,3.4,419.3,28.75,0.01,57.63,Clear Solar Day,27.59,28.87,0.0,0.0
2025-12-16 18:00:00,2025,12,16,18,350,1,42,-26.8,4.2,343.1,23.54,0.19,62.32,Overcast / Moderate,19.34,15.19,23.4,6.55
2025-12-16 19:00:00,2025,12,16,19,350,1,47,-28.5,4.1,246.2,16.81,0.15,64.24,Overcast / Moderate,19.34,0.0,48.6,13.61
2025-12-16 20:00:00,2025,12,16,20,350,1,47,-28.3,4.7,147.9,9.89,0.54,65.99,Overcast / Moderate,19.34,0.0,56.88,15.93
2025-12-16 21:00:00,2025,12,16,21,350,1,45,-30.0,7.0,143.0,9.99,7.02,63.23,Severe Sub-Zero Cold,19.34,0.0,47.54,13.31
2025-12-16 22:00:00,2025,12,16,22,350,1,47,-30.4,1.4,63.5,4.26,0.0,60.55,Severe Sub-Zero Cold,19.34,0.0,57.61,16.13
2025-12-16 23:00:00,2025,12,16,23,350,1,44,-29.8,5.3,43.2,2.91,1.34,49.93,Overcast / Moderate,19.34,0.0,47.0,13.16
2025-12-17 00:00:00,2025,12,17,0,351,2,45,-30.0,4.1,42.8,2.94,0.15,55.89,Severe Sub-Zero Cold,19.34,0.0,54.12,15.15
2025-12-17 01:00:00,2025,12,17,1,351,2,48,-30.6,7.3,34.9,2.31,8.73,55.91,Severe Sub-Zero Cold,19.34,0.0,46.19,12.93
2025-12-17 02:00:00,2025,12,17,2,351,2,46,-31.2,14.9,69.3,4.7,80.0,59.97,High Wind Surge,30.72,-24.73,0.0,0.0
2025-12-17 03:00:00,2025,12,17,3,351,2,44,-31.5,6.5,114.8,7.84,4.71,56.16,Severe Sub-Zero Cold,19.07,21.43,22.18,6.21
2025-12-17 04:00:00,2025,12,17,4,351,2,49,-32.8,5.7,150.1,10.16,2.16,62.49,Severe Sub-Zero Cold,19.07,0.0,52.03,14.57
2025-12-17 05:00:00,2025,12,17,5,351,2,37,-34.5,5.2,189.5,12.79,1.17,60.74,Severe Sub-Zero Cold,19.07,0.0,48.64,13.62
2025-12-17 06:00:00,2025,12,17,6,351,2,51,-33.1,9.2,274.0,18.63,26.15,59.19,Severe Sub-Zero Cold,19.07,0.0,16.27,4.56
2025-12-17 07:00:00,2025,12,17,7,351,2,39,-32.0,5.5,300.5,20.15,1.71,63.12,Severe Sub-Zero Cold,19.07,0.0,43.12,12.07
2025-12-17 08:00:00,2025,12,17,8,351,2,43,-31.6,19.6,159.0,10.12,80.0,63.07,High Wind Surge,31.51,-27.05,0.0,0.0
2025-12-17 09:00:00,2025,12,17,9,351,2,44,-30.5,15.1,459.2,31.13,80.0,63.42,High Wind Surge,49.91,-40.0,0.0,0.0
2025-12-17 10:00:00,2025,12,17,10,351,2,44,-30.0,16.8,523.6,35.64,80.0,64.63,High Wind Surge,68.31,-40.0,0.0,0.0
2025-12-17 11:00:00,2025,12,17,11,351,2,48,-29.4,28.3,315.2,20.42,0.0,62.88,Blizzard / Extreme Storm,45.24,42.46,0.0,0.0
2025-12-17 12:00:00,2025,12,17,12,351,2,41,-30.5,28.2,331.2,21.56,0.0,57.95,Blizzard / Extreme Storm,25.46,36.39,0.0,0.0
2025-12-17 13:00:00,2025,12,17,13,351,2,45,-29.3,24.9,349.0,22.76,80.0,64.06,Blizzard / Extreme Storm,43.26,-38.7,0.0,0.0
2025-12-17 14:00:00,2025,12,17,14,351,2,43,-28.7,19.1,187.4,11.82,80.0,64.11,High Wind Surge,56.01,-27.71,0.0,0.0
2025-12-17 15:00:00,2025,12,17,15,351,2,45,-30.5,26.7,312.9,20.5,0.0,59.23,Blizzard / Extreme Storm,34.96,38.73,0.0,0.0
2025-12-17 16:00:00,2025,12,17,16,351,2,44,-29.1,22.2,307.1,20.2,80.0,61.99,Blizzard / Extreme Storm,52.53,-38.21,0.0,0.0
2025-12-17 17:00:00,2025,12,17,17,351,2,45,-28.8,21.5,183.1,11.74,80.0,59.87,High Wind Surge,67.19,-31.87,0.0,0.0
2025-12-17 18:00:00,2025,12,17,18,351,2,43,-29.7,17.6,307.5,20.98,80.0,65.0,High Wind Surge,83.75,-35.98,0.0,0.0
2025-12-17 19:00:00,2025,12,17,19,351,2,43,-31.2,18.6,160.5,10.59,80.0,66.26,High Wind Surge,94.1,-22.51,0.0,0.0
2025-12-17 20:00:00,2025,12,17,20,351,2,45,-31.3,18.2,79.1,5.09,80.0,62.05,High Wind Surge,94.93,-1.8,0.0,0.0
2025-12-17 21:00:00,2025,12,17,21,351,2,47,-30.2,10.9,95.3,6.37,54.11,60.65,Severe Sub-Zero Cold,94.84,0.17,0.0,0.0
2025-12-17 22:00:00,2025,12,17,22,351,2,43,-30.5,15.5,68.1,4.6,80.0,57.66,High Wind Surge,94.99,-0.33,0.0,0.0
2025-12-17 23:00:00,2025,12,17,23,351,2,42,-31.4,3.6,38.2,2.55,0.02,54.74,Severe Sub-Zero Cold,67.81,50.0,15.0,4.2
2025-12-18 00:00:00,2025,12,18,0,352,3,46,-30.8,2.1,41.6,2.85,0.0,60.06,Severe Sub-Zero Cold,40.64,50.0,15.0,4.2
2025-12-18 01:00:00,2025,12,18,1,352,3,44,-31.4,7.6,35.8,2.37,10.68,57.61,Severe Sub-Zero Cold,18.21,41.28,15.0,4.2
2025-12-18 02:00:00,2025,12,18,2,352,3,47,-33.0,10.2,78.2,5.39,40.96,63.79,Severe Sub-Zero Cold,18.21,0.0,21.03,5.89
2025-12-18 03:00:00,2025,12,18,3,352,3,42,-32.9,12.8,113.4,7.76,80.0,62.76,Severe Sub-Zero Cold,29.71,-25.0,0.0,0.0
2025-12-18 04:00:00,2025,12,18,4,352,3,39,-33.6,9.0,172.7,11.89,23.7,62.4,Severe Sub-Zero Cold,19.16,19.41,15.0,4.2
2025-12-18 05:00:00,2025,12,18,5,352,3,43,-32.8,3.7,209.9,14.24,0.04,59.78,Severe Sub-Zero Cold,19.16,0.0,47.19,13.21
2025-12-18 06:00:00,2025,12,18,6,352,3,42,-32.3,14.2,167.8,10.93,80.0,55.82,High Wind Surge,35.31,-35.11,0.0,0.0
2025-12-18 07:00:00,2025,12,18,7,352,3,44,-31.9,11.6,388.1,26.72,69.8,60.47,Severe Sub-Zero Cold,51.89,-36.05,0.0,0.0
2025-12-18 08:00:00,2025,12,18,8,352,3,43,-31.1,3.3,404.5,27.44,0.0,64.72,Severe Sub-Zero Cold,31.63,37.28,0.0,0.0
2025-12-18 09:00:00,2025,12,18,9,352,3,47,-31.0,6.8,464.7,31.58,6.02,66.22,Severe Sub-Zero Cold,18.99,23.26,15.0,4.2
2025-12-18 10:00:00,2025,12,18,10,352,3,44,-30.0,6.8,609.1,42.2,6.02,63.41,Severe Sub-Zero Cold,18.99,0.0,17.21,4.82
2025-12-18 11:00:00,2025,12,18,11,352,3,45,-28.6,5.8,600.8,41.16,2.41,58.73,Clear Solar Day,18.99,0.0,17.18,4.81
2025-12-18 12:00:00,2025,12,18,12,352,3,45,-27.9,14.8,639.7,44.0,80.0,59.53,High Wind Surge,37.39,-40.0,0.0,0.0
2025-12-18 13:00:00,2025,12,18,13,352,3,45,-27.1,2.0,501.0,33.52,0.0,61.13,Clear Solar Day,22.38,27.61,0.0,0.0
2025-12-18 14:00:00,2025,12,18,14,352,3,44,-26.0,7.5,512.8,34.47,10.0,58.22,Clear Solar Day,19.79,4.77,15.0,4.2
2025-12-18 15:00:00,2025,12,18,15,352,3,46,-25.9,3.7,477.1,32.09,0.04,58.43,Clear Solar Day,19.79,0.0,26.71,7.48
2025-12-18 16:00:00,2025,12,18,16,352,3,42,-27.2,6.5,430.5,29.1,4.71,57.54,Clear Solar Day,19.79,0.0,24.14,6.76
2025-12-18 17:00:00,2025,12,18,17,352,3,49,-28.3,9.1,327.1,21.91,24.91,62.87,Overcast / Moderate,19.79,0.0,16.46,4.61
2025-12-18 18:00:00,2025,12,18,18,352,3,44,-29.8,4.1,320.6,21.98,0.15,62.08,Overcast / Moderate,19.79,0.0,40.36,11.3
2025-12-18 19:00:00,2025,12,18,19,352,3,41,-30.3,5.4,255.1,17.57,1.52,59.87,Severe Sub-Zero Cold,19.79,0.0,41.19,11.53
2025-12-18 20:00:00,2025,12,18,20,352,3,45,-30.0,12.7,193.5,13.38,80.0,63.13,Severe Sub-Zero Cold,33.71,-30.25,0.0,0.0
2025-12-18 21:00:00,2025,12,18,21,352,3,42,-30.1,8.9,131.6,9.09,22.54,62.76,Severe Sub-Zero Cold,18.81,27.42,15.0,4.2
2025-12-18 22:00:00,2025,12,18,22,352,3,46,-30.7,6.9,87.9,6.11,6.51,58.72,Severe Sub-Zero Cold,18.81,0.0,48.48,13.58
2025-12-18 23:00:00,2025,12,18,23,352,3,51,-31.3,3.9,54.0,3.73,0.08,56.96,Severe Sub-Zero Cold,18.81,0.0,55.53,15.55
2025-12-19 00:00:00,2025,12,19,0,353,4,42,-31.5,5.7,38.0,2.58,2.16,56.82,Severe Sub-Zero Cold,18.81,0.0,54.46,15.25
2025-12-19 01:00:00,2025,12,19,1,353,4,45,-31.9,9.1,45.7,3.1,24.91,58.57,Severe Sub-Zero Cold,18.81,0.0,32.94,9.22
2025-12-19 02:00:00,2025,12,19,2,353,4,39,-32.6,9.7,78.4,5.4,33.01,58.08,Severe Sub-Zero Cold,18.81,0.0,22.05,6.18
2025-12-19 03:00:00,2025,12,19,3,353,4,46,-32.9,4.1,124.7,8.62,0.15,56.15,Severe Sub-Zero Cold,18.81,0.0,49.76,13.93
2025-12-19 04:00:00,2025,12,19,4,353,4,42,-30.9,7.8,166.5,11.34,12.14,56.28,Severe Sub-Zero Cold,18.81,0.0,35.18,9.85
2025-12-19 05:00:00,2025,12,19,5,353,4,43,-30.0,2.5,192.9,12.89,0.0,58.16,Severe Sub-Zero Cold,18.81,0.0,47.65,13.34
2025-12-19 06:00:00,2025,12,19,6,353,4,41,-29.1,1.3,248.4,16.55,0.0,54.09,Overcast / Moderate,18.81,0.0,39.92,11.18
2025-12-19 07:00:00,2025,12,19,7,353,4,47,-28.2,6.7,410.3,28.17,5.56,63.33,Clear Solar Day,18.81,0.0,31.98,8.96
2025-12-19 08:00:00,2025,12,19,8,353,4,48,-28.5,3.9,445.9,30.37,0.08,63.05,Clear Solar Day,18.81,0.0,34.98,9.8
2025-12-19 09:00:00,2025,12,19,9,353,4,45,-28.9,2.3,333.8,21.89,0.0,61.13,Overcast / Moderate,18.81,0.0,41.62,11.65
2025-12-19 10:00:00,2025,12,19,10,353,4,42,-29.0,8.5,558.0,38.16,18.26,64.46,Clear Solar Day,18.81,0.0,15.0,4.2
2025-12-19 11:00:00,2025,12,19,11,353,4,49,-28.6,6.3,590.4,40.37,3.94,62.68,Clear Solar Day,18.81,0.0,20.75,5.81
2025-12-19 12:00:00,2025,12,19,12,353,4,42,-28.3,9.4,410.8,27.03,28.77,60.26,Clear Solar Day,18.81,0.0,15.0,4.2
2025-12-19 13:00:00,2025,12,19,13,353,4,38,-28.1,7.8,549.1,37.19,12.14,58.04,Clear Solar Day,18.81,0.0,15.0,4.2
2025-12-19 14:00:00,2025,12,19,14,353,4,46,-27.0,8.5,412.5,27.21,18.26,64.9,Clear Solar Day,18.81,0.0,21.81,6.11
2025-12-19 15:00:00,2025,12,19,15,353,4,41,-25.7,4.7,452.4,30.24,0.54,61.97,Clear Solar Day,18.81,0.0,33.57,9.4
2025-12-19 16:00:00,2025,12,19,16,353,4,47,-27.3,4.3,288.1,18.77,0.24,64.64,Overcast / Moderate,18.81,0.0,48.01,13.44
2025-12-19 17:00:00,2025,12,19,17,353,4,43,-27.9,7.2,287.0,18.97,8.13,63.01,Overcast / Moderate,18.81,0.0,38.29,10.72
2025-12-19 18:00:00,2025,12,19,18,353,4,46,-28.2,3.7,282.9,19.05,0.04,59.89,Overcast / Moderate,18.81,0.0,43.18,12.09
2025-12-19 19:00:00,2025,12,19,19,353,4,49,-28.1,9.6,194.0,12.9,31.55,61.94,Overcast / Moderate,18.81,0.0,19.87,5.56
2025-12-19 20:00:00,2025,12,19,20,353,4,41,-28.7,6.5,189.0,12.98,4.71,58.81,Overcast / Moderate,18.81,0.0,43.5,12.18
2025-12-19 21:00:00,2025,12,19,21,353,4,43,-29.0,3.9,80.2,5.26,0.08,64.23,Overcast / Moderate,18.81,0.0,61.27,17.16
2025-12-19 22:00:00,2025,12,19,22,353,4,44,-29.4,7.4,92.0,6.41,9.35,62.28,Overcast / Moderate,18.81,0.0,48.9,13.69
2025-12-19 23:00:00,2025,12,19,23,353,4,49,-30.6,12.5,47.6,3.24,80.0,60.1,Severe Sub-Zero Cold,29.45,-23.14,0.0,0.0
2025-12-20 00:00:00,2025,12,20,0,354,5,43,-30.4,2.3,44.1,3.04,0.0,61.16,Severe Sub-Zero Cold,19.18,18.9,39.22,10.98
2025-12-20 01:00:00,2025,12,20,1,354,5,43,-31.8,2.7,44.0,2.98,0.0,59.17,Severe Sub-Zero Cold,19.18,0.0,57.83,16.19
2025-12-20 02:00:00,2025,12,20,2,354,5,46,-33.6,10.1,84.3,5.87,39.28,60.81,Severe Sub-Zero Cold,19.18,0.0,17.3,4.85
2025-12-20 03:00:00,2025,12,20,3,354,5,43,-34.2,2.7,111.8,7.66,0.0,58.37,Severe Sub-Zero Cold,19.18,0.0,52.35,14.66
2025-12-20 04:00:00,2025,12,20,4,354,5,45,-33.9,1.6,141.9,9.58,0.0,61.56,Severe Sub-Zero Cold,19.18,0.0,53.62,15.01
2025-12-20 05:00:00,2025,12,20,5,354,5,40,-32.3,5.0,226.2,15.44,0.88,60.04,Severe Sub-Zero Cold,19.18,0.0,45.36,12.7
2025-12-20 06:00:00,2025,12,20,6,354,5,51,-32.4,6.0,331.4,22.97,2.96,62.81,Severe Sub-Zero Cold,19.18,0.0,38.52,10.79
2025-12-20 07:00:00,2025,12,20,7,354,5,40,-31.6,6.9,315.2,21.21,6.51,62.83,Severe Sub-Zero Cold,19.18,0.0,36.75,10.29
2025-12-20 08:00:00,2025,12,20,8,354,5,44,-30.4,6.4,508.8,35.38,4.31,63.55,Severe Sub-Zero Cold,19.18,0.0,25.5,7.14
2025-12-20 09:00:00,2025,12,20,9,354,5,44,-29.2,11.5,546.4,37.66,67.39,62.0,Clear Solar Day,37.58,-40.0,0.0,0.0
2025-12-20 10:00:00,2025,12,20,10,354,5,50,-28.1,9.0,548.9,37.38,23.7,62.0,Clear Solar Day,37.08,0.92,0.0,0.0
2025-12-20 11:00:00,2025,12,20,11,354,5,41,-28.8,14.7,470.5,31.42,80.0,63.02,High Wind Surge,55.48,-40.0,0.0,0.0
2025-12-20 12:00:00,2025,12,20,12,354,5,50,-28.9,6.1,669.8,46.46,3.27,59.27,Clear Solar Day,50.29,9.54,0.0,0.0
2025-12-20 13:00:00,2025,12,20,13,354,5,47,-28.7,2.4,381.9,25.04,0.0,58.64,Overcast / Moderate,32.03,33.6,0.0,0.0
2025-12-20 14:00:00,2025,12,20,14,354,5,46,-28.7,12.9,559.0,38.2,80.0,61.1,Clear Solar Day,50.43,-40.0,0.0,0.0
2025-12-20 15:00:00,2025,12,20,15,354,5,42,-28.9,0.5,313.2,20.44,0.0,58.05,Overcast / Moderate,29.99,37.61,0.0,0.0
2025-12-20 16:00:00,2025,12,20,16,354,5,46,-30.2,9.1,414.0,28.09,24.91,66.31,Severe Sub-Zero Cold,22.76,13.31,0.0,0.0
2025-12-20 17:00:00,2025,12,20,17,354,5,42,-30.1,1.5,343.0,23.19,0.0,61.03,Severe Sub-Zero Cold,19.76,5.52,32.32,9.05
2025-12-20 18:00:00,2025,12,20,18,354,5,48,-29.6,8.9,311.4,21.27,22.54,66.03,Overcast / Moderate,19.76,0.0,22.7,6.36
2025-12-20 19:00:00,2025,12,20,19,354,5,42,-29.8,12.2,165.2,10.88,80.0,65.17,Overcast / Moderate,31.59,-25.71,0.0,0.0
2025-12-20 20:00:00,2025,12,20,20,354,5,44,-30.2,5.4,133.9,8.91,1.52,63.06,Severe Sub-Zero Cold,18.99,23.17,29.46,8.25
2025-12-20 21:00:00,2025,12,20,21,354,5,43,-30.9,4.1,75.4,4.95,0.15,63.9,Severe Sub-Zero Cold,18.99,0.0,60.82,17.03
2025-12-20 22:00:00,2025,12,20,22,354,5,42,-31.0,3.9,61.3,4.1,0.08,60.28,Severe Sub-Zero Cold,18.99,0.0,58.12,16.27
2025-12-20 23:00:00,2025,12,20,23,354,5,47,-31.5,6.2,31.4,2.06,3.6,61.15,Severe Sub-Zero Cold,18.99,0.0,57.51,16.1
2025-12-21 00:00:00,2025,12,21,0,355,6,46,-32.0,3.4,35.5,2.4,0.01,53.64,Severe Sub-Zero Cold,18.99,0.0,53.25,14.91
2025-12-21 01:00:00,2025,12,21,1,355,6,48,-32.4,7.9,44.7,3.03,12.91,58.51,Severe Sub-Zero Cold,18.99,0.0,44.59,12.48
2025-12-21 02:00:00,2025,12,21,2,355,6,39,-32.7,5.2,71.5,4.88,1.17,59.13,Severe Sub-Zero Cold,18.99,0.0,55.1,15.43
2025-12-21 03:00:00,2025,12,21,3,355,6,48,-32.5,4.8,140.8,9.87,0.64,60.15,Severe Sub-Zero Cold,18.99,0.0,51.66,14.46
2025-12-21 04:00:00,2025,12,21,4,355,6,52,-32.0,6.0,171.8,11.77,2.96,57.61,Severe Sub-Zero Cold,18.99,0.0,44.9,12.57
2025-12-21 05:00:00,2025,12,21,5,355,6,43,-31.4,6.7,198.8,13.37,5.56,53.45,Severe Sub-Zero Cold,18.99,0.0,36.54,10.23
2025-12-21 06:00:00,2025,12,21,6,355,6,50,-30.6,3.1,361.8,25.23,0.0,60.14,Severe Sub-Zero Cold,18.99,0.0,36.93,10.34
2025-12-21 07:00:00,2025,12,21,7,355,6,44,-29.8,8.3,321.2,21.56,16.34,60.49,Overcast / Moderate,18.99,0.0,24.61,6.89
2025-12-21 08:00:00,2025,12,21,8,355,6,40,-28.2,10.8,351.5,23.34,52.08,59.68,Overcast / Moderate,26.23,-15.74,0.0,0.0
2025-12-21 09:00:00,2025,12,21,9,355,6,44,-28.2,4.4,501.7,34.14,0.3,61.77,Clear Solar Day,19.46,12.47,15.0,4.2
2025-12-21 10:00:00,2025,12,21,10,355,6,48,-27.2,3.5,545.4,37.02,0.01,61.63,Clear Solar Day,19.46,0.0,25.68,7.19
2025-12-21 11:00:00,2025,12,21,11,355,6,42,-27.0,8.9,518.9,34.83,22.54,57.48,Clear Solar Day,19.46,0.0,15.0,4.2
2025-12-21 12:00:00,2025,12,21,12,355,6,43,-28.0,3.5,413.6,27.21,0.01,60.7,Clear Solar Day,19.46,0.0,34.56,9.68
2025-12-21 13:00:00,2025,12,21,13,355,6,46,-28.1,1.7,632.9,43.58,0.0,60.66,Clear Solar Day,19.46,0.0,18.16,5.09
2025-12-21 14:00:00,2025,12,21,14,355,6,45,-28.3,7.4,519.4,35.17,9.35,65.96,Clear Solar Day,19.46,0.0,22.52,6.31
2025-12-21 15:00:00,2025,12,21,15,355,6,46,-27.9,4.0,525.5,35.92,0.11,62.41,Clear Solar Day,19.46,0.0,27.46,7.69
2025-12-21 16:00:00,2025,12,21,16,355,6,45,-28.5,3.4,386.4,25.91,0.01,68.39,Overcast / Moderate,19.46,0.0,43.55,12.2
2025-12-21 17:00:00,2025,12,21,17,355,6,46,-29.2,14.5,343.6,23.18,80.0,59.55,High Wind Surge,37.86,-40.0,0.0,0.0
2025-12-21 18:00:00,2025,12,21,18,355,6,43,-28.4,4.5,316.3,21.58,0.37,60.45,Overcast / Moderate,18.45,35.72,15.0,4.2
2025-12-21 19:00:00,2025,12,21,19,355,6,45,-29.8,11.2,184.2,12.25,60.51,62.19,Overcast / Moderate,23.31,-10.57,0.0,0.0
2025-12-21 20:00:00,2025,12,21,20,355,6,42,-29.6,3.5,145.1,9.71,0.01,59.82,Overcast / Moderate,19.71,6.62,43.48,12.17
2025-12-21 21:00:00,2025,12,21,21,355,6,48,-30.6,9.7,130.9,9.05,33.01,63.71,Severe Sub-Zero Cold,19.71,0.0,22.23,6.22
2025-12-21 22:00:00,2025,12,21,22,355,6,43,-31.0,6.3,87.4,6.08,3.94,56.22,Severe Sub-Zero Cold,19.71,0.0,46.78,13.1
2025-12-21 23:00:00,2025,12,21,23,355,6,48,-30.8,2.3,48.5,3.31,0.0,55.89,Severe Sub-Zero Cold,19.71,0.0,53.16,14.88
2025-12-22 00:00:00,2025,12,22,0,356,0,44,-31.4,8.6,31.8,2.12,19.27,62.42,Severe Sub-Zero Cold,19.71,0.0,41.61,11.65
2025-12-22 01:00:00,2025,12,22,1,356,0,45,-31.9,11.0,39.0,2.61,56.19,58.32,Severe Sub-Zero Cold,19.93,-0.48,0.0,0.0
2025-12-22 02:00:00,2025,12,22,2,356,0,43,-32.6,3.3,86.8,6.06,0.0,60.94,Severe Sub-Zero Cold,19.93,0.0,55.01,15.4
2025-12-22 03:00:00,2025,12,22,3,356,0,41,-32.4,8.5,106.2,7.21,18.26,60.52,Severe Sub-Zero Cold,19.93,0.0,35.18,9.85
2025-12-22 04:00:00,2025,12,22,4,356,0,39,-32.9,5.8,113.9,7.53,2.41,61.57,Severe Sub-Zero Cold,19.93,0.0,51.76,14.49
2025-12-22 05:00:00,2025,12,22,5,356,0,41,-33.5,8.8,285.6,20.12,21.41,56.42,Severe Sub-Zero Cold,19.93,0.0,15.02,4.21
2025-12-22 06:00:00,2025,12,22,6,356,0,44,-33.8,8.3,230.7,15.46,16.34,62.9,Severe Sub-Zero Cold,19.93,0.0,31.23,8.75
2025-12-22 07:00:00,2025,12,22,7,356,0,45,-33.3,1.3,402.1,27.9,0.0,65.39,Severe Sub-Zero Cold,19.93,0.0,37.62,10.53
2025-12-22 08:00:00,2025,12,22,8,356,0,48,-32.3,3.5,423.1,28.93,0.01,70.95,Severe Sub-Zero Cold,19.93,0.0,42.14,11.8
2025-12-22 09:00:00,2025,12,22,9,356,0,43,-31.0,6.0,552.7,38.32,2.96,64.47,Severe Sub-Zero Cold,19.93,0.0,23.32,6.53
2025-12-22 10:00:00,2025,12,22,10,356,0,42,-29.8,12.1,629.3,43.76,80.0,59.03,Clear Solar Day,38.33,-40.0,0.0,0.0
2025-12-22 11:00:00,2025,12,22,11,356,0,40,-28.9,5.0,593.4,40.63,0.88,63.69,Clear Solar Day,26.28,22.18,0.0,0.0
2025-12-22 12:00:00,2025,12,22,12,356,0,46,-28.3,7.5,498.0,33.35,10.0,65.07,Clear Solar Day,19.45,12.56,15.0,4.2
2025-12-22 13:00:00,2025,12,22,13,356,0,49,-26.7,0.9,640.1,43.98,0.0,58.78,Clear Solar Day,19.45,0.0,15.89,4.45
2025-12-22 14:00:00,2025,12,22,14,356,0,48,-26.4,8.3,486.9,32.58,16.34,63.3,Clear Solar Day,19.45,0.0,15.47,4.33
2025-12-22 15:00:00,2025,12,22,15,356,0,47,-27.4,7.2,471.7,31.81,8.13,65.85,Clear Solar Day,19.45,0.0,27.0,7.56
2025-12-22 16:00:00,2025,12,22,16,356,0,46,-28.3,8.4,510.3,35.31,17.28,63.37,Clear Solar Day,19.45,0.0,15.0,4.2
2025-12-22 17:00:00,2025,12,22,17,356,0,50,-27.5,11.3,361.8,24.44,62.75,60.52,Overcast / Moderate,31.72,-26.67,0.0,0.0
2025-12-22 18:00:00,2025,12,22,18,356,0,45,-28.7,3.1,253.4,16.9,0.0,64.65,Overcast / Moderate,18.98,23.44,24.31,6.81
2025-12-22 19:00:00,2025,12,22,19,356,0,46,-30.1,4.2,263.5,18.21,0.19,65.19,Severe Sub-Zero Cold,18.98,0.0,48.83,13.67
2025-12-22 20:00:00,2025,12,22,20,356,0,44,-31.8,16.8,182.3,12.57,80.0,63.53,High Wind Surge,32.34,-29.04,0.0,0.0
2025-12-22 21:00:00,2025,12,22,21,356,0,40,-33.0,3.2,109.3,7.45,0.0,62.47,Severe Sub-Zero Cold,18.93,24.68,30.34,8.5
2025-12-22 22:00:00,2025,12,22,22,356,0,42,-32.3,8.4,75.8,5.2,17.28,59.84,Severe Sub-Zero Cold,18.93,0.0,39.51,11.06
2025-12-22 23:00:00,2025,12,22,23,356,0,44,-33.3,8.5,49.9,3.44,18.26,57.08,Severe Sub-Zero Cold,18.93,0.0,37.53,10.51
2025-12-23 00:00:00,2025,12,23,0,357,1,45,-33.1,8.0,37.2,2.54,13.72,59.93,Severe Sub-Zero Cold,18.93,0.0,45.82,12.83
2025-12-23 01:00:00,2025,12,23,1,357,1,50,-32.2,3.9,55.1,3.83,0.08,62.81,Severe Sub-Zero Cold,18.93,0.0,61.05,17.09
2025-12-23 02:00:00,2025,12,23,2,357,1,45,-31.5,3.8,52.0,3.44,0.06,62.02,Severe Sub-Zero Cold,18.93,0.0,60.67,16.99
2025-12-23 03:00:00,2025,12,23,3,357,1,48,-30.8,7.8,121.8,8.36,12.14,57.03,Severe Sub-Zero Cold,18.93,0.0,38.68,10.83
2025-12-23 04:00:00,2025,12,23,4,357,1,43,-31.7,3.5,172.2,11.8,0.01,53.98,Severe Sub-Zero Cold,18.93,0.0,44.32,12.41
2025-12-23 05:00:00,2025,12,23,5,357,1,44,-30.8,7.8,167.5,11.08,12.14,55.72,Severe Sub-Zero Cold,18.93,0.0,34.65,9.7
2025-12-23 06:00:00,2025,12,23,6,357,1,41,-29.7,6.2,284.0,19.21,3.6,58.06,Overcast / Moderate,18.93,0.0,37.4,10.47
2025-12-23 07:00:00,2025,12,23,7,357,1,42,-29.9,5.3,322.4,21.65,1.34,60.13,Overcast / Moderate,18.93,0.0,39.29,11.0
2025-12-23 08:00:00,2025,12,23,8,357,1,46,-29.4,4.6,463.3,31.77,0.45,65.7,Clear Solar Day,18.93,0.0,35.63,9.98
2025-12-23 09:00:00,2025,12,23,9,357,1,45,-28.6,12.6,531.9,36.48,80.0,60.19,Clear Solar Day,37.33,-40.0,0.0,0.0
2025-12-23 10:00:00,2025,12,23,10,357,1,47,-28.1,6.4,503.6,33.97,4.31,60.97,Clear Solar Day,25.0,22.69,0.0,0.0
2025-12-23 11:00:00,2025,12,23,11,357,1,45,-28.8,6.8,515.8,34.77,6.02,61.77,Clear Solar Day,19.57,9.99,15.0,4.2
2025-12-23 12:00:00,2025,12,23,12,357,1,43,-28.1,12.6,529.8,35.69,80.0,63.34,Clear Solar Day,37.97,-40.0,0.0,0.0
2025-12-23 13:00:00,2025,12,23,13,357,1,51,-29.0,7.7,492.2,33.03,11.39,60.47,Clear Solar Day,29.24,16.05,0.0,0.0
2025-12-23 14:00:00,2025,12,23,14,357,1,44,-29.6,13.0,386.4,25.52,80.0,63.15,Overcast / Moderate,47.64,-40.0,0.0,0.0
2025-12-23 15:00:00,2025,12,23,15,357,1,48,-28.8,2.6,498.5,33.95,0.0,63.9,Clear Solar Day,31.37,29.95,0.0,0.0
2025-12-23 16:00:00,2025,12,23,16,357,1,43,-28.8,10.1,486.9,33.53,39.28,59.03,Clear Solar Day,37.7,-13.78,0.0,0.0
2025-12-23 17:00:00,2025,12,23,17,357,1,47,-28.1,4.9,231.7,15.06,0.75,63.26,Overcast / Moderate,18.46,35.41,15.0,4.2
2025-12-23 18:00:00,2025,12,23,18,357,1,47,-28.2,9.6,259.2,17.3,31.55,61.99,Overcast / Moderate,18.46,0.0,16.22,4.54
2025-12-23 19:00:00,2025,12,23,19,357,1,45,-27.5,10.3,182.9,12.08,42.69,58.4,Overcast / Moderate,18.46,0.0,15.0,4.2
2025-12-23 20:00:00,2025,12,23,20,357,1,37,-28.2,4.3,181.9,12.43,0.24,58.79,Overcast / Moderate,18.46,0.0,49.2,13.78
2025-12-23 21:00:00,2025,12,23,21,357,1,45,-29.7,5.5,98.6,6.6,1.71,60.27,Overcast / Moderate,18.46,0.0,55.04,15.41
2025-12-23 22:00:00,2025,12,23,22,357,1,48,-28.5,8.5,58.3,3.86,18.26,55.01,Overcast / Moderate,18.46,0.0,35.97,10.07
2025-12-23 23:00:00,2025,12,23,23,357,1,46,-28.9,2.6,52.2,3.57,0.0,58.69,Overcast / Moderate,18.46,0.0,58.2,16.3
2025-12-24 00:00:00,2025,12,24,0,358,2,46,-30.2,8.8,33.1,2.22,21.41,56.68,Severe Sub-Zero Cold,18.46,0.0,36.13,10.12
2025-12-24 01:00:00,2025,12,24,1,358,2,39,-30.9,2.7,56.7,3.95,0.0,58.64,Severe Sub-Zero Cold,18.46,0.0,57.77,16.18
2025-12-24 02:00:00,2025,12,24,2,358,2,42,-30.8,11.5,69.6,4.72,67.39,56.67,Severe Sub-Zero Cold,25.56,-15.44,0.0,0.0
2025-12-24 03:00:00,2025,12,24,3,358,2,46,-30.7,4.4,100.5,6.76,0.3,55.43,Severe Sub-Zero Cold,19.52,11.13,37.24,10.43
2025-12-24 04:00:00,2025,12,24,4,358,2,46,-32.9,7.0,190.6,13.26,7.02,60.69,Severe Sub-Zero Cold,19.52,0.0,41.38,11.59
2025-12-24 05:00:00,2025,12,24,5,358,2,48,-33.8,2.8,251.1,17.42,0.0,61.99,Severe Sub-Zero Cold,19.52,0.0,45.54,12.75
2025-12-24 06:00:00,2025,12,24,6,358,2,44,-32.9,4.3,327.4,22.69,0.24,55.99,Severe Sub-Zero Cold,19.52,0.0,34.03,9.53
2025-12-24 07:00:00,2025,12,24,7,358,2,46,-33.1,5.5,246.6,16.31,1.71,68.61,Severe Sub-Zero Cold,19.52,0.0,51.56,14.44
2025-12-24 08:00:00,2025,12,24,8,358,2,45,-32.2,6.2,461.7,31.88,3.6,68.55,Severe Sub-Zero Cold,19.52,0.0,34.04,9.53
2025-12-24 09:00:00,2025,12,24,9,358,2,42,-31.0,0.2,552.2,38.29,0.0,64.38,Severe Sub-Zero Cold,19.52,0.0,27.06,7.58
2025-12-24 10:00:00,2025,12,24,10,358,2,38,-30.0,10.9,494.5,33.46,54.11,60.87,Severe Sub-Zero Cold,31.8,-26.7,0.0,0.0
2025-12-24 11:00:00,2025,12,24,11,358,2,46,-28.5,0.7,660.7,45.8,0.0,67.35,Clear Solar Day,20.09,21.55,0.0,0.0
2025-12-24 12:00:00,2025,12,24,12,358,2,45,-29.1,9.1,582.4,39.74,24.91,63.77,Clear Solar Day,20.49,-0.88,0.0,0.0
2025-12-24 13:00:00,2025,12,24,13,358,2,43,-27.4,6.0,665.9,46.08,2.96,60.95,Clear Solar Day,19.96,0.98,15.0,4.2
2025-12-24 14:00:00,2025,12,24,14,358,2,40,-27.8,6.5,534.6,36.27,4.71,63.97,Clear Solar Day,19.96,0.0,23.08,6.46
2025-12-24 15:00:00,2025,12,24,15,358,2,46,-28.6,3.8,367.9,24.3,0.06,66.4,Overcast / Moderate,19.96,0.0,42.13,11.8
2025-12-24 16:00:00,2025,12,24,16,358,2,44,-28.6,7.3,389.5,26.15,8.73,58.11,Overcast / Moderate,19.96,0.0,23.32,6.53
2025-12-24 17:00:00,2025,12,24,17,358,2,46,-29.4,6.6,345.8,23.36,5.12,61.74,Overcast / Moderate,19.96,0.0,33.35,9.34
2025-12-24 18:00:00,2025,12,24,18,358,2,50,-28.8,3.3,355.4,24.62,0.0,65.4,Overcast / Moderate,19.96,0.0,40.87,11.44
2025-12-24 19:00:00,2025,12,24,19,358,2,38,-29.5,4.0,209.7,14.11,0.11,63.37,Overcast / Moderate,19.96,0.0,49.24,13.79
2025-12-24 20:00:00,2025,12,24,20,358,2,42,-30.6,2.1,144.2,9.67,0.0,59.6,Severe Sub-Zero Cold,19.96,0.0,50.02,14.0
2025-12-24 21:00:00,2025,12,24,21,358,2,44,-30.8,2.1,94.9,6.35,0.0,65.62,Severe Sub-Zero Cold,19.96,0.0,59.36,16.62
2025-12-24 22:00:00,2025,12,24,22,358,2,49,-30.8,1.0,62.0,4.15,0.0,57.54,Severe Sub-Zero Cold,19.96,0.0,53.48,14.97
2025-12-24 23:00:00,2025,12,24,23,358,2,40,-31.9,3.9,47.0,3.21,0.08,59.25,Severe Sub-Zero Cold,19.96,0.0,56.05,15.69
2025-12-25 00:00:00,2025,12,25,0,359,3,50,-31.8,8.0,34.7,2.35,13.72,58.1,Severe Sub-Zero Cold,19.96,0.0,42.12,11.79
2025-12-25 01:00:00,2025,12,25,1,359,3,45,-33.1,4.7,41.4,2.8,0.54,53.59,Severe Sub-Zero Cold,19.96,0.0,50.34,14.09
2025-12-25 02:00:00,2025,12,25,2,359,3,44,-33.9,5.0,46.2,3.05,0.88,55.38,Severe Sub-Zero Cold,19.96,0.0,51.54,14.43
2025-12-25 03:00:00,2025,12,25,3,359,3,44,-34.8,3.0,131.9,9.24,0.0,57.67,Severe Sub-Zero Cold,19.96,0.0,48.52,13.58
2025-12-25 04:00:00,2025,12,25,4,359,3,43,-34.6,7.0,178.8,12.4,7.02,58.64,Severe Sub-Zero Cold,19.96,0.0,39.31,11.01
2025-12-25 05:00:00,2025,12,25,5,359,3,48,-34.9,5.0,220.3,15.11,0.88,61.4,Severe Sub-Zero Cold,19.96,0.0,45.5,12.74
2025-12-25 06:00:00,2025,12,25,6,359,3,41,-36.3,7.9,334.5,23.45,12.91,59.68,Severe Sub-Zero Cold,19.96,0.0,23.41,6.55
2025-12-25 07:00:00,2025,12,25,7,359,3,46,-34.4,8.7,390.2,27.06,20.32,66.63,Severe Sub-Zero Cold,19.96,0.0,19.34,5.41
2025-12-25 08:00:00,2025,12,25,8,359,3,43,-32.3,7.1,427.9,29.3,7.56,62.89,Severe Sub-Zero Cold,19.96,0.0,26.12,7.31
2025-12-25 09:00:00,2025,12,25,9,359,3,42,-31.1,4.4,414.4,27.85,0.3,62.87,Severe Sub-Zero Cold,19.96,0.0,34.81,9.75
2025-12-25 10:00:00,2025,12,25,10,359,3,52,-30.5,6.4,619.5,43.08,4.31,68.23,Severe Sub-Zero Cold,19.96,0.0,20.93,5.86
2025-12-25 11:00:00,2025,12,25,11,359,3,46,-29.6,4.2,590.4,40.48,0.19,63.11,Clear Solar Day,19.96,0.0,22.53,6.31
2025-12-25 12:00:00,2025,12,25,12,359,3,46,-28.7,11.2,639.5,44.08,60.51,63.82,Clear Solar Day,38.36,-40.0,0.0,0.0
2025-12-25 13:00:00,2025,12,25,13,359,3,48,-28.4,9.0,492.8,33.03,23.7,64.73,Clear Solar Day,34.01,8.0,0.0,0.0
2025-12-25 14:00:00,2025,12,25,14,359,3,40,-29.1,6.2,463.2,31.06,3.6,60.3,Clear Solar Day,20.07,25.64,0.0,0.0
2025-12-25 15:00:00,2025,12,25,15,359,3,50,-30.4,13.4,366.5,24.32,80.0,60.66,Severe Sub-Zero Cold,38.47,-40.0,0.0,0.0
2025-12-25 16:00:00,2025,12,25,16,359,3,37,-31.1,6.7,483.9,33.51,5.56,61.78,Severe Sub-Zero Cold,26.13,22.71,0.0,0.0
2025-12-25 17:00:00,2025,12,25,17,359,3,42,-30.5,4.8,380.0,26.01,0.64,60.75,Severe Sub-Zero Cold,19.47,12.26,21.84,6.11
2025-12-25 18:00:00,2025,12,25,18,359,3,43,-30.4,2.5,281.8,19.09,0.0,64.86,Severe Sub-Zero Cold,19.47,0.0,46.84,13.11
2025-12-25 19:00:00,2025,12,25,19,359,3,46,-30.8,6.7,200.9,13.51,5.56,67.46,Severe Sub-Zero Cold,19.47,0.0,49.46,13.85
2025-12-25 20:00:00,2025,12,25,20,359,3,45,-31.7,10.4,142.2,9.56,44.47,63.73,Severe Sub-Zero Cold,19.47,0.0,15.0,4.2
2025-12-25 21:00:00,2025,12,25,21,359,3,44,-30.9,10.5,119.4,8.18,46.3,63.84,Severe Sub-Zero Cold,19.47,0.0,15.0,4.2
2025-12-25 22:00:00,2025,12,25,22,359,3,44,-30.8,7.2,70.6,4.8,8.13,59.16,Severe Sub-Zero Cold,19.47,0.0,47.3,13.24
2025-12-25 23:00:00,2025,12,25,23,359,3,42,-32.7,5.4,40.4,2.72,1.52,56.45,Severe Sub-Zero Cold,19.47,0.0,53.28,14.92
2025-12-26 00:00:00,2025,12,26,0,360,4,40,-32.9,7.7,39.2,2.7,11.39,58.23,Severe Sub-Zero Cold,19.47,0.0,45.21,12.66
2025-12-26 01:00:00,2025,12,26,1,360,4,47,-33.9,8.9,32.2,2.14,22.54,56.58,Severe Sub-Zero Cold,19.47,0.0,32.97,9.23
2025-12-26 02:00:00,2025,12,26,2,360,4,47,-31.2,5.5,57.7,3.85,1.71,61.04,Severe Sub-Zero Cold,19.47,0.0,56.55,15.83
2025-12-26 03:00:00,2025,12,26,3,360,4,49,-32.9,6.1,140.6,9.89,3.27,64.34,Severe Sub-Zero Cold,19.47,0.0,52.25,14.63
2025-12-26 04:00:00,2025,12,26,4,360,4,42,-32.4,8.0,124.8,8.31,13.72,58.51,Severe Sub-Zero Cold,19.47,0.0,37.55,10.51
2025-12-26 05:00:00,2025,12,26,5,360,4,47,-31.7,10.7,175.9,11.71,50.1,56.92,Severe Sub-Zero Cold,21.72,-4.89,0.0,0.0
2025-12-26 06:00:00,2025,12,26,6,360,4,44,-32.9,9.3,238.5,16.0,27.44,59.72,Severe Sub-Zero Cold,19.85,3.43,15.0,4.2
2025-12-26 07:00:00,2025,12,26,7,360,4,48,-32.7,1.2,442.0,31.0,0.0,62.98,Severe Sub-Zero Cold,19.85,0.0,32.28,9.04
2025-12-26 08:00:00,2025,12,26,8,360,4,48,-33.8,2.9,457.2,31.67,0.0,65.9,Severe Sub-Zero Cold,19.85,0.0,34.53,9.67
2025-12-26 09:00:00,2025,12,26,9,360,4,45,-31.4,10.2,477.1,32.56,40.96,63.1,Severe Sub-Zero Cold,24.64,-10.42,0.0,0.0
2025-12-26 10:00:00,2025,12,26,10,360,4,43,-30.6,9.9,517.7,35.26,36.05,61.55,Severe Sub-Zero Cold,29.13,-9.76,0.0,0.0
2025-12-26 11:00:00,2025,12,26,11,360,4,47,-29.0,5.4,549.1,37.29,1.52,63.59,Clear Solar Day,19.21,18.27,15.0,4.2
2025-12-26 12:00:00,2025,12,26,12,360,4,46,-28.1,7.0,604.8,41.35,7.02,63.11,Clear Solar Day,19.21,0.0,16.33,4.57
2025-12-26 13:00:00,2025,12,26,13,360,4,42,-26.7,11.3,574.4,38.97,62.75,59.62,Clear Solar Day,37.61,-40.0,0.0,0.0
2025-12-26 14:00:00,2025,12,26,14,360,4,41,-26.3,11.4,541.3,36.64,65.04,61.19,Clear Solar Day,56.01,-40.0,0.0,0.0
2025-12-26 15:00:00,2025,12,26,15,360,4,44,-27.2,9.2,558.9,38.44,26.15,61.63,Clear Solar Day,57.37,-2.96,0.0,0.0
2025-12-26 16:00:00,2025,12,26,16,360,4,49,-28.3,3.8,495.5,34.17,0.06,61.98,Clear Solar Day,42.29,27.75,0.0,0.0
2025-12-26 17:00:00,2025,12,26,17,360,4,48,-29.7,8.5,378.8,25.87,18.26,63.64,Overcast / Moderate,31.68,19.51,0.0,0.0
2025-12-26 18:00:00,2025,12,26,18,360,4,41,-29.4,2.6,296.0,20.1,0.0,61.06,Overcast / Moderate,18.98,23.37,17.59,4.93
2025-12-26 19:00:00,2025,12,26,19,360,4,41,-30.9,11.0,226.5,15.42,56.19,61.43,Severe Sub-Zero Cold,23.67,-10.18,0.0,0.0
2025-12-26 20:00:00,2025,12,26,20,360,4,48,-32.2,3.1,161.5,11.01,0.0,67.06,Severe Sub-Zero Cold,19.68,7.33,48.72,13.64
2025-12-26 21:00:00,2025,12,26,21,360,4,41,-32.1,7.8,102.0,6.9,12.14,57.96,Severe Sub-Zero Cold,19.68,0.0,39.56,11.08
2025-12-26 22:00:00,2025,12,26,22,360,4,46,-32.3,7.3,85.0,5.93,8.73,59.12,Severe Sub-Zero Cold,19.68,0.0,45.1,12.63
2025-12-26 23:00:00,2025,12,26,23,360,4,43,-32.5,9.1,54.1,3.77,24.91,59.32,Severe Sub-Zero Cold,19.68,0.0,31.28,8.76
2025-12-27 00:00:00,2025,12,27,0,361,5,49,-32.3,6.8,33.0,2.23,6.02,61.18,Severe Sub-Zero Cold,19.68,0.0,53.57,15.0
2025-12-27 01:00:00,2025,12,27,1,361,5,42,-32.4,2.0,53.5,3.73,0.0,61.03,Severe Sub-Zero Cold,19.68,0.0,57.94,16.22
2025-12-27 02:00:00,2025,12,27,2,361,5,48,-32.3,8.3,86.7,6.07,16.34,59.11,Severe Sub-Zero Cold,19.68,0.0,37.34,10.45
2025-12-27 03:00:00,2025,12,27,3,361,5,45,-32.4,5.3,80.3,5.32,1.34,60.98,Severe Sub-Zero Cold,19.68,0.0,54.96,15.39
2025-12-27 04:00:00,2025,12,27,4,361,5,45,-32.8,4.8,161.3,11.02,0.64,60.73,Severe Sub-Zero Cold,19.68,0.0,49.71,13.92
2025-12-27 05:00:00,2025,12,27,5,361,5,39,-32.5,15.8,164.7,10.93,80.0,58.36,High Wind Surge,34.66,-32.57,0.0,0.0
2025-12-27 06:00:00,2025,12,27,6,361,5,38,-34.5,7.1,204.5,13.6,7.56,55.5,Severe Sub-Zero Cold,18.72,29.33,15.0,4.2
2025-12-27 07:00:00,2025,12,27,7,361,5,44,-33.9,8.3,430.3,30.17,16.34,68.4,Severe Sub-Zero Cold,18.72,0.0,24.44,6.84
2025-12-27 08:00:00,2025,12,27,8,361,5,45,-34.3,6.5,354.0,23.9,4.71,66.57,Severe Sub-Zero Cold,18.72,0.0,40.51,11.34
2025-12-27 09:00:00,2025,12,27,9,361,5,41,-34.8,9.0,561.4,39.4,23.7,64.68,Severe Sub-Zero Cold,18.72,0.0,15.0,4.2
2025-12-27 10:00:00,2025,12,27,10,361,5,41,-34.9,8.8,594.8,41.63,21.41,62.5,Severe Sub-Zero Cold,18.97,-0.54,0.0,0.0
2025-12-27 11:00:00,2025,12,27,11,361,5,46,-35.0,7.7,580.1,40.25,11.39,61.09,Severe Sub-Zero Cold,18.97,0.0,15.0,4.2
2025-12-27 12:00:00,2025,12,27,12,361,5,46,-33.4,17.7,408.8,27.25,80.0,70.75,High Wind Surge,35.76,-36.5,0.0,0.0
2025-12-27 13:00:00,2025,12,27,13,361,5,44,-33.2,6.0,531.9,36.39,2.96,65.92,Severe Sub-Zero Cold,21.32,26.57,0.0,0.0
2025-12-27 14:00:00,2025,12,27,14,361,5,47,-31.5,8.3,623.2,43.49,16.34,62.15,Severe Sub-Zero Cold,20.06,2.32,0.0,0.0
2025-12-27 15:00:00,2025,12,27,15,361,5,41,-30.5,9.4,500.2,34.24,28.77,58.94,Severe Sub-Zero Cold,21.93,-4.07,0.0,0.0
2025-12-27 16:00:00,2025,12,27,16,361,5,43,-30.8,5.2,363.6,24.4,1.17,62.31,Severe Sub-Zero Cold,19.83,3.87,32.87,9.2
2025-12-27 17:00:00,2025,12,27,17,361,5,49,-30.3,5.9,375.4,25.66,2.68,66.73,Severe Sub-Zero Cold,19.83,0.0,38.73,10.84
2025-12-27 18:00:00,2025,12,27,18,361,5,45,-30.1,13.6,281.5,19.06,80.0,64.75,Severe Sub-Zero Cold,35.61,-34.31,0.0,0.0
2025-12-27 19:00:00,2025,12,27,19,361,5,45,-30.4,1.5,261.2,18.06,0.0,65.1,Severe Sub-Zero Cold,18.64,31.23,15.81,4.43
2025-12-27 20:00:00,2025,12,27,20,361,5,51,-31.4,4.9,175.8,12.08,0.75,64.01,Severe Sub-Zero Cold,18.64,0.0,53.9,15.09
2025-12-27 21:00:00,2025,12,27,21,361,5,40,-32.0,6.2,127.5,8.84,3.6,62.42,Severe Sub-Zero Cold,18.64,0.0,52.7,14.75
2025-12-27 22:00:00,2025,12,27,22,361,5,47,-31.0,0.3,86.1,6.0,0.0,58.59,Severe Sub-Zero Cold,18.64,0.0,55.31,15.49
2025-12-27 23:00:00,2025,12,27,23,361,5,49,-32.5,11.1,49.1,3.39,58.32,59.69,Severe Sub-Zero Cold,19.57,-2.02,0.0,0.0
2025-12-28 00:00:00,2025,12,28,0,362,6,44,-33.4,4.5,26.9,1.79,0.37,60.8,Severe Sub-Zero Cold,19.57,0.0,59.5,16.66
2025-12-28 01:00:00,2025,12,28,1,362,6,47,-32.8,4.2,45.4,3.11,0.19,63.56,Severe Sub-Zero Cold,19.57,0.0,61.12,17.11
2025-12-28 02:00:00,2025,12,28,2,362,6,42,-32.2,9.7,67.9,4.62,33.01,58.64,Severe Sub-Zero Cold,19.57,0.0,21.87,6.12
2025-12-28 03:00:00,2025,12,28,3,362,6,42,-32.0,4.4,124.7,8.63,0.3,56.5,Severe Sub-Zero Cold,19.57,0.0,48.43,13.56
2025-12-28 04:00:00,2025,12,28,4,362,6,46,-32.1,7.8,203.8,14.29,12.14,55.26,Severe Sub-Zero Cold,19.57,0.0,29.69,8.31
2025-12-28 05:00:00,2025,12,28,5,362,6,47,-30.1,9.7,281.2,19.62,33.01,58.04,Severe Sub-Zero Cold,19.57,0.0,15.0,4.2
2025-12-28 06:00:00,2025,12,28,6,362,6,48,-28.5,9.3,277.9,18.71,27.44,54.97,Overcast / Moderate,19.57,0.0,15.0,4.2
2025-12-28 07:00:00,2025,12,28,7,362,6,49,-29.1,9.2,342.8,23.13,26.15,64.88,Overcast / Moderate,19.57,0.0,16.46,4.61
2025-12-28 08:00:00,2025,12,28,8,362,6,44,-29.9,2.4,374.8,25.17,0.0,63.59,Overcast / Moderate,19.57,0.0,39.28,11.0
2025-12-28 09:00:00,2025,12,28,9,362,6,48,-30.0,2.3,539.0,37.18,0.0,68.05,Severe Sub-Zero Cold,19.57,0.0,31.73,8.88
2025-12-28 10:00:00,2025,12,28,10,362,6,43,-27.9,4.6,512.8,34.65,0.45,61.37,Clear Solar Day,19.57,0.0,27.13,7.6
2025-12-28 11:00:00,2025,12,28,11,362,6,47,-29.3,1.6,644.3,44.63,0.0,64.41,Clear Solar Day,19.57,0.0,20.64,5.78
2025-12-28 12:00:00,2025,12,28,12,362,6,45,-30.1,6.3,659.9,45.85,3.94,61.54,Severe Sub-Zero Cold,19.57,0.0,15.0,4.2
2025-12-28 13:00:00,2025,12,28,13,362,6,46,-30.5,5.4,587.1,40.33,1.52,60.24,Severe Sub-Zero Cold,19.57,0.0,19.25,5.39
2025-12-28 14:00:00,2025,12,28,14,362,6,46,-29.5,6.8,415.1,27.59,6.02,65.76,Clear Solar Day,19.57,0.0,33.01,9.24
2025-12-28 15:00:00,2025,12,28,15,362,6,40,-29.9,4.6,525.6,36.14,0.45,64.31,Clear Solar Day,19.57,0.0,28.58,8.0
2025-12-28 16:00:00,2025,12,28,16,362,6,41,-31.8,6.2,404.4,27.5,3.6,62.24,Severe Sub-Zero Cold,19.57,0.0,32.0,8.96
2025-12-28 17:00:00,2025,12,28,17,362,6,45,-32.2,4.9,394.9,27.29,0.75,59.92,Severe Sub-Zero Cold,19.57,0.0,32.74,9.17
2025-12-28 18:00:00,2025,12,28,18,362,6,39,-31.8,3.6,258.9,17.46,0.02,65.77,Severe Sub-Zero Cold,19.57,0.0,49.15,13.76
2025-12-28 19:00:00,2025,12,28,19,362,6,47,-30.7,7.7,192.6,12.9,11.39,67.29,Severe Sub-Zero Cold,19.57,0.0,43.86,12.28
2025-12-28 20:00:00,2025,12,28,20,362,6,47,-31.5,7.9,181.0,12.49,12.91,64.63,Severe Sub-Zero Cold,19.57,0.0,40.09,11.22
2025-12-28 21:00:00,2025,12,28,21,362,6,45,-31.5,9.8,112.5,7.69,34.51,66.9,Severe Sub-Zero Cold,19.57,0.0,25.56,7.16
2025-12-28 22:00:00,2025,12,28,22,362,6,41,-32.1,10.6,69.8,4.77,48.17,57.72,Severe Sub-Zero Cold,19.57,0.0,15.0,4.2
2025-12-28 23:00:00,2025,12,28,23,362,6,49,-31.4,8.2,40.7,2.75,15.43,59.55,Severe Sub-Zero Cold,19.57,0.0,42.23,11.82
2025-12-29 00:00:00,2025,12,29,0,363,0,51,-32.3,8.1,28.7,1.92,14.56,56.04,Severe Sub-Zero Cold,19.57,0.0,40.42,11.32
2025-12-29 01:00:00,2025,12,29,1,363,0,45,-33.0,1.9,44.3,3.04,0.0,62.41,Severe Sub-Zero Cold,19.57,0.0,60.23,16.86
2025-12-29 02:00:00,2025,12,29,2,363,0,46,-32.4,2.7,80.3,5.58,0.0,54.73,Severe Sub-Zero Cold,19.57,0.0,50.01,14.0
2025-12-29 03:00:00,2025,12,29,3,363,0,45,-33.0,9.6,99.6,6.75,31.55,63.65,Severe Sub-Zero Cold,19.57,0.0,26.21,7.34
2025-12-29 04:00:00,2025,12,29,4,363,0,46,-33.0,4.0,164.4,11.27,0.11,64.12,Severe Sub-Zero Cold,19.57,0.0,53.6,15.01
2025-12-29 05:00:00,2025,12,29,5,363,0,44,-32.5,5.1,270.7,18.92,1.02,52.38,Severe Sub-Zero Cold,19.57,0.0,33.3,9.32
2025-12-29 06:00:00,2025,12,29,6,363,0,44,-33.0,3.1,281.8,19.23,0.0,63.03,Severe Sub-Zero Cold,19.57,0.0,44.66,12.5
2025-12-29 07:00:00,2025,12,29,7,363,0,47,-34.2,3.6,379.5,26.24,0.02,66.35,Severe Sub-Zero Cold,19.57,0.0,40.95,11.47
2025-12-29 08:00:00,2025,12,29,8,363,0,52,-34.2,9.1,377.7,25.66,24.91,69.73,Severe Sub-Zero Cold,19.57,0.0,20.02,5.6
2025-12-29 09:00:00,2025,12,29,9,363,0,40,-32.9,4.3,473.7,32.44,0.24,60.02,Severe Sub-Zero Cold,19.57,0.0,28.2,7.9
2025-12-29 10:00:00,2025,12,29,10,363,0,44,-32.6,5.9,428.5,28.79,2.68,63.9,Severe Sub-Zero Cold,19.57,0.0,33.29,9.32
2025-12-29 11:00:00,2025,12,29,11,363,0,41,-32.9,3.2,564.6,38.86,0.0,60.94,Severe Sub-Zero Cold,19.57,0.0,22.94,6.42
2025-12-29 12:00:00,2025,12,29,12,363,0,49,-32.0,8.0,594.0,40.95,13.72,64.01,Severe Sub-Zero Cold,19.57,0.0,15.0,4.2
2025-12-29 13:00:00,2025,12,29,13,363,0,43,-30.9,8.5,543.9,37.09,18.26,66.14,Severe Sub-Zero Cold,19.57,0.0,15.0,4.2
2025-12-29 14:00:00,2025,12,29,14,363,0,40,-30.3,5.1,413.8,27.55,1.02,64.09,Severe Sub-Zero Cold,19.57,0.0,36.38,10.19
2025-12-29 15:00:00,2025,12,29,15,363,0,46,-31.2,9.2,516.3,35.55,26.15,66.4,Severe Sub-Zero Cold,19.57,0.0,15.0,4.2
2025-12-29 16:00:00,2025,12,29,16,363,0,50,-30.9,4.1,455.8,31.34,0.15,64.16,Severe Sub-Zero Cold,19.57,0.0,33.53,9.39
2025-12-29 17:00:00,2025,12,29,17,363,0,46,-31.2,8.1,415.8,28.84,14.56,62.62,Severe Sub-Zero Cold,19.57,0.0,20.08,5.62
2025-12-29 18:00:00,2025,12,29,18,363,0,45,-31.9,8.5,348.4,24.3,18.26,60.4,Severe Sub-Zero Cold,19.57,0.0,18.7,5.24
2025-12-29 19:00:00,2025,12,29,19,363,0,46,-31.3,13.5,109.6,7.06,80.0,66.12,Severe Sub-Zero Cold,29.2,-20.94,0.0,0.0
2025-12-29 20:00:00,2025,12,29,20,363,0,49,-32.6,4.0,176.2,12.16,0.11,71.28,Severe Sub-Zero Cold,19.2,18.41,40.6,11.37
2025-12-29 21:00:00,2025,12,29,21,363,0,42,-32.3,2.5,82.0,5.45,0.0,67.42,Severe Sub-Zero Cold,19.2,0.0,63.57,17.8
2025-12-29 22:00:00,2025,12,29,22,363,0,44,-33.7,4.3,51.1,3.4,0.24,59.74,Severe Sub-Zero Cold,19.2,0.0,57.7,16.16
2025-12-29 23:00:00,2025,12,29,23,363,0,43,-34.1,2.9,47.8,3.31,0.0,60.98,Severe Sub-Zero Cold,19.2,0.0,59.27,16.6
2025-12-30 00:00:00,2025,12,30,0,364,1,41,-33.4,3.4,30.8,2.09,0.01,59.42,Severe Sub-Zero Cold,19.2,0.0,58.92,16.5
2025-12-30 01:00:00,2025,12,30,1,364,1,44,-32.8,4.9,52.1,3.65,0.75,61.26,Severe Sub-Zero Cold,19.2,0.0,58.46,16.37
2025-12-30 02:00:00,2025,12,30,2,364,1,48,-34.0,5.6,71.4,4.92,1.93,65.1,Severe Sub-Zero Cold,19.2,0.0,59.85,16.76
2025-12-30 03:00:00,2025,12,30,3,364,1,46,-34.3,11.2,96.6,6.55,60.51,59.11,Severe Sub-Zero Cold,22.86,-7.95,0.0,0.0
2025-12-30 04:00:00,2025,12,30,4,364,1,46,-33.2,3.6,143.8,9.73,0.02,58.38,Severe Sub-Zero Cold,19.75,5.71,42.92,12.02
2025-12-30 05:00:00,2025,12,30,5,364,1,45,-33.0,13.7,208.5,14.17,80.0,58.63,Severe Sub-Zero Cold,36.1,-35.54,0.0,0.0
2025-12-30 06:00:00,2025,12,30,6,364,1,46,-32.6,9.6,352.0,24.63,31.55,59.18,Severe Sub-Zero Cold,34.47,3.0,0.0,0.0
2025-12-30 07:00:00,2025,12,30,7,364,1,42,-34.2,10.8,357.1,24.53,52.08,67.03,Severe Sub-Zero Cold,38.88,-9.58,0.0,0.0
2025-12-30 08:00:00,2025,12,30,8,364,1,44,-32.5,11.9,362.1,24.4,77.36,64.46,Severe Sub-Zero Cold,56.03,-37.3,0.0,0.0
2025-12-30 09:00:00,2025,12,30,9,364,1,45,-32.1,8.8,497.1,34.16,21.41,62.54,Severe Sub-Zero Cold,52.25,6.97,0.0,0.0
2025-12-30 10:00:00,2025,12,30,10,364,1,45,-31.1,9.3,552.4,37.96,27.44,61.82,Severe Sub-Zero Cold,53.89,-3.58,0.0,0.0
2025-12-30 11:00:00,2025,12,30,11,364,1,45,-30.5,5.8,651.0,45.31,2.41,60.54,Severe Sub-Zero Cold,46.93,12.82,0.0,0.0
2025-12-30 12:00:00,2025,12,30,12,364,1,44,-30.7,6.4,632.7,43.81,4.31,63.01,Severe Sub-Zero Cold,38.83,14.89,0.0,0.0
2025-12-30 13:00:00,2025,12,30,13,364,1,43,-29.2,12.0,476.4,31.91,80.0,64.39,Clear Solar Day,57.23,-40.0,0.0,0.0
2025-12-30 14:00:00,2025,12,30,14,364,1,54,-29.6,5.3,359.4,23.61,1.34,66.97,Overcast / Moderate,34.4,42.02,0.0,0.0
2025-12-30 15:00:00,2025,12,30,15,364,1,47,-29.1,1.7,475.6,32.27,0.0,64.53,Clear Solar Day,18.75,28.79,15.0,4.2
2025-12-30 16:00:00,2025,12,30,16,364,1,46,-30.9,8.9,293.6,19.35,22.54,61.41,Severe Sub-Zero Cold,18.75,0.0,22.02,6.17
2025-12-30 17:00:00,2025,12,30,17,364,1,44,-31.3,6.9,386.7,26.61,6.51,60.8,Severe Sub-Zero Cold,18.75,0.0,30.18,8.45
2025-12-30 18:00:00,2025,12,30,18,364,1,43,-31.2,9.6,329.7,22.8,31.55,63.75,Severe Sub-Zero Cold,18.75,0.0,15.0,4.2
2025-12-30 19:00:00,2025,12,30,19,364,1,44,-32.7,2.2,219.1,14.96,0.0,67.89,Severe Sub-Zero Cold,18.75,0.0,55.43,15.52
2025-12-30 20:00:00,2025,12,30,20,364,1,45,-32.9,7.4,189.1,13.18,9.35,67.39,Severe Sub-Zero Cold,18.75,0.0,47.36,13.26
2025-12-30 21:00:00,2025,12,30,21,364,1,39,-33.3,4.1,106.6,7.29,0.15,61.81,Severe Sub-Zero Cold,18.75,0.0,56.87,15.92
2025-12-30 22:00:00,2025,12,30,22,364,1,40,-33.1,11.2,57.0,3.83,60.51,64.09,Severe Sub-Zero Cold,18.86,-0.25,0.0,0.0
2025-12-30 23:00:00,2025,12,30,23,364,1,43,-32.6,2.7,50.3,3.5,0.0,53.55,Severe Sub-Zero Cold,18.86,0.0,52.32,14.65
2025-12-31 00:00:00,2025,12,31,0,365,2,45,-33.2,10.1,31.2,2.12,39.28,59.57,Severe Sub-Zero Cold,18.86,0.0,20.44,5.72
2025-12-31 01:00:00,2025,12,31,1,365,2,44,-32.8,2.4,45.5,3.14,0.0,59.24,Severe Sub-Zero Cold,18.86,0.0,58.37,16.34
2025-12-31 02:00:00,2025,12,31,2,365,2,49,-32.1,1.3,62.3,4.22,0.0,59.01,Severe Sub-Zero Cold,18.86,0.0,57.06,15.98
2025-12-31 03:00:00,2025,12,31,3,365,2,40,-32.3,4.0,121.0,8.38,0.11,59.07,Severe Sub-Zero Cold,18.86,0.0,52.85,14.8
2025-12-31 04:00:00,2025,12,31,4,365,2,42,-31.1,4.9,194.5,13.55,0.75,56.78,Severe Sub-Zero Cold,18.86,0.0,44.75,12.53
2025-12-31 05:00:00,2025,12,31,5,365,2,49,-30.9,7.4,219.1,14.89,9.35,54.89,Severe Sub-Zero Cold,18.86,0.0,32.92,9.22
2025-12-31 06:00:00,2025,12,31,6,365,2,45,-31.0,3.0,297.0,20.29,0.0,57.63,Severe Sub-Zero Cold,18.86,0.0,39.61,11.09
2025-12-31 07:00:00,2025,12,31,7,365,2,47,-30.1,5.8,370.4,25.29,2.41,64.28,Severe Sub-Zero Cold,18.86,0.0,38.85,10.88
2025-12-31 08:00:00,2025,12,31,8,365,2,51,-30.2,3.7,393.7,26.6,0.04,67.61,Severe Sub-Zero Cold,18.86,0.0,43.24,12.11
2025-12-31 09:00:00,2025,12,31,9,365,2,42,-30.0,10.3,445.6,30.1,42.69,65.6,Severe Sub-Zero Cold,22.17,-7.19,0.0,0.0
2025-12-31 10:00:00,2025,12,31,10,365,2,44,-30.2,1.7,583.1,40.25,0.0,60.76,Severe Sub-Zero Cold,19.81,4.34,16.17,4.53
2025-12-31 11:00:00,2025,12,31,11,365,2,44,-29.5,5.1,460.4,30.76,1.02,66.56,Clear Solar Day,19.81,0.0,35.16,9.84
2025-12-31 12:00:00,2025,12,31,12,365,2,39,-28.4,7.5,561.8,38.14,10.0,58.75,Clear Solar Day,19.81,0.0,15.0,4.2
2025-12-31 13:00:00,2025,12,31,13,365,2,44,-27.7,11.5,614.0,42.12,67.39,59.75,Clear Solar Day,38.21,-40.0,0.0,0.0
2025-12-31 14:00:00,2025,12,31,14,365,2,47,-26.9,10.5,552.3,37.55,46.3,60.44,Clear Solar Day,48.98,-23.41,0.0,0.0
2025-12-31 15:00:00,2025,12,31,15,365,2,46,-26.2,11.0,553.2,37.93,56.19,55.72,Clear Solar Day,66.64,-38.4,0.0,0.0
2025-12-31 16:00:00,2025,12,31,16,365,2,46,-27.0,2.0,429.9,29.08,0.0,60.14,Clear Solar Day,49.76,31.06,0.0,0.0
2025-12-31 17:00:00,2025,12,31,17,365,2,43,-27.9,10.0,347.9,23.46,37.64,64.11,Overcast / Moderate,48.13,3.01,0.0,0.0
2025-12-31 18:00:00,2025,12,31,18,365,2,43,-28.4,9.1,274.9,18.5,24.91,62.4,Overcast / Moderate,37.81,18.99,0.0,0.0
2025-12-31 19:00:00,2025,12,31,19,365,2,48,-29.5,11.2,203.3,13.66,60.51,64.33,Overcast / Moderate,42.33,-9.84,0.0,0.0
2025-12-31 20:00:00,2025,12,31,20,365,2,43,-30.3,4.7,161.9,11.01,0.54,63.51,Severe Sub-Zero Cold,18.06,44.67,15.0,4.2
2025-12-31 21:00:00,2025,12,31,21,365,2,45,-31.0,11.4,82.2,5.45,65.04,67.0,Severe Sub-Zero Cold,19.66,-3.49,0.0,0.0
2025-12-31 22:00:00,2025,12,31,22,365,2,45,-30.6,5.5,69.2,4.72,1.71,55.36,Severe Sub-Zero Cold,19.66,0.0,49.6,13.89
2025-12-31 23:00:00,2025,12,31,23,365,2,49,-30.5,7.5,42.2,2.87,10.0,60.59,Severe Sub-Zero Cold,19.66,0.0,48.39,13.55
